tree
version=v4
num_class=4
num_tree_per_iteration=4
label_index=0
max_feature_idx=9
objective=multiclass num_class:4
feature_names=Column_0 Column_1 Column_2 Column_3 Column_4 Column_5 Column_6 Column_7 Column_8 Column_9
feature_infos=[-1:1] [-1:0.70710678118654735] [-0.97492791218182362:0.97492791218182362] [-0.90096886790241903:1] [0:1] [21.199999999999999:32.5] [46.700000000000003:91.799999999999997] [0:1] [0:1] [0:1]
tree_sizes=858 856 864 654 1491 1094 1388 1218 1500 1094 1495 1216 1496 1512 1496 1217 1505 1300 1509 1214 1510 1306 1506 992 1509 1508 1516 993 1515 1612 1520 993 1515 1622 1521 875 1518 1630 1520 996 1508 1623 1519 884 1523 1515 1512 876 1524 1614 1515 876 1718 1504 1519 1285 1610 1822 1493 880 1509 1405 1510 1426 1510 1078 1294 1317 1518 1612 1607 1611 1511 1072 1515 888 1520 1621 1621 1202 1731 1291 1518 1085 1627 1289 1284 1081 1513 1290 1606 1080 1523 1178 1492 1199 1713 1188 1284 1206 1619 1390 1394 1085 1731 1291 1740 1396 1427 1196 1402 1083 1727 1194 1495 987 1640 1295 1510 1623 1633 1182 1082 1820 1752 1496 1089 1096 1425 1638 980 886 1397 1392 1640 1824 1637 1509 1095 884 1391 1082 1090 1942 1634 1082 1086 889 1510 1081 1190 1824 1626 1406 1507 1203 1510 1202 1834 1730 1637 1288 1404 1418 1758 1195 1510 980 1868 1424 1195 1640 1516 1408 1098 1424 1633 1500 879 1636 1841 1184 1097 1416 1631 1528 1303 903 1422 1297 1097 907 1306 1290 1509 1525 1637 1089 1309 1636 1307 1193 987 1307 1643 1085 980 1631 1630 1085 1091 1743 1739 1511 1290 1014 1744 1200 1296 1097 1756 1197 1085 1751 1836 1406 1296 1007 1757 884 884 1305 1522 1514 1733 1307 1539 1409 1526 1752 1730 1528 984 1007 1628 1510 885 1751 1089 1312 1299 1750 1415 1306 1531 1754 1745 1096 1401 1016 1422 1412 1091 2080 1087 1410 1404 1322 1403 1728 994 2087 1402 1314 1303 1763 1420 1319 994 1969 888 1415 1207 1206 1417 1306 994 1657 1524 1100 883 1219 1419 1742 1410 1885 1203 1410 1090 1556 1424 1418 995 1875 1409 1431 996 1222 1425 1518 892 1444 1519 1323 1091 1436 1523 1425 1407 1415 1539 1517 994 1998 1325 1417 1408 1227 1417 1103 1001 1018 1427 1212 880 1767 1415 1517 890 1772 1530 1536 992 1776 1644 1419 888 1228 1524 1417 1406 1444 1425 1414 1097 1541 884 1421 993 1543 1204 1426 889 1132 1103 1200 1306 1016 989 1441 996 1020 1202 1540 887 1317 1101 1097 891 1431 1209 1427 882 1437 1208 1333 881 1438 1098 1419 1212 1229 1665 1439 1105 1322 1321 1841 1105 1325

Tree=0
num_leaves=7
num_cat=0
split_feature=5 5 1 1 0 1
split_gain=147.73 26.765 10.6027 4.33933 3.44584 7.07627
threshold=27.950000000000003 24.050000000000004 -0.12940952255126037 -0.37940952255126015 -0.91597561503675329 0.1294095225512602
decision_type=2 2 2 2 2 2
left_child=1 -1 -3 -2 5 -4
right_child=3 2 4 -5 -6 -7
leaf_value=-0.87924773051584126 -0.9718825724525062 -0.81903508325700913 -0.66618759406151207 -0.88851121470950778 -0.66618759406151207 -0.79356050172442627
leaf_weight=10.795074284076689 47.105778694152832 7.1967161893844596 9.8137038946151716 7.1967161893844596 27.478370904922489 7.8509631156921378
leaf_count=33 144 22 30 22 84 24
internal_value=-0.839897 -0.73588 -0.70631 -0.960833 -0.688339 -0.722798
internal_weight=117.437 63.1348 52.3398 54.3025 45.143 17.6647
internal_count=359 193 160 166 138 54
is_linear=0
shrinkage=1


Tree=1
num_leaves=7
num_cat=0
split_feature=1 0 0 0 1 3
split_gain=20.2464 13.4798 27.1508 13.2404 18.1798 3.55271e-15
threshold=-0.98296291314453399 0.91597561503675362 0.98296291314453421 -0.91597561503675329 -1.0000000180025095e-35 -0.56174490092936669
decision_type=2 2 2 2 2 2
left_child=-1 3 -3 4 -2 -5
right_child=1 2 -4 5 -6 -7
leaf_value=-1.9671512506560727 -2.3039013683324319 -1.959667914707709 -2.3039013683324319 -2.3039013683324319 -2.0242116872623441 -2.3039013683324314
leaf_weight=2.9695610404014579 4.6480085849761963 4.6480085849761945 4.5188972353935242 4.6480085849761954 4.648008584976191 20.27048188447953
leaf_count=23 36 36 35 36 36 157
internal_value=-2.21976 -2.23705 -2.12936 -2.26591 -2.16406 -2.3039
internal_weight=46.351 43.3814 9.16691 34.2145 9.29602 24.9185
internal_count=359 336 71 265 72 193
is_linear=0
shrinkage=1


Tree=2
num_leaves=7
num_cat=0
split_feature=5 1 5 0 5 5
split_gain=176.337 9.67844 9.01072 7.80572 0.478407 0.120587
threshold=28.050000000000004 -0.98296291314453399 24.050000000000004 0.78656609248549325 31.050000000000004 27.150000000000002
decision_type=2 2 2 2 2 2
left_child=2 -2 -1 4 -3 -4
right_child=1 3 5 -5 -6 -7
leaf_value=-0.88136025832361953 -0.82357915924603531 -0.67690406158755234 -0.98358835669165312 -0.79191067225159018 -0.70611208969270478 -0.96964816145964849
leaf_weight=10.760251343250273 7.4995691180229178 30.976481139659882 45.975619375705719 7.8256373405456534 6.8474326729774466 7.1735008955001822
leaf_count=33 23 95 141 24 21 22
internal_value=-0.852884 -0.718297 -0.964812 -0.701001 -0.682192 -0.981707
internal_weight=117.058 53.1491 63.9094 45.6496 37.8239 53.1491
internal_count=359 163 196 140 116 163
is_linear=0
shrinkage=1


Tree=3
num_leaves=5
num_cat=0
split_feature=5 5 0 0
split_gain=48.3081 9.80519 8.88178e-16 4.44089e-16
threshold=24.050000000000004 31.350000000000005 0.60355339059327384 0.98296291314453421
decision_type=2 2 2 2
left_child=-1 2 -2 -4
right_child=1 -3 3 -5
leaf_value=-2.8429156401010118 -3.476009402580202 -3.1278078332166475 -3.476009402580202 -3.476009402580202
leaf_weight=1.4215904027223594 9.2187983691692299 0.86156994104385454 2.4985528290271768 1.4646688997745516
leaf_count=33 214 20 58 34
internal_value=-3.39842 -3.45465 -3.47601 -3.47601
internal_weight=15.4652 14.0436 13.182 3.96322
internal_count=359 326 306 92
is_linear=0
shrinkage=1


Tree=4
num_leaves=13
num_cat=0
split_feature=5 5 1 1 0 1 1 0 5 5 0 2
split_gain=113.115 19.7438 8.03968 3.83342 2.61677 5.42608 0.00144743 0.0017747 4.2155e-05 3.42728e-05 7.10543e-15 7.10543e-15
threshold=27.950000000000003 24.050000000000004 -0.12940952255126037 -0.37940952255126015 -0.91597561503675329 0.1294095225512602 -0.98296291314453399 0.60355339059327384 30.950000000000003 26.250000000000004 0.12940952255126059 1.0000000180025095e-35
decision_type=2 2 2 2 2 2 2 2 2 2 2 2
left_child=1 -1 -3 6 5 -4 -2 8 10 11 -8 -6
right_child=3 2 4 -5 9 -7 7 -9 -10 -11 -12 -13
leaf_value=-0.034751299650973365 -0.12133952431025874 0.016337603061942093 0.14885420993307696 -0.040747645802236047 0.14870090255175325 0.038132977233445227 -0.11941054228632259 -0.12124367762592601 -0.1196963736112249 0.14895641268512769 -0.11941054228632264 0.14870090255175336
leaf_weight=10.684359043836592 7.2387323677539817 7.2483110427856436 9.9993640780448896 7.0518347024917594 11.332468330860147 7.94126272201538 14.950026512146001 6.9158615171909323 6.5511589944362631 6.9996142685413352 9.3437665700912458 9.6659288704395276
leaf_count=33 23 22 30 22 34 24 48 22 21 21 30 29
internal_value=0.000122795 0.089297 0.114216 -0.109301 0.12966 0.0998444 -0.120044 -0.119796 -0.119471 0.148765 -0.119411 0.148701
internal_weight=115.923 63.8713 53.1869 52.0514 45.9386 17.9406 44.9995 37.7608 30.845 27.998 24.2938 20.9984
internal_count=359 193 160 166 138 54 144 121 99 84 78 63
is_linear=0
shrinkage=0.1


Tree=5
num_leaves=9
num_cat=0
split_feature=1 0 0 0 1 5 0 5
split_gain=13.3681 10.8677 17.9059 11.8335 12.9887 1.06445e-05 1.22296e-05 3.53195e-07
threshold=-0.98296291314453399 0.91597561503675362 0.98296291314453421 -0.91597561503675329 -1.0000000180025095e-35 24.150000000000002 0.60355339059327384 30.950000000000003
decision_type=2 2 2 2 2 2 2 2
left_child=-1 3 -3 4 -2 -5 7 -7
right_child=1 2 -4 5 -6 6 -8 -9
leaf_value=0.18165517757296976 -0.083154408737721675 0.18909357085096301 -0.083197035959046095 -0.083412474560762923 0.14964232942849615 -0.083159616237122647 -0.083395519039517529 -0.083200259265909168
leaf_weight=3.7177179604768744 4.2435765862464905 5.7898891568183881 4.1433624476194382 2.5389039665460649 5.50681328773498 15.220685057342058 2.6538370773196212 2.4876314103603354
leaf_count=23 36 36 35 21 36 129 22 21
internal_value=-0.000198131 -0.0160742 0.0755156 -0.0439378 0.0483242 -0.0832194 -0.0831953 -0.0831653
internal_weight=46.3024 42.5847 9.93325 32.6514 9.75039 22.9011 20.3622 17.7083
internal_count=359 336 71 265 72 193 172 150
is_linear=0
shrinkage=0.1


Tree=6
num_leaves=12
num_cat=0
split_feature=5 5 1 0 5 5 1 1 0 1 0
split_gain=134.864 7.50633 7.31563 5.69934 0.362949 0.0988724 0.000957195 0.00124131 0.00039516 0.000390762 7.10543e-15
threshold=28.050000000000004 24.050000000000004 -0.98296291314453399 0.78656609248549325 31.050000000000004 27.150000000000002 0.37940952255126026 0.1294095225512602 0.98296291314453421 -0.70710678118654757 0.12940952255126059
decision_type=2 2 2 2 2 2 2 2 2 2 2
left_child=1 -1 -2 4 9 6 7 8 -3 10 -4
right_child=2 5 3 -5 -6 -7 -8 -9 -10 -11 -12
leaf_value=-0.025136370522773517 0.023952393232506052 -0.11943042036659242 0.15014482154352332 0.052661141164150438 0.12518066453500803 -0.10625222737880664 -0.11852080149352738 -0.12058641316029209 -0.11852080149352738 0.15095330694414358 0.15014482154352338
leaf_weight=10.677815169095991 7.5666479766368857 12.456761360168462 13.666653633117678 7.9160714149475089 6.9955797493457785 6.8957997262477866 16.110574722290039 7.5240190029144278 7.7454686164855948 7.9986062049865749 9.9999904632568342
leaf_count=33 23 40 41 24 21 22 52 24 25 24 30
internal_value=9.62012e-05 -0.101343 0.115151 0.129966 0.145795 -0.117383 -0.119134 -0.11949 -0.119082 0.150349 0.150145
internal_weight=115.554 61.4104 54.1435 46.5769 38.6608 50.7326 43.8368 27.7262 20.2022 31.6653 23.6666
internal_count=359 196 163 140 116 163 141 89 65 95 71
is_linear=0
shrinkage=0.1


Tree=7
num_leaves=10
num_cat=0
split_feature=5 5 5 0 7 0 1 1 5
split_gain=24.6796 8.85009 3.53604e-06 1.22608e-07 1.90508e-07 6.65886e-08 3.09143e-07 9.34468e-08 5.88767e-08
threshold=24.050000000000004 31.450000000000003 30.850000000000005 0.78656609248549325 1.0000000180025095e-35 -0.91597561503675329 0.1294095225512602 -0.9159756150367534 28.050000000000004
decision_type=2 2 2 2 2 2 2 2 2
left_child=-1 2 3 5 -5 6 -2 -7 -6
right_child=1 -3 -4 4 8 7 -8 -9 -10
leaf_value=0.29281888284101482 -0.077346975611144619 0.24118022724105398 -0.077581951802434337 -0.077359259690583937 -0.077426611593766514 -0.077379478233662327 -0.077420744706021088 -0.077350421163594918 -0.077389668379774471
leaf_weight=2.416335605084897 1.3724750950932469 0.93874978274107057 0.84191902354359704 1.4187158159911633 0.89048351347446353 1.4700905345380268 0.96927317976951588 4.4784217216074484 0.83676319196820259
leaf_count=33 35 17 20 36 22 37 24 114 21
internal_value=-0.0010348 -0.0547576 -0.0773842 -0.0773696 -0.0773864 -0.0773632 -0.0773775 -0.0773576 -0.0774087
internal_weight=15.6332 13.2169 12.2781 11.4362 3.14596 8.29026 2.34175 5.94851 1.72725
internal_count=359 326 309 289 79 210 59 151 43
is_linear=0
shrinkage=0.1


Tree=8
num_leaves=13
num_cat=0
split_feature=5 5 1 0 1 8 3 5 1 1 5 5
split_gain=89.1893 13.8206 10.5649 2.02986 4.43995 0.349414 0.0783585 0.00852293 0.0040185 0.00145059 0.000110675 3.26494e-12
threshold=28.150000000000002 24.050000000000004 -0.12940952255126037 -0.91597561503675329 0.1294095225512602 1.0000000180025095e-35 1.0000000180025095e-35 26.050000000000004 -0.98296291314453399 -0.70710678118654757 30.950000000000003 30.650000000000002
decision_type=2 2 2 2 2 2 2 2 2 2 2 2
left_child=1 -1 -3 4 -4 -2 7 -5 -7 10 11 -10
right_child=5 2 3 6 -6 8 -8 -9 9 -11 -12 -13
leaf_value=-0.031008970445137996 -0.087030063615129577 -0.00083773978288963354 0.13214876040734888 0.13196514602350495 0.031732120371008248 -0.11360444372787318 0.12165988779478916 0.13627927285071381 -0.11041789641199828 -0.11215604308558332 -0.1109152136780357 -0.11041798623313362
leaf_weight=10.574774503707884 6.9709371030330649 9.7725096940994245 9.8173196911811775 13.738522469997418 7.984184503555297 6.5799348652362815 7.8453015387058249 6.8688897788524619 13.362929821014406 7.0724722743034389 5.8381268084049216 5.8099744319915763
leaf_count=33 23 30 30 42 24 22 24 21 46 24 20 20
internal_value=5.50017e-05 0.0738445 0.0936351 0.113595 0.0871107 -0.107638 0.130165 0.133403 -0.111353 -0.110892 -0.110534 -0.110418
internal_weight=112.236 66.6015 56.0267 46.2542 17.8015 45.6344 28.4527 20.6074 38.6634 32.0835 25.011 19.1729
internal_count=359 204 171 141 54 155 87 63 132 110 86 66
is_linear=0
shrinkage=0.1


Tree=9
num_leaves=9
num_cat=0
split_feature=1 0 0 0 1 5 0 5
split_gain=9.43787 8.92557 12.779 10.6523 9.72056 4.62028e-05 4.07873e-05 1.47137e-06
threshold=-0.98296291314453399 0.91597561503675362 0.98296291314453421 -0.91597561503675329 -1.0000000180025095e-35 24.150000000000002 0.60355339059327384 30.950000000000003
decision_type=2 2 2 2 2 2 2 2
left_child=-1 3 -3 4 -2 -5 7 -7
right_child=1 2 -4 5 -6 6 -8 -9
leaf_value=0.14065294938360226 -0.082228493306213471 0.14781851897699178 -0.082297950463125491 -0.082750305999064133 0.12001652144785357 -0.082211363306366497 -0.082661036266919313 -0.082298380282728345
leaf_weight=4.3285395801067343 3.8414483144879341 6.7213523983955366 3.7650547176599503 2.3758050650358262 6.2316750884056074 13.763939552009111 2.4591627940535536 2.2626197263598433
leaf_count=23 36 36 35 21 36 129 22 21
internal_value=0.000150726 -0.0145319 0.0651972 -0.0415589 0.0428891 -0.0823352 -0.0822818 -0.0822236
internal_weight=45.7496 41.4211 10.4864 30.9347 10.0731 20.8615 18.4857 16.0266
internal_count=359 336 71 265 72 193 172 150
is_linear=0
shrinkage=0.1


Tree=10
num_leaves=13
num_cat=0
split_feature=5 5 1 0 5 2 0 5 1 7 0 0
split_gain=105.612 6.54419 5.85351 4.55029 0.312703 0.104235 0.184414 0.00424089 0.00117732 0.00228868 0.000837392 1.41465e-06
threshold=28.050000000000004 23.950000000000003 -0.98296291314453399 0.78656609248549325 31.050000000000004 -1.0000000180025095e-35 -0.78656609248549303 24.750000000000004 0.37940952255126026 1.0000000180025095e-35 -0.60355339059327329 0.37940952255126054
decision_type=2 2 2 2 2 2 2 2 2 2 2 2
left_child=1 -1 -2 4 10 6 -3 -7 9 -9 -4 -12
right_child=2 5 3 -5 -6 7 -8 8 -10 -11 11 -13
leaf_value=-0.014816663493235686 0.019929575789904314 -0.09295585610901598 0.13409622114115013 0.045786630460477158 0.10979569851668121 -0.11396884167068806 -0.11164384169134951 -0.10989540507237883 -0.10980854058960253 -0.1123689543395243 0.13295403832391095 0.13290279733184637
leaf_weight=8.9889428019523603 7.606162726879119 10.564154088497164 8.5396015048027021 7.9463663697242728 6.9509816467761985 5.9326539933681515 10.557558655738829 6.0675228238105818 6.3508265912532798 9.7539289295673335 13.76987293362618 8.8510526120662671
leaf_count=28 23 36 26 24 21 20 36 21 22 33 42 27
internal_value=5.48865e-06 -0.0932777 0.101201 0.114622 0.128974 -0.107605 -0.102297 -0.111594 -0.110959 -0.11142 0.133253 0.132934
internal_weight=111.88 58.2156 53.664 46.0579 38.1115 49.2266 21.1217 28.1049 22.1723 15.8215 31.1605 22.6209
internal_count=359 196 163 140 116 168 72 96 76 54 95 69
is_linear=0
shrinkage=0.1


Tree=11
num_leaves=10
num_cat=0
split_feature=5 5 5 0 7 0 1 1 5
split_gain=16.4219 6.94148 3.10338e-06 5.63775e-07 7.74389e-07 3.13649e-07 1.05334e-06 3.54987e-07 1.1851e-07
threshold=24.050000000000004 31.450000000000003 30.850000000000005 0.78656609248549325 1.0000000180025095e-35 -0.91597561503675329 0.1294095225512602 -0.9159756150367534 28.050000000000004
decision_type=2 2 2 2 2 2 2 2 2
left_child=-1 2 3 5 -5 6 -2 -7 -6
right_child=1 -3 -4 4 8 7 -8 -9 -10
leaf_value=0.20185662872858026 -0.077106841897266826 0.18021953018312525 -0.077356657175312857 -0.077128538264950808 -0.077258858952058473 -0.07716603968797886 -0.077248807013287901 -0.077106718712515079 -0.077204483291195392
leaf_weight=3.1775239333510408 1.2380770593881583 1.1560951024293888 0.77172244340181428 1.286022000014782 0.83245424181222916 1.3445526808500252 0.90444061160087574 4.039489250630143 0.77301491796970367
leaf_count=33 35 17 20 36 22 37 24 114 21
internal_value=-0.00088145 -0.0530613 -0.0771632 -0.0771488 -0.0771864 -0.0771344 -0.0771668 -0.0771215 -0.0772327
internal_weight=15.5234 12.3459 11.1898 10.4181 2.89149 7.52656 2.14252 5.38404 1.60547
internal_count=359 326 309 289 79 210 59 151 43
is_linear=0
shrinkage=0.1


Tree=12
num_leaves=13
num_cat=0
split_feature=5 5 1 0 1 0 3 1 6 5 1 0
split_gain=71.2721 10.9968 8.5577 1.76133 3.77001 0.412436 0.0726857 0.00754292 0.0071537 0.000264013 0.000227098 1.43051e-06
threshold=28.150000000000002 24.050000000000004 -0.12940952255126037 -0.91597561503675329 0.1294095225512602 0.78656609248549325 -1.0000000180025095e-35 -0.98296291314453399 68.450000000000017 31.050000000000004 -0.70710678118654757 0.12940952255126059
decision_type=2 2 2 2 2 2 2 2 2 2 2 2
left_child=1 -1 -3 4 -4 7 8 -2 -5 10 11 -9
right_child=5 2 3 6 -6 -7 -8 9 -10 -11 -12 -13
leaf_value=-0.028051354770667974 -0.10778688985549685 -0.0010715723553214919 0.12045279924296524 0.12410607937545917 0.02704512003764882 -0.074942521567308185 0.10987704245583226 -0.10369462434641137 0.12007040783113024 -0.10464795972092802 -0.10441720471554194 -0.10375052974773898
leaf_weight=10.47324964404106 6.4891270697116843 9.7425070405006391 9.3978582024574226 6.6004003286361721 7.9984505176544181 5.3311602175235739 7.5391419827938178 10.674511551857 13.129993021488188 5.6832828819751731 6.1959105134010342 8.0126958787441236
leaf_count=33 23 30 30 21 24 18 24 40 42 21 23 30
internal_value=-0.000100189 0.0657835 0.0838461 0.102368 0.0775059 -0.100949 0.118229 -0.10469 0.12142 -0.104033 -0.103893 -0.103719
internal_weight=107.268 64.8816 54.4084 44.6658 17.3963 42.3867 27.2695 37.0555 19.7304 30.5664 24.8831 18.6872
internal_count=359 204 171 141 54 155 87 137 63 114 93 70
is_linear=0
shrinkage=0.1


Tree=13
num_leaves=13
num_cat=0
split_feature=1 1 6 3 1 2 2 0 1 5 1 3
split_gain=6.90683 7.83184 9.71427 4.31167 2.85497 2.50347 1.74568 0.226241 6.89387e-05 4.076e-06 5.3448e-08 1.72656e-09
threshold=-0.98296291314453399 -0.37940952255126015 66.450000000000017 -0.56174490092936669 -0.12940952255126037 -0.8783796973249266 0.6078576107927941 0.91597561503675362 -0.60355339059327384 31.050000000000004 -0.78656609248549325 -0.22252093395631442
decision_type=2 2 2 2 2 2 2 2 2 2 2 2
left_child=-1 8 3 -3 -5 -4 7 -7 9 10 11 -2
right_child=1 2 5 4 -6 6 -8 -9 -10 -11 -12 -13
leaf_value=0.11363835672669174 -0.081334449218856658 0.17399767293128351 0.053212714790317195 0.098564926266919095 -0.024927105280054138 -0.083921669852760145 0.00017625156136523602 -0.048958215025201222 -0.082012055306566939 -0.081492560188858254 -0.081318328652004584 -0.081338009252908183
leaf_weight=4.8325817435979834 2.3938580676913248 3.7994405701756477 2.8417359218001375 4.1956030279397964 3.3804245516657847 6.8771760091185552 4.6887176856398591 2.532162606716156 1.9669217988848675 1.9547004252672193 2.293074406683445 3.1614013686776157
leaf_count=23 25 25 20 22 30 61 39 18 19 20 24 33
internal_value=0.000702286 -0.012913 0.0155851 0.0870618 0.0434628 -0.0324131 -0.0496727 -0.0745126 -0.0814718 -0.0813634 -0.0813312 -0.0813365
internal_weight=44.9178 40.0852 28.3153 11.3755 7.57603 16.9398 14.0981 9.40934 11.77 9.80303 7.84833 5.55526
internal_count=359 336 215 77 52 138 118 79 121 102 82 58
is_linear=0
shrinkage=0.1


Tree=14
num_leaves=13
num_cat=0
split_feature=5 5 1 1 5 5 0 1 1 0 6 2
split_gain=84.1246 5.8745 4.85716 6.01175 0.329306 0.099226 0.0304538 0.00397035 0.00502316 0.00192003 2.09699e-05 1.99943e-05
threshold=28.050000000000004 24.050000000000004 -0.98296291314453399 -0.37940952255126015 31.050000000000004 27.150000000000002 0.60355339059327384 0.37940952255126026 0.1294095225512602 0.98296291314453421 56.850000000000001 1.0000000180025095e-35
decision_type=2 2 2 2 2 2 2 2 2 2 2 2
left_child=1 -1 -2 4 6 7 10 8 9 -3 -4 -9
right_child=2 5 3 -5 -6 -7 -8 11 -10 -11 -12 -13
leaf_value=-0.019584896809814817 0.016924053760342748 -0.10535755328439259 0.12099044572107565 0.01238403740414978 0.098118274013151333 -0.090948162284017309 0.12855047616762683 -0.1034271138124439 -0.10774937755975691 -0.10319861357067728 0.12078280784711636 -0.10318611760332699
leaf_weight=10.507946729660032 7.6288913190364829 10.906850069761282 6.5967982113361421 6.2559703588485709 6.7805040776729575 6.1196867227554312 6.4295527935028067 7.1748051941394788 6.7696190178394309 6.6193289756774893 18.515828251838684 6.618042379617691
leaf_count=33 23 40 21 19 21 22 20 27 24 25 59 25
internal_value=-0.000149967 -0.0867928 0.0906563 0.103274 0.118112 -0.102768 0.12241 -0.104667 -0.105436 -0.104542 0.120837 -0.103311
internal_weight=106.924 54.7163 52.2075 44.5787 38.3227 44.2083 31.5422 38.0886 24.2958 17.5262 25.1126 13.7928
internal_count=359 196 163 140 121 163 100 141 89 65 80 52
is_linear=0
shrinkage=0.1


Tree=15
num_leaves=10
num_cat=0
split_feature=5 5 5 0 0 0 1 1 5
split_gain=11.8432 9.44336 0.000299909 1.29362e-06 2.09623e-06 6.31012e-07 1.87643e-06 7.63219e-07 2.54753e-07
threshold=24.050000000000004 31.550000000000004 31.150000000000002 0.78656609248549325 0.98296291314453421 -0.91597561503675329 0.1294095225512602 -0.9159756150367534 28.050000000000004
decision_type=2 2 2 2 2 2 2 2 2
left_child=-1 2 3 5 8 6 -2 -7 -5
right_child=1 -3 -4 4 -6 7 -8 -9 -10
leaf_value=0.15192548117898436 -0.07687893655528881 0.26633621845808791 -0.078971877112097189 -0.077110293065190544 -0.076890769279207904 -0.076961207457157996 -0.077077143994591035 -0.076874659699613102 -0.077029458749463431
leaf_weight=3.8307276293635377 1.1087320558726759 0.86608931422233659 0.78261994197964746 0.81619352102279663 1.0853387899696827 1.3871670290827718 0.83911624178290356 3.8381263520568614 0.74643077328801155
leaf_count=33 35 11 14 23 34 42 24 121 22
internal_value=-0.000311298 -0.0511559 -0.0770879 -0.0769378 -0.0769975 -0.0769157 -0.0769643 -0.0768976 -0.0770717
internal_weight=15.3005 11.4698 10.6037 9.8211 2.64796 7.17314 1.94785 5.22529 1.56262
internal_count=359 326 315 301 79 222 59 163 45
is_linear=0
shrinkage=0.1


Tree=16
num_leaves=13
num_cat=0
split_feature=5 5 1 0 1 0 3 1 6 5 1 0
split_gain=57.4892 8.90273 7.27823 1.70335 3.51808 0.435045 0.077149 0.00887886 0.00872331 0.000346987 0.0003032 8.46897e-07
threshold=28.150000000000002 24.050000000000004 -0.12940952255126037 -0.91597561503675329 0.1294095225512602 0.78656609248549325 -1.0000000180025095e-35 -0.98296291314453399 68.450000000000017 31.050000000000004 -0.70710678118654757 0.12940952255126059
decision_type=2 2 2 2 2 2 2 2 2 2 2 2
left_child=1 -1 -3 4 -4 7 8 -2 -5 10 11 -9
right_child=5 2 3 6 -6 -7 -8 9 -10 -11 -12 -13
leaf_value=-0.025547466793436072 -0.10314771402636064 -0.0022459394866193257 0.11225899772422232 0.11620043668986878 0.020774534601286164 -0.068285968982483722 0.10093962779085526 -0.098530073414806588 0.11162281126524176 -0.099665805704958407 -0.099394858991724511 -0.098575207976295182
leaf_weight=10.38894537091255 6.0819549560546866 9.7298353612422925 8.8681568503379768 6.2811813652515438 7.9914437532424918 5.0720254480838767 7.1383744180202582 9.694950565695768 12.344355970621107 5.2112595587968817 5.6554508358240154 7.2783470600843421
leaf_count=33 23 30 30 21 24 18 24 40 42 21 23 30
internal_value=-0.000248546 0.0590131 0.0757932 0.0936075 0.0688954 -0.095602 0.109779 -0.0996863 0.113167 -0.0989301 -0.0987607 -0.0985494
internal_weight=101.736 62.7423 52.3533 42.6235 16.8596 38.994 25.7639 33.922 18.6255 27.84 22.6287 16.9733
internal_count=359 204 171 141 54 155 87 137 63 114 93 70
is_linear=0
shrinkage=0.1


Tree=17
num_leaves=11
num_cat=0
split_feature=1 1 0 0 5 0 5 0 3 5
split_gain=5.35497 5.3933 7.31146 4.62301 4.84337 5.38274 0.000180004 8.3988e-05 1.06112e-05 9.57414e-07
threshold=0.37940952255126026 0.1294095225512602 1.0000000180025095e-35 0.98296291314453421 28.050000000000004 0.12940952255126059 24.150000000000002 -0.91597561503675329 -0.56174490092936669 30.650000000000002
decision_type=2 2 2 2 2 2 2 2 2 2
left_child=1 2 7 4 -4 -6 -2 -1 -8 -9
right_child=6 -3 3 -5 5 -7 8 9 -10 -11
leaf_value=-0.081204770009753111 -0.081903773538177307 0.095559028395379678 0.12822175806283262 -0.081216113115237104 0.094345906583322356 -0.035636559826782266 -0.080596794470888536 -0.080527027929843509 -0.080912616816919858 -0.080615658269645896
leaf_weight=3.3504733219742775 2.1525010094046584 6.9601839631795874 5.3327552974224153 3.2706306576728812 5.2511182874441138 8.100711561739443 1.7177175581455228 3.1533840000629443 2.7947246357798576 1.9866704791784284
leaf_count=36 21 36 23 35 23 74 20 37 31 23
internal_value=0.00142868 0.0161427 -0.00201264 0.0284619 0.0476604 0.015484 -0.0811513 -0.0808152 -0.0807924 -0.0805613
internal_weight=44.0709 37.4059 30.4457 21.9552 18.6846 13.3518 6.66494 8.49053 4.51244 5.14005
internal_count=359 287 251 155 120 97 72 96 51 60
is_linear=0
shrinkage=0.1


Tree=18
num_leaves=13
num_cat=0
split_feature=5 5 1 1 5 0 1 0 0 3 6 0
split_gain=67.9393 5.57448 4.1543 5.5946 0.320634 0.0201282 0.0139823 0.00566818 0.010131 0.000163166 4.73911e-05 1.15509e-05
threshold=27.950000000000003 24.050000000000004 -0.37940952255126015 -0.98296291314453399 31.050000000000004 0.60355339059327384 -0.12940952255126037 -0.91597561503675329 -0.98296291314453399 1.0000000180025095e-35 56.850000000000001 -1.0000000180025095e-35
decision_type=2 2 2 2 2 2 2 2 2 2 2 2
left_child=1 -1 3 -2 5 10 -3 8 -8 11 -5 -9
right_child=2 6 -4 4 -6 -7 7 9 -10 -11 -12 -13
leaf_value=-0.017989330318884927 0.014648702441055195 -0.10451404758528829 0.01003750567396176 0.11213033081815156 0.08874330866253867 0.11832839169042311 -0.098263048862194613 -0.098081988531738967 -0.10372522781594065 -0.098650656131380382 0.11180824585061225 -0.097896721369438694
leaf_weight=10.457062035799025 7.6413783133029929 5.942002832889556 7.1169019043445578 6.1982852816581788 6.5286163985729209 6.1226024627685538 7.2254168689250946 9.3569339960813469 6.4063674509525246 5.5889740586280814 17.371934473514557 5.2553577721119025
leaf_count=33 23 22 22 21 21 20 30 39 24 23 59 22
internal_value=-0.000421437 -0.0829592 0.0809059 0.0924046 0.108808 0.11322 -0.10004 -0.0992544 -0.10083 -0.0981911 0.111893 -0.0980154
internal_weight=101.212 50.2321 50.9797 43.8628 36.2214 29.6928 39.7751 33.8331 13.6318 20.2013 23.5702 14.6123
internal_count=359 193 166 144 121 100 160 138 54 84 80 61
is_linear=0
shrinkage=0.1


Tree=19
num_leaves=10
num_cat=0
split_feature=5 5 5 0 0 0 0 1 5
split_gain=8.88993 7.3177 0.000227718 1.56332e-06 3.62126e-06 1.51748e-06 3.9186e-06 1.21961e-06 7.99271e-07
threshold=24.050000000000004 31.550000000000004 31.150000000000002 0.78656609248549325 0.98296291314453421 -0.91597561503675329 -0.98296291314453399 -0.9159756150367534 28.050000000000004
decision_type=2 2 2 2 2 2 2 2 2
left_child=-1 2 3 5 8 6 -2 -7 -5
right_child=1 -3 -4 4 -6 7 -8 -9 -10
leaf_value=0.11981806951068417 -0.076637693884151703 0.19884132277837574 -0.078596200950668577 -0.076980857540316083 -0.076660406113228857 -0.076770982080550249 -0.076935008569882557 -0.076655690833599757 -0.07683195319467552
leaf_weight=4.4035642743110666 0.83647000789642334 1.0702554360032071 0.71624282188713628 0.76837122812867187 0.95855265855789173 1.2554671913385358 0.94312321208417127 3.408910818398001 0.67905399203300476
leaf_count=33 30 11 14 23 34 42 29 121 22
internal_value=0.000330948 -0.0491376 -0.0768812 -0.0767424 -0.0768112 -0.0767167 -0.0767953 -0.0766867 -0.076911
internal_weight=15.04 10.6364 9.56619 8.84995 2.40598 6.44397 1.77959 4.66438 1.44743
internal_count=359 326 315 301 79 222 59 163 45
is_linear=0
shrinkage=0.1


Tree=20
num_leaves=13
num_cat=0
split_feature=5 5 1 0 1 0 3 1 6 1 5 5
split_gain=46.8382 7.21397 6.06866 1.59622 3.11575 0.447077 0.0804939 0.00944424 0.00747908 0.000405493 0.000335542 4.83192e-07
threshold=28.150000000000002 24.050000000000004 -0.12940952255126037 -0.91597561503675329 0.1294095225512602 0.78656609248549325 -1.0000000180025095e-35 -0.98296291314453399 68.450000000000017 -0.70710678118654757 30.950000000000003 30.350000000000005
decision_type=2 2 2 2 2 2 2 2 2 2 2 2
left_child=1 -1 -3 4 -4 7 8 -2 -5 10 11 -9
right_child=5 2 3 6 -6 -7 -8 9 -10 -11 -12 -13
leaf_value=-0.022852818266838694 -0.099419780076389228 -0.0017707094535630693 0.10534497627599382 0.1092485136504911 0.01756860337625268 -0.063031879066129129 0.093398262154377854 -0.094470890736508814 0.10484983241016921 -0.095636029917194873 -0.09544161892403269 -0.094434643981779032
leaf_weight=10.285024821758268 5.6779050827026394 9.715077728033064 8.2014715969562477 5.847771584987643 7.9774740338325492 4.8361088037490836 6.6605567336082556 8.072064965963369 11.403156459331511 5.8163270801305762 4.4837255179882041 6.7557695508003226
leaf_count=33 23 30 30 21 24 18 24 37 42 26 20 31
internal_value=-0.000476401 0.0533937 0.0691389 0.0863224 0.0620644 -0.0912988 0.102736 -0.0957364 0.106341 -0.0949041 -0.0946836 -0.0944544
internal_weight=95.7324 60.0905 49.8055 40.0904 16.1789 35.6419 23.9115 30.8058 17.2509 25.1279 19.3116 14.8278
internal_count=359 204 171 141 54 155 87 137 63 114 88 68
is_linear=0
shrinkage=0.1


Tree=21
num_leaves=11
num_cat=0
split_feature=1 1 0 1 0 0 5 0 3 5
split_gain=4.77104 4.0024 6.37514 3.8148 3.41036 6.74075 0.000228194 7.25018e-05 8.01285e-06 1.47763e-06
threshold=0.37940952255126026 0.1294095225512602 1.0000000180025095e-35 -1.0000000180025095e-35 0.91597561503675362 0.12940952255126059 24.150000000000002 -0.91597561503675329 -0.56174490092936669 30.650000000000002
decision_type=2 2 2 2 2 2 2 2 2 2
left_child=1 2 7 4 5 -4 -2 -1 -8 -9
right_child=6 -3 3 -5 -6 -7 8 9 -10 -11
leaf_value=-0.080488884399413388 -0.081357497640851803 0.080963484717814505 0.07978630433455472 -0.080420020406991283 0.089639415785497459 -0.080266394163815383 -0.079870235805954537 -0.079811184370104704 -0.080161566626813646 -0.079927904497191921
leaf_weight=3.0062483847141266 2.0055930316448203 7.4662667512893668 5.6003813743591344 2.9077101647853842 8.5131510943174362 4.9634984284639359 1.5220741033554075 2.7942829579114941 2.4861940294504166 1.7726904973387716
leaf_count=36 21 36 23 35 36 61 20 37 31 23
internal_value=0.0021259 0.0155447 -0.000979927 0.0262777 0.0425405 0.00458464 -0.0804867 -0.0801075 -0.0800509 -0.0798565
internal_weight=43.0381 37.0242 29.558 21.9847 19.077 10.5639 6.01386 7.57322 4.00827 4.56697
internal_count=359 287 251 155 120 84 72 96 51 60
is_linear=0
shrinkage=0.1


Tree=22
num_leaves=13
num_cat=0
split_feature=5 5 1 1 5 1 6 0 0 0 6 6
split_gain=55.1531 5.20133 3.70205 4.92435 0.323919 0.0708476 0.138072 0.0150005 0.00986818 0.0110695 5.95803e-05 5.60323e-05
threshold=27.950000000000003 23.950000000000003 -0.37940952255126015 -0.98296291314453399 31.050000000000004 0.37940952255126026 72.600000000000009 0.60355339059327384 0.98296291314453421 -0.98296291314453399 64.750000000000014 56.850000000000001
decision_type=2 2 2 2 2 2 2 2 2 2 2 2
left_child=1 -1 3 -2 7 8 -7 11 9 -3 -11 -5
right_child=2 5 -4 4 -6 6 -8 -9 -10 10 -12 -13
leaf_value=-0.0092550493453909723 0.012884467117551278 -0.09547480911253442 0.0071554392251335633 0.10546290514686336 0.081159867652107948 -0.074659709840581387 -0.096435474229229282 0.11093272432274964 -0.094213561359532946 -0.10079284002364844 -0.10033943451181174 0.10509903575576636
leaf_weight=8.8363714218139631 7.6478669941425315 6.8157831877470025 7.0898738205432883 5.7440743148326936 6.2381363809108725 4.6520259231328946 7.7837848514318466 5.7585503160953513 6.7072579860687247 5.0549900531768834 6.7927109152078629 16.076768487691879
leaf_count=28 23 31 22 21 21 21 35 20 31 20 27 59
internal_value=-0.000668703 -0.0783284 0.0739324 0.0853501 0.101738 -0.0944727 -0.0882895 0.106393 -0.0975034 -0.0986857 -0.100533 0.105195
internal_weight=95.1982 46.6429 48.5553 41.4654 33.8175 37.8066 12.4358 27.5794 25.3707 18.6635 11.8477 21.8208
internal_count=359 193 166 144 121 165 56 100 109 78 47 80
is_linear=0
shrinkage=0.1


Tree=23
num_leaves=8
num_cat=0
split_feature=5 5 5 5 0 0 0
split_gain=6.87444 12.0192 0.00185502 0.000171264 1.82131e-06 4.43184e-06 2.19845e-06
threshold=24.050000000000004 31.750000000000004 31.550000000000004 31.150000000000002 0.78656609248549325 0.98296291314453421 -0.91597561503675329
decision_type=2 2 2 2 2 2 2
left_child=-1 2 3 4 6 -6 -2
right_child=1 -3 -4 -5 5 -7 -8
leaf_value=0.098137542597565852 -0.076632077954001773 0.35894268281153435 -0.08263929142278037 -0.07824720702365115 -0.076753976881388367 -0.076461697289894881 -0.076494619744675363
leaf_weight=4.8880306929349908 1.61740752495825 0.6791662126779564 0.55823235213756639 0.65312991477549065 1.3354319352656605 0.84834816120564926 4.1461825482547257
leaf_count=33 59 6 5 14 45 34 163
internal_value=0.00120683 -0.0469539 -0.0770532 -0.0766906 -0.0765627 -0.0766404 -0.0765332
internal_weight=14.7259 9.8379 9.15873 8.6005 7.94737 2.18378 5.76359
internal_count=359 326 320 315 301 79 222
is_linear=0
shrinkage=0.1


Tree=24
num_leaves=13
num_cat=0
split_feature=5 5 1 0 1 2 3 1 1 6 5 1
split_gain=38.5998 5.69354 5.78332 1.5285 2.78921 0.117032 0.0864725 0.00936825 0.00829472 0.0064654 0.000281735 3.38513e-06
threshold=28.250000000000004 24.050000000000004 -0.12940952255126037 -0.91597561503675329 0.1294095225512602 0.6078576107927941 -1.0000000180025095e-35 -0.60355339059327384 -0.98296291314453399 68.450000000000017 30.850000000000005 -0.78656609248549325
decision_type=2 2 2 2 2 2 2 2 2 2 2 2
left_child=1 -1 -3 4 -4 7 9 8 -2 -5 11 -10
right_child=5 2 3 6 -6 -7 -8 -9 10 -11 -12 -13
leaf_value=-0.020663882525732615 -0.096326113979810807 -0.0026509321716944919 0.099940147725979894 0.10391210314379894 0.014921350303503351 -0.077590504379966993 0.087133071963729325 -0.097430060598418466 -0.091207535955240282 0.099645707165475994 -0.092103820169458103 -0.091094113883745637
leaf_weight=10.191121876239775 4.3599878996610704 10.86084897816181 7.4892855435609729 5.3879955559968904 7.9602253437042236 5.7834938466548911 6.1601897776126995 4.6068855226039878 8.1827839910984128 10.423886403441427 4.4266320168972006 3.8786237537860826
leaf_count=33 19 35 30 21 24 27 24 20 42 42 22 20
internal_value=-0.000688061 0.0472557 0.0615917 0.0802368 0.056135 -0.0904315 0.0971838 -0.093349 -0.0924472 0.1011 -0.0914215 -0.0911711
internal_weight=89.712 58.4736 48.2824 37.4216 15.4495 31.2384 21.9721 25.4549 20.848 15.8119 16.488 12.0614
internal_count=359 209 176 141 54 150 87 123 103 63 84 62
is_linear=0
shrinkage=0.1


Tree=25
num_leaves=13
num_cat=0
split_feature=1 1 0 6 6 0 5 3 5 0 3 5
split_gain=4.24423 2.99595 5.55225 2.0893 1.76345 1.48457 1.33308 0.728594 0.000301633 6.62999e-05 6.59547e-06 1.7106e-06
threshold=0.37940952255126026 0.1294095225512602 1.0000000180025095e-35 59.650000000000013 56.650000000000013 0.91597561503675362 27.050000000000004 1.0000000180025095e-35 24.050000000000004 -0.91597561503675329 -0.56174490092936669 30.650000000000002
decision_type=2 2 2 2 2 2 2 2 2 2 2 2
left_child=1 2 9 4 -4 7 -7 -5 -2 -1 -10 -11
right_child=8 -3 3 5 -6 6 -8 -9 10 11 -12 -13
leaf_value=-0.079870181133998977 -0.080988537643705366 0.069498283506142788 0.0080291900024893042 -0.087608858963494685 0.10756319721003015 -0.01351355168580207 0.059626533121656611 -0.0071681752287476369 -0.079217981101413731 -0.079177530462636939 -0.079493459040054157 -0.079310981068282077
leaf_weight=2.692053385078907 1.7318356409668911 7.9027265161275855 2.9755176231265095 2.1401553377509108 4.4302539154887199 4.8819480612874013 5.0903048664331436 2.376126229763031 1.4073425531387327 2.465139307081702 2.2724671959877019 1.573705159127712
leaf_count=36 19 36 22 22 29 35 27 20 21 37 32 23
internal_value=0.0027483 0.0149928 -5.49007e-05 0.0243643 0.0675721 0.00227875 0.0238206 -0.045287 -0.0799003 -0.0794858 -0.0793881 -0.0792295
internal_weight=41.9396 36.5279 28.6252 21.8943 7.40577 14.4885 9.97225 4.51628 5.41165 6.7309 3.67981 4.03884
internal_count=359 287 251 155 51 104 62 42 72 96 53 60
is_linear=0
shrinkage=0.1


Tree=26
num_leaves=13
num_cat=0
split_feature=5 0 5 1 5 1 1 0 0 3 6 7
split_gain=45.1338 5.86871 4.92355 4.59054 0.389901 0.0760661 0.0119574 0.0050366 0.00960643 0.000192827 8.98828e-05 2.17501e-05
threshold=27.950000000000003 0.91597561503675362 24.050000000000004 -0.98296291314453399 31.050000000000004 -0.60355339059327384 -0.12940952255126037 -0.91597561503675329 -0.98296291314453399 1.0000000180025095e-35 56.850000000000001 1.0000000180025095e-35
decision_type=2 2 2 2 2 2 2 2 2 2 2 2
left_child=2 3 -1 -2 5 10 -4 8 -8 11 -5 -9
right_child=1 -3 6 4 -6 -7 7 9 -10 -11 -12 -13
leaf_value=-0.013887644847069858 0.011648333950614081 -0.028622904478561303 -0.097505887589690546 0.10021943565245171 0.074457488771799862 0.11236132287447083 -0.091046517238158486 -0.09075957164425115 -0.096854595508037877 -0.091707308592534731 0.099731808620683593 -0.091043298177450327
leaf_weight=10.299369394779204 7.6485196352004996 5.5105679631233206 5.204918459057807 5.0081157535314587 5.9125952124595633 6.3784400522708919 5.8053428083658218 4.2084154933691051 5.5896173119544965 4.5684096217155448 15.415735647082327 7.5472877919673946
leaf_count=33 23 17 22 20 21 23 30 22 24 23 62 39
internal_value=-0.000907775 0.068179 -0.0742312 0.0813947 0.097701 0.102829 -0.093108 -0.0922822 -0.0938956 -0.091156 0.0998514 -0.0909417
internal_weight=89.0973 45.874 43.2234 40.3634 32.7149 26.8023 32.924 27.7191 11.395 16.3241 20.4239 11.7557
internal_count=359 166 193 149 126 105 160 138 54 84 82 61
is_linear=0
shrinkage=0.1


Tree=27
num_leaves=8
num_cat=0
split_feature=5 5 5 5 1 1 3
split_gain=5.9686 8.12585 0.00136576 0.000128405 2.05192e-06 4.40143e-06 1.66206e-08
threshold=31.750000000000004 24.050000000000004 31.550000000000004 31.150000000000002 0.37940952255126026 0.1294095225512602 -0.22252093395631442
decision_type=2 2 2 2 2 2 2
left_child=1 -1 3 4 5 -3 -6
right_child=-2 2 -4 -5 6 -7 -8
leaf_value=0.081746008883573362 0.25377308201234794 -0.076393327777117589 -0.081860300460081067 -0.077929945812191259 -0.076267228754200334 -0.076663796521607 -0.076291121205437573
leaf_weight=5.3217883110046378 0.88319529592990953 5.2725337594747526 0.51028602570295323 0.59475540742278088 0.58819138258695602 0.67917565628886212 0.57654430530965306
leaf_count=33 6 224 5 14 27 24 26
internal_value=0.00189549 -0.0145302 -0.07685 -0.0765184 -0.0764004 -0.0764242 -0.0762791
internal_weight=14.4265 13.5433 8.22149 7.7112 7.11645 5.95171 1.16474
internal_count=359 353 320 315 301 248 53
is_linear=0
shrinkage=0.1


Tree=28
num_leaves=13
num_cat=0
split_feature=5 5 1 0 1 2 3 6 1 1 5 0
split_gain=31.8738 4.63818 5.04316 1.48372 2.51441 0.121723 0.0942077 0.00640664 0.00576106 0.00884138 0.000282633 5.80987e-06
threshold=28.250000000000004 24.050000000000004 -0.12940952255126037 -0.91597561503675329 0.1294095225512602 0.6078576107927941 -1.0000000180025095e-35 68.450000000000017 -0.60355339059327384 -0.98296291314453399 30.850000000000005 0.37940952255126054
decision_type=2 2 2 2 2 2 2 2 2 2 2 2
left_child=1 -1 -3 4 -4 8 7 -5 9 -2 11 -11
right_child=5 2 3 6 -6 -7 -8 -9 -10 10 -12 -13
leaf_value=-0.018406207815710566 -0.094048355616064228 -0.0031457753614931986 0.095677636793314702 0.099930983648418237 0.012747781581238446 -0.07388478935409884 0.081809780042133115 0.095493202137391944 -0.094043344513416324 -0.088568137079104936 -0.089505451237561956 -0.088410239517386968
leaf_weight=10.094903141260145 4.0790986120700898 10.813087821006773 6.7747145742177874 4.9642576128244356 7.9421966671943665 5.3187007158994666 5.6743042171001568 9.4376728385686857 4.1615248918533316 7.2646022289991397 3.970583200454711 3.4308624416589737
leaf_count=33 19 35 30 21 24 27 24 42 20 42 22 20
internal_value=-0.000940726 0.042928 0.0565043 0.0750425 0.0509233 -0.0875132 0.0927231 0.0970229 -0.0906775 -0.0899303 -0.088785 -0.0885175
internal_weight=83.9265 55.7011 45.6062 34.7931 14.7169 28.2254 20.0762 14.4019 22.9067 18.7451 14.666 10.6955
internal_count=359 209 176 141 54 150 87 63 123 103 84 62
is_linear=0
shrinkage=0.1


Tree=29
num_leaves=14
num_cat=0
split_feature=1 0 1 1 6 3 5 6 5 0 6 3 5
split_gain=3.76841 2.34826 3.33372 6.85482 4.16093 4.08631 1.56241 0.373544 0.000316936 8.48482e-05 2.20434e-05 4.99406e-06 2.16577e-06
threshold=0.37940952255126026 0.98296291314453421 -0.37940952255126015 -0.98296291314453399 68.050000000000011 -0.56174490092936669 24.650000000000002 61.800000000000004 24.050000000000004 0.12940952255126059 60.45000000000001 -0.56174490092936669 30.650000000000002
decision_type=2 2 2 2 2 2 2 2 2 2 2 2 2
left_child=1 2 3 -1 5 -4 -6 -7 -2 12 -11 -10 -5
right_child=8 -3 4 9 6 7 -8 -9 11 10 -12 -13 -14
leaf_value=0.063331387140455719 -0.080527094451362594 -0.079534346925415861 0.16569775223116212 -0.078610154675721203 0.039498765244336209 0.017324347484882003 -0.048583212899615341 0.061525857636694596 -0.078655240661126433 -0.079561027691914643 -0.07910057503388282 -0.078910673300872494 -0.078770041005542746
leaf_weight=6.0208711028099025 1.616734206676482 2.4799571782350531 4.1067998558282852 2.1610739976167666 3.7398967370390874 3.3658525422215515 4.3633753880858421 4.4260550551116467 1.237138334661722 2.1470577418804169 2.0158800408244133 2.0074210613965993 1.3935072235763071
leaf_count=23 19 35 19 37 19 14 28 28 21 30 31 32 23
internal_value=0.0032882 0.0143839 0.021287 -0.0166408 0.0473378 0.0849769 -0.00793081 0.0424322 -0.0793832 -0.0790317 -0.0793381 -0.0788133 -0.0786728
internal_weight=41.0816 36.2203 33.7404 13.7384 20.002 11.8987 8.10327 7.79191 4.86129 7.71752 4.16294 3.24456 3.55458
internal_count=359 287 252 144 108 61 47 42 72 121 61 53 60
is_linear=0
shrinkage=0.1


Tree=30
num_leaves=13
num_cat=0
split_feature=5 0 5 1 5 1 1 0 0 3 6 0
split_gain=37.2102 4.94915 4.67756 4.27786 0.394129 0.0547442 0.012754 0.00484193 0.00881432 0.000191397 0.000105531 2.6458e-05
threshold=27.950000000000003 0.91597561503675362 24.050000000000004 -0.98296291314453399 31.050000000000004 -0.60355339059327384 -0.12940952255126037 -0.91597561503675329 -0.98296291314453399 -1.0000000180025095e-35 59.650000000000013 0.98296291314453421
decision_type=2 2 2 2 2 2 2 2 2 2 2 2
left_child=2 3 -1 -2 5 10 -4 8 -8 11 -5 -9
right_child=1 -3 6 4 -6 -7 7 9 -10 -11 -12 -13
leaf_value=-0.012291255769352779 0.0092900031097687078 -0.025718884588719199 -0.095306944824091758 0.096116205591716575 0.069140648688951478 0.10691180325263024 -0.088452875119876997 -0.088443874477635576 -0.094286220260143702 -0.089132438572036482 0.095638576865454031 -0.088111152998704326
leaf_weight=10.235624611377714 7.6458705067634574 5.4665467143058768 4.914700165390971 8.6632428765296989 5.6094618290662757 5.9075860530138042 5.1566008180379868 6.7016254216432571 5.2048995494842547 4.0908942967653248 9.9262615442275983 3.7147728055715561
leaf_count=33 23 17 22 38 21 23 30 39 24 23 44 22
internal_value=-0.00112763 0.0632102 -0.0706098 0.0760871 0.093051 0.0985261 -0.090652 -0.0897321 -0.0913831 -0.0885528 0.0958612 -0.0883252
internal_weight=83.2381 43.219 40.0191 37.7524 30.1066 24.4971 29.7835 24.8688 10.3615 14.5073 18.5895 10.4164
internal_count=359 166 193 149 126 105 160 138 54 84 82 61
is_linear=0
shrinkage=0.1


Tree=31
num_leaves=8
num_cat=0
split_feature=5 5 5 5 0 0 1
split_gain=4.34742 6.86018 0.00101344 9.60369e-05 2.44032e-06 5.81641e-06 4.40408e-06
threshold=31.750000000000004 24.050000000000004 31.550000000000004 31.150000000000002 0.78656609248549325 0.98296291314453421 -0.98296291314453399
decision_type=2 2 2 2 2 2 2
left_child=1 -1 3 4 6 -6 -3
right_child=-2 2 -4 -5 5 -7 -8
leaf_value=0.069464873289280735 0.199294669547983 -0.076538788113807682 -0.08118368706994189 -0.077645613429205604 -0.076493139703472462 -0.076119285346347654 -0.07618898801526619
leaf_weight=5.6926310956478101 1.0415151417255408 0.39387753419577887 0.46624602377414692 0.54113632813096035 1.1404879689216612 0.65523948147892941 4.1757544893771428
leaf_count=33 6 15 5 14 45 34 207
internal_value=0.00267448 -0.0129992 -0.0766713 -0.0763667 -0.076258 -0.0763567 -0.0762191
internal_weight=14.1069 13.0654 7.37274 6.9065 6.36536 1.79573 4.56963
internal_count=359 353 320 315 301 79 222
is_linear=0
shrinkage=0.1


Tree=32
num_leaves=13
num_cat=0
split_feature=5 5 1 6 5 5 8 6 1 1 5 2
split_gain=26.4852 3.8045 4.20364 1.48951 1.03018 0.743332 0.130675 0.120428 0.00829019 0.000435383 0.000438738 5.10971e-06
threshold=28.250000000000004 24.050000000000004 -0.12940952255126037 66.450000000000017 26.250000000000004 24.650000000000002 1.0000000180025095e-35 69.350000000000009 -0.98296291314453399 -0.70710678118654757 30.950000000000003 -1.0000000180025095e-35
decision_type=2 2 2 2 2 2 2 2 2 2 2 2
left_child=1 -1 -3 4 -4 -5 -2 -7 -8 10 11 -10
right_child=6 2 3 5 -6 7 8 -9 9 -11 -12 -13
leaf_value=-0.016381717652210245 -0.068035896114600009 -0.0020823589100452821 0.010422638744305684 0.051487130305590739 0.075545738182771549 0.080744766989225281 -0.091914749334923107 0.099703319600040419 -0.086404253962651598 -0.087994097655730283 -0.087779030199626018 -0.086558641375688958
leaf_weight=10.006054967641829 3.8499087691307095 10.745348915457724 5.7411318868398649 5.2196273058652904 4.2106050550937653 4.5803706049919155 4.3887421041727093 12.478992462158201 7.0266786813736015 3.7731417268514589 3.3017005473375312 3.0849015116691589
leaf_count=33 19 35 23 22 19 20 22 57 46 23 20 20
internal_value=-0.00110826 0.0391532 0.0520833 0.0701415 0.0379764 0.0845093 -0.0850073 0.094613 -0.0880357 -0.0870451 -0.0867782 -0.0864514
internal_weight=78.4072 52.9821 42.9761 32.2307 9.95174 22.279 25.4251 17.0594 21.5752 17.1864 13.4133 10.1116
internal_count=359 209 176 141 42 99 150 77 131 109 86 66
is_linear=0
shrinkage=0.1


Tree=33
num_leaves=14
num_cat=0
split_feature=1 1 0 6 6 5 3 3 5 0 3 5 0
split_gain=3.34054 1.91018 4.30485 1.75918 1.28693 1.11277 2.77289 2.21676 0.000315932 0.000140258 3.80867e-06 3.10214e-06 1.15789e-07
threshold=0.37940952255126026 0.1294095225512602 -1.0000000180025095e-35 59.650000000000013 56.650000000000013 28.050000000000004 -0.22252093395631442 1.0000000180025095e-35 24.050000000000004 -0.91597561503675329 -0.56174490092936669 30.750000000000004 -0.60355339059327329
decision_type=2 2 2 2 2 2 2 2 2 2 2 2 2
left_child=1 2 9 4 -4 6 -5 -7 -2 -1 -10 12 -11
right_child=8 -3 3 5 -6 7 -8 -9 10 11 -12 -13 -14
leaf_value=-0.07921336406829578 -0.080100073593989379 0.055227640274486914 0.0075969835976865407 0.078287070267936951 0.092314028750201893 -0.092112145576086782 -0.041378217405718933 0.025867807005224432 -0.078162841684470671 -0.07809474717221622 -0.078400888210095943 -0.078330092190516842 -0.078141782261430023
leaf_weight=2.3276206217706203 1.507752165198325 8.4813940674066526 2.9160153046250405 4.3686202764511108 4.6565952003002167 3.0741833858191967 3.4780637659132463 3.3044769950211048 1.0840700417757032 1.065113712102175 1.7687520906329157 1.0262008011341093 1.029056012630462
leaf_count=36 19 36 22 26 29 28 25 25 21 21 32 19 20
internal_value=0.00369936 0.0137843 0.000883405 0.0207553 0.0596917 2.81434e-05 0.0252451 -0.0309924 -0.0789292 -0.0786259 -0.0783104 -0.0781877 -0.0781179
internal_weight=40.0879 35.7273 27.2459 21.798 7.57261 14.2253 7.84668 6.37866 4.36057 5.44799 2.85282 3.12037 2.09417
internal_count=359 287 251 155 51 104 51 53 72 96 53 60 41
is_linear=0
shrinkage=0.1


Tree=34
num_leaves=13
num_cat=0
split_feature=5 5 0 1 5 1 1 0 1 6 3 7
split_gain=30.7177 4.45795 4.22816 3.84643 0.530309 0.0412863 0.0110146 0.00467962 0.00858125 0.000299262 0.00018519 1.74925e-05
threshold=27.950000000000003 24.050000000000004 0.91597561503675362 -0.98296291314453399 31.150000000000002 -0.60355339059327384 -0.12940952255126037 -0.91597561503675329 0.1294095225512602 56.850000000000001 1.0000000180025095e-35 1.0000000180025095e-35
decision_type=2 2 2 2 2 2 2 2 2 2 2 2
left_child=1 -1 3 -2 5 9 -3 8 -8 -5 11 -9
right_child=2 6 -4 4 -6 -7 7 10 -10 -11 -12 -13
leaf_value=-0.010881820026613784 0.0087508636786302971 -0.093074867496954469 -0.023388493863925063 0.093353689971432632 0.056985094636060551 0.10265418321943365 -0.08625692240006122 -0.086025752182121051 -0.092302084550612784 0.092428319591756861 -0.087052343453067921 -0.086313706696565198
leaf_weight=10.176208525896071 7.6398161351680747 4.5811920464038876 5.4218084663152686 4.801840662956244 4.3565422743558875 5.4269494116306332 4.5369336307048815 3.2771293967962292 4.8674724698066711 12.839007884263991 3.6574534177780142 5.921534344553943
leaf_count=33 23 22 17 23 17 23 30 22 24 63 23 39
internal_value=-0.00140386 -0.0672422 0.0587947 0.0715023 0.0889835 0.0950267 -0.0886095 -0.0876905 -0.0893857 0.0926802 -0.0864504 -0.0862111
internal_weight=77.5039 37.0179 40.486 35.0642 27.4243 23.0678 26.8417 22.2605 9.40441 17.6408 12.8561 9.19866
internal_count=359 193 166 149 126 109 160 138 54 86 84 61
is_linear=0
shrinkage=0.1


Tree=35
num_leaves=7
num_cat=0
split_feature=5 5 5 5 1 1
split_gain=3.37964 5.79474 0.000745632 7.09833e-05 3.23992e-06 4.32909e-06
threshold=24.050000000000004 31.750000000000004 31.550000000000004 31.150000000000002 -0.98296291314453399 -0.5
decision_type=2 2 2 2 2 2
left_child=-1 2 3 4 -2 -6
right_child=1 -3 -4 -5 5 -7
leaf_value=0.059679552755981927 -0.076418891955349066 0.16494152636723533 -0.080561176188156183 -0.077383345715077712 -0.075973048909934518 -0.076169791035006248
leaf_weight=6.0199190825223923 0.36430865712463756 1.1702495068311689 0.42484370619058598 0.49123728834092606 1.5993307130411261 3.7193560451269163
leaf_count=33 15 6 5 14 95 191
internal_value=0.00343751 -0.0401406 -0.0765089 -0.0762301 -0.0761304 -0.0761106
internal_weight=13.7892 7.76933 6.59908 6.17423 5.683 5.31869
internal_count=359 326 320 315 301 286
is_linear=0
shrinkage=0.1


Tree=36
num_leaves=13
num_cat=0
split_feature=5 5 1 0 1 0 3 1 6 5 0 2
split_gain=22.0653 3.0877 3.61001 1.51604 2.38138 0.164997 0.12356 0.0089638 0.0061569 0.000549582 0.000102396 3.00863e-06
threshold=28.250000000000004 24.050000000000004 -0.12940952255126037 -0.91597561503675329 0.1294095225512602 0.78656609248549325 -1.0000000180025095e-35 -0.98296291314453399 68.450000000000017 31.050000000000004 -0.60355339059327329 -1.0000000180025095e-35
decision_type=2 2 2 2 2 2 2 2 2 2 2 2
left_child=1 -1 -3 4 -4 7 8 -2 -5 10 -9 -12
right_child=5 2 3 6 -6 -7 -8 9 -10 -11 11 -13
leaf_value=-0.014515869025426023 -0.090273791732575381 -0.0021537325104485669 0.090282821946916336 0.094295453921075897 0.0049302228220874378 -0.061277821487336528 0.072064847612039407 -0.085292152505067872 0.089533975536431776 -0.086281535303813411 -0.084594789663284112 -0.084717191311213635
leaf_weight=9.920843690633772 4.2846790850162551 10.701217696070669 5.6117217093706113 4.2220386266708356 7.829681009054184 3.0611344873905173 4.6981963962316575 3.1965264379978207 7.6115407645702362 3.1676818132400522 6.1666606664657611 2.9778660535812307
leaf_count=33 23 35 30 21 24 15 24 23 42 21 46 22
internal_value=-0.00133284 0.0355048 0.0477052 0.0655062 0.0405645 -0.0828837 0.0857854 -0.0862251 0.0912328 -0.0851065 -0.084805 -0.0846346
internal_weight=73.4498 50.5952 40.6744 29.9732 13.4414 22.8545 16.5318 19.7934 11.8336 15.5087 12.3411 9.14453
internal_count=359 209 176 141 54 150 87 135 63 112 91 68
is_linear=0
shrinkage=0.1


Tree=37
num_leaves=14
num_cat=0
split_feature=1 1 0 6 6 5 3 3 5 0 5 3 0
split_gain=2.99452 1.59511 3.7182 1.47819 1.00138 0.929433 2.29415 2.03357 0.000294339 0.000109418 3.42505e-06 2.26784e-06 1.23029e-07
threshold=0.37940952255126026 0.1294095225512602 -1.0000000180025095e-35 59.650000000000013 56.650000000000013 28.050000000000004 -0.22252093395631442 1.0000000180025095e-35 24.050000000000004 -0.91597561503675329 30.750000000000004 -0.56174490092936669 -0.60355339059327329
decision_type=2 2 2 2 2 2 2 2 2 2 2 2 2
left_child=1 2 9 4 -4 6 -5 -7 -2 -1 12 -10 -11
right_child=8 -3 3 5 -6 7 -8 -9 11 10 -12 -13 -14
leaf_value=-0.078730782614602646 -0.079705561794107538 0.050749517288854719 0.0075323743303873439 0.069024057137044958 0.081848856751977922 -0.091360226280396459 -0.039851528106597395 0.023668489153695266 -0.077778465289861626 -0.077663631232570335 -0.077926741564395413 -0.077973771386889115 -0.077715550360878655
leaf_weight=2.0777628868818283 1.4049050584435456 8.6733205169439298 2.898305017501122 4.5146437920629978 4.8425113633275032 2.8536477088928223 3.3875436484813672 3.330788217484951 0.95955770835280452 0.92681254073977482 0.90922487154602993 1.5629230141639707 0.89923129230737608
leaf_count=36 19 36 22 26 29 28 25 25 21 21 19 32 20
internal_value=0.00428931 0.0135017 0.00137496 0.0189179 0.0540234 -0.000373044 0.0223508 -0.0294085 -0.0785455 -0.0781837 -0.0777682 -0.0778995 -0.0776892
internal_weight=39.2412 35.3138 26.6405 21.8274 7.74082 14.0866 7.90219 6.18444 3.92739 4.81303 2.73527 2.52248 1.82604
internal_count=359 287 251 155 51 104 51 53 72 96 60 53 41
is_linear=0
shrinkage=0.1


Tree=38
num_leaves=13
num_cat=0
split_feature=5 5 0 1 5 1 1 0 0 5 3 5
split_gain=25.4152 4.26896 3.73519 3.58936 0.623624 0.0315327 0.0101829 0.00340034 0.00574731 0.000429194 0.000101435 1.51309e-05
threshold=27.950000000000003 24.050000000000004 0.91597561503675362 -0.98296291314453399 31.350000000000005 -0.60355339059327384 -0.12940952255126037 -0.91597561503675329 -0.98296291314453399 30.750000000000004 1.0000000180025095e-35 25.850000000000005
decision_type=2 2 2 2 2 2 2 2 2 2 2 2
left_child=1 -1 3 -2 5 9 -3 8 -8 -5 11 -9
right_child=2 6 -4 4 -6 -7 7 10 -10 -11 -12 -13
leaf_value=-0.0095405525974219599 0.0073061856690459087 -0.091302071660954276 -0.022519880941441986 0.089849709426146493 0.047843467412014319 0.099262710829633727 -0.084729728412297992 -0.08472517923087175 -0.089937712457712302 0.091004944091828799 -0.085277349873884023 -0.084446223363279407
leaf_weight=10.119190096855162 7.6247332692146292 4.2879714071750668 5.3872117400169364 11.903811961412435 3.7075349539518347 4.9663128703832653 4.0627046525478363 5.0096420198678953 4.4289893209934252 4.4064422845840445 3.248047098517417 3.1778960227966309
leaf_count=33 23 22 17 65 15 23 30 37 24 23 23 24
internal_value=-0.0017295 -0.0640872 0.0546189 0.0673627 0.085691 0.0922861 -0.0868814 -0.0859301 -0.087446 0.0901618 -0.0848045 -0.0846169
internal_weight=72.3305 34.3344 37.996 32.6088 24.9841 21.2766 24.2153 19.9273 8.49169 16.3103 11.4356 8.18754
internal_count=359 193 166 149 126 111 160 138 54 88 84 61
is_linear=0
shrinkage=0.1


Tree=39
num_leaves=8
num_cat=0
split_feature=5 5 5 5 0 0 0
split_gain=2.69567 4.95233 0.00055659 5.44531e-05 3.42078e-06 6.95541e-06 2.26643e-06
threshold=24.050000000000004 31.750000000000004 31.550000000000004 31.150000000000002 0.91597561503675362 0.98296291314453421 -0.91597561503675329
decision_type=2 2 2 2 2 2 2
left_child=-1 2 3 4 6 -6 -2
right_child=1 -3 -4 -5 5 -7 -8
leaf_value=0.051774402721328043 -0.076091561263994537 0.14068494347599778 -0.080028576985042649 -0.077166593742730855 -0.076335338131970562 -0.07586473039087667 -0.075919258093343781
leaf_weight=6.3064319044351578 1.0671409349888556 1.2783906161785124 0.38801336288452137 0.44855687022209156 0.81967653334140755 0.50912103615701199 2.6821455843746671
leaf_count=33 59 6 5 14 36 34 172
internal_value=0.00405014 -0.0377916 -0.0763675 -0.0761105 -0.0760172 -0.076155 -0.0759683
internal_weight=13.4995 7.19304 5.91465 5.52664 5.07808 1.3288 3.74929
internal_count=359 326 320 315 301 70 231
is_linear=0
shrinkage=0.1


Tree=40
num_leaves=13
num_cat=0
split_feature=5 5 1 6 5 5 0 6 1 5 0 2
split_gain=18.4811 2.51663 3.12879 1.54607 0.919341 0.801012 0.177005 0.0536525 0.0082891 0.000508486 6.04281e-05 1.76319e-06
threshold=28.250000000000004 24.050000000000004 -0.12940952255126037 66.450000000000017 26.250000000000004 24.650000000000002 0.78656609248549325 70.15000000000002 -0.98296291314453399 31.050000000000004 -0.60355339059327329 -1.0000000180025095e-35
decision_type=2 2 2 2 2 2 2 2 2 2 2 2
left_child=1 -1 -3 4 -4 -5 8 -7 -2 10 -10 -12
right_child=6 2 3 5 -6 7 -8 -9 9 -11 11 -13
leaf_value=-0.012806223100277471 -0.088781438695012455 -0.0021850995825561806 0.00059402009599318433 0.041491858388980549 0.066338449230615784 0.081388445720146238 -0.058021869972579937 0.09412314236522637 -0.083684734277698292 -0.084787570577124466 -0.083112395720707735 -0.08321251443469177
leaf_weight=9.8407397270202619 3.9853812158107802 10.65016697347164 5.2792601585388201 4.6038387119770077 3.5620781779289246 5.2158676683902732 2.8778464049100867 9.0463500022888166 2.7992770969867733 2.84393534064293 5.4013476744294184 2.6085009053349424
leaf_count=33 23 35 23 22 19 26 15 51 23 21 46 22
internal_value=-0.0015284 0.0323071 0.0438811 0.061588 0.0270817 0.0777589 -0.0810172 0.0894659 -0.084769 -0.0835978 -0.0832848 -0.083145
internal_weight=68.7146 48.1983 38.3576 27.7074 8.84134 18.8661 20.5163 14.2622 17.6384 13.6531 10.8091 8.00985
internal_count=359 209 176 141 42 99 150 77 135 112 91 68
is_linear=0
shrinkage=0.1


Tree=41
num_leaves=14
num_cat=0
split_feature=1 1 0 6 6 5 3 3 5 0 5 3 1
split_gain=2.65284 1.20709 3.20395 1.255 0.796927 0.78701 1.92918 1.86908 0.00027396 7.30257e-05 3.68925e-06 1.79594e-06 1.14858e-07
threshold=0.37940952255126026 0.1294095225512602 -1.0000000180025095e-35 59.650000000000013 56.650000000000013 28.050000000000004 -0.22252093395631442 1.0000000180025095e-35 24.050000000000004 -0.91597561503675329 30.750000000000004 -0.56174490092936669 -0.78656609248549325
decision_type=2 2 2 2 2 2 2 2 2 2 2 2 2
left_child=1 2 9 4 -4 6 -5 -7 -2 -1 12 -10 -11
right_child=8 -3 3 5 -6 7 -8 -9 11 10 -12 -13 -14
leaf_value=-0.078246350527366892 -0.079341205309133633 0.044593402172885321 0.007520379643958912 0.06189692864181448 0.07361250133405306 -0.090643759276377203 -0.038268087624236335 0.021748992700998813 -0.077399738770731696 -0.077345146182843758 -0.07758054435353999 -0.07758559446548878 -0.077291368454444467
leaf_weight=1.8221453242003915 1.3080358505249017 8.9477177709341031 2.8789022676646772 4.611434493213892 4.9807718843221664 2.6503237150609493 3.2979991436004621 3.349686685949564 0.83691562712192569 0.78403080627322186 0.80621396005153645 1.3726972043514249 0.80484896153211538
leaf_count=36 19 36 22 26 29 28 25 25 21 20 19 32 21
internal_value=0.00458023 0.0129151 0.00200753 0.0174624 0.0494038 -0.000586471 0.0201311 -0.0278971 -0.0781942 -0.0777693 -0.0774063 -0.0775152 -0.0773179
internal_weight=38.4517 34.9341 25.9864 21.7691 7.85967 13.9094 7.90943 6.00001 3.51765 4.21724 2.39509 2.20961 1.58888
internal_count=359 287 251 155 51 104 51 53 72 96 60 53 41
is_linear=0
shrinkage=0.1


Tree=42
num_leaves=13
num_cat=0
split_feature=5 5 0 1 5 1 1 0 1 0 3 5
split_gain=21.0344 4.09731 3.29021 3.35708 0.630108 0.0253834 0.00907085 0.00314075 0.00511618 0.000370609 0.000107718 1.2611e-05
threshold=27.950000000000003 24.050000000000004 0.91597561503675362 -0.98296291314453399 31.350000000000005 -0.60355339059327384 -0.12940952255126037 -0.91597561503675329 0.1294095225512602 0.12940952255126059 -1.0000000180025095e-35 25.850000000000005
decision_type=2 2 2 2 2 2 2 2 2 2 2 2
left_child=1 -1 3 -2 5 9 -3 8 -8 -5 11 -9
right_child=2 6 -4 4 -6 -7 7 10 -10 -11 -12 -13
leaf_value=-0.0083017091595044903 0.0060524816769385896 -0.089762564685293617 -0.021527028176676136 0.087429130058141333 0.044085786113665988 0.096535829561025244 -0.083246102059389288 -0.0832306565921897 -0.088420274102010615 0.088438910268399881 -0.08384823431068511 -0.082958325309779951
leaf_weight=10.065155088901522 7.6022057235240963 4.0090443640947369 5.3457373380661002 6.7701542824506813 3.5419429242610923 4.533755049109458 3.5669137239456239 4.3934109061956459 4.1164588034152985 7.847884327173233 2.8924194350838555 2.774081215262413
leaf_count=33 23 22 17 42 15 23 30 37 24 46 23 24
internal_value=-0.00195575 -0.0610562 0.0508035 0.0635662 0.0828328 0.0899987 -0.0854665 -0.0844959 -0.0860182 0.0879712 -0.0833331 -0.0831253
internal_weight=67.4592 31.8175 35.6417 30.2959 22.6937 19.1518 21.7523 17.7433 7.68337 14.618 10.0599 7.16749
internal_count=359 193 166 149 126 111 160 138 54 88 84 61
is_linear=0
shrinkage=0.1


Tree=43
num_leaves=7
num_cat=0
split_feature=5 5 5 5 5 1
split_gain=2.32657 3.54857 1.06454 0.000419924 5.06094e-05 3.83829e-06
threshold=32.20000000000001 24.050000000000004 31.750000000000004 31.550000000000004 31.350000000000005 -0.98296291314453399
decision_type=2 2 2 2 2 2
left_child=1 -1 3 4 5 -3
right_child=-2 2 -4 -5 -6 -7
leaf_value=0.045264852368751191 0.17943846155470666 -0.076228298451083018 0.059240212202717885 -0.079566542178302502 -0.077232487892182136 -0.075896257703760503
leaf_weight=6.5578796565532667 0.71968397498130876 0.37924321182072063 0.65124964714050282 0.35527928173542012 0.31551373377442349 4.244955239817501
leaf_count=33 3 18 3 5 9 288
internal_value=0.00460072 -0.00546219 -0.0614071 -0.0762459 -0.0760071 -0.0759235
internal_weight=13.2238 12.5041 5.94624 5.29499 4.93971 4.6242
internal_count=359 356 323 320 315 306
is_linear=0
shrinkage=0.1


Tree=44
num_leaves=13
num_cat=0
split_feature=1 0 0 5 5 6 1 1 1 5 5 2
split_gain=15.5872 2.31455 4.05572 2.20172 1.64442 0.895387 0.697228 0.00644897 0.000532843 0.000338024 0.000147742 1.15605e-06
threshold=-0.37940952255126015 -0.98296291314453399 -0.91597561503675329 27.050000000000004 24.050000000000004 69.15000000000002 -1.0000000180025095e-35 -0.98296291314453399 -0.60355339059327384 31.050000000000004 29.450000000000003 -1.0000000180025095e-35
decision_type=2 2 2 2 2 2 2 2 2 2 2 2
left_child=7 -2 5 4 -4 -3 -6 -1 9 10 -9 -12
right_child=1 2 3 -5 6 -7 -8 8 -10 -11 11 -13
leaf_value=-0.087477231118132576 0.093467573167556717 -0.057779400315038698 0.012531722399274756 -0.0031016213341056088 0.039042368532317323 -0.0031104602487412401 0.086233984829781035 -0.082840333961815879 -0.084130225199168629 -0.08351031190484573 -0.081882983224788319 -0.081973504183558005
leaf_weight=3.7013893723487881 4.8097690194845191 5.6791993230581266 6.1526055335998597 8.6656264662742597 4.294562131166459 6.3408779501914978 11.552386239171025 2.3927718698978406 2.338351517915723 2.4251888915896425 4.0029539018869391 2.1787396520376214
leaf_count=23 31 20 20 33 13 21 77 22 19 20 39 21
internal_value=-0.00173296 0.0277039 0.0202936 0.0395922 0.0564094 -0.0289402 0.0734449 -0.0837842 -0.0827594 -0.082468 -0.0821731 -0.0819149
internal_weight=64.5344 47.495 42.6853 30.6652 21.9996 12.0201 15.8469 17.0394 13.338 10.9997 8.57447 6.18169
internal_count=359 215 184 143 110 41 90 144 121 102 82 60
is_linear=0
shrinkage=0.1


Tree=45
num_leaves=13
num_cat=0
split_feature=1 1 0 6 6 2 5 5 0 5 5 0
split_gain=2.38098 1.0225 2.77808 1.08085 0.794741 1.14571 0.690749 0.000241513 5.75742e-05 3.82912e-06 1.88527e-06 9.94608e-08
threshold=0.37940952255126026 0.1294095225512602 -1.0000000180025095e-35 59.650000000000013 60.750000000000007 -0.60785761079279388 30.650000000000002 24.050000000000004 -0.91597561503675329 30.750000000000004 24.950000000000003 -0.60355339059327329
decision_type=2 2 2 2 2 2 2 2 2 2 2 2
left_child=1 2 8 6 -5 -6 -4 -2 -1 11 -9 -10
right_child=7 -3 3 4 5 -7 -8 10 9 -11 -12 -13
leaf_value=-0.077887364519988123 -0.07900488333417155 0.04147758948197322 0.071360237178314634 -0.056303062653240581 0.053758545030132436 -0.012862822560645132 0.011918489709500761 -0.07733111985313923 -0.076970437527335178 -0.077282036448425517 -0.077130203380854551 -0.077024131118327233
leaf_weight=1.6254540309309962 1.2169796600937837 9.0829766988754255 4.4816587939858499 2.1783986762166014 3.8892612904310226 7.6760090589523298 3.467540867626667 0.77396186068654049 0.69777237437665496 0.71558937057852734 1.1776509359478948 0.68236096948385139
leaf_count=36 19 36 28 13 34 57 23 20 21 19 33 20
internal_value=0.00505962 0.0126795 0.00238706 0.0160807 -0.000895295 0.00954114 0.045431 -0.0778993 -0.0774407 -0.0770943 -0.0772099 -0.076997
internal_weight=37.6656 34.497 25.414 21.6929 13.7437 11.5653 7.9492 3.16859 3.72118 2.09572 1.95161 1.38013
internal_count=359 287 251 155 104 91 51 72 96 60 53 41
is_linear=0
shrinkage=0.1


Tree=46
num_leaves=13
num_cat=0
split_feature=5 5 0 1 5 1 2 1 5 1 5 0
split_gain=17.4531 3.9486 2.90968 3.11907 0.648259 0.0930342 0.25192 0.0206548 0.00692778 0.0066775 0.00152367 0.000394823
threshold=27.950000000000003 23.950000000000003 0.91597561503675362 -0.98296291314453399 31.350000000000005 0.37940952255126026 -1.0000000180025095e-35 -0.60355339059327384 24.850000000000005 -0.12940952255126037 25.950000000000003 0.12940952255126059
decision_type=2 2 2 2 2 2 2 2 2 2 2 2
left_child=1 -1 3 -2 7 8 -7 11 -3 -10 -11 -5
right_child=2 5 -4 4 -6 6 -8 -9 9 10 -12 -13
leaf_value=-0.00089640543084004416 0.0051547071308096788 -0.0906256115921171 -0.020696233388772616 0.085560965676059461 0.040192813134415493 -0.04689996449186401 -0.087127118969150028 0.094274317799325574 -0.088413392230589027 -0.084830672245953476 -0.08208236165258681 0.086664383078081567
leaf_weight=8.5545512139797228 7.569388002157214 2.5883898511528995 5.3060002326965323 5.9872964322567039 3.3787657916545859 2.5365617275238037 4.0302593261003485 4.1266919821500769 3.7445065379142788 3.6521219238638825 4.506280355155468 7.0744545161724091
leaf_count=28 23 16 17 42 15 22 34 23 22 28 43 46
internal_value=-0.00227873 -0.0581884 0.0472281 0.0600372 0.0802357 -0.0814625 -0.0715886 0.0881071 -0.0859369 -0.0849173 -0.0833126 0.0861586
internal_weight=63.0553 29.6127 33.4426 28.1366 20.5672 21.0581 6.56682 17.1884 14.4913 11.9029 8.1584 13.0618
internal_count=359 193 166 149 126 165 56 111 109 93 71 88
is_linear=0
shrinkage=0.1


Tree=47
num_leaves=7
num_cat=0
split_feature=5 5 5 5 5 0
split_gain=1.8223 2.9964 1.01225 0.000317812 3.87619e-05 3.88894e-06
threshold=32.20000000000001 24.050000000000004 31.750000000000004 31.550000000000004 31.350000000000005 0.91597561503675362
decision_type=2 2 2 2 2 2
left_child=1 -1 3 4 5 -3
right_child=-2 2 -4 -5 -6 -7
leaf_value=0.039811198474386314 0.15300978468433687 -0.07577804932164374 0.055702182141352009 -0.07915351857597927 -0.077036789809134129 -0.075996547477707274
leaf_weight=6.7795221060514432 0.78177653253078538 3.0197872035205364 0.66377300024032582 0.32533495873212803 0.28802389837801445 1.1154855238273738
leaf_count=33 3 236 3 5 9 70
internal_value=0.00500609 -0.00448428 -0.0599683 -0.076137 -0.0759151 -0.075837
internal_weight=12.9737 12.1919 5.4124 4.74863 4.4233 4.13527
internal_count=359 356 323 320 315 306
is_linear=0
shrinkage=0.1


Tree=48
num_leaves=13
num_cat=0
split_feature=1 0 0 1 5 6 3 1 1 5 5 0
split_gain=13.1191 2.10991 3.26084 2.04433 1.84287 0.756202 0.176907 0.00573676 0.000291463 0.000315222 9.53636e-05 7.30597e-07
threshold=-0.37940952255126015 -0.98296291314453399 -0.91597561503675329 1.0000000180025095e-35 24.050000000000004 69.15000000000002 1.0000000180025095e-35 -0.98296291314453399 -0.60355339059327384 31.050000000000004 29.450000000000003 0.12940952255126059
decision_type=2 2 2 2 2 2 2 2 2 2 2 2
left_child=7 -2 5 -4 -5 -3 -6 -1 9 10 -9 -12
right_child=1 2 3 4 6 -7 -8 8 -10 -11 11 -13
leaf_value=-0.086283104790061751 0.091804994668898895 -0.053037139607913709 0.0016375318204796445 0.011596300325921519 0.086228264745700056 -0.0025445723070741787 0.059604428783209235 -0.08166863163107721 -0.082718751912731731 -0.082462293174450932 -0.080909264862959504 -0.080835603145593959
leaf_weight=3.4317717328667632 4.2597827240824691 5.5926481932401604 10.98640856146813 6.1709227263927486 8.7394690662622434 6.3155621886253357 3.4933880716562262 2.0887913554906827 2.0412361100316039 2.1775878295302391 2.7078789845108986 2.6781335696578026
leaf_count=23 31 20 36 20 63 21 24 22 19 20 30 30
internal_value=-0.00199311 0.0247978 0.0178862 0.0357725 0.0561499 -0.0262582 0.0786252 -0.0826881 -0.0816331 -0.0814035 -0.0810951 -0.0808726
internal_weight=60.6836 45.5582 41.2984 29.3902 18.4038 11.9082 12.2329 15.1254 11.6936 9.65239 7.4748 5.38601
internal_count=359 215 184 143 107 41 87 144 121 102 82 60
is_linear=0
shrinkage=0.1


Tree=49
num_leaves=14
num_cat=0
split_feature=1 6 1 0 2 2 2 5 1 5 0 5 5
split_gain=2.09127 1.05274 3.72131 1.9343 1.03768 1.61496 0.996257 0.97896 0.681028 0.000209734 3.12901e-05 3.19411e-06 1.16881e-06
threshold=0.37940952255126026 66.450000000000017 0.1294095225512602 -1.0000000180025095e-35 0.6078576107927941 -0.8783796973249266 0.6078576107927941 30.650000000000002 -0.12940952255126037 24.050000000000004 -0.91597561503675329 30.650000000000002 24.950000000000003
decision_type=2 2 2 2 2 2 2 2 2 2 2 2 2
left_child=1 2 3 10 5 -3 7 -5 -7 -2 -1 -12 -11
right_child=9 4 -4 6 -6 8 -8 -9 -10 12 11 -13 -14
leaf_value=-0.077635713441924978 -0.078668097985243601 0.028524269889767657 0.13056260434318342 0.048982307557086401 0.038950424810162948 -0.022901208086323229 -0.024474553545667157 -0.013206753663274085 -0.092273764151757934 -0.07700942258121353 -0.076721540846391448 -0.077010159174288662 -0.076839774829401089
leaf_weight=0.73092714697122607 1.1240151301026338 3.1133642252534619 2.8910641074180594 10.053036089986568 2.9650264345109454 2.5773834977298966 3.8329986408352843 3.3830943070352069 3.1380462739616632 0.6726723127067088 0.90594949387014156 0.66483593545854092 1.0248463582247493
leaf_count=17 19 22 10 66 25 16 27 23 30 20 31 20 33
internal_value=0.00514277 0.0119587 0.0246615 0.00901746 -0.0122343 -0.029424 0.020495 0.0333237 -0.0609901 -0.0776086 -0.0770952 -0.0768437 -0.076907
internal_weight=37.0773 34.2557 22.4619 19.5708 11.7938 8.82879 17.2691 13.4361 5.71543 2.82153 2.30171 1.57079 1.69752
internal_count=359 287 194 184 93 68 116 89 46 72 68 51 53
is_linear=0
shrinkage=0.1


Tree=50
num_leaves=13
num_cat=0
split_feature=5 5 0 1 5 1 1 0 0 0 3 5
split_gain=14.4133 3.88385 2.53339 2.86744 0.662928 0.0149047 0.00641051 0.00223394 0.00349752 0.000450759 4.23712e-05 1.37794e-05
threshold=27.950000000000003 24.050000000000004 0.91597561503675362 -0.98296291314453399 31.350000000000005 -0.60355339059327384 -0.12940952255126037 -0.91597561503675329 -0.98296291314453399 0.12940952255126059 1.0000000180025095e-35 25.050000000000004
decision_type=2 2 2 2 2 2 2 2 2 2 2 2
left_child=1 -1 3 -2 5 9 -3 8 -8 -5 11 -9
right_child=2 6 -4 4 -6 -7 7 10 -10 -11 -12 -13
leaf_value=-0.0050899266970737857 0.0046798216416918904 -0.087126234591602653 -0.01924413287636487 0.083950627670895631 0.036539347111238442 0.09190556108578575 -0.081082355209755361 -0.081288136721420601 -0.0858329868574218 0.085199859896077104 -0.081581311100347054 -0.080956980420993904
leaf_weight=9.9227872043848055 7.549449682235724 3.4834628105163619 5.2855142503976813 5.2673020288348251 3.226755589246749 3.7195142880082086 2.7666523158550262 1.8983568251132901 3.5233051925897625 6.3954290896654129 2.2652227580547333 3.716279111802578
leaf_count=33 23 22 17 42 15 23 30 20 24 46 23 41
internal_value=-0.00237676 -0.0551465 0.0439018 0.0566609 0.077749 0.0863936 -0.0832829 -0.082338 -0.0837434 0.0846357 -0.0812162 -0.0810689
internal_weight=59.02 27.5761 31.444 26.1585 18.609 15.3822 17.6533 14.1698 6.28996 11.6627 7.87986 5.61464
internal_count=359 193 166 149 126 111 160 138 54 88 84 61
is_linear=0
shrinkage=0.1


Tree=51
num_leaves=7
num_cat=0
split_feature=6 5 9 5 5 5
split_gain=1.59656 2.04703 1.75833 1.04375 0.0195081 0.000148796
threshold=79.850000000000009 31.750000000000004 1.0000000180025095e-35 23.950000000000003 24.050000000000004 31.450000000000003
decision_type=2 2 2 2 2 2
left_child=1 2 3 -1 -5 -6
right_child=-2 -3 -4 4 5 -7
leaf_value=-0.0050335859050446201 0.081335241559125041 0.096701053692414038 0.08633808958993322 -0.094768337211778422 -0.075778238514011678 -0.077914022949704245
leaf_weight=3.4322370290756208 2.281073692254723 1.5091702640056599 1.147498191334307 0.65025971829891194 3.337746020406485 0.3615250065922736
leaf_count=17 19 6 34 3 272 8
internal_value=0.00554628 -0.0110156 -0.0292212 -0.0462616 -0.0787948 -0.075987
internal_weight=12.7195 10.4384 8.92927 7.78177 4.34953 3.69927
internal_count=359 340 334 300 283 280
is_linear=0
shrinkage=0.1


Tree=52
num_leaves=15
num_cat=0
split_feature=5 5 6 0 1 1 0 1 3 6 1 5 0 0
split_gain=11.2048 1.84739 3.40701 1.99694 1.19355 1.74203 0.245157 0.244544 0.187264 0.0923165 0.00558737 0.000327197 0.000133581 1.8344e-06
threshold=28.250000000000004 24.650000000000002 69.15000000000002 -0.91597561503675329 -0.12940952255126037 0.1294095225512602 -0.91597561503675329 -0.37940952255126015 -0.22252093395631442 73.750000000000014 -0.98296291314453399 31.050000000000004 0.60355339059327384 -0.60355339059327329
decision_type=2 2 2 2 2 2 2 2 2 2 2 2 2 2
left_child=1 3 4 -1 -3 8 -4 10 -6 -8 -2 12 13 -12
right_child=7 2 6 -5 5 -7 9 -9 -10 -11 11 -13 -14 -15
leaf_value=-0.046448780272259481 -0.08530618000895801 -0.012454145800508673 0.10838332503189539 0.028285490578314476 0.087909193934040591 -0.019065267633754473 0.062479230606931474 -0.043808679531010683 0.052496605303018133 0.087206326924602728 -0.079871812537457634 -0.081607164884819006 -0.080975224204655694 -0.079998894312565794
leaf_weight=6.4050284251570693 3.2007679194211951 8.8471969366073591 3.5481656640768051 8.0931782275438291 3.1436005458235723 3.3382843136787415 2.9184475690126401 1.9639612212777127 2.8444279804825854 3.1282194182276726 1.5250226259231539 2.0621600300073624 1.6822194308042524 4.4512620642781267
leaf_count=23 23 29 18 36 22 14 20 10 21 26 20 21 19 57
internal_value=-0.00207391 0.0242027 0.0393091 -0.00473067 0.0138578 0.038818 0.0875164 -0.0766853 0.0710875 0.0752717 -0.0816823 -0.0804891 -0.080188 -0.0799665
internal_weight=57.1519 42.2665 27.7683 14.4982 18.1735 9.32631 9.59483 14.8854 5.98803 6.04667 12.9214 9.72066 7.6585 5.97628
internal_count=359 209 150 59 86 57 64 150 43 46 140 117 96 77
is_linear=0
shrinkage=0.1


Tree=53
num_leaves=13
num_cat=0
split_feature=1 6 1 8 1 6 0 5 6 0 5 5
split_gain=1.83226 0.919456 2.67461 1.23916 3.76918 0.927502 0.525267 0.298447 0.154993 0.0163037 0.000175335 7.0146e-07
threshold=0.37940952255126026 66.450000000000017 0.1294095225512602 1.0000000180025095e-35 -0.98296291314453399 70.350000000000009 0.37940952255126054 27.750000000000004 73.100000000000009 0.60355339059327384 24.050000000000004 24.950000000000003
decision_type=2 2 2 2 2 2 2 2 2 2 2 2
left_child=1 2 3 7 -5 6 -3 -1 -7 -6 -2 -12
right_child=10 5 -4 4 9 8 -8 -9 -10 -11 11 -13
leaf_value=0.052133694665765451 -0.078349655769427803 -0.066686856226645067 0.10984239947274946 0.039776724590632362 -0.077480904948989876 0.031164827182443872 -0.0035368369440055844 0.014283947030436709 -0.00061182163505511507 -0.091862961640840346 -0.076738148243261153 -0.076597376039611781
leaf_weight=5.247696191072464 1.0349105037748807 3.3061395734548551 3.0593967139720908 5.837896853685379 3.6971076093614137 3.0215978398919106 2.1893777847290039 3.4547084048390388 3.1197785902768373 1.0017925202846525 0.58557495847344376 0.894969642162323
leaf_count=28 19 28 10 20 102 21 22 22 22 12 20 33
internal_value=0.00499784 0.0111019 0.0229929 0.0091822 -0.0138819 -0.0116836 -0.0415283 0.037108 0.0150225 -0.0805471 -0.0773511 -0.0766531
internal_weight=36.4509 33.9355 22.2986 19.2392 10.5368 11.6369 5.49552 8.7024 6.14138 4.6989 2.51546 1.48054
internal_count=359 287 194 184 134 93 50 50 43 114 72 53
is_linear=0
shrinkage=0.1


Tree=54
num_leaves=13
num_cat=0
split_feature=5 5 0 1 5 1 1 0 0 0 3 5
split_gain=11.9346 3.73048 2.11933 2.72408 0.780833 0.0105292 0.0052746 0.00208339 0.00317153 0.000553254 4.78649e-05 8.63562e-06
threshold=27.950000000000003 24.050000000000004 0.91597561503675362 -0.98296291314453399 31.450000000000003 -0.60355339059327384 -0.12940952255126037 -0.91597561503675329 -0.98296291314453399 0.12940952255126059 1.0000000180025095e-35 25.050000000000004
decision_type=2 2 2 2 2 2 2 2 2 2 2 2
left_child=1 -1 3 -2 5 9 -3 8 -8 -5 11 -9
right_child=2 6 -4 4 -6 -7 7 10 -10 -11 -12 -13
leaf_value=-0.0041381919392551349 0.0031733758819817528 -0.086021648379661475 -0.016942237345348377 0.08264711314184281 0.026876382911541548 0.089788115244140279 -0.080145053020757251 -0.080346398992482082 -0.084926814336959477 0.08410375527394065 -0.080739520036611778 -0.080065319025582518
leaf_weight=9.8891672194004077 7.5309230387210908 3.2411150485277185 5.2361543178558341 4.6418709978461319 2.7602718770503989 3.5055429115891412 2.3949951156973839 1.6519568264484377 3.295814409852027 5.9494099467992783 2.0168530866503716 3.2305866330862045
leaf_count=33 23 22 17 42 13 24 30 20 24 47 23 41
internal_value=-0.00248755 -0.0523243 0.040782 0.0531755 0.075514 0.0850377 -0.0824241 -0.081498 -0.0829144 0.0834653 -0.0803297 -0.0801604
internal_weight=55.3447 25.7205 29.6242 24.388 16.8571 14.0968 15.8313 12.5902 5.69081 10.5913 6.8994 4.88254
internal_count=359 193 166 149 126 113 160 138 54 89 84 61
is_linear=0
shrinkage=0.1


Tree=55
num_leaves=11
num_cat=0
split_feature=6 5 5 5 5 2 6 5 5 5
split_gain=1.38158 2.90518 2.30543 1.35558 1.27146 1.62377 0.754447 0.018257 0.000234337 2.63708e-05
threshold=71.750000000000014 23.350000000000005 31.750000000000004 23.650000000000002 23.550000000000004 1.0000000180025095e-35 73.500000000000014 24.050000000000004 31.550000000000004 31.350000000000005
decision_type=2 2 2 2 2 2 2 2 2 2
left_child=2 -2 3 -1 -3 6 -6 -5 9 -9
right_child=1 4 -4 7 5 -7 -8 8 -10 -11
leaf_value=0.026767593331457607 0.19538995085949099 -0.096040535079018802 0.086529109183187444 -0.091640514416886476 0.046986669677067126 0.11648806146008482 -0.089425306291487927 -0.07572363647945736 -0.078803651629083815 -0.076792605921044185
leaf_weight=1.6641661226749418 1.0393255203962324 0.91183532774448428 1.5689005702733991 0.97729058563709248 0.72508510854095243 1.4270292120054362 0.91968812886625528 2.750857084058226 0.28711725026369084 0.25191046856343735
leaf_count=8 5 4 6 5 12 29 30 246 5 9
internal_value=0.005911 0.0464981 -0.0212705 -0.0497846 0.00765247 0.0384327 -0.0292892 -0.0796393 -0.0760743 -0.0758133
internal_weight=12.5232 5.02296 7.50024 5.93134 3.98364 3.0718 1.64477 4.26718 3.28988 3.00277
internal_count=359 80 279 273 75 71 42 265 260 255
is_linear=0
shrinkage=0.1


Tree=56
num_leaves=14
num_cat=0
split_feature=1 1 5 6 2 5 6 1 1 5 5 1 5
split_gain=9.58353 1.68341 2.33291 3.07147 1.90868 2.56771 0.807138 0.0842839 0.00431373 0.000197891 0.000256231 1.33245e-05 1.37471e-06
threshold=-0.37940952255126015 0.60355339059327384 24.650000000000002 69.350000000000009 0.6078576107927941 27.050000000000004 71.200000000000003 0.1294095225512602 -0.98296291314453399 31.150000000000002 29.050000000000004 -0.78656609248549325 30.650000000000002
decision_type=2 2 2 2 2 2 2 2 2 2 2 2 2
left_child=8 2 6 4 5 -4 -2 -5 -1 10 -10 12 -12
right_child=1 -3 3 7 -6 -7 -8 -9 9 -11 11 -13 -14
leaf_value=-0.084359554699282843 0.0098178107338034483 0.074323589623677938 0.028708333330144793 0.078877842037361659 0.064181903550639824 -0.055786833212095391 -0.04560416337029588 0.10214376787363828 -0.0807721584712391 -0.080995487685378287 -0.079254848802914959 -0.079631749027423093 -0.079378011420680433
leaf_weight=2.9639148265123358 4.1807801574468595 5.0853835716843596 8.275784291327005 3.0651117190718642 4.8841579630970946 6.3608473017811766 7.0739309713244438 3.1646980419754982 1.8418103083968143 1.5339761674404142 2.2350549027323714 1.8646066114306461 1.5243475437164304
leaf_count=23 18 36 43 22 25 27 26 18 23 17 33 26 22
internal_value=-0.00207249 0.020376 0.0129624 0.0295617 0.0100512 -0.00801192 -0.0250166 0.0906968 -0.0810507 -0.079961 -0.0797484 -0.0794132 -0.0793048
internal_weight=54.0544 42.0907 37.0053 25.7506 19.5208 14.6366 11.2547 6.22981 11.9637 8.9998 7.46582 5.62401 3.7594
internal_count=359 215 179 135 95 70 44 40 144 121 104 81 55
is_linear=0
shrinkage=0.1


Tree=57
num_leaves=16
num_cat=0
split_feature=1 3 6 5 1 2 1 5 6 6 5 5 5 1 5
split_gain=1.63249 0.857517 1.38844 1.18592 1.40089 1.04287 0.653622 1.24445 0.868709 0.411509 0.323802 0.00151416 0.000135797 1.34295e-05 9.39844e-07
threshold=0.37940952255126026 -0.22252093395631442 66.050000000000011 27.750000000000004 -0.98296291314453399 -0.60785761079279388 -0.98296291314453399 28.850000000000005 60.20000000000001 59.250000000000007 25.350000000000005 29.750000000000004 24.050000000000004 -0.9159756150367534 24.950000000000003
decision_type=2 2 2 2 2 2 2 2 2 2 2 2 2 2 2
left_child=1 2 3 -1 -5 -4 -3 8 -8 -6 -10 -9 -2 -13 -14
right_child=12 6 5 4 9 -7 7 11 10 -11 -12 13 14 -15 -16
leaf_value=0.083734212670860328 -0.078042351628177076 0.031060808997353459 0.028710224837871445 0.070601108972719193 0.0013232678791095882 -0.057000690235088025 0.052099999838130184 -0.082825668145005235 0.0035989488623628871 -0.085809310788591553 -0.03383140958483679 -0.077810760901575224 -0.07657603821432761 -0.077237596432871369 -0.076404025528664571
leaf_weight=5.1888736467808467 0.9473834522068495 4.1072181016206732 3.0767542384564877 2.113305374979972 1.0471865609288227 2.635603353381156 2.4602097980678108 0.78357863239943926 4.7117950730025751 1.1235988717526195 4.5362237822264433 0.73264068737626087 0.53193577565252759 0.9248053319752213 0.78846033662557602
leaf_count=27 19 14 22 7 23 24 14 16 24 24 46 18 20 28 33
internal_value=0.00497777 0.0105456 0.0281036 0.0515845 0.012645 -0.0108356 -0.00405864 -0.014253 -0.000711671 -0.0437766 -0.0147609 -0.0792034 -0.0771288 -0.077491 -0.0764733
internal_weight=35.7096 33.4418 15.1853 9.47296 4.28409 5.71236 18.2565 14.1493 11.7082 2.17079 9.24802 2.44102 2.26778 1.65745 1.3204
internal_count=359 287 127 81 54 46 160 146 84 47 70 62 72 46 53
is_linear=0
shrinkage=0.1


Tree=58
num_leaves=13
num_cat=0
split_feature=5 5 6 0 6 3 6 6 1 6 6 6
split_gain=9.84964 3.46244 2.34209 2.49216 2.3118 0.969347 1.77171 0.656369 0.212762 0.107801 0.311006 0.00741275
threshold=28.050000000000004 23.550000000000004 60.20000000000001 -0.3794095225512602 56.650000000000013 1.0000000180025095e-35 68.050000000000011 63.150000000000013 -0.70710678118654757 73.100000000000009 70.350000000000009 67.550000000000011
decision_type=2 2 2 2 2 2 2 2 2 2 2 2
left_child=1 -1 3 -2 -5 9 -7 -4 -9 10 11 -3
right_child=2 5 7 4 -6 6 -8 8 -10 -11 -12 -13
leaf_value=0.038191915454616782 0.088000122940498013 -0.082525817671988355 0.10020399502280618 0.044009245466665098 -0.044810759990471849 -0.092278423497250878 0.0035219212928876672 0.069079095874128318 0.032837444491628953 -0.09393660245286739 -0.040158417715087658 -0.08945303535294713
leaf_weight=3.9091727733612087 3.4951044693589219 4.2153491005301493 5.0351448655128461 5.0145412757992744 7.0507316291332245 3.3304397314786902 4.5923555567860603 3.4608617052435875 3.0451433956623077 4.3591721951961508 2.0076232179999352 2.4383091479539871
leaf_count=13 29 45 32 26 33 25 34 25 18 39 19 21
internal_value=-0.00273389 -0.0482027 0.0389615 0.0136441 -0.00789559 -0.0643287 -0.0367489 0.0730958 0.0521161 -0.0811107 -0.0746555 -0.0850644
internal_weight=51.9539 24.8524 27.1015 15.5604 12.0653 20.9432 7.9228 11.5411 6.50601 13.0205 8.66128 6.65366
internal_count=359 196 163 88 59 183 59 75 43 124 85 66
is_linear=0
shrinkage=0.1


Tree=59
num_leaves=7
num_cat=0
split_feature=6 5 9 5 5 5
split_gain=1.19182 1.47787 1.50856 0.886675 0.0129785 8.47322e-05
threshold=79.850000000000009 31.750000000000004 1.0000000180025095e-35 23.950000000000003 24.050000000000004 31.450000000000003
decision_type=2 2 2 2 2 2
left_child=1 2 3 -1 -5 -6
right_child=-2 -3 -4 4 5 -7
leaf_value=-0.0078672123175635572 0.069183929356774837 0.07822469480347799 0.078213440973098722 -0.092108534416903087 -0.075659330100502742 -0.077419577723266228
leaf_weight=3.5130106806755048 2.4150810819119224 1.6196824014186848 1.1859471127390859 0.58534014225006137 2.7112649357877676 0.30414070561528195
leaf_count=17 19 6 34 3 272 8
internal_value=0.0061867 -0.00915129 -0.0262027 -0.0436101 -0.078482 -0.0758369
internal_weight=12.3345 9.91939 8.2997 7.11376 3.60075 3.01541
internal_count=359 340 334 300 283 280
is_linear=0
shrinkage=0.1


Tree=60
num_leaves=13
num_cat=0
split_feature=5 0 1 5 6 6 2 0 1 5 1 5
split_gain=8.28008 1.56954 1.83559 2.09755 2.79407 1.51179 0.620475 0.28731 0.00329464 0.000193074 0.000126282 6.08105e-06
threshold=28.250000000000004 0.98296291314453421 0.60355339059327384 24.650000000000002 69.15000000000002 61.100000000000001 1.0000000180025095e-35 0.91597561503675362 -0.98296291314453399 31.150000000000002 -0.60355339059327384 30.750000000000004
decision_type=2 2 2 2 2 2 2 2 2 2 2 2
left_child=1 2 3 6 5 -5 -1 8 -2 10 11 -10
right_child=7 -3 -4 4 -6 -7 -8 -9 9 -11 -12 -13
leaf_value=-0.0086223339943521157 -0.083285852337717972 0.074891693258326258 0.070196374465559458 0.049746463191394585 0.083038935537630587 -0.022754188696078856 -0.056729342482063905 -0.034918489658820828 -0.078711138450499318 -0.080308298186345106 -0.07985426233926475 -0.078960084354815038
leaf_weight=5.5753067657351512 2.6966492980718604 4.6184739470481864 4.8098761066794387 4.1143876388669041 5.5794898718595496 9.5565729811787588 5.1646566540002823 1.6100353002548224 3.7681111432611933 1.3808356076478956 1.3803421556949595 1.3267017528414724
leaf_count=20 23 35 36 16 35 45 22 7 63 17 19 21
internal_value=-0.00213797 0.0201173 0.012848 0.00365048 0.0234041 -0.000934523 -0.0317561 -0.0742666 -0.08027 -0.0792348 -0.0790058 -0.078776
internal_weight=51.5814 39.4188 34.8003 29.9904 19.2505 13.671 10.74 12.1627 10.5526 7.85599 6.47516 5.09481
internal_count=359 209 174 138 96 61 42 150 143 120 103 84
is_linear=0
shrinkage=0.1


Tree=61
num_leaves=12
num_cat=0
split_feature=5 5 6 1 1 1 8 3 2 5 5
split_gain=1.66189 0.868902 1.52084 1.21363 1.20229 1.46487 1.59791 0.411139 0.00490735 0.00402087 1.54787e-05
threshold=23.550000000000004 24.650000000000002 69.15000000000002 -0.12940952255126037 0.1294095225512602 -0.12940952255126037 1.0000000180025095e-35 -0.22252093395631442 -0.60785761079279388 25.150000000000002 26.650000000000002
decision_type=2 2 2 2 2 2 2 2 2 2 2
left_child=-1 7 4 -4 5 6 -3 -2 -5 -10 -7
right_child=1 2 3 8 -6 10 -8 -9 9 -11 -12
leaf_value=-0.091733225112922423 0.075652981226131039 0.044210522634535586 0.018047625248021712 -0.093447905076320475 0.078494095622820281 -0.077816894566936565 -0.013705537112246336 0.019329588726735847 -0.090164804629620232 -0.080702175012056121 -0.078388828836914198
leaf_weight=1.6788320839405049 2.6258879359811544 9.1513353418558925 1.7000039275735614 1.111274441704154 2.5466275401413432 0.9894215185195232 9.9361750967800599 2.5590405818074933 0.8237567674368611 0.98720082454383373 0.90695205144584179
leaf_count=13 22 40 14 13 14 24 131 24 12 33 19
internal_value=0.00534661 0.0102354 0.00330706 -0.0491339 0.0136083 0.00573374 0.0140618 0.0478544 -0.0882166 -0.0850065 -0.0780904
internal_weight=35.0165 33.3377 28.1527 4.62224 23.5305 20.9839 19.0875 5.18493 2.92223 1.81096 1.89637
internal_count=359 346 300 72 228 214 171 46 58 45 43
is_linear=0
shrinkage=0.1


Tree=62
num_leaves=13
num_cat=0
split_feature=5 5 0 6 6 6 1 5 0 0 3 0
split_gain=8.13716 3.52504 1.79213 2.3717 1.99112 1.06844 0.00325925 0.00186283 0.00127409 0.00188053 4.63879e-05 2.09448e-05
threshold=27.950000000000003 24.050000000000004 -0.3794095225512602 60.20000000000001 56.650000000000013 63.150000000000013 -0.12940952255126037 30.250000000000004 -0.91597561503675329 -0.98296291314453399 1.0000000180025095e-35 -0.78656609248549303
decision_type=2 2 2 2 2 2 2 2 2 2 2 2
left_child=1 -1 7 4 -4 -5 -3 -2 9 -8 11 -10
right_child=2 6 3 5 -6 -7 8 -9 10 -11 -12 -13
leaf_value=-0.0015335188155227296 0.085455899270194605 -0.084074234969087031 0.041141619781359648 0.098737018587553155 -0.042351951583116214 0.030540791712907883 -0.079005877085860279 0.089315426608217688 -0.07933402619087046 -0.083080913157720704 -0.079624056560247125 -0.078833708374604489
leaf_weight=9.7675364166498202 3.177399396896365 2.7790088057518014 4.8347822800278681 3.946522079408167 6.9794169515371323 5.4977326542139053 1.9087685197591779 2.0621963664889336 1.2261646501719941 2.7843664959073058 1.6652301549911497 2.6345002651214586
leaf_count=33 32 22 26 24 33 33 30 18 18 24 23 43
internal_value=-0.00307944 -0.0469265 0.0345914 0.0216804 -0.00818347 0.0590383 -0.0810377 0.0869749 -0.0802119 -0.0814235 -0.0791829 -0.0789926
internal_weight=49.2636 22.7656 26.498 21.2585 11.8142 9.44425 12.998 5.2396 10.219 4.69314 5.5259 3.86066
internal_count=359 193 166 116 59 57 160 50 138 54 84 61
is_linear=0
shrinkage=0.1


Tree=63
num_leaves=12
num_cat=0
split_feature=0 6 5 9 2 2 6 1 0 2 5
split_gain=1.06194 1.09748 1.10732 0.94591 0.950335 1.00648 0.00688504 0.00204789 2.80872e-06 1.74871e-06 1.81485e-06
threshold=0.37940952255126054 79.850000000000009 32.20000000000001 1.0000000180025095e-35 0.6078576107927941 -1.0000000180025095e-35 76.750000000000014 0.37940952255126026 0.98296291314453421 -1.0000000180025095e-35 28.250000000000004
decision_type=2 2 2 2 2 2 2 2 2 2 2
left_child=1 2 3 4 5 -1 8 -6 9 10 -2
right_child=6 -3 -4 -5 7 -7 -8 -9 -10 -11 -12
leaf_value=-0.031304138131043442 -0.075839608824473395 0.07824355337342484 0.10473486803971394 0.067462217701299329 -0.085681752711264159 0.074635641287749188 -0.094795219837948794 -0.092449283084102898 -0.075416195624444196 -0.075949239302853175 -0.075417482219755194
leaf_weight=3.4138719630427632 0.2400273187085985 2.2682969113811842 0.9046078324317931 1.2488225968554614 1.0606398899108169 1.2162820012308664 0.22956857038661826 0.77304217219352711 0.23748656455427408 0.42203961452469307 0.17691978625953197
leaf_count=111 17 18 3 34 33 33 2 17 33 33 25
internal_value=0.00613246 0.0163553 6.46739e-05 -0.012212 -0.0276051 -0.00347512 -0.0790728 -0.0885348 -0.0757198 -0.0758057 -0.0756605
internal_weight=12.1916 10.8856 8.61727 7.71266 6.46384 4.63015 1.30604 1.83368 1.07647 0.838987 0.416947
internal_count=359 249 231 228 194 144 110 50 108 75 42
is_linear=0
shrinkage=0.1


Tree=64
num_leaves=13
num_cat=0
split_feature=1 0 1 5 6 6 5 1 5 5 0 5
split_gain=7.30695 1.43471 1.70258 1.63448 1.53086 1.67208 0.512803 0.00236264 0.000142891 0.000151029 5.85749e-05 1.05163e-05
threshold=-0.37940952255126015 0.98296291314453421 0.60355339059327384 24.050000000000004 69.15000000000002 61.100000000000001 24.850000000000005 -0.98296291314453399 28.950000000000003 31.150000000000002 0.60355339059327384 30.350000000000005
decision_type=2 2 2 2 2 2 2 2 2 2 2 2
left_child=7 2 3 -2 5 -5 -6 -1 -9 10 11 -10
right_child=1 -3 -4 4 6 -7 -8 8 9 -11 -12 -13
leaf_value=-0.082537277118392205 -0.040319184170478736 0.072166726198910763 0.067444445315250193 0.046514136459358174 0.020907652631555893 -0.023936370970562199 0.07358787816070203 -0.079948870121385379 -0.078116524698333467 -0.079745485750440714 -0.07912926430432822 -0.078461479669043308
leaf_weight=2.4968090057373047 7.0630161017179516 4.2009569928050032 4.5498702824115744 4.7975776419043603 3.1804845109581938 11.313107676804064 4.4098347425460815 1.2326813042163829 1.5803074985742571 1.2473777942359445 1.1513569839298723 2.0051092989742756
leaf_count=23 25 35 36 18 15 55 31 19 31 17 18 36
internal_value=-0.00218079 0.0169209 0.0103488 0.00190457 0.0144875 -0.00295702 0.0515139 -0.0798858 -0.0789685 -0.0787665 -0.0785087 -0.0783094
internal_weight=49.2285 39.5148 35.3139 30.764 23.701 16.1107 7.59032 9.71364 7.21683 5.98415 4.73677 3.58542
internal_count=359 215 180 144 119 73 46 144 121 102 85 67
is_linear=0
shrinkage=0.1


Tree=65
num_leaves=9
num_cat=0
split_feature=5 6 5 6 1 1 8 0
split_gain=1.5281 0.676785 1.0662 0.716874 1.38042 0.918044 0.914967 0.262566
threshold=23.550000000000004 75.250000000000014 24.650000000000002 69.15000000000002 -0.12940952255126037 0.1294095225512602 1.0000000180025095e-35 -0.91597561503675329
decision_type=2 2 2 2 2 2 2 2
left_child=-1 2 -2 5 -5 6 -4 -3
right_child=1 7 3 4 -6 -7 -8 -9
leaf_value=-0.090542319503668992 0.061876235614516974 -0.0099405985963941911 0.026705539344188289 0.039779338494127708 -0.088203198061865662 0.068662222869981873 -0.015359008656903936 -0.080538990982333178
leaf_weight=1.5831496044993389 4.0106519777327803 1.0673886667937043 10.429656092077504 1.4286449886858466 2.0550998095422974 2.6218214984983197 10.255728913471099 1.0401776507496823
leaf_count=13 28 6 65 12 37 14 149 35
internal_value=0.00542244 0.010039 0.0137902 0.00659163 -0.035719 0.0129158 0.00585011 -0.044784
internal_weight=34.4923 32.9092 30.8016 26.791 3.48374 23.3072 20.6854 2.10757
internal_count=359 346 305 277 49 228 214 41
is_linear=0
shrinkage=0.1


Tree=66
num_leaves=11
num_cat=0
split_feature=1 1 5 6 5 5 5 1 0 0
split_gain=6.81533 2.29672 2.21702 1.72164 1.64009 1.16588 0.00905484 0.00238894 0.00104215 0.000870617
threshold=-0.37940952255126015 -0.9159756150367534 23.550000000000004 59.45000000000001 27.950000000000003 24.050000000000004 30.850000000000005 -0.12940952255126037 -0.91597561503675329 0.37940952255126054
decision_type=2 2 2 2 2 2 2 2 2 2
left_child=1 3 -2 -1 5 -4 9 -7 -9 -3
right_child=2 6 4 -5 -6 7 -8 8 -10 -11
leaf_value=-0.01846226712523211 0.033829477813814707 0.079982335310130548 -0.025598123599691061 0.060783675508179119 -0.0018654052303538463 -0.083150765758179146 0.089493484527171305 -0.080825654309843564 -0.078695420728162657 0.082372910725124038
leaf_weight=6.8448536172509211 3.9708079397678402 2.6351730078458768 5.7791845947504106 4.5731143951416016 6.0121072158217421 2.5481885895133081 1.7552877217531202 4.314470320940023 4.910208001732812 3.6109971925616264
leaf_count=29 13 35 20 31 22 22 14 54 84 35
internal_value=-0.00329967 0.0420662 -0.0352946 0.0132772 -0.0469427 -0.0623831 0.0831477 -0.0804404 -0.0796918 0.0813644
internal_weight=46.9544 19.4194 27.535 11.418 23.5642 17.5521 8.00146 11.7729 9.22468 6.24617
internal_count=359 144 215 60 202 180 84 160 138 70
is_linear=0
shrinkage=0.1


Tree=67
num_leaves=11
num_cat=0
split_feature=0 6 5 5 6 5 5 0 2 5
split_gain=0.949749 0.952716 1.01187 1.00716 0.00482626 0.00014413 1.70937e-05 2.20228e-06 1.32572e-06 1.33017e-06
threshold=0.37940952255126054 79.850000000000009 31.750000000000004 24.050000000000004 75.850000000000009 31.550000000000004 31.350000000000005 0.98296291314453421 -1.0000000180025095e-35 28.250000000000004
decision_type=2 2 2 2 2 2 2 2 2 2
left_child=1 2 3 -1 7 6 -5 8 9 -2
right_child=4 -3 -4 5 -6 -7 -8 -9 -10 -11
leaf_value=0.007891984913011664 -0.075763810428770728 0.072165582654554458 0.070309318816714747 -0.075592820317854081 -0.092078615197934033 -0.078546776812219249 -0.076554814746744471 -0.075362624650572987 -0.075865279083287648 -0.07538602714372386
leaf_weight=4.8618969917297346 0.2179519752971828 2.3316562846302977 1.6531194299459455 1.6236982271075251 0.219607122708112 0.19731295853853215 0.20841991994529951 0.20082727400586009 0.38580090366303987 0.16283241286873817
leaf_count=23 17 18 6 189 3 4 9 32 33 25
internal_value=0.0062387 0.0155084 4.75098e-05 -0.0168072 -0.0786954 -0.0759788 -0.0757023 -0.0756574 -0.0757346 -0.0756023
internal_weight=12.0631 10.8761 8.54445 6.89133 1.18702 2.02943 1.83212 0.967413 0.766585 0.380784
internal_count=359 249 231 225 110 202 198 107 75 42
is_linear=0
shrinkage=0.1


Tree=68
num_leaves=13
num_cat=0
split_feature=1 0 1 5 6 6 2 1 5 5 0 0
split_gain=6.32509 1.28527 1.49525 1.369 2.08269 1.44068 0.633341 0.00201939 8.79576e-05 0.000122661 3.11308e-05 1.04716e-05
threshold=-0.37940952255126015 0.98296291314453421 0.60355339059327384 24.650000000000002 69.15000000000002 61.100000000000001 1.0000000180025095e-35 -0.98296291314453399 31.150000000000002 28.950000000000003 0.60355339059327384 -0.3794095225512602
decision_type=2 2 2 2 2 2 2 2 2 2 2 2
left_child=7 2 3 6 5 -5 -2 -1 9 -9 11 -11
right_child=1 -3 -4 4 -6 -7 -8 8 -10 10 -12 -13
leaf_value=-0.081904235827266747 -0.0044295732597537489 0.069634749197735851 0.064230094111618771 0.043088825778307777 0.073643208970570709 -0.023456980759125428 -0.053592888473345014 -0.079238670693730029 -0.079259899864857902 -0.07764956307000781 -0.078525430605164759 -0.078025961536826838
leaf_weight=2.3226255401968956 5.4728763923048991 3.8972001373767844 4.298472471535205 4.8175989910960224 4.8486084416508666 10.019461356103418 5.0273310020565987 1.0717862695455531 1.1249605529010294 1.1845516189932821 0.99757098779082287 1.9655944816768172
leaf_count=23 20 35 36 18 34 50 22 19 17 27 18 40
internal_value=-0.00222282 0.0152007 0.00904889 0.00119108 0.0167444 -0.00184953 -0.0279682 -0.0793814 -0.0784579 -0.078285 -0.0780386 -0.0778844
internal_weight=47.0486 38.3815 34.4843 30.1859 19.6857 14.8371 10.5002 8.66709 6.34446 5.2195 4.14772 3.15015
internal_count=359 215 180 144 102 68 42 144 121 104 85 67
is_linear=0
shrinkage=0.1


Tree=69
num_leaves=14
num_cat=0
split_feature=1 3 5 6 6 5 5 1 5 5 1 5 6
split_gain=1.36268 0.596434 0.954207 2.53862 0.938719 0.734727 0.821613 2.04426 0.414893 0.324894 0.00170285 0.000117543 7.22016e-06
threshold=0.37940952255126026 -0.22252093395631442 27.750000000000004 59.45000000000001 68.050000000000011 28.350000000000005 29.050000000000004 -0.98296291314453399 25.350000000000005 27.150000000000002 -0.78656609248549325 24.050000000000004 73.500000000000014
decision_type=2 2 2 2 2 2 2 2 2 2 2 2 2
left_child=1 2 4 -4 -1 8 -7 -8 -3 -10 -9 -2 -13
right_child=11 5 3 -5 -6 6 7 10 9 -11 -12 12 -14
leaf_value=0.069524941391743963 -0.077840808290443347 0.0030229237665512945 0.052221267509762283 -0.088339340585631032 0.0049841413817815908 0.086864290604943994 0.048011834286633435 -0.077167399320211286 -0.015605932018367609 -0.063725510373436461 -0.083333981757307593 -0.076524077386872641 -0.075994748220101285
leaf_weight=5.7466251365840417 0.85870601981878181 4.6211517769843358 2.9485350977629414 2.2773035522550344 3.7074175728484988 1.5533120483160008 3.6991859972476937 1.1848711557686304 3.1047111889347434 2.5601646509021521 0.71986677311361269 0.51034322567284085 0.52051196899265051
leaf_count=33 19 24 30 39 25 19 13 40 29 18 17 22 31
internal_value=0.00555203 0.0104066 0.0252599 -0.0090319 0.0442152 -0.00209371 0.02251 0.00467207 -0.0192135 -0.0373529 -0.079498 -0.0769766 -0.0762568
internal_weight=34.0127 32.1231 14.6799 5.22584 9.45404 17.4433 7.15724 5.60392 10.286 5.66488 1.90474 1.88956 1.03086
internal_count=359 287 127 69 58 160 89 70 71 47 57 72 53
is_linear=0
shrinkage=0.1


Tree=70
num_leaves=14
num_cat=0
split_feature=5 5 6 6 2 6 6 6 5 1 0 0 0
split_gain=5.67643 2.88424 1.84475 1.92258 1.3526 0.700743 0.609442 0.186652 0.155654 0.00145236 0.000841677 0.000955327 5.091e-05
threshold=28.050000000000004 24.050000000000004 60.20000000000001 56.650000000000013 -0.60785761079279388 68.050000000000011 52.850000000000009 63.150000000000013 27.450000000000003 -0.12940952255126037 -0.91597561503675329 -0.98296291314453399 -0.78656609248549303
decision_type=2 2 2 2 2 2 2 2 2 2 2 2 2
left_child=1 -1 3 6 -5 7 -2 -4 9 -3 11 -11 -12
right_child=2 8 5 4 -6 -7 -8 -9 -10 10 12 -13 -14
leaf_value=-0.0012080486605765338 0.017408302603707997 -0.08232510429629053 0.091989291788256267 0.021732232237397401 -0.061789580045537446 0.011122507718503689 0.081122262290099181 0.06063989276292811 -0.044574177077827001 -0.078388666540895921 -0.078749750790436723 -0.081583952705592419 -0.078008237100716277
leaf_weight=9.7178966999053973 2.9770772494375723 1.904237538576125 4.1367368772625905 3.4256738051772118 4.4677413031458855 2.0006659924983978 3.0285085774958134 3.5112841092050076 1.4316923655569542 1.5583122223615649 1.400032050907609 2.3418724462389919 2.7340356782078779
leaf_count=33 20 18 32 25 21 15 22 28 12 29 24 24 56
internal_value=-0.00352768 -0.0412112 0.0302197 0.00689927 -0.0255418 0.063813 0.0495381 0.0775965 -0.0754012 -0.079842 -0.0792535 -0.0803073 -0.0782594
internal_weight=44.6358 21.0881 23.5477 13.899 7.89342 9.64869 6.00559 7.64802 11.3702 9.93849 8.03425 3.90018 4.13407
internal_count=359 196 163 88 46 75 42 60 163 151 133 53 80
is_linear=0
shrinkage=0.1


Tree=71
num_leaves=14
num_cat=0
split_feature=6 5 6 6 5 5 2 2 5 5 5 0 1
split_gain=0.860792 1.6373 1.61683 4.04607 2.0211 1.07469 1.1004 0.764037 0.013944 0.0128568 0.000105892 4.58818e-07 6.43856e-07
threshold=71.750000000000014 23.350000000000005 66.050000000000011 65.350000000000009 31.750000000000004 23.550000000000004 1.0000000180025095e-35 -0.60785761079279388 24.250000000000004 24.050000000000004 31.550000000000004 -0.91597561503675329 1.0000000180025095e-35
decision_type=2 2 2 2 2 2 2 2 2 2 2 2 2
left_child=2 -2 3 4 8 -3 7 -7 -1 -4 -10 -11 -13
right_child=1 5 9 -5 -6 6 -8 -9 10 11 -12 12 -14
leaf_value=-0.093727434832353171 0.13545893588781421 -0.094237875541153732 -0.09268570055984629 0.27227398712070255 0.064261802911914495 0.046731017023683603 0.091431838885050409 -0.093652687609982244 -0.075641128579897077 -0.075697923490479754 -0.078023600012848832 -0.07563259021274174 -0.075372350286394232
leaf_weight=0.6039498448371895 1.2669334411621092 0.85737857222557101 1.5886122584342959 0.54451647214591492 1.6819708645343778 0.73448445042595278 1.5631589815020559 0.82108377059921633 1.4248916506767271 0.2222931212745608 0.21466058120131482 0.21501364791765787 0.17042292701080441
leaf_count=3 5 4 8 13 6 20 29 22 170 22 5 24 28
internal_value=0.00614654 0.0364615 -0.017696 0.0168252 -0.018609 0.00491724 0.0321763 -0.0273685 -0.0807379 -0.0879535 -0.0759531 -0.0755835 -0.0755175
internal_weight=11.9094 5.24304 6.66633 4.46999 3.92547 3.97611 3.11873 1.55557 2.2435 2.19634 1.63955 0.60773 0.385437
internal_count=359 80 279 197 184 75 71 42 178 82 175 74 52
is_linear=0
shrinkage=0.1


Tree=72
num_leaves=13
num_cat=0
split_feature=1 0 1 5 6 6 5 1 5 5 0 5
split_gain=5.53436 1.17197 1.26589 1.16344 1.08405 1.15459 0.546718 0.00143703 8.61325e-05 0.000104713 2.51056e-05 1.07615e-05
threshold=-0.37940952255126015 0.98296291314453421 0.60355339059327384 24.050000000000004 69.350000000000009 61.100000000000001 24.850000000000005 -0.98296291314453399 28.850000000000005 31.150000000000002 0.60355339059327384 30.350000000000005
decision_type=2 2 2 2 2 2 2 2 2 2 2 2
left_child=7 2 3 -2 5 -5 -6 -1 -9 10 11 -10
right_child=1 -3 -4 4 6 -7 -8 8 9 -11 -12 -13
leaf_value=-0.08116958329667269 -0.03562119697729673 0.067442044491244454 0.059861576370422123 0.038977306179683958 0.015299865772829435 -0.019136801294480203 0.074149829555911401 -0.07904686292094476 -0.077362605086036276 -0.07885345811755734 -0.078175158678287449 -0.077746768919772391
leaf_weight=2.1086085066199303 6.8368782848119762 3.6457184776663771 4.0978674329817286 4.8363528400659623 2.9726461619138709 11.663188897073267 3.3661651350557804 0.84452043473720451 1.33662547916174 1.0200983099639414 0.9023655280470847 1.6045321039855478
leaf_count=23 25 35 36 18 14 58 29 16 34 17 18 36
internal_value=-0.00240981 0.013577 0.00776241 0.000568007 0.0114016 -0.00210237 0.0465516 -0.0789387 -0.0781147 -0.0779528 -0.0777137 -0.0775722
internal_weight=45.2356 37.4188 33.7731 29.6752 22.8384 16.4995 6.33881 7.81675 5.70814 4.86362 3.84352 2.94116
internal_count=359 215 180 144 119 76 43 144 121 105 88 70
is_linear=0
shrinkage=0.1


Tree=73
num_leaves=9
num_cat=0
split_feature=5 6 6 6 3 5 5 5
split_gain=1.386 0.521851 0.782 1.39465 1.51706 0.818006 0.743687 0.59262
threshold=23.550000000000004 75.250000000000014 70.350000000000009 68.050000000000011 -0.56174490092936669 24.750000000000004 26.250000000000004 27.050000000000004
decision_type=2 2 2 2 2 2 2 2
left_child=-1 2 3 4 6 -4 -2 -6
right_child=1 -3 5 -5 7 -7 -8 -9
leaf_value=-0.089492120916817255 0.093609521261697665 -0.040772171102934095 0.10133285664366749 -0.059413723325660084 -0.035391582865175068 0.0091195624090650608 0.026557739709613316 0.0092616701412694055
leaf_weight=1.4622664414346207 2.8720562569797137 1.8989122631028283 1.9302637241780751 2.8138981796801081 3.8774026911705795 1.9177279127761719 3.9006915055215359 12.730357762426136
leaf_count=13 13 41 14 34 33 35 29 147
internal_value=0.00571023 0.0100686 0.0132821 0.00709839 0.0151033 0.0553764 0.0549918 -0.00116349
internal_weight=33.4036 31.9413 30.0424 26.1944 23.3805 3.84799 6.77275 16.6078
internal_count=359 346 305 256 222 49 42 180
is_linear=0
shrinkage=0.1


Tree=74
num_leaves=13
num_cat=0
split_feature=5 5 0 6 6 6 1 5 0 0 0 3
split_gain=4.78405 3.00564 1.69947 1.7675 1.55672 0.943223 0.0014576 0.000953976 0.000702135 0.000710477 6.6159e-05 3.55377e-06
threshold=27.950000000000003 24.050000000000004 -0.3794095225512602 60.20000000000001 56.650000000000013 63.150000000000013 -0.12940952255126037 29.150000000000002 -0.91597561503675329 -0.98296291314453399 -0.78656609248549303 -0.56174490092936669
decision_type=2 2 2 2 2 2 2 2 2 2 2 2
left_child=1 -1 7 4 -4 -5 -3 -2 9 -8 -10 -12
right_child=2 6 3 5 -6 -7 8 -9 10 -11 11 -13
leaf_value=-0.0008085899012718194 0.087735079872685556 -0.081802393523799255 0.034491544167933201 0.090541523549183531 -0.042290886985807963 0.021545135741840884 -0.078191446433680839 0.084595048468649875 -0.078512543367371859 -0.081023323079792653 -0.077482767781732825 -0.077726125947198937
leaf_weight=9.6805314570665377 1.595564860850575 2.1767749711871147 4.3977912142872828 3.3487628661096078 6.6081051230430603 4.8522907085716724 1.5042930059134962 2.4581471271812916 1.2961673364043238 2.1552306339144707 0.94392065703868899 1.6472295671701411
leaf_count=33 18 22 26 24 33 33 30 32 24 24 23 37
internal_value=-0.00359013 -0.040253 0.0269942 0.0145765 -0.0116098 0.0497187 -0.0795227 0.085831 -0.0788651 -0.0798592 -0.0779293 -0.0776375
internal_weight=42.6648 19.4041 23.2607 19.2069 11.0059 8.20105 9.72362 4.05371 7.54684 3.65952 3.88732 2.59115
internal_count=359 193 166 116 59 57 160 50 138 54 84 60
is_linear=0
shrinkage=0.1


Tree=75
num_leaves=7
num_cat=0
split_feature=6 5 5 5 5 1
split_gain=0.808166 0.954549 1.05918 7.53847e-05 1.87661e-06 1.50207e-06
threshold=79.850000000000009 31.750000000000004 24.050000000000004 31.450000000000003 24.850000000000005 -0.98296291314453399
decision_type=2 2 2 2 2 2
left_child=1 2 -1 4 -4 -6
right_child=-2 -3 3 -5 5 -7
leaf_value=0.0037423260273707955 0.055857363549318688 0.0598215463023134 -0.075760316746088074 -0.077150115333825556 -0.075726036586690415 -0.075456088020288178
leaf_weight=4.9671199917793256 2.5530000710859904 1.7042834311723707 0.29513060953468162 0.32823206949979056 0.23509206995367948 1.6727761588990691
leaf_count=23 19 6 28 11 19 253
internal_value=0.00607702 -0.00773307 -0.0230874 -0.0757363 -0.0755257 -0.0754894
internal_weight=11.7556 9.20263 7.49835 2.53123 2.203 1.90787
internal_count=359 340 334 311 300 272
is_linear=0
shrinkage=0.1


Tree=76
num_leaves=13
num_cat=0
split_feature=5 0 1 5 2 3 2 2 0 1 5 1
split_gain=4.89998 0.998111 1.0481 1.12623 1.89809 0.948316 0.624271 0.592611 0.0277782 0.00103128 7.48222e-05 4.49826e-05
threshold=28.250000000000004 0.98296291314453421 0.60355339059327384 24.650000000000002 -0.60785761079279388 -0.22252093395631442 0.87837969732492682 1.0000000180025095e-35 0.91597561503675362 -0.98296291314453399 31.150000000000002 -0.60355339059327384
decision_type=2 2 2 2 2 2 2 2 2 2 2 2
left_child=1 2 3 7 -5 -6 8 -1 9 -2 11 -11
right_child=6 -3 -4 4 5 -7 -8 -9 -10 10 -12 -13
leaf_value=-0.0017903562439347766 -0.080539789388367589 0.065494297109361096 0.056883215957667072 -0.026679732281152585 0.012171804722723806 0.070664691733494378 -0.0012565836329700751 -0.050030099026625266 -0.095722078579213402 -0.077306271990643896 -0.0785477477173466 -0.078135637128663005
leaf_weight=5.3541183173656517 1.7488146983087052 3.4044505320489398 3.9206779673695555 6.3115244247019318 5.4329614713788059 5.6584453023970083 1.1308260653167961 4.8565123155713081 1.0961015522480009 2.8942802045494314 0.82133665680885304 0.84485835582017887
leaf_count=20 21 35 36 33 32 31 14 22 5 77 15 18
internal_value=-0.00254027 0.014054 0.00850043 0.00163086 0.0171001 0.0420128 -0.0704604 -0.0247348 -0.081028 -0.0784752 -0.0776835 -0.0774937
internal_weight=43.4749 34.9387 31.5342 27.6136 17.4029 11.0914 8.53622 10.2106 7.40539 6.30929 4.56048 3.73914
internal_count=359 209 174 138 96 63 150 42 136 131 110 95
is_linear=0
shrinkage=0.1


Tree=77
num_leaves=14
num_cat=0
split_feature=6 3 1 5 6 6 3 5 6 8 0 6 5
split_gain=0.750474 0.557194 0.367845 2.30266 0.766961 1.03994 1.01029 1.24635 0.734876 0.00275169 8.91427e-05 5.27314e-05 3.97073e-06
threshold=75.250000000000014 -0.22252093395631442 -0.98296291314453399 28.850000000000005 68.050000000000011 70.350000000000009 -0.56174490092936669 27.050000000000004 71.450000000000017 1.0000000180025095e-35 0.12940952255126059 59.250000000000007 30.750000000000004
decision_type=2 2 2 2 2 2 2 2 2 2 2 2 2
left_child=2 -2 -1 4 6 -6 -4 -8 -7 -5 12 -12 -11
right_child=1 -3 3 9 5 8 7 -9 -10 10 11 -13 -14
leaf_value=0.030823811883654254 0.0073392626149826543 -0.090772193699217268 0.064531517658471732 -0.08455132531499536 -0.058806139305036968 0.06975401130265306 -0.034030801558586392 0.04107965317260371 -0.015471962086060893 -0.075895331950068062 -0.077878446496381301 -0.076686901224997772 -0.076326755918468353
leaf_weight=6.5762164443731335 1.0146747371181848 1.3476678682491172 5.1274215597659412 0.58686600252985988 2.7833234267309299 1.7390090292319653 3.8610899019986373 5.1638197898864746 2.4192353496327996 0.4687041006982321 0.86400323547422864 0.65143420267850161 0.39155516680330038
leaf_count=23 23 26 28 10 30 17 34 40 32 31 20 26 19
internal_value=0.00567679 -0.0486313 0.00986495 0.00413551 0.0157301 -0.0114965 0.0290844 0.00894546 0.0201702 -0.0784195 -0.0769047 -0.0773662 -0.0760917
internal_weight=32.995 2.36234 30.6327 24.0565 21.0939 6.94157 14.1523 9.02491 4.15824 2.96256 2.3757 1.51544 0.860259
internal_count=359 49 310 287 181 79 102 74 49 106 96 46 50
is_linear=0
shrinkage=0.1


Tree=78
num_leaves=14
num_cat=0
split_feature=5 5 6 6 3 2 6 5 1 1 0 0 0
split_gain=4.06361 2.58342 1.40978 1.50707 1.29875 1.04372 0.524112 0.173617 0.152125 0.00087316 0.000581787 0.000532641 7.09291e-05
threshold=28.050000000000004 24.050000000000004 60.20000000000001 56.650000000000013 1.0000000180025095e-35 -0.60785761079279388 63.150000000000013 27.650000000000002 -0.70710678118654757 -0.12940952255126037 -0.91597561503675329 -0.98296291314453399 -0.78656609248549303
decision_type=2 2 2 2 2 2 2 2 2 2 2 2 2
left_child=1 -1 3 4 -2 -5 -4 9 -8 -3 11 -11 -12
right_child=2 7 6 5 -6 -7 8 -9 -10 10 12 -13 -14
leaf_value=-0.00069384039978570339 -0.0077502392316069245 -0.081080328440786942 0.086205784847897218 0.019266847043685534 0.089357522334045383 -0.055875803826668638 0.053877727747884546 -0.037380690248396464 0.018997155251631218 -0.077933460727394821 -0.078241886030933391 -0.08051991242086709 -0.077281059039074798
leaf_weight=9.6571147739887255 2.540578596293928 1.7024985030293454 3.6423813179135305 3.2290210500359535 3.0078568048775196 4.3234451375901699 2.4865048266947269 1.1346746273338784 2.5150880217552185 1.3280294500291348 1.1844587065279468 1.9882272779941541 2.1867630742490318
leaf_count=33 19 19 32 25 23 21 25 9 18 29 24 24 58
internal_value=-0.0035906 -0.0371402 0.0260044 0.00532189 0.0448928 -0.0237489 0.0573511 -0.0740934 0.0363378 -0.0790585 -0.0785437 -0.0794841 -0.0776186
internal_weight=40.9266 19.1818 21.7449 13.1009 5.54844 7.55247 8.64397 9.52465 5.00159 8.38998 6.68748 3.31626 3.37122
internal_count=359 196 163 88 42 46 75 163 43 154 135 53 82
is_linear=0
shrinkage=0.1


Tree=79
num_leaves=10
num_cat=0
split_feature=6 5 0 9 2 5 5 5 1
split_gain=0.722911 0.772126 1.12102 0.899703 1.30472 0.79023 0.0199906 5.22675e-05 1.31578e-06
threshold=82.600000000000009 31.750000000000004 -0.78656609248549303 1.0000000180025095e-35 0.6078576107927941 23.050000000000004 24.150000000000002 31.450000000000003 -0.98296291314453399
decision_type=2 2 2 2 2 2 2 2 2
left_child=1 2 3 4 5 -1 -4 8 -8
right_child=-2 -3 6 -5 -6 -7 7 -9 -10
leaf_value=0.095247214008398917 0.064166515074698713 0.056219980839150432 -0.099436021585005877 0.089647461772539627 -0.089795350202277469 -0.0098694754777153473 -0.075672547722153177 -0.076919697570503306 -0.075403414777229949
leaf_weight=1.010928630828855 1.8064427366480238 1.7181148082017887 0.45474588871002319 1.0243740067817269 1.5396763917524365 2.4445322751998901 0.21712258923798566 0.29454638250172127 1.1120952344499548
leaf_count=4 12 6 2 17 32 64 19 11 192
internal_value=0.00602995 -0.00466879 -0.0175872 0.00427587 -0.0132316 0.0208834 -0.0809044 -0.0757145 -0.0754474
internal_weight=11.6226 9.81614 8.09802 6.01951 4.99514 3.45546 2.07851 1.62376 1.32922
internal_count=359 347 341 117 100 68 224 222 211
is_linear=0
shrinkage=0.1


Tree=80
num_leaves=15
num_cat=0
split_feature=1 1 1 1 2 5 5 6 1 5 5 6 6 6
split_gain=4.35884 0.763426 0.896385 2.57696 1.95471 1.19524 0.471843 0.14926 0.000789629 4.58956e-05 6.47853e-05 2.39043e-05 3.09756e-05 4.71592e-06
threshold=-0.37940952255126015 0.60355339059327384 0.1294095225512602 -0.12940952255126037 -1.0000000180025095e-35 24.650000000000002 27.050000000000004 69.750000000000014 -0.98296291314453399 28.950000000000003 31.150000000000002 60.20000000000001 57.100000000000009 63.650000000000013
decision_type=2 2 2 2 2 2 2 2 2 2 2 2 2 2
left_child=8 2 3 4 -2 -4 7 -5 -1 -10 11 12 -11 -13
right_child=1 -3 5 6 -6 -7 -8 -9 9 10 -12 13 -14 -15
leaf_value=-0.080097875675447058 -0.046559711145663457 0.053668268379567702 -0.032970687632020622 0.080074615442237179 0.03724581803293469 0.026023642682600729 0.033245758927483632 0.11985963017115445 -0.078317520375321512 -0.077115455385139059 -0.078249650731028422 -0.076736504587579385 -0.077963469760715887 -0.077117309374817741
leaf_weight=1.7717004418373106 5.7601736634969711 3.7648278586566439 9.5685925185680372 2.3824731595814259 5.3850671201944369 5.3569139428436747 1.7352717742323873 1.5607231147587297 0.78231735900044341 0.93609879724681444 0.85042131319642056 0.61089236289262749 0.79787302389740944 0.69541029259562492
leaf_count=23 22 36 39 31 19 33 17 18 19 27 17 21 17 20
internal_value=-0.00263912 0.0110911 0.00604224 0.0218687 -0.00606723 -0.011797 0.0766992 0.0958216 -0.0783002 -0.0776186 -0.0774781 -0.0772623 -0.0775057 -0.0769392
internal_weight=41.9588 35.514 31.7492 16.8237 11.1452 14.9255 5.67847 3.9432 6.44471 4.67301 3.8907 3.04027 1.73397 1.3063
internal_count=359 215 179 107 41 72 66 49 144 121 102 85 44 41
is_linear=0
shrinkage=0.1


Tree=81
num_leaves=11
num_cat=0
split_feature=6 6 6 6 3 2 5 6 8 1
split_gain=0.66106 0.557504 0.344878 1.01264 1.00749 0.932502 0.589642 0.580954 0.749913 0.667246
threshold=75.250000000000014 77.800000000000026 71.200000000000003 68.050000000000011 -0.56174490092936669 -0.60785761079279388 26.250000000000004 57.100000000000009 1.0000000180025095e-35 -0.98296291314453399
decision_type=2 2 2 2 2 2 2 2 2 2
left_child=2 -2 3 4 6 -5 -1 9 -9 -6
right_child=1 -3 -4 5 7 -7 -8 8 -10 -11
leaf_value=0.0807463479339353 -0.092451207407331218 0.0072894400561034139 0.039039574786314563 0.0074652882469871951 0.073186408945370443 -0.091948706404340344 0.020849518241903828 0.015818514167391572 -0.032797153112772003 -0.016095619699492025
leaf_weight=2.8471722118556562 1.2157254796475165 1.0396498739719389 3.5265722097828975 1.8874439215287568 2.0366313457489018 1.8866662252694357 3.8877686373889446 6.0369635242968913 6.6880125729367004 1.4211680414155186
leaf_count=13 20 29 39 19 7 29 29 41 92 41
internal_value=0.00575101 -0.0464742 0.00964888 0.00576573 0.0136699 -0.0422315 0.0461707 0.000143806 -0.00973298 0.0364912
internal_weight=32.4738 2.25538 30.2184 26.6918 22.9177 3.77411 6.73494 16.1828 12.725 3.4578
internal_count=359 49 310 271 223 48 42 181 133 48
is_linear=0
shrinkage=0.1


Tree=82
num_leaves=13
num_cat=0
split_feature=5 5 0 6 6 6 5 1 0 0 0 3
split_gain=3.39645 2.70164 1.603 1.38278 1.16858 0.843117 0.00103055 0.000822692 0.000490328 0.000423359 7.29046e-05 5.63127e-06
threshold=27.950000000000003 24.050000000000004 -0.3794095225512602 60.20000000000001 56.650000000000013 63.150000000000013 30.250000000000004 -0.12940952255126037 -0.91597561503675329 -0.98296291314453399 -0.78656609248549303 1.0000000180025095e-35
decision_type=2 2 2 2 2 2 2 2 2 2 2 2
left_child=1 -1 6 4 -4 -5 -2 -3 9 -9 -10 -12
right_child=2 7 3 5 -6 -7 -8 8 10 -11 11 -13
leaf_value=-0.00036474083599824254 0.084089059250140027 -0.080658055855987204 0.028971436510416483 0.084774331451677232 -0.03911497185512941 0.016520925501582573 0.087614184393566996 -0.077741927330324756 -0.078019006939017116 -0.080107493358288831 -0.076889998023497219 -0.077250023623905095
leaf_weight=9.6226660907268542 2.0494476072490246 1.8487883135676382 4.1592624746263045 3.0117672681808463 6.3990576565265656 4.5350428782403469 1.3930020332336424 1.2812136970460415 1.0974012892693279 1.8474824838340278 1.3630698453634971 0.63770464062690724
leaf_count=33 32 22 26 24 33 33 18 30 24 24 43 17
internal_value=-0.00369696 -0.036157 0.0229644 0.0110711 -0.0122935 0.0437594 0.0855155 -0.0788057 -0.0782557 -0.0791388 -0.077364 -0.0770047
internal_weight=39.2459 17.6983 21.5476 18.1051 10.5583 7.54681 3.44245 8.07566 6.22687 3.1287 3.09818 2.00077
internal_count=359 193 166 116 59 57 50 160 138 54 84 60
is_linear=0
shrinkage=0.1


Tree=83
num_leaves=9
num_cat=0
split_feature=6 6 6 3 6 5 1 5
split_gain=0.679124 0.974508 1.31614 1.14086 1.65002 1.39094 1.22708 0.00897774
threshold=79.850000000000009 75.250000000000014 73.750000000000014 1.0000000180025095e-35 56.650000000000013 31.750000000000004 -0.9159756150367534 24.050000000000004
decision_type=2 2 2 2 2 2 2 2
left_child=1 2 3 6 -5 -6 -1 -8
right_child=-2 -3 -4 4 5 -7 7 -9
leaf_value=0.075449726753640145 0.050953119990965572 -0.095240074364950356 0.12096012279776325 -0.11106178164235379 0.024365167159789574 0.19056541821058917 -0.092643433308587791 -0.080362002398724416
leaf_weight=0.57439497043378551 2.6011551404371867 1.1001658979803322 0.87355977878905822 0.71672071749344501 2.5835803118534391 0.6254570186138152 1.3407870978116987 1.0703746515791861
leaf_count=30 19 30 11 23 102 2 7 135
internal_value=0.00601312 -0.00714336 0.00530655 -0.00931155 0.0261197 0.0567584 -0.0559007 -0.0871914
internal_weight=11.4862 8.88504 7.78487 6.91131 3.92576 3.20904 2.98556 2.41116
internal_count=359 340 310 299 127 104 172 142
is_linear=0
shrinkage=0.1


Tree=84
num_leaves=14
num_cat=0
split_feature=1 1 1 1 2 5 5 6 1 0 2 6 6
split_gain=3.87307 0.68073 0.819776 2.27977 1.61121 0.973114 0.46103 0.158881 0.000608836 4.97552e-05 2.98798e-05 2.18721e-05 6.97719e-06
threshold=-0.37940952255126015 0.60355339059327384 0.1294095225512602 -0.12940952255126037 -1.0000000180025095e-35 24.650000000000002 27.050000000000004 70.15000000000002 -0.98296291314453399 -0.3794095225512602 1.0000000180025095e-35 60.20000000000001 58.100000000000009
decision_type=2 2 2 2 2 2 2 2 2 2 2 2 2
left_child=8 2 3 4 -2 -4 7 -5 -1 12 11 -11 -10
right_child=1 -3 5 6 -6 -7 -8 -9 9 10 -12 -13 -14
leaf_value=-0.079665022396903984 -0.042439596417070839 0.05104926526904572 -0.031026276368964018 0.079516241672837218 0.034038811636767488 0.022840869675388453 0.031421018250246929 0.12351304161190552 -0.077071244462956767 -0.077700750318804523 -0.078156272899420925 -0.077057384344715929 -0.076600733412317601
leaf_weight=1.6280155554413793 5.645929541438818 3.6299662590026847 9.4426069632172567 2.3216639868915112 5.3793311417102831 5.2007223367691031 1.6658568568527696 1.2696449644863603 0.7336391396820543 1.2383958697319029 0.75715338625013817 0.92169041745364655 0.55253193341195583
leaf_count=23 22 36 39 34 19 33 17 15 24 29 18 29 21
internal_value=-0.00263929 0.0100821 0.00527346 0.0207135 -0.00512504 -0.0118948 0.0749017 0.0950705 -0.0780232 -0.0773873 -0.0776157 -0.0774262 -0.0768691
internal_weight=40.3871 34.5557 30.9258 16.2824 11.0253 14.6433 5.25717 3.59131 5.83143 4.20341 2.91724 2.16009 1.28617
internal_count=359 215 179 107 41 72 66 49 144 121 76 58 45
is_linear=0
shrinkage=0.1


Tree=85
num_leaves=11
num_cat=0
split_feature=5 6 1 2 2 6 5 5 5 5
split_gain=0.59747 0.368664 1.38244 0.838748 0.864627 0.733504 0.802999 0.665967 1.39966 1.68113
threshold=23.650000000000002 66.450000000000017 0.1294095225512602 0.6078576107927941 -1.0000000180025095e-35 69.050000000000011 25.150000000000002 27.050000000000004 27.650000000000002 28.350000000000005
decision_type=2 2 2 2 2 2 2 2 2 2
left_child=-1 2 7 4 5 -3 -7 -2 -9 -10
right_child=1 3 -4 -5 -6 6 -8 8 9 -11
leaf_value=-0.045945229978422666 -0.035958467534214986 -0.054076603546422498 0.079923696240548472 0.039094408851517416 -0.087528075514900994 -0.031835320707554148 0.068381956246902589 0.090943025579261746 -0.070985078066097038 0.021172445071315146
leaf_weight=2.1067365352064362 3.1026890985667803 1.9348735446110366 2.9642646852880707 2.8144461242482066 1.7024869825690965 1.4414664879441264 1.7952945241704581 2.0809499118477097 2.494310099631547 9.5892652515321952
leaf_count=20 30 19 13 37 37 18 31 10 17 127
internal_value=0.00552751 0.00915182 0.0168334 -0.00688868 -0.0257154 -0.00536681 0.023751 0.00600267 0.0151941 0.00214915
internal_weight=32.0268 29.92 20.2315 9.68857 6.87412 5.17163 3.23676 17.2672 14.1645 12.0836
internal_count=359 339 197 142 105 68 49 184 154 144
is_linear=0
shrinkage=0.1


Tree=86
num_leaves=11
num_cat=0
split_feature=1 1 5 2 5 2 6 6 5 0
split_gain=2.86441 2.0752 1.58024 1.22757 1.59712 1.58978 0.525612 0.335889 0.00511961 0.000564623
threshold=-0.37940952255126015 -0.9159756150367534 23.550000000000004 0.87837969732492682 27.950000000000003 0.6078576107927941 72.15000000000002 58.550000000000004 30.850000000000005 0.37940952255126054
decision_type=2 2 2 2 2 2 2 2 2 2
left_child=1 7 -2 4 5 6 -4 -1 9 -3
right_child=2 8 3 -5 -6 -7 -8 -9 -10 -11
leaf_value=-0.01507334376563204 0.030828343487089977 0.077709458154491345 -0.087225922141773521 -0.10098659779012852 0.020584780395777474 0.026128932464247502 -0.037202977587116715 0.021746850144588353 0.086649802987936342 0.080165375856639506
leaf_weight=5.0286431945860368 3.9841627180576351 1.4946467764675611 5.4199227187782544 2.6945529505610457 4.7450882047414771 2.2602634690701953 3.4297278244048357 4.8837116546928883 1.2191788181662557 2.5050997361540794
leaf_count=23 13 35 84 35 19 19 45 37 14 35
internal_value=-0.00371402 0.0299392 -0.026312 -0.0385849 -0.0279797 -0.0487219 -0.0678393 0.00306757 0.0809768 0.0792476
internal_weight=37.665 15.1313 22.5337 18.5496 15.855 11.1099 8.84965 9.91235 5.21893 3.99975
internal_count=359 144 215 202 167 148 129 60 84 70
is_linear=0
shrinkage=0.1


Tree=87
num_leaves=9
num_cat=0
split_feature=6 6 6 6 6 1 5 5
split_gain=0.615225 0.908611 1.15189 1.53571 2.62272 1.61016 0.00788685 0.00158939
threshold=79.850000000000009 75.250000000000014 71.750000000000014 66.050000000000011 65.350000000000009 -0.9159756150367534 23.950000000000003 24.050000000000004
decision_type=2 2 2 2 2 2 2 2
left_child=1 2 3 4 5 -1 -5 -8
right_child=-2 -3 -4 6 -6 -7 7 -9
leaf_value=0.051588726790525452 0.048565968724035874 -0.094038735235123808 0.07940747484989405 -0.092119956601089237 0.20583508539352333 -0.085549953357183448 -0.087083339334180387 -0.075496997059903703
leaf_weight=1.7720668474212273 2.6249227067455658 1.047034786082804 1.6460609580390153 1.3361252099275587 0.64012694777920831 1.6564363350626079 0.15933713316917408 0.46078227600082755
leaf_count=53 19 30 31 7 13 131 1 74
internal_value=0.00612311 -0.00665615 0.00527102 -0.0149839 0.0200242 -0.014668 -0.0877943 -0.0784741
internal_weight=11.3429 8.71797 7.67094 6.02487 4.06863 3.4285 1.95624 0.620119
internal_count=359 340 310 279 197 184 82 75
is_linear=0
shrinkage=0.1


Tree=88
num_leaves=13
num_cat=0
split_feature=5 3 5 1 0 2 5 0 5 1 5 1
split_gain=3.44349 0.677869 0.737167 1.68885 1.20184 0.5874 0.505345 0.0249166 0.00274877 0.000424 4.55851e-05 1.58503e-05
threshold=28.250000000000004 0.81174490092936691 24.050000000000004 -0.12940952255126037 -0.91597561503675329 0.87837969732492682 24.750000000000004 0.91597561503675362 26.550000000000004 -0.98296291314453399 31.150000000000002 -0.60355339059327384
decision_type=2 2 2 2 2 2 2 2 2 2 2 2
left_child=1 2 -1 -4 6 7 -5 9 -6 -2 11 -11
right_child=5 -3 3 4 8 -7 -8 -9 -10 10 -12 -13
leaf_value=-0.019253325002419712 -0.079088558947500262 0.053618504499162702 -0.018774789309635588 -0.017254610781230934 0.078809858993912893 0.00031656749718803328 0.035309781731420055 -0.094687400762536997 0.084122418854787107 -0.076655546683797093 -0.077742391404058642 -0.077240410915750138
leaf_weight=8.2701855003833789 1.3274164646863931 3.3306790813803664 8.3170211017131823 2.9100305065512657 3.1189671643078309 1.0621509477496145 4.9232175257056952 1.0455592572689054 1.41614568606019 2.0455292332917452 0.61732798628509034 0.5990780591964725
leaf_count=30 21 21 31 11 59 14 39 5 18 77 15 18
internal_value=-0.00264079 0.0108953 0.00598097 0.0160698 0.0395009 -0.0678977 0.0157823 -0.0807558 0.0804688 -0.0775818 -0.0769686 -0.076788
internal_weight=38.9833 32.2862 28.9556 20.6854 12.3684 6.69706 7.83325 5.63491 4.53511 4.58935 3.26194 2.64461
internal_count=359 209 188 158 127 150 50 136 77 131 110 95
is_linear=0
shrinkage=0.1


Tree=89
num_leaves=11
num_cat=0
split_feature=6 2 6 6 3 6 6 6 5 5
split_gain=0.541766 0.612718 0.455466 0.570434 0.839012 0.541021 0.475297 0.68801 0.429725 0.276359
threshold=75.250000000000014 -0.60785761079279388 72.15000000000002 68.050000000000011 -0.56174490092936669 70.350000000000009 57.100000000000009 61.800000000000004 26.250000000000004 30.550000000000004
decision_type=2 2 2 2 2 2 2 2 2 2
left_child=2 -2 3 4 8 -5 9 -8 -1 -6
right_child=1 -3 -4 5 6 -7 7 -9 -10 -11
leaf_value=0.072638279627814009 0.022464914718642631 -0.087827315281804472 0.056291842672000873 -0.055952818288807299 0.06200692411285405 0.0081770435588755866 -0.033293278949969113 0.013955752183156032 0.020837291227689465 0.0052731771622432835
leaf_weight=2.7578633967787125 0.83906580321490798 1.2602217067033041 1.8924401653930534 2.6437043044716111 1.6752853477373748 2.6184462867677212 6.0243047447875124 6.3096199557185173 3.8192215757444501 1.7612635092809794
leaf_count=13 13 36 24 35 18 28 57 76 29 30
internal_value=0.00533986 -0.0437445 0.00883256 0.00557958 0.0125545 -0.0240418 4.14306e-05 -0.00912227 0.0425582 0.0329303
internal_weight=31.6014 2.09929 29.5021 27.6097 22.3476 5.26215 15.7705 12.3339 6.57708 3.43655
internal_count=359 49 310 286 223 63 181 133 42 48
is_linear=0
shrinkage=0.1


Tree=90
num_leaves=14
num_cat=0
split_feature=1 1 5 3 3 6 5 6 8 5 5 5 0
split_gain=2.41387 1.89345 1.33317 1.12473 1.11584 0.85557 0.569086 0.270515 0.21415 0.340316 0.0590961 0.00327678 0.000424232
threshold=-0.37940952255126015 -0.9159756150367534 23.550000000000004 1.0000000180025095e-35 0.81174490092936691 68.050000000000011 28.050000000000004 58.550000000000004 1.0000000180025095e-35 25.700000000000006 24.050000000000004 30.850000000000005 0.37940952255126054
decision_type=2 2 2 2 2 2 2 2 2 2 2 2 2
left_child=1 7 -2 6 5 -5 8 -1 9 -4 -10 12 -3
right_child=2 11 3 4 -6 -7 -8 -9 10 -11 -12 -13 -14
leaf_value=-0.013229904005169466 0.027342456652518218 0.077377657412369738 -0.010103486767807385 -0.023068522104553055 -0.064485856246384449 0.056617183328836529 -0.01947051752298995 0.020001067573218442 -0.10169968880405478 -0.080944865397644644 -0.077976038712540496 0.085047781511664033 0.079629219630051915
leaf_weight=5.0206376463174802 4.011586099863055 1.3269235584884875 1.1522950232028972 2.6655545495450488 2.4234531223773956 2.7246739398688078 2.6764430776238441 4.78371237590909 1.7083407938480384 1.6479236260056493 2.7247739266604185 1.0943126752972601 2.2656821645796299
leaf_count=23 13 35 13 24 22 22 10 37 7 35 69 14 35
internal_value=-0.00363697 0.0279765 -0.0247144 -0.0364971 -0.00812747 0.0172113 -0.0588661 0.00298406 -0.073443 -0.0517935 -0.0871182 0.0802569 0.0787976
internal_weight=36.2263 14.4913 21.735 17.7235 7.81368 5.39023 9.90978 9.80435 7.23333 2.80022 4.43311 4.68692 3.59261
internal_count=359 144 215 202 68 46 134 60 124 48 76 84 70
is_linear=0
shrinkage=0.1


Tree=91
num_leaves=9
num_cat=0
split_feature=6 6 6 3 5 6 5 5
split_gain=0.558577 0.826946 0.906089 0.935101 2.13242 1.33864 1.04608 0.010398
threshold=79.850000000000009 75.250000000000014 73.750000000000014 1.0000000180025095e-35 32.20000000000001 56.650000000000013 31.750000000000004 24.050000000000004
decision_type=2 2 2 2 2 2 2 2
left_child=1 2 3 4 7 -5 -7 -1
right_child=-2 -3 -4 5 -6 6 -8 -9
leaf_value=-0.091247599994990491 0.046000335253576496 -0.092582349010590009 0.096542324029519302 -0.10868879902691896 0.19040928611867253 0.020984615069783486 0.16303037103792148 -0.078162228393434535
leaf_weight=1.2409925013780583 2.6502282517030844 0.98801705846562971 0.9405482537113129 0.64149530883878503 0.31832042336463917 2.5884340601041917 0.64830052852630604 1.1891604426782576
leaf_count=7 19 30 11 23 1 102 2 164
internal_value=0.00588585 -0.0065407 0.00469331 -0.0083431 -0.0529653 0.0232804 0.0494356 -0.0848445
internal_weight=11.2055 8.55527 7.56725 6.6267 2.74847 3.87823 3.23673 2.43015
internal_count=359 340 310 299 172 127 104 171
is_linear=0
shrinkage=0.1


Tree=92
num_leaves=13
num_cat=0
split_feature=1 1 1 5 2 6 6 1 0 2 6 6
split_gain=3.01717 0.600865 0.664107 1.9219 1.15034 0.787837 0.117559 0.000432957 3.24645e-05 2.06943e-05 1.2352e-05 3.4629e-06
threshold=-0.37940952255126015 0.60355339059327384 0.1294095225512602 27.050000000000004 -1.0000000180025095e-35 70.750000000000014 62.550000000000004 -0.98296291314453399 -0.3794095225512602 1.0000000180025095e-35 60.20000000000001 58.100000000000009
decision_type=2 2 2 2 2 2 2 2 2 2 2 2
left_child=7 2 3 4 -2 -4 -5 -1 11 10 -10 -9
right_child=1 -3 5 6 -6 -7 -8 8 9 -11 -12 -13
leaf_value=-0.078996984845444637 0.011236100144604966 0.047792131732911199 0.011786009057986706 -0.0024514802240901429 0.092640435265240961 -0.035517994376785704 -0.026117322775071478 -0.076575196575914981 -0.077151888648029576 -0.077593749695686345 -0.076609437162894312 -0.076192576510421842
leaf_weight=1.4005088582634924 3.13033705204725 3.4100032877176991 6.9315810911357385 4.1243221424519998 3.8970076199621015 7.1551454104483128 4.2743791602551937 0.55445829406380687 0.98835438489913874 0.6243225336074828 0.72968370467424393 0.41253205575048923
leaf_count=23 24 36 35 17 38 37 28 24 29 18 29 21
internal_value=-0.00266113 0.00804847 0.00345635 0.0177912 0.0563788 -0.0122414 -0.0144958 -0.0775232 -0.0768994 -0.0771007 -0.0769215 -0.076412
internal_weight=37.6326 32.9228 29.5128 15.426 7.02734 14.0867 8.3987 4.70986 3.30935 2.34236 1.71804 0.96699
internal_count=359 215 179 107 62 72 45 144 121 76 58 45
is_linear=0
shrinkage=0.1


Tree=93
num_leaves=10
num_cat=0
split_feature=5 5 5 5 6 6 6 2 6
split_gain=0.529922 0.273497 0.992414 0.944135 0.885209 0.817927 0.66728 0.460633 0.266787
threshold=23.650000000000002 30.650000000000002 29.750000000000004 28.550000000000004 71.450000000000017 74.750000000000014 63.150000000000013 -0.60785761079279388 57.300000000000004
decision_type=2 2 2 2 2 2 2 2 2
left_child=-1 2 3 4 6 -6 -2 -3 -4
right_child=1 7 8 -5 5 -7 -8 -9 -10
leaf_value=-0.044267119916003406 -0.003379602300598548 -0.053129472858289978 0.100241746961601 -0.058472385093657389 -0.094678088589844778 0.0074388381254801589 0.037684177581172762 0.013914569844709488 0.041352500257520131
leaf_weight=2.0272326599806574 6.6392122926190664 1.8059580279514191 1.256892338395118 2.1231593610718837 1.3738771900534623 1.8279938995838163 9.7960179275833053 2.3691749703139058 1.9830194022506473
leaf_count=20 41 28 16 37 25 42 93 27 30
internal_value=0.00517155 0.00860677 0.0125635 0.00487553 0.0117247 -0.0363781 0.021096 -0.0150854 0.064198
internal_weight=31.2025 29.1753 25.0002 21.7603 19.6371 3.20187 16.4352 4.17513 3.23991
internal_count=359 339 284 238 201 67 134 55 46
is_linear=0
shrinkage=0.1


Tree=94
num_leaves=13
num_cat=0
split_feature=1 5 1 5 5 2 5 2 6 1 5 5
split_gain=2.02969 1.81836 1.66338 1.17214 1.11843 1.12765 1.302 1.36816 0.588898 0.127753 0.000356875 5.12144e-05
threshold=-0.37940952255126015 29.750000000000004 -0.98296291314453399 31.550000000000004 23.550000000000004 0.87837969732492682 27.950000000000003 0.6078576107927941 72.15000000000002 -0.78656609248549325 30.750000000000004 30.350000000000005
decision_type=2 2 2 2 2 2 2 2 2 2 2 2
left_child=1 9 -3 10 -2 6 7 8 -6 -1 11 -4
right_child=4 2 3 -5 5 -7 -8 -9 -10 -11 -12 -13
leaf_value=0.12164992657794203 0.024214286168333807 -0.027690558526742699 0.077481506003122466 -0.028467549415161136 -0.086712362060991796 -0.098608345232529468 0.019728002857344631 0.024364209534195862 -0.03048908365138598 0.078608149589707021 0.079965957975149174 0.078523852867185551
leaf_weight=1.2871425449848177 4.0366709530353573 5.9970038682222357 0.92400192283093863 1.3929679319262502 4.6573708131909388 2.3523053731769314 4.646077472716569 2.2483741417527199 3.1049931813031435 1.4854027349501837 1.857663534581661 0.9622773751616478
leaf_count=12 13 20 24 8 84 35 19 19 45 31 30 19
internal_value=-0.00351791 0.0261271 0.0080825 0.0498452 -0.0231065 -0.0343368 -0.0240217 -0.0443264 -0.0642227 0.0985901 0.0789821 0.0780133
internal_weight=34.9523 13.9065 11.1339 5.13691 21.0458 17.0091 14.6568 10.0107 7.76236 2.77255 3.74394 1.88628
internal_count=359 144 101 81 215 202 167 148 129 43 73 43
is_linear=0
shrinkage=0.1


Tree=95
num_leaves=10
num_cat=0
split_feature=0 5 5 6 5 5 6 7 0
split_gain=0.521312 0.7168 1.46846 0.602114 1.02659 0.878419 0.00184937 4.03297e-07 6.3383e-07
threshold=0.37940952255126054 22.700000000000003 23.050000000000004 50.000000000000007 31.750000000000004 24.050000000000004 79.850000000000009 1.0000000180025095e-35 0.91597561503675362
decision_type=2 2 2 2 2 2 2 2 2
left_child=1 -1 -3 -4 5 -5 7 -2 -9
right_child=6 2 3 4 -6 -7 -8 8 -10
leaf_value=-0.093592517356894889 -0.075228308304387745 0.15140156951710956 -0.12375883150787215 0.013570258338455194 0.09285141196676347 -0.075714144510878517 -0.087553424923031462 -0.075257934292482564 -0.075524275591620949
leaf_weight=0.61352299153804679 0.11158689821604639 0.75907842814922233 0.34113842470105638 5.9439976513385755 1.3200206756591795 1.3526877228869123 0.16376309096813202 0.12912686297204423 0.29005782585591078
leaf_count=3 37 3 6 26 5 206 1 38 34
internal_value=0.00559989 0.0112382 0.0178571 0.00654073 0.0116993 -0.00298163 -0.0782635 -0.0753973 -0.0754422
internal_weight=11.025 10.3304 9.71692 8.95784 8.61671 7.29669 0.694535 0.530772 0.419185
internal_count=359 249 246 243 237 232 110 109 72
is_linear=0
shrinkage=0.1


Tree=96
num_leaves=15
num_cat=0
split_feature=5 2 6 6 6 5 6 5 1 2 0 1 5 1
split_gain=2.66634 0.573089 0.486151 1.24358 1.12626 1.18378 1.07349 0.390815 0.382182 0.324317 0.019602 0.00028458 2.92042e-05 1.15706e-05
threshold=28.250000000000004 0.87837969732492682 61.100000000000001 66.450000000000017 70.350000000000009 24.650000000000002 77.800000000000026 25.950000000000003 0.1294095225512602 -0.60785761079279388 0.91597561503675362 -0.98296291314453399 31.150000000000002 -0.60355339059327384
decision_type=2 2 2 2 2 2 2 2 2 2 2 2 2 2
left_child=2 10 -1 8 9 6 -6 -7 -4 -5 11 -2 13 -13
right_child=1 -3 3 4 5 7 -8 -9 -10 -11 -12 12 -14 -15
leaf_value=0.041607523797959463 -0.078456483760578302 0.0027783303879235707 -0.0089599437555610336 0.078934828627496581 -0.04772035538251318 0.083829887761479996 0.02037443748470006 0.012399820591531266 -0.051140920095240072 0.0311933510820963 -0.093046377705553768 -0.076249497271923664 -0.077231890367846986 -0.076815452448570021
leaf_weight=3.9843713119626072 1.1377913169562814 1.0048695076256988 5.1352279558777827 2.958363238722086 4.9240588843822461 1.8958905842155211 4.369472824037075 1.2852060142904518 3.6925870925188065 2.7415359951555756 0.98316447436809529 1.5482535194605591 0.50485224649310101 0.47117054741829623
leaf_count=19 21 14 36 17 22 36 21 17 16 25 5 77 15 18
internal_value=-0.00251972 -0.0656966 0.00899992 0.00418846 0.019145 0.00231801 -0.0157047 0.0549712 -0.0266038 0.0559721 -0.0805093 -0.0771434 -0.0765516 -0.0763815
internal_weight=36.6368 5.6501 30.9867 27.0023 18.1745 12.4746 9.29353 3.1811 8.82782 5.6999 4.64523 3.66207 2.52428 2.01942
internal_count=359 150 209 190 138 96 43 53 52 42 136 131 110 95
is_linear=0
shrinkage=0.1


Tree=97
num_leaves=10
num_cat=0
split_feature=6 6 6 6 3 6 3 8 5
split_gain=0.464406 0.58787 0.43577 0.47763 0.664343 0.500008 0.421325 0.772774 0.381003
threshold=75.250000000000014 77.800000000000026 72.15000000000002 68.050000000000011 -0.56174490092936669 70.350000000000009 0.81174490092936691 1.0000000180025095e-35 26.250000000000004
decision_type=2 2 2 2 2 2 2 2 2
left_child=2 -2 3 4 8 -5 7 -6 -1
right_child=1 -3 -4 5 6 -7 -8 -9 -10
leaf_value=0.067116006459431374 -0.092722913557698405 0.016717864335760193 0.055019597885135364 -0.054000754858051482 0.020863062495073709 0.0085109606849448401 0.036176001616947888 -0.028779925333465208 0.017925642232640357
leaf_weight=2.6930566877126791 1.0558189214207221 0.91720167919993389 1.867269699461757 2.5340019455179563 5.5178740154951926 2.5846608439460397 2.6926630316302171 7.2633566311560473 3.7913236347958446
leaf_count=13 20 29 24 35 39 28 22 120 29
internal_value=0.00509526 -0.041847 0.00829514 0.00507294 0.0114854 -0.0224356 0.000225585 -0.00734821 0.0383551
internal_weight=30.9172 1.97302 28.9442 27.0769 21.9583 5.11866 15.4739 12.7812 6.48438
internal_count=359 49 310 286 223 63 181 159 42
is_linear=0
shrinkage=0.1


Tree=98
num_leaves=11
num_cat=0
split_feature=1 1 5 2 5 5 5 6 5 0
split_gain=1.70601 1.64167 0.98836 1.05261 1.14683 1.24024 2.14515 0.186564 0.00316871 0.0002195
threshold=-0.37940952255126015 -0.9159756150367534 23.550000000000004 0.87837969732492682 23.650000000000002 24.050000000000004 27.950000000000003 58.550000000000004 30.850000000000005 0.37940952255126054
decision_type=2 2 2 2 2 2 2 2 2 2
left_child=1 7 -2 4 -4 -6 -7 -1 9 -3
right_child=2 8 3 -5 5 6 -8 -9 -10 -11
leaf_value=-0.011487776012978852 0.022636601617105304 0.07686240456223499 -0.10351285507334268 -0.097065804901688035 0.040928848599714011 -0.077934350810794376 0.017428571497476824 0.01664267136889637 0.084699047996030438 0.078677194876076009
leaf_weight=4.9224114976823312 4.037448555231097 1.0476348418742416 1.5610804408788705 2.193735576234757 3.2191326171159735 4.7879184084013087 4.6494901515543461 4.5248325057327747 0.94176902621984471 1.8318047709763048
leaf_count=23 13 35 6 35 12 130 19 37 14 35
internal_value=-0.00356846 0.0243562 -0.0216877 -0.0325922 -0.0226441 -0.0126697 -0.0309523 0.00198553 0.0796638 0.0780169
internal_weight=33.7173 13.2685 20.4488 16.4114 14.2176 12.6565 9.43741 9.44724 3.82121 2.87944
internal_count=359 144 215 202 167 161 149 60 84 70
is_linear=0
shrinkage=0.1


Tree=99
num_leaves=10
num_cat=0
split_feature=6 5 0 9 2 5 5 5 1
split_gain=0.480361 0.473466 0.874805 0.540355 1.13296 0.488917 0.0169626 3.00206e-05 1.17244e-06
threshold=82.600000000000009 31.750000000000004 -0.78656609248549303 1.0000000180025095e-35 0.6078576107927941 23.050000000000004 24.150000000000002 31.450000000000003 -0.98296291314453399
decision_type=2 2 2 2 2 2 2 2 2
left_child=1 2 3 4 5 -1 -4 8 -8
right_child=-2 -3 6 -5 -6 -7 7 -9 -10
leaf_value=0.075048373415998348 0.050657915448595464 0.043531518585790067 -0.099074256267556213 0.067243691958180474 -0.089523207244623787 -0.0068998923839399748 -0.075588307422417803 -0.076648973701758355 -0.075306605798424103
leaf_weight=1.0636080950498574 1.9059623852372176 1.6649329364299772 0.42317491769790549 1.0515709419269113 1.3476730922702698 2.3075764590175822 0.18563317786902023 0.22728797141462564 0.72386484046001132
leaf_count=4 12 6 2 17 32 64 19 11 192
internal_value=0.00505464 -0.00460796 -0.0155418 0.00241984 -0.0120258 0.0189548 -0.0819832 -0.075621 -0.0753641
internal_weight=10.9013 8.99532 7.33039 5.77043 4.71886 3.37118 1.55996 1.13679 0.909498
internal_count=359 347 341 117 100 68 224 222 211
is_linear=0
shrinkage=0.1


Tree=100
num_leaves=14
num_cat=0
split_feature=1 1 6 6 6 5 2 6 1 0 2 5 6
split_gain=2.37837 0.476529 0.560057 0.79415 1.19702 0.885966 0.431772 0.272445 0.000326528 1.75511e-05 1.28262e-05 7.08489e-06 2.00321e-06
threshold=-0.37940952255126015 0.60355339059327384 61.100000000000001 66.450000000000017 70.350000000000009 24.050000000000004 -0.60785761079279388 64.65000000000002 -0.98296291314453399 -0.3794095225512602 1.0000000180025095e-35 30.650000000000002 58.100000000000009
decision_type=2 2 2 2 2 2 2 2 2 2 2 2 2
left_child=8 2 -2 7 6 -6 -5 -4 -1 12 11 -11 -10
right_child=1 -3 3 4 5 -7 -8 -9 9 10 -12 -13 -14
leaf_value=-0.07849539455227747 0.03345906242584732 0.042909917703960292 -0.013174834897110349 0.073627809476026415 -0.043385448756297018 0.019995350996951211 0.018784616363521852 -0.04860117523789996 -0.07623815191536 -0.076311497897536343 -0.077106227897715887 -0.076774490443292487 -0.07590293189277969
leaf_weight=1.2235749922692778 4.8307267166674199 3.2381586842238894 5.5355344489216822 2.8616256527602673 4.531772851943968 4.2963971607387066 2.8805185109376898 3.5714162364602089 0.4228845769539481 0.75433579925447547 0.50342580303549778 0.5882513178512454 0.30817555449903011
leaf_count=23 21 36 33 17 18 41 26 23 24 37 18 21 21
internal_value=-0.00239249 0.00655751 0.00242832 -0.0039027 0.0105763 -0.01254 0.046116 -0.0270678 -0.0771502 -0.0765115 -0.0766758 -0.0765144 -0.0760968
internal_weight=35.5468 31.7462 28.508 23.6773 14.5703 8.82817 5.74214 9.10695 3.80065 2.57707 1.84601 1.34259 0.73106
internal_count=359 215 179 158 102 59 43 56 144 121 76 58 45
is_linear=0
shrinkage=0.1


Tree=101
num_leaves=12
num_cat=0
split_feature=5 6 6 6 2 5 6 1 5 2 2
split_gain=0.485124 0.289497 1.09278 0.863507 0.810079 1.60861 0.381417 1.34727 0.76868 0.604236 0.754674
threshold=23.650000000000002 59.650000000000013 60.750000000000007 58.95000000000001 -1.0000000180025095e-35 30.550000000000004 66.450000000000017 0.1294095225512602 27.050000000000004 0.6078576107927941 -1.0000000180025095e-35
decision_type=2 2 2 2 2 2 2 2 2 2 2
left_child=-1 3 -3 4 5 -2 7 8 -4 10 -8
right_child=1 2 6 -5 -6 -7 9 -9 -10 -11 -12
leaf_value=-0.043170590963778066 0.034226829695144123 -0.062469734459467685 -0.048682333894294272 0.08479863743368049 0.045631888152907259 -0.10768913123516018 -0.0028856269378531975 0.086237423781565001 0.024112035316675662 0.034468370533689445 -0.085986830530902891
leaf_weight=1.9557356536388422 1.8331040637567642 2.3269014745019403 2.1273882910609263 1.83037091512233 2.8221726343035725 1.4154356764629481 4.9103402676992198 2.5620523393154144 4.5598290557973087 2.7943287114612758 1.4056394542567332
leaf_count=20 23 22 23 15 27 23 68 12 52 37 37
internal_value=0.00501329 0.00830966 0.00209047 0.0245926 0.00644 -0.027608 0.0102729 0.0245777 0.000954139 -0.00425012 -0.02138
internal_weight=30.5433 28.5876 20.6865 7.90108 6.07071 3.24854 18.3596 9.24927 6.68722 9.11031 6.31598
internal_count=359 339 251 88 73 46 229 87 75 142 105
is_linear=0
shrinkage=0.1


Tree=102
num_leaves=12
num_cat=0
split_feature=1 5 1 5 2 5 2 5 6 1 5
split_gain=1.38168 1.61875 1.45652 0.892063 0.98392 0.996632 1.18204 0.724373 0.587642 0.0884643 0.00223315
threshold=-0.37940952255126015 29.750000000000004 -0.9159756150367534 23.550000000000004 0.87837969732492682 27.950000000000003 0.6078576107927941 30.650000000000002 72.15000000000002 -0.78656609248549325 30.850000000000005
decision_type=2 2 2 2 2 2 2 2 2 2 2
left_child=1 9 7 -2 5 6 8 -3 -5 -1 -4
right_child=3 2 10 4 -6 -7 -8 -9 -10 -11 -12
leaf_value=0.11678104887032353 0.021662023383878518 -0.051430152894631979 0.077699546441372849 -0.085946155678523983 -0.095527468901778434 0.016391147087585239 0.023118023556529359 0.0093176446182954165 -0.026779085682377496 0.077858250689932962 0.084373439970004516
leaf_weight=1.1570693328976633 4.0357019901275661 3.140691885724662 1.1819955781102174 3.9825116740539652 2.0565565312281242 4.6329839900135985 2.2052784916013479 5.2343548610806465 2.9016733048483729 1.1788497138768423 0.87069897167384613
leaf_count=12 13 22 32 84 35 19 19 33 45 31 14
internal_value=-0.00376456 0.0218947 0.00503944 -0.020293 -0.0310236 -0.0213565 -0.0405969 -0.0134631 -0.0610073 0.0971382 0.0805304
internal_weight=32.5784 12.7637 10.4277 19.8147 15.779 13.7224 9.08946 8.37505 6.88418 2.33592 2.05269
internal_count=359 144 101 215 202 167 148 55 129 43 46
is_linear=0
shrinkage=0.1


Tree=103
num_leaves=9
num_cat=0
split_feature=6 6 6 6 6 1 5 5
split_gain=0.440416 0.739054 0.746962 1.3487 1.83519 1.18199 0.00608196 0.0022905
threshold=79.850000000000009 75.250000000000014 71.750000000000014 66.050000000000011 65.350000000000009 -0.9159756150367534 23.650000000000002 24.050000000000004
decision_type=2 2 2 2 2 2 2 2
left_child=1 2 3 4 5 -1 -5 -8
right_child=-2 -3 -4 6 -6 -7 7 -9
leaf_value=0.040708804952328363 0.040131368596863962 -0.091331762376754222 0.061542585564123654 -0.09394573611247671 0.16633611297005724 -0.085537459441789365 -0.085809497988192623 -0.075402210435551453
leaf_weight=1.7141339622903604 2.6877903533168146 0.91305615508463223 1.7242808071896432 0.79802331328392007 0.69475985714234401 1.3071342654293401 0.57543843984603882 0.33434493571985513
leaf_count=53 19 30 31 4 13 131 4 74
internal_value=0.00507641 -0.00661177 0.00420984 -0.0140167 0.0197886 -0.0139109 -0.0875739 -0.0819848
internal_weight=10.749 8.06117 7.14812 5.42383 3.71603 3.02127 1.70781 0.909783
internal_count=359 340 310 279 197 184 82 78
is_linear=0
shrinkage=0.1


Tree=104
num_leaves=15
num_cat=0
split_feature=5 2 3 1 1 5 2 6 5 0 5 1 5 1
split_gain=2.14474 0.518511 0.466969 0.610279 2.84468 0.896374 0.877435 0.383246 0.0788916 0.0150434 0.00287892 0.000181728 1.93423e-05 8.18845e-06
threshold=28.250000000000004 0.87837969732492682 0.81174490092936691 -0.12940952255126037 0.1294095225512602 24.650000000000002 -1.0000000180025095e-35 65.450000000000017 25.850000000000005 0.91597561503675362 27.150000000000002 -0.98296291314453399 31.150000000000002 -0.60355339059327384
decision_type=2 2 2 2 2 2 2 2 2 2 2 2 2 2
left_child=2 9 3 -1 8 6 -6 -7 -5 11 -10 -2 13 -13
right_child=1 -3 -4 4 5 7 -8 -9 10 -11 -12 12 -14 -15
leaf_value=-0.019490676741431318 -0.077943464299339252 0.0014810415418638687 0.044628392705757573 0.11168810065649687 0.0086099398851514596 -0.0073649936185140015 -0.049402865754946207 0.053647382768255564 0.077957978481207821 -0.091502340927006778 0.0849233226610875 -0.075995472292201993 -0.076886342507880109 -0.076530982833760919
leaf_weight=8.1082718335092121 0.97803732939064536 0.96905810199677933 3.0631168633699408 1.303609188646081 4.9290582537651098 1.6163411289453495 5.5346159283071703 2.835839569568634 1.3088529426604512 0.91193048655986775 1.0855534039437769 1.2138261217623956 0.41757646575570095 0.37337057013064523
leaf_count=31 21 14 21 16 23 7 27 40 30 5 14 77 15 18
internal_value=-0.00240796 -0.0639759 0.0076458 0.00340655 0.0133807 -0.00608453 -0.0220751 0.0314972 0.0918931 -0.0802623 0.0811159 -0.076826 -0.0762808 -0.0761214
internal_weight=34.6491 4.8638 29.7853 26.7221 18.6139 14.9159 10.4637 4.45218 3.69802 3.89474 2.39441 2.98281 2.00477 1.5872
internal_count=359 150 209 188 157 97 50 47 60 136 44 131 110 95
is_linear=0
shrinkage=0.1


Tree=105
num_leaves=11
num_cat=0
split_feature=6 6 6 2 5 5 5 3 5 5
split_gain=0.381692 0.807343 0.734144 0.689369 0.547025 0.433851 0.313139 1.41713 0.977898 1.01994
threshold=59.650000000000013 60.750000000000007 58.95000000000001 -1.0000000180025095e-35 29.950000000000003 23.650000000000002 28.050000000000004 1.0000000180025095e-35 27.050000000000004 26.250000000000004
decision_type=2 2 2 2 2 2 2 2 2 2
left_child=2 -2 3 4 -1 -3 8 -8 9 -7
right_child=1 5 -4 -5 -6 6 7 -9 -10 -11
leaf_value=0.022442919680021784 -0.058655311564783298 -0.040874393551240007 0.079008856610844613 0.04278099693202491 -0.061756973758258109 0.016596553469039117 -0.08720708966067664 0.037469026979123424 0.070862715352846564 -0.063168606322045392
leaf_weight=1.3601100258529188 2.241570062935355 1.8982433825731302 1.8485613716766236 2.8194419038482037 1.7831725762225685 9.9121026368811744 1.6085241902619594 2.1044531217776239 2.6542301988229147 1.9123280690982927
leaf_count=16 22 20 15 27 30 117 36 28 24 24
internal_value=0.00492238 -0.00173293 0.023949 0.00687941 -0.0253234 0.0046183 0.00936533 -0.0165428 0.0160093 0.00369638
internal_weight=30.1427 22.3315 7.81129 5.96272 3.14328 20.0899 18.1916 3.71298 14.4787 11.8244
internal_count=359 271 88 73 46 249 229 64 165 141
is_linear=0
shrinkage=0.1


Tree=106
num_leaves=15
num_cat=0
split_feature=5 5 6 6 3 6 6 2 1 0 5 5 3 0
split_gain=1.18225 1.97741 0.872073 1.28307 1.00397 0.686485 0.385374 0.310488 0.000196947 0.000148733 0.000114232 4.08651e-05 4.42394e-06 1.93147e-07
threshold=27.950000000000003 24.050000000000004 60.20000000000001 56.650000000000013 1.0000000180025095e-35 67.550000000000011 58.95000000000001 -0.60785761079279388 -0.12940952255126037 -0.78656609248549303 24.450000000000003 25.450000000000003 -1.0000000180025095e-35 0.98296291314453421
decision_type=2 2 2 2 2 2 2 2 2 2 2 2 2 2
left_child=1 -1 3 4 -2 7 -5 -4 -3 10 -10 -12 13 -11
right_child=2 8 5 6 -6 -7 -8 -9 9 12 11 -13 -14 -15
leaf_value=0.0018810102752549358 -0.013658523259248413 -0.078577110239714226 0.035809397661705704 -0.011376108756214642 0.082183199483028338 -0.0063847302023409859 -0.061451701290230157 0.085934861355615899 -0.078615832505000482 -0.075980772536872229 -0.077551304581532476 -0.076622256378483744 -0.07635932236049485 -0.075873165341675194
leaf_weight=9.0967004448175448 2.0807921346277016 1.1864038519561297 2.4477710351347923 3.4030252136290073 2.3023067265748978 2.1672543827444315 2.8024817183613777 2.4956682864576569 0.67631130479276302 0.34601178765296936 0.9790511531755326 0.91680237930268049 0.37161694467067474 0.32205979898571968
leaf_count=33 19 22 36 27 23 20 19 22 13 21 28 37 17 22
internal_value=-0.00368478 -0.0255171 0.0134548 -0.00473529 0.0366842 0.0405419 -0.0339908 0.061115 -0.0774593 -0.0770921 -0.0775001 -0.077102 -0.0760827 -0.0759289
internal_weight=31.5943 13.895 17.6993 10.5886 4.3831 7.11069 6.20551 4.94344 4.79826 3.61185 2.57216 1.89585 1.03969 0.668072
internal_count=359 193 166 88 42 78 46 58 160 138 78 65 60 43
is_linear=0
shrinkage=0.1


Tree=107
num_leaves=12
num_cat=0
split_feature=6 5 6 6 6 5 5 2 0 5 5
split_gain=0.555961 1.11539 0.575688 0.900544 1.839 0.887345 0.768375 0.723843 0.615369 0.00449518 0.00177177
threshold=50.000000000000007 32.20000000000001 71.750000000000014 66.050000000000011 65.350000000000009 23.350000000000005 23.550000000000004 1.0000000180025095e-35 0.12940952255126059 23.650000000000002 24.050000000000004
decision_type=2 2 2 2 2 2 2 2 2 2 2
left_child=-1 2 3 4 8 -4 -7 -8 -2 -5 -11
right_child=1 -3 5 9 -6 6 7 -9 -10 10 -12
leaf_value=-0.1222050791732037 -0.084672181026949289 0.13607319461648357 0.089734527149501059 -0.092144889433984856 0.14364366897472811 -0.092659551797231288 -0.030257692906845421 0.065448847612426031 0.032358704961811043 -0.084931262565490911 -0.075363340134428858
leaf_weight=0.33353988034650761 1.2423263231757995 0.64703646302223283 1.429392024874687 0.75046095252037026 0.73140963702462602 0.75895181298255954 1.5238401099340992 1.6415094331605358 0.70385341008659441 0.53959380835294724 0.3017843421548605
leaf_count=6 86 2 5 4 13 4 42 29 90 4 74
internal_value=0.00485467 0.00898114 0.000435759 -0.0269533 0.00845823 0.0222778 -0.00229267 0.0193745 -0.0423469 -0.0865182 -0.0814995
internal_weight=10.6037 10.2702 9.62312 4.26943 2.67759 5.35369 3.9243 3.16535 1.94618 1.59184 0.841378
internal_count=359 353 351 271 189 80 75 71 176 82 78
is_linear=0
shrinkage=0.1


Tree=108
num_leaves=12
num_cat=0
split_feature=1 1 2 5 5 6 1 0 2 6 6
split_gain=1.93453 0.458546 0.504777 0.561639 1.40025 1.10705 0.000195216 1.20705e-05 1.02908e-05 4.80112e-06 1.32291e-06
threshold=-0.37940952255126015 0.60355339059327384 0.87837969732492682 23.650000000000002 24.350000000000005 66.450000000000017 -0.98296291314453399 -0.3794095225512602 1.0000000180025095e-35 60.20000000000001 58.100000000000009
decision_type=2 2 2 2 2 2 2 2 2 2 2
left_child=6 2 3 -2 -5 -6 -1 10 9 -9 -8
right_child=1 -3 -4 4 5 -7 7 8 -10 -11 -12
leaf_value=-0.077962649036669093 0.032691818599349144 0.041682789440876326 0.033521165720601369 -0.069491925388628237 -0.017916312630531905 0.036557296182091623 -0.076028803601404849 -0.076450361776478876 -0.076853119217304852 -0.076028796097413587 -0.075722357810821594
leaf_weight=1.039884824305773 3.4569419920444586 3.1170918736606827 4.1079414393752804 3.3911325745284584 10.692736685276033 5.7299393787980071 0.33746153488755282 0.65387008339166486 0.4279027283191682 0.46035685762763023 0.24181544966995716
leaf_count=23 14 36 30 16 60 59 24 29 18 29 21
internal_value=-0.00237776 0.00534127 0.00120375 -0.00450118 -0.0109903 0.00108975 -0.0768403 -0.0762901 -0.0764363 -0.0762762 -0.0759009
internal_weight=33.6571 30.4958 27.3787 23.2708 19.8138 16.4227 3.16129 2.12141 1.54213 1.11423 0.579277
internal_count=359 215 179 149 135 119 144 121 76 58 45
is_linear=0
shrinkage=0.1


Tree=109
num_leaves=10
num_cat=0
split_feature=6 3 6 5 5 2 6 8 3
split_gain=0.361629 0.6469 0.397395 0.355564 0.493086 0.990027 0.513704 0.593043 0.323404
threshold=75.250000000000014 -0.22252093395631442 72.15000000000002 24.450000000000003 26.750000000000004 -1.0000000180025095e-35 59.45000000000001 1.0000000180025095e-35 -1.0000000180025095e-35
decision_type=2 2 2 2 2 2 2 2 2
left_child=2 -2 3 -1 5 -5 8 -8 -6
right_child=1 -3 -4 4 6 -7 7 -9 -10
leaf_value=-0.026674709261443587 0.02828232793988868 -0.091709478464122973 0.052531654091458595 0.072467142422837569 0.038793051084145984 -0.004171384783937985 0.00075686388328224572 -0.054996671765581095 -0.0036997083295209968
leaf_weight=3.2034972887486317 0.80953970272094 1.0096648670732964 1.8465282041579474 3.1553487968631089 3.8790649743750691 3.6187211270444122 6.0605588648468371 2.7843345426954196 3.3274820204824236
leaf_count=23 23 26 24 30 39 37 40 76 41
internal_value=0.00488439 -0.0383135 0.00770356 0.0045234 0.00890197 0.0315267 -0.000646176 -0.0167941 0.0191729
internal_weight=29.6947 1.8192 27.8755 26.029 22.8255 6.77407 16.0514 8.84489 7.20655
internal_count=359 49 310 286 263 67 196 116 80
is_linear=0
shrinkage=0.1


Tree=110
num_leaves=12
num_cat=0
split_feature=6 0 3 8 5 5 5 5 5 5 2
split_gain=1.03216 0.877544 1.13241 0.961243 0.798976 1.51542 0.565205 2.1926 1.56828 0.000577266 1.3794e-05
threshold=79.850000000000009 0.91597561503675362 0.81174490092936691 1.0000000180025095e-35 28.350000000000005 28.050000000000004 27.950000000000003 23.950000000000003 29.750000000000004 27.150000000000002 -1.0000000180025095e-35
decision_type=2 2 2 2 2 2 2 2 2 2 2
left_child=1 2 3 -1 5 9 7 -5 -8 10 -3
right_child=-2 4 -4 6 -6 -7 8 -9 -10 -11 -12
leaf_value=0.079054034235000764 -0.063603010992445114 -0.077676219976975935 -0.064174648965309042 0.033467762497545482 -0.087335784460515029 0.03976504423094053 0.099622200527002269 -0.080387044491549417 0.0051468524628995125 -0.080938998396691331 -0.076957385170670953
leaf_weight=2.3061286062002315 2.6256457520648828 0.53059830144047682 1.8145332112908352 4.2864946275949505 1.7963954806327818 2.6550521850585938 2.2261596266180268 2.7939091688022017 8.3382121846079809 0.74672583676874627 0.53724884986877386
leaf_count=25 19 16 25 14 6 9 37 84 85 14 25
internal_value=-0.0036498 0.00196589 0.0114593 0.0183382 -0.0310102 -0.00837232 0.0104028 -0.0114591 0.025055 -0.0788061 -0.0773146
internal_weight=30.6571 28.0315 21.7654 19.9509 6.26602 4.46963 17.6448 7.0804 10.5644 1.81457 1.06785
internal_count=359 340 270 245 70 64 220 98 122 55 41
is_linear=0
shrinkage=0.1


Tree=111
num_leaves=9
num_cat=0
split_feature=5 5 6 6 3 6 5 3
split_gain=0.519982 1.10579 0.476214 1.17604 0.38444 1.06642 1.02177 0.000348392
threshold=22.700000000000003 23.050000000000004 82.600000000000009 74.450000000000017 1.0000000180025095e-35 56.650000000000013 32.20000000000001 1.0000000180025095e-35
decision_type=2 2 2 2 2 2 2 2
left_child=-1 -2 3 4 6 -6 -3 -5
right_child=1 2 -4 7 5 -7 -8 -9
leaf_value=-0.091374264936255514 0.12290422845902582 -0.04940238358178857 0.043697508678748088 -0.096635817861442388 -0.10160855277760049 0.053734018641028017 0.13984048393568196 -0.093455238357239234
leaf_weight=0.5363902151584633 0.7937798798084249 2.0447433411609368 1.9429602404125033 0.64975858479738213 0.52340398257365484 2.8387104547582567 0.33157396316528309 0.73280617862474173
leaf_count=3 3 171 12 28 23 104 1 14
internal_value=0.00451023 0.0097276 -0.000183886 -0.0121569 0.0077905 0.0295507 -0.0229968 -0.09495
internal_weight=10.3941 9.85774 9.06396 7.121 5.73843 3.36211 2.37632 1.38256
internal_count=359 356 353 341 299 127 172 42
is_linear=0
shrinkage=0.1


Tree=112
num_leaves=15
num_cat=0
split_feature=5 2 6 6 6 0 5 6 1 5 0 1 5 1
split_gain=1.80278 0.474707 0.435966 0.692935 0.762224 0.795631 1.17715 0.265804 0.245455 0.240271 0.0137904 0.000100844 1.26577e-05 3.76576e-06
threshold=28.250000000000004 0.87837969732492682 61.100000000000001 66.450000000000017 70.350000000000009 -0.78656609248549303 23.950000000000003 83.700000000000003 0.1294095225512602 25.700000000000006 0.91597561503675362 -0.98296291314453399 31.150000000000002 -0.60355339059327384
decision_type=2 2 2 2 2 2 2 2 2 2 2 2 2 2
left_child=2 10 -1 8 9 6 -6 -7 -4 -5 11 -2 13 -13
right_child=1 -3 3 4 5 7 -8 -9 -10 -11 -12 12 -14 -15
leaf_value=0.038279025039636129 -0.077438203162878513 7.9854856429159444e-06 -0.0069391741305813107 0.066936632246556091 -0.066470419443668979 0.058064970932722094 0.015209278113522627 0.0081575784061034707 -0.041742212757933689 0.023661061652322821 -0.0911976297307137 -0.075846452002216305 -0.07661334359615983 -0.076250555778263576
leaf_weight=3.8284867778420475 0.81932783313095603 0.94310356769710768 4.8442319016903657 2.6347261946648386 3.1633303314447447 2.1800967715680537 3.989879148080945 2.0904507506638765 3.483822226524353 2.5006517060101032 0.86447595059871662 1.0081816301681104 0.35350261256098736 0.29899359447881479
leaf_count=19 21 14 36 18 14 38 35 9 16 24 5 77 15 18
internal_value=-0.00216735 -0.0626521 0.00686373 0.002031 0.0138645 -0.000520358 -0.0209116 0.0336351 -0.0214981 0.0458638 -0.0803215 -0.0765304 -0.0760825 -0.0759389
internal_weight=33.0033 4.28759 28.7157 24.8872 16.5591 11.4238 7.15321 4.27055 8.32805 5.13538 3.34448 2.48001 1.66068 1.30718
internal_count=359 150 209 190 138 96 49 47 52 42 136 131 110 95
is_linear=0
shrinkage=0.1


Tree=113
num_leaves=10
num_cat=0
split_feature=6 6 6 5 2 5 2 5 2
split_gain=0.317967 0.596714 0.355609 0.319272 0.443348 0.632437 1.09009 0.554136 0.399433
threshold=75.250000000000014 77.800000000000026 72.15000000000002 24.450000000000003 0.6078576107927941 26.750000000000004 -1.0000000180025095e-35 27.950000000000003 -1.0000000180025095e-35
decision_type=2 2 2 2 2 2 2 2 2
left_child=2 -2 3 -1 5 8 -7 -6 -5
right_child=1 -3 -4 4 7 6 -8 -9 -10
leaf_value=-0.025748398731621092 -0.091966435377007327 0.024781431615517921 0.049254511951041711 0.06695020145986269 -0.059384762224105749 -0.014785606946486464 0.054253648462070959 0.0081566060942888045 0.012440575690891768
leaf_weight=3.1430591084063151 0.92494841665029415 0.83122251369059086 1.8721917048096646 3.1797616919502616 1.9590071365237225 8.8959627067670333 3.0784330372698472 3.1972265825606883 2.3288828246295514
leaf_count=23 20 29 24 30 24 124 35 29 21
internal_value=0.00455295 -0.0367079 0.00717318 0.00411743 0.00826377 0.0158635 0.00296332 -0.0175044 0.0439052
internal_weight=29.4107 1.75617 27.6545 25.7823 22.6393 17.483 11.9744 5.15623 5.50864
internal_count=359 49 310 286 263 210 159 53 51
is_linear=0
shrinkage=0.1


Tree=114
num_leaves=13
num_cat=0
split_feature=6 5 5 6 0 6 6 6 2 6 5 5
split_gain=0.851531 0.844906 0.98035 1.53896 0.709791 0.640175 1.51879 0.859366 0.565381 0.394201 0.0566135 0.00524008
threshold=76.750000000000014 23.550000000000004 27.950000000000003 72.15000000000002 1.0000000180025095e-35 60.20000000000001 56.650000000000013 63.150000000000013 0.6078576107927941 54.050000000000004 23.950000000000003 28.650000000000002
decision_type=2 2 2 2 2 2 2 2 2 2 2 2
left_child=1 -1 3 8 9 6 -6 -7 10 -4 -3 -11
right_child=-2 2 4 -5 5 7 -8 -9 -10 11 -12 -13
leaf_value=0.06630109131884597 -0.05008874992003285 -0.10596793060793913 -0.0021075152526646638 0.043795472705638883 0.039496487786132323 0.073802092424260002 -0.048681931343716282 -0.0050179847565865023 -0.021805312219917182 0.088622548704054394 -0.077431897733101412 0.077729864199206258
leaf_weight=1.9252027869224608 3.4837036393582812 1.0110585391521483 0.79280493129045071 1.9569743759930132 3.1147846765816194 2.3634020555764428 5.2383165545761585 3.335448132827878 2.3375363880768418 0.67312064953148354 2.2256989292800426 1.284240650013089
leaf_count=6 38 4 11 30 22 21 29 29 35 11 80 43
internal_value=-0.00363422 0.00252886 -0.00251666 -0.032497 0.0109215 0.00182882 -0.0158011 0.0276699 -0.0592812 0.0573808 -0.0863456 0.0814758
internal_weight=29.7423 26.2586 24.3334 7.53127 16.8021 14.052 8.3531 5.69885 5.57429 2.75017 3.23676 1.95736
internal_count=359 321 315 149 166 101 51 50 119 65 84 54
is_linear=0
shrinkage=0.1


Tree=115
num_leaves=8
num_cat=0
split_feature=5 5 6 6 6 6 3
split_gain=0.457444 0.926102 0.40792 1.05412 0.415968 0.986916 0.00028182
threshold=22.700000000000003 23.050000000000004 82.600000000000009 74.450000000000017 71.750000000000014 66.050000000000011 1.0000000180025095e-35
decision_type=2 2 2 2 2 2 2
left_child=-1 -2 3 4 5 -3 -5
right_child=1 2 -4 6 -6 -7 -8
leaf_value=-0.08956030774651963 0.11169367894873239 0.021143642671276025 0.040129515268215905 -0.094532537642893488 0.061966201065659893 -0.085174703183542644 -0.091572317742859316
leaf_weight=0.49256169795990068 0.80867505073547263 3.3919551915605535 1.9696245533414183 0.60570092749549054 1.1124829376349223 1.1757374309236182 0.68567406770307571
leaf_count=3 3 196 12 28 23 80 14
internal_value=0.00446324 0.0092133 -5.54276e-05 -0.0114086 0.00713209 -0.00622301 -0.0929608
internal_weight=10.2424 9.74985 8.94118 6.97155 5.68018 4.56769 1.29137
internal_count=359 356 353 341 299 276 42
is_linear=0
shrinkage=0.1


Tree=116
num_leaves=14
num_cat=0
split_feature=1 5 1 2 2 0 5 6 1 0 2 6 6
split_gain=1.60354 0.361337 1.05851 0.975358 0.817084 1.14052 1.06954 0.241576 0.000122943 8.71687e-06 7.64495e-06 3.39097e-06 8.85273e-07
threshold=-0.37940952255126015 27.050000000000004 0.1294095225512602 -1.0000000180025095e-35 1.0000000180025095e-35 -0.91597561503675329 24.050000000000004 61.800000000000004 -0.98296291314453399 -0.3794095225512602 1.0000000180025095e-35 60.20000000000001 58.100000000000009
decision_type=2 2 2 2 2 2 2 2 2 2 2 2 2
left_child=8 2 3 -2 5 -4 -6 -3 -1 12 11 -11 -10
right_child=1 7 4 -5 6 -7 -8 -9 9 10 -12 -13 -14
leaf_value=-0.077545578521324113 0.0044070530224865553 0.0065575117101322085 -0.013655222640117749 0.084397247528712915 -0.063129211286943362 0.062404509515897558 0.011545835235571544 -0.028908375129484166 -0.075841553960716471 -0.076237754536506261 -0.07661934035374586 -0.075847394464316986 -0.075558814208219069
leaf_weight=0.88759340904653106 2.8901031129062176 3.3597969338297835 4.4671869277954128 3.2258068444207373 3.8338108956813812 3.5288417600095228 3.8381156176328659 4.4835286624729633 0.27629733458161387 0.55477002635598027 0.36914510186761618 0.37158445967361331 0.18481249921023846
leaf_count=23 24 13 19 38 16 36 36 33 24 29 18 29 21
internal_value=-0.00197076 0.00468861 0.0113153 0.0465975 -0.00245699 0.0199118 -0.0257707 -0.0137161 -0.0765863 -0.0761016 -0.0762345 -0.0760812 -0.0757282
internal_weight=32.2714 29.6272 21.7839 6.11591 15.668 7.99603 7.67193 7.84333 2.6442 1.75661 1.2955 0.926354 0.46111
internal_count=359 215 169 62 107 55 52 46 144 121 76 58 45
is_linear=0
shrinkage=0.1


Tree=117
num_leaves=11
num_cat=0
split_feature=1 5 5 5 2 5 1 6 6 3
split_gain=0.291277 1.35612 1.29695 0.551786 1.10197 0.987342 0.00461852 5.38337e-05 5.16616e-05 8.48336e-07
threshold=-0.98296291314453399 28.850000000000005 28.250000000000004 27.750000000000004 0.87837969732492682 27.050000000000004 -0.5 59.650000000000013 57.100000000000009 1.0000000180025095e-35
decision_type=2 2 2 2 2 2 2 2 2 2
left_child=-1 2 3 4 5 -2 7 8 -3 -9
right_child=1 6 -4 -5 -6 -7 -8 9 -10 -11
leaf_value=0.023794284109020312 0.0036854246129219038 -0.076380391791549263 0.08717004840468727 -0.050176473029756058 -0.060340331245126368 0.074069843209663144 -0.088947142942510452 -0.075572304107940552 -0.077710117771307971 -0.07584292073294345
leaf_weight=6.2365802526474026 12.39171262085439 0.64583298470824979 1.8392315902747203 2.0203820844180873 2.2348882039077571 2.3750220495276144 0.37315361108630796 0.2276777890510856 0.5335559886880219 0.23582568997517228
leaf_count=23 139 38 20 19 34 17 8 25 16 20
internal_value=0.00463707 -0.000585378 0.00698341 -0.000769809 0.00510142 0.0150058 -0.0789042 -0.0766231 -0.076982 -0.07571
internal_weight=29.1139 22.8773 20.8612 19.022 17.0016 14.7667 2.01605 1.64289 1.17939 0.463503
internal_count=359 336 229 209 190 156 107 99 54 45
is_linear=0
shrinkage=0.1


Tree=118
num_leaves=13
num_cat=0
split_feature=1 5 1 5 5 2 5 5 6 5 2 6
split_gain=0.745232 1.46357 1.16051 1.31316 0.613166 0.826083 0.625281 0.977426 0.076606 0.000293928 0.000126183 8.48173e-05
threshold=-0.37940952255126015 29.750000000000004 -0.98296291314453399 31.750000000000004 23.550000000000004 0.87837969732492682 27.950000000000003 24.050000000000004 58.550000000000004 31.150000000000002 0.6078576107927941 60.20000000000001
decision_type=2 2 2 2 2 2 2 2 2 2 2 2
left_child=1 8 -3 9 -2 6 7 -6 -1 11 -9 -4
right_child=4 2 3 -5 5 -7 -8 10 -10 -11 -12 -13
leaf_value=0.11976072580299191 0.018334490346504983 -0.028392968567873995 0.077893780805285098 -0.057159657434525959 -0.0046033726806203922 -0.091853554638124932 0.012558294156389246 -0.076769226893096773 0.078967334119708729 0.079731280670320079 -0.078416776484411033 0.076495748376374934
leaf_weight=0.84318965207785623 3.9273621737957027 5.6312424838542929 1.3721384732052686 0.96596747636795033 4.4995040893554652 1.6940538403578109 4.4421933852136135 2.6098605440929536 1.0138784311711786 0.787554146721959 0.5656085992231964 0.63469107728451479
leaf_count=11 13 20 37 4 18 35 19 116 32 13 14 27
internal_value=-0.00376263 0.0163724 0.000332517 0.0433498 -0.0165309 -0.0264453 -0.0173008 -0.0345829 0.0974893 0.0780941 -0.0770627 0.0774516
internal_weight=28.9872 11.2487 9.39159 3.76035 17.7386 13.8112 12.1172 7.67497 1.85707 2.79438 3.17547 2.00683
internal_count=359 144 101 81 215 202 167 148 43 77 130 64
is_linear=0
shrinkage=0.1


Tree=119
num_leaves=14
num_cat=0
split_feature=2 5 6 5 6 6 3 5 5 5 5 5 6
split_gain=0.304833 0.657866 0.505613 0.710074 0.50059 0.508194 0.467853 0.314979 0.00502911 0.00404937 0.000333374 1.74174e-06 1.81332e-07
threshold=0.6078576107927941 23.650000000000002 50.000000000000007 32.20000000000001 71.750000000000014 75.250000000000014 -1.0000000180025095e-35 31.750000000000004 23.950000000000003 23.950000000000003 24.050000000000004 24.850000000000005 60.20000000000001
decision_type=2 2 2 2 2 2 2 2 2 2 2 2 2
left_child=2 -2 -1 4 6 -6 9 -8 -3 -4 -10 -12 -13
right_child=1 8 3 -5 5 -7 7 -9 10 -11 11 12 -14
leaf_value=-0.11143275465137731 0.017321401685672127 -0.090803886689089564 -0.094115357468423658 0.12147341836260298 0.078894965056922908 0.0048196024193795511 -0.019197148240778481 0.077167652716545021 -0.081980548604779352 -0.07843369369390929 -0.075865171834544345 -0.075478365626648558 -0.075303597062042094
leaf_weight=0.30915715865558002 1.4814537838101389 0.63647501915693261 0.21580496430397045 0.62022402882575978 1.4626423873705792 2.5249766016495414 1.2829042508383279 0.46110413968563091 0.10386475175619125 0.69487837865017354 0.10500280628912151 0.10315509483916685 0.13985837274231017
leaf_count=6 7 4 1 2 24 35 84 2 1 119 12 20 42
internal_value=0.0037139 -0.0260456 0.0138142 0.0191458 0.00959098 0.0319901 -0.0240549 0.00628106 -0.0850762 -0.0821498 -0.0770087 -0.0755248 -0.0753778
internal_weight=10.1415 2.56981 7.57169 7.26253 6.64231 3.98762 2.65469 1.74401 1.08836 0.910683 0.451881 0.348016 0.243013
internal_count=359 86 273 267 265 59 206 86 79 120 75 74 62
is_linear=0
shrinkage=0.1


Tree=120
num_leaves=14
num_cat=0
split_feature=5 2 6 6 0 5 3 3 2 0 1 5 1
split_gain=1.40965 0.447991 0.397103 0.599421 0.88815 0.985363 0.582768 1.52608 0.552093 0.00951415 6.83496e-05 5.77749e-06 2.47743e-06
threshold=28.250000000000004 0.87837969732492682 61.100000000000001 62.850000000000001 -0.78656609248549303 25.350000000000005 -1.0000000180025095e-35 -0.56174490092936669 -0.60785761079279388 0.91597561503675362 -0.98296291314453399 31.150000000000002 -0.60355339059327384
decision_type=2 2 2 2 2 2 2 2 2 2 2 2 2
left_child=2 9 -1 -4 5 8 7 -6 -5 10 -2 12 -12
right_child=1 -3 3 4 6 -7 -8 -9 -10 -11 11 -13 -14
leaf_value=0.03599140417337629 -0.077085650241811979 0.0014112466227568896 -0.04348060617297346 0.0040241980213489075 0.05674315484773014 0.042635795105445073 0.066626268229542596 -0.053699205761081274 -0.043278401100746211 -0.089284548922096182 -0.07566245966925593 -0.076261154951800095 -0.076030867054519197
leaf_weight=3.749461565166718 0.69987365137785706 0.89415525924414385 2.6903358139097717 4.1543656252324652 3.0714269950985909 2.8261659927666178 3.0893349330872208 2.111078062094748 6.0763711621984857 0.78457853943109501 0.77891714358702324 0.28083869721740473 0.23840243835002095
leaf_count=19 21 14 14 18 29 36 26 25 42 5 77 15 18
internal_value=-0.00197987 -0.0601662 0.00572444 0.000999658 0.00661025 -0.00963183 0.032248 0.0117548 -0.0240704 -0.0799533 -0.0762891 -0.0758596 -0.0757488
internal_weight=31.4453 3.67677 27.7685 24.0191 21.3287 13.0569 8.27184 5.18251 10.2307 2.78261 1.99803 1.29816 1.01732
internal_count=359 150 209 190 176 96 80 54 60 136 131 110 95
is_linear=0
shrinkage=0.1


Tree=121
num_leaves=10
num_cat=0
split_feature=5 5 5 5 6 6 6 2 6
split_gain=0.290107 0.217485 0.778508 0.497414 0.61886 0.881907 0.49579 0.408033 0.213197
threshold=23.650000000000002 30.650000000000002 29.750000000000004 28.550000000000004 71.450000000000017 74.750000000000014 63.150000000000013 -1.0000000180025095e-35 59.650000000000013
decision_type=2 2 2 2 2 2 2 2 2
left_child=-1 2 3 4 6 -6 -2 -3 -4
right_child=1 7 8 -5 5 -7 -8 -9 -10
leaf_value=-0.035095803453514506 -0.0053851234891588023 -0.040035393241027152 0.084575510179348612 -0.047246900494153449 -0.095394127315734489 0.01546439960046443 0.031098873574441046 0.027836031740056791 0.031176062805188084
leaf_weight=1.7327110171318079 6.2168253841810062 2.4045617831870918 1.5230319644324475 1.7503332879859943 1.2917701690457755 1.614478687290102 9.29170123208314 1.4023570264689613 1.4686277601867912
leaf_count=20 41 33 21 37 25 42 93 22 25
internal_value=0.00456781 0.00711663 0.0107581 0.00369574 0.00853786 -0.03381 0.0164737 -0.0150336 0.0583613
internal_weight=28.6964 26.9637 23.1568 20.1651 18.4148 2.90625 15.5085 3.80692 2.99166
internal_count=359 339 284 238 201 67 134 55 46
is_linear=0
shrinkage=0.1


Tree=122
num_leaves=9
num_cat=0
split_feature=6 3 7 5 5 1 6 0
split_gain=0.71 0.707512 1.5753 0.974816 0.889371 1.30551 0.593694 0.0532817
threshold=79.850000000000009 0.81174490092936691 1.0000000180025095e-35 30.550000000000004 29.750000000000004 -0.37940952255126015 56.650000000000013 0.91597561503675362
decision_type=2 2 2 2 2 2 2 2
left_child=1 2 7 4 5 -4 -5 -1
right_child=-2 -3 3 6 -6 -7 -8 -9
leaf_value=-0.062500686280492573 -0.055888156496165166 -0.047358291178087174 0.097548636062772059 0.10065235909401456 -0.049335199339793551 0.0023656527465884258 0.02700467866061191 -0.095802510819848141
leaf_weight=0.93056873790920736 2.3766627172008148 2.6817651223391286 1.6356315808370823 1.7825652472674836 2.6744636893272391 12.109215061180286 2.8360029319301248 0.9932448179461062
leaf_count=9 19 34 40 22 35 141 27 32
internal_value=-0.00360057 0.0012455 0.00692209 0.0148427 0.00342613 0.0136924 0.0554295 -0.0796941
internal_weight=28.0201 25.6435 22.9617 21.0379 16.4193 13.7448 4.61857 1.92381
internal_count=359 340 306 265 216 181 49 41
is_linear=0
shrinkage=0.1


Tree=123
num_leaves=16
num_cat=0
split_feature=2 5 6 5 6 0 5 2 6 6 5 5 5 5 6
split_gain=0.287898 0.584477 0.453856 0.607744 0.439005 0.554221 0.636795 0.4346 1.05831 0.839778 0.00598025 0.00412606 0.000240132 1.62231e-06 1.4008e-07
threshold=0.6078576107927941 23.650000000000002 50.000000000000007 32.20000000000001 65.850000000000009 0.12940952255126059 31.750000000000004 -1.0000000180025095e-35 75.250000000000014 79.850000000000009 23.950000000000003 23.950000000000003 24.050000000000004 24.650000000000002 60.20000000000001
decision_type=2 2 2 2 2 2 2 2 2 2 2 2 2 2 2
left_child=2 -2 -1 4 5 10 -7 9 -9 -6 -4 -3 -13 -14 -15
right_child=1 11 3 -5 7 6 -8 8 -10 -11 -12 12 13 14 -16
leaf_value=-0.10801156832157331 0.013680621420642292 -0.08978090786908785 -0.098702754374715707 0.11477158329468568 -0.040113776739416865 -0.0753841770592516 0.13184796824661058 0.12672299101740564 -0.012890469052496032 0.07539105496711504 -0.080497118184336969 -0.081233672684377436 -0.075853201832007389 -0.075444125977066026 -0.075284793309685877
leaf_weight=0.29713508632266883 1.4985964968800547 0.60546354204416253 0.24329896271228768 0.59634208679199208 1.9092827924177984 0.27129723748657852 0.32701531052589417 1.0927376649924556 1.0791430874960495 0.93903710553422559 0.69824580597924069 0.094465211033821106 0.088819610420614481 0.0930194808752276 0.13563541579060256
leaf_count=6 7 4 1 2 70 69 1 31 13 8 72 1 10 20 44
internal_value=0.00321642 -0.0260324 0.0130896 0.0181177 0.0093314 -0.0373777 0.0378812 0.0236586 0.0573532 -0.00203402 -0.0852015 -0.0845281 -0.0768075 -0.0754905 -0.0753496
internal_weight=9.96953 2.516 7.45354 7.1564 6.56006 1.53986 0.598313 5.0202 2.17188 2.84832 0.941545 1.0174 0.41194 0.317475 0.228655
internal_count=359 86 273 267 265 143 70 122 44 78 73 79 75 74 64
is_linear=0
shrinkage=0.1


Tree=124
num_leaves=15
num_cat=0
split_feature=1 5 1 2 2 0 5 6 1 2 5 6 6 6
split_gain=1.27205 0.287418 0.871736 0.887309 0.704876 0.941224 0.908568 0.179116 8.54958e-05 4.14623e-06 1.92094e-06 9.24324e-07 5.5224e-07 2.63612e-07
threshold=-0.37940952255126015 27.050000000000004 0.1294095225512602 -1.0000000180025095e-35 1.0000000180025095e-35 -0.91597561503675329 24.050000000000004 61.800000000000004 -0.98296291314453399 1.0000000180025095e-35 31.150000000000002 60.20000000000001 57.300000000000004 64.350000000000009
decision_type=2 2 2 2 2 2 2 2 2 2 2 2 2 2
left_child=8 2 3 -2 5 -4 -6 -3 -1 10 11 12 -10 -13
right_child=1 7 4 -5 6 -7 -8 -9 9 -11 -12 13 -14 -15
leaf_value=-0.077187736305136034 0.0023039227835532192 0.0044741383644036712 -0.012697902731110284 0.080157137358029137 -0.06047687865646504 0.056986412194069407 0.0094608528697085036 -0.026320825488341928 -0.075681788223622606 -0.076146422583378878 -0.076032113527019538 -0.075479496372094793 -0.075902246441393817 -0.075657483820133695
leaf_weight=0.75857491418719325 2.842988321557641 3.3336613550782195 4.4152796268463197 3.0179739845916691 3.6669855564832687 3.4550962634384552 3.764381886459887 4.35768130607903 0.25316806742921716 0.38212910713627934 0.2048525707796216 0.17907553026452661 0.20614729728549719 0.15544200548902154
leaf_count=23 24 13 19 38 16 36 36 33 26 27 13 23 15 17
internal_value=-0.00193445 0.00358199 0.00959884 0.0423927 -0.00296207 0.0178935 -0.0250497 -0.0129734 -0.0763348 -0.0758663 -0.0757591 -0.0756886 -0.0757807 -0.0755622
internal_weight=30.9934 28.854 21.1627 5.86096 15.3017 7.87038 7.43137 7.69134 2.13939 1.38081 0.998685 0.793833 0.459315 0.334518
internal_count=359 215 169 62 107 55 52 46 144 121 94 81 41 40
is_linear=0
shrinkage=0.1


Tree=125
num_leaves=13
num_cat=0
split_feature=6 6 6 2 5 2 6 6 6 6 0 5
split_gain=0.273026 0.677639 0.534749 0.425292 1.41616 0.377665 0.741381 0.643623 0.899975 1.36876 0.609389 0.597131
threshold=59.650000000000013 60.750000000000007 58.95000000000001 -1.0000000180025095e-35 30.550000000000004 -0.8783796973249266 69.050000000000011 68.050000000000011 71.200000000000003 75.250000000000014 -0.91597561503675329 27.050000000000004
decision_type=2 2 2 2 2 2 2 2 2 2 2 2
left_child=2 -2 3 4 -1 6 -3 10 -9 -10 -7 -12
right_child=1 5 -4 -5 -6 7 -8 8 9 -11 11 -13
leaf_value=0.037781863422843981 -0.055395358017165934 -0.020019241308616958 0.068985221120463 0.034152645159109159 -0.10528957009402676 0.053724193546335265 0.070772809879300291 -0.08723953387944787 0.040453246801336377 -0.086344053274912236 -0.036214795655786433 0.023048927916285277
leaf_weight=1.683641598094255 2.0813567487057325 1.5307917324826203 1.7734566852450369 2.7353948503732708 1.1744421068578956 2.7043724115937948 2.1804825197905302 1.8074246030300862 2.5634052418172364 1.2746945221442727 2.9641356999054462 3.9870719753671438
leaf_count=23 22 29 15 27 23 20 20 35 33 43 27 42
internal_value=0.00456396 -0.00122428 0.0211374 0.00596687 -0.021009 0.00470603 0.0333238 -0.00223518 -0.0290572 -0.00165817 0.0134474 -0.00222232
internal_weight=28.4607 21.0937 7.36694 5.59348 2.85808 19.0124 3.71127 15.3011 5.64552 3.8381 9.65558 6.95121
internal_count=359 271 88 73 46 249 49 200 111 76 89 69
is_linear=0
shrinkage=0.1


Tree=126
num_leaves=9
num_cat=0
split_feature=3 7 5 6 5 5 3 5
split_gain=0.596176 1.52039 1.02377 0.558618 0.541509 0.846319 1.00446 0.0599086
threshold=0.81174490092936691 1.0000000180025095e-35 30.550000000000004 56.650000000000013 29.750000000000004 28.550000000000004 1.0000000180025095e-35 28.650000000000002
decision_type=2 2 2 2 2 2 2 2
left_child=1 7 4 -4 5 6 -3 -1
right_child=-2 2 3 -5 -6 -7 -8 -9
leaf_value=-0.062756656714385448 -0.047257140320343949 -0.028568452531305577 0.098402060969360661 0.024821494581944818 -0.042786928057109125 0.069463470198151245 0.025984864426584126 -0.096322738139722003
leaf_weight=1.0746362628415291 2.7995282420888534 7.1584108294919186 1.646106800995766 2.7647156696766615 2.6966441841796032 1.8382373237982381 6.3861198183149099 1.0524993352591989
leaf_count=34 35 117 22 27 35 33 48 8
internal_value=-0.00352944 0.00144335 0.00908624 0.0522816 -0.0014521 0.00579402 -0.00284707 -0.079365
internal_weight=27.4169 24.6174 22.4902 4.41082 18.0794 15.3828 13.5445 2.12714
internal_count=359 324 282 49 233 198 165 42
is_linear=0
shrinkage=0.1


Tree=127
num_leaves=9
num_cat=0
split_feature=5 5 6 6 3 6 6 3
split_gain=0.387639 0.631868 0.293674 0.896771 0.339197 0.81324 0.742955 0.00060355
threshold=22.700000000000003 23.050000000000004 82.600000000000009 74.450000000000017 1.0000000180025095e-35 56.650000000000013 73.750000000000014 1.0000000180025095e-35
decision_type=2 2 2 2 2 2 2 2
left_child=-1 -2 3 4 6 -6 -3 -5
right_child=1 2 -4 7 5 -7 -8 -9
leaf_value=-0.087885013545152477 0.091059511942398932 -0.050471490941682066 0.032385436094990429 -0.093004697820622623 -0.096208691137154564 0.04750322971546464 0.11646116282316828 -0.088455401180938462
leaf_weight=0.44988457858562547 0.81845593452453513 1.7630937378271467 2.0110085131600499 0.55784695915644966 0.46033480821643058 2.7227316291537136 0.31411170586943615 0.61107793508563191
leaf_count=3 3 170 12 28 23 104 2 14
internal_value=0.00276335 0.00716802 -0.000967034 -0.0113995 0.00620618 0.0267196 -0.0252282 -0.0906265
internal_weight=9.70855 9.25866 8.44021 6.4292 5.26027 3.18307 2.07721 1.16892
internal_count=359 356 353 341 299 127 172 42
is_linear=0
shrinkage=0.1


Tree=128
num_leaves=12
num_cat=0
split_feature=1 1 6 1 1 6 2 1 2 1 6
split_gain=1.15778 0.311786 0.360406 0.370914 1.37681 0.53021 0.514238 6.33749e-05 3.28638e-06 1.2539e-06 3.33804e-07
threshold=-0.37940952255126015 0.60355339059327384 61.100000000000001 -0.12940952255126037 0.1294095225512602 63.650000000000013 -0.60785761079279388 -0.98296291314453399 1.0000000180025095e-35 -0.9159756150367534 60.20000000000001
decision_type=2 2 2 2 2 2 2 2 2 2 2
left_child=7 2 -2 -4 5 -5 -6 -1 9 -9 -11
right_child=1 -3 3 4 6 -7 -8 8 -10 10 -12
leaf_value=-0.076988190761491937 0.025101361402843116 0.034484112334010712 -0.027397861889022979 -0.00023255330257108218 0.012676466316783919 0.087425994704677781 -0.029858722843763608 -0.075841345670132926 -0.07605966811609749 -0.075658612323753649 -0.07549300793135881
leaf_weight=0.69346121232956637 4.593329440802342 2.8720041802152982 5.7750487998128035 0.99907326698302457 4.6579163987189611 2.2305772509425879 7.2917406912892959 0.37072469107806671 0.34990105638280511 0.36264541326090949 0.1832063146866858
leaf_count=23 21 36 26 10 22 51 49 29 27 38 27
internal_value=-0.00188188 0.00324477 -0.000267078 -0.005828 0.00237837 0.0603093 -0.0132787 -0.0762197 -0.0757989 -0.0756994 -0.075603
internal_weight=30.3796 28.4197 25.5477 20.9544 15.1793 3.22965 11.9497 1.95994 1.26648 0.916576 0.545852
internal_count=359 215 179 158 132 61 71 144 121 94 65
is_linear=0
shrinkage=0.1


Tree=129
num_leaves=14
num_cat=0
split_feature=1 0 5 5 0 1 6 3 6 5 2 6 5
split_gain=0.245788 1.32812 0.625158 0.425077 1.47315 1.21526 0.256093 0.0298691 0.000102081 4.8047e-05 6.74886e-05 3.99418e-05 5.3124e-06
threshold=-0.12940952255126037 -0.91597561503675329 26.750000000000004 28.350000000000005 0.91597561503675362 -0.98296291314453399 67.050000000000011 -0.22252093395631442 74.750000000000014 24.850000000000005 -1.0000000180025095e-35 59.650000000000013 23.950000000000003
decision_type=2 2 2 2 2 2 2 2 2 2 2 2 2
left_child=2 6 -1 -4 5 -5 -2 -8 9 -3 -11 -7 -10
right_child=1 8 3 4 -6 11 7 -9 12 10 -12 -13 -14
leaf_value=0.060309079607822995 0.033633264980616868 -0.078208208308321064 -0.01744211094438575 0.020107472995998656 0.10497909840187454 -0.076784140054405217 0.0053013384705104397 -0.009238851496558554 -0.076255244390349544 -0.077941101771371882 -0.076300195541295149 -0.075752935454537457 -0.075558155116901463
leaf_weight=2.3083301037550035 3.0272616911679489 0.73099472559988443 5.5827925787307313 6.0845359042286882 1.5941401496529577 1.0854513994418056 2.6711897891946137 2.9989672200754285 0.20563000626862038 0.51487666182219893 0.48841006122529573 0.57436459674499918 0.23342424188740551
leaf_count=8 24 18 30 23 6 59 19 24 10 16 31 59 32
internal_value=0.00445068 -0.00732355 0.0118795 0.00438736 0.0174376 -0.000582439 0.0101491 -0.00238902 -0.0772467 -0.0775916 -0.0771423 -0.0764273 -0.0758846
internal_weight=28.1004 10.8708 17.2296 14.9213 9.33849 7.74435 8.69742 5.67016 2.17334 1.73428 1.00329 1.65982 0.439054
internal_count=359 174 185 177 147 141 67 43 107 65 47 118 42
is_linear=0
shrinkage=0.1


Tree=130
num_leaves=8
num_cat=0
split_feature=6 6 5 5 0 5 5
split_gain=0.548619 0.643546 0.643689 1.3428 0.486522 0.992897 0.697083
threshold=76.750000000000014 74.450000000000017 23.550000000000004 23.750000000000004 0.91597561503675362 31.750000000000004 28.350000000000005
decision_type=2 2 2 2 2 2 2
left_child=1 2 -1 -4 5 -5 -6
right_child=-2 -3 3 4 6 -7 -8
leaf_value=0.065555237484428819 -0.042746663129212957 0.064277558139227878 -0.10144514832829953 0.018459360044196221 -0.0017392399681264597 -0.074267120079824347 -0.078791202288005277
leaf_weight=1.3056161701679325 3.1327284299768499 1.5405520820058871 1.3992208093404794 12.631854069884868 3.8912553093396118 1.270961396396159 1.6815035641193388
leaf_count=4 38 19 6 220 60 6 6
internal_value=-0.00341537 0.00177896 -0.00256192 -0.00682231 -2.41438e-05 0.00998253 -0.0249886
internal_weight=26.8537 23.721 22.1804 20.8748 19.4756 13.9028 5.57276
internal_count=359 321 302 298 292 226 66
is_linear=0
shrinkage=0.1


Tree=131
num_leaves=7
num_cat=0
split_feature=5 5 5 5 5 5
split_gain=0.34926 0.516234 0.264545 0.648468 1.3562e-05 1.60846e-06
threshold=22.700000000000003 23.050000000000004 31.750000000000004 24.050000000000004 31.550000000000004 24.350000000000005
decision_type=2 2 2 2 2 2
left_child=-1 -2 3 -3 5 -5
right_child=1 2 -4 4 -6 -7
leaf_value=-0.086550355867366785 0.082028337170933496 0.0052189734292196329 0.039190135820066613 -0.075758362715391755 -0.076648711413602647 -0.07534886633122638
leaf_weight=0.42098384350538331 0.82545424997806449 5.7052147760987264 1.3731695264577863 0.10601081792265166 0.09238299261778582 1.0077409360383169
leaf_count=3 3 27 6 14 5 301
internal_value=0.00249923 0.00661432 -0.000899789 -0.00886499 -0.0754844 -0.0753878
internal_weight=9.53096 9.10997 8.28452 6.91135 1.20613 1.11375
internal_count=359 356 353 347 320 315
is_linear=0
shrinkage=0.1


Tree=132
num_leaves=12
num_cat=0
split_feature=6 6 5 3 2 3 1 1 2 5 3
split_gain=1.12431 1.25599 0.757138 1.31308 0.694992 0.363465 1.49249 0.971473 0.559777 0.414686 0.107354
threshold=59.650000000000013 61.100000000000001 27.950000000000003 -0.22252093395631442 0.6078576107927941 -0.22252093395631442 0.1294095225512602 -0.12940952255126037 0.6078576107927941 25.250000000000004 1.0000000180025095e-35
decision_type=2 2 2 2 2 2 2 2 2 2 2
left_child=4 -2 5 -4 10 7 -7 -3 -8 -9 -1
right_child=1 2 3 -5 -6 6 8 9 -10 -11 -12
leaf_value=-0.061712032294783573 0.067872476659447983 -0.063461791140953863 0.014040284281457061 -0.11964338726445607 0.01494056683670541 0.077685800531700405 0.025246154084160963 -0.0072743401346538469 -0.027591532335031938 0.044218461060283903 -0.10827214982995614
leaf_weight=0.7908308408223127 2.8237957931123701 2.5262953042984009 1.5304751526564362 1.4131703719031055 0.87859567254781712 2.9291397230699614 3.4537972025573236 5.1495507853105753 4.780073557049036 2.2461316706612706 1.3247623743955044
leaf_count=34 26 9 32 33 17 37 24 38 32 40 37
internal_value=-0.00169689 0.00478413 -0.00262988 -0.0501379 -0.0598199 0.00400265 0.0163807 -0.00992366 -0.00542812 0.00836446 -0.0908675
internal_weight=29.8466 26.8524 24.0286 2.94365 2.99419 21.085 11.163 9.92198 8.23387 7.39568 2.11559
internal_count=359 271 245 65 88 180 93 87 56 78 71
is_linear=0
shrinkage=0.1


Tree=133
num_leaves=12
num_cat=0
split_feature=6 6 0 2 6 5 0 5 5 5 5
split_gain=0.257988 0.618828 0.432499 0.313047 0.581894 0.558533 0.328926 1.28288 0.42213 0.167241 0.242628
threshold=59.650000000000013 60.750000000000007 0.91597561503675362 -0.8783796973249266 69.050000000000011 23.950000000000003 -0.91597561503675329 26.050000000000004 24.650000000000002 31.150000000000002 30.650000000000002
decision_type=2 2 2 2 2 2 2 2 2 2 2
left_child=2 -2 9 4 -3 -5 8 -8 -7 10 -1
right_child=1 3 -4 5 -6 6 7 -9 -10 -11 -12
leaf_value=0.012063021562609163 -0.054190771640413263 -0.018486333617732123 0.062596470341704166 -0.048785815792314863 0.062351554635097554 0.066098947997277419 -0.10558108074397243 0.0096331802924183221 0.0028099276465112875 0.029551443800007161 -0.044240255613158724
leaf_weight=2.2285101525485547 2.0169908166863051 1.4815717069432204 1.8172465115785597 2.2064873920753554 2.2318555281963199 1.739858690649277 1.119274039287111 7.0774488293100148 2.6729526491835713 1.9369835229590533 1.1657468476332722
leaf_count=38 22 29 9 25 20 9 58 73 35 20 21
internal_value=0.00410344 -0.00158952 0.0204664 0.0041363 0.0300991 -0.00237091 0.00575103 -0.00609949 0.0277632 0.00610557 -0.00727416
internal_weight=27.6949 20.5464 7.14849 18.5294 3.71343 14.816 12.6095 8.19672 4.41281 5.33124 3.39426
internal_count=359 271 88 249 49 200 175 131 44 79 59
is_linear=0
shrinkage=0.1


Tree=134
num_leaves=14
num_cat=0
split_feature=5 5 0 6 6 6 1 5 5 1 0 0 3
split_gain=0.460492 1.53975 0.559665 0.550427 1.09443 0.754851 0.294391 0.00283587 8.38837e-05 9.13392e-05 3.41708e-05 2.30914e-05 5.25672e-07
threshold=27.950000000000003 24.050000000000004 1.0000000180025095e-35 60.20000000000001 56.650000000000013 63.150000000000013 -0.9159756150367534 28.650000000000002 24.350000000000005 -0.12940952255126037 -0.78656609248549303 -0.98296291314453399 1.0000000180025095e-35
decision_type=2 2 2 2 2 2 2 2 2 2 2 2 2
left_child=1 -1 6 4 -4 -5 -2 -8 -3 -10 11 -11 -12
right_child=2 8 3 5 -6 -7 7 -9 9 10 12 -13 -14
leaf_value=0.004653778234058787 0.0022640853568508231 -0.078062746738504149 0.03364417579906559 0.070207411512299159 -0.046037680661339148 -0.0065617852858810737 0.088123394608629141 0.079004937933791819 -0.077549168368180862 -0.07590861474617272 -0.075511330443476576 -0.076810894773850613 -0.075719895291109673
leaf_weight=8.3088924661278742 0.67077661957591805 0.51216682605445329 2.7220725407823902 2.1969960713759065 4.6998954117298126 3.0713964141905308 0.5842570075765241 0.81942048063501716 0.81763488240540017 0.40207376377657 0.32220109971240241 0.96293418668210495 0.19337346963584423
leaf_count=33 15 14 22 21 29 29 11 39 22 29 39 39 17
internal_value=-0.00308674 -0.0180721 0.00860457 0.000732932 -0.0168137 0.0254521 0.0567589 0.0828003 -0.0768895 -0.0766668 -0.0762831 -0.0765451 -0.0755896
internal_weight=26.2841 11.5193 14.7648 12.6904 7.42197 5.26839 2.07445 1.40368 3.21038 2.69822 1.88058 1.36501 0.515575
internal_count=359 193 166 101 51 50 65 50 160 146 124 68 56
is_linear=0
shrinkage=0.1


Tree=135
num_leaves=16
num_cat=0
split_feature=2 5 5 6 5 6 0 5 0 5 2 5 5 5 5
split_gain=0.275195 0.603204 1.93765 0.404139 0.459844 0.368605 0.48901 0.492812 0.325387 1.09616 0.397108 0.00689867 0.00266753 0.000126233 1.10509e-06
threshold=0.6078576107927941 23.550000000000004 23.650000000000002 50.000000000000007 32.20000000000001 65.850000000000009 0.12940952255126059 31.750000000000004 -0.78656609248549303 23.950000000000003 -1.0000000180025095e-35 23.950000000000003 23.950000000000003 24.050000000000004 24.650000000000002
decision_type=2 2 2 2 2 2 2 2 2 2 2 2 2 2 2
left_child=3 -2 -3 -1 5 6 11 -8 10 -10 -7 -5 -4 -14 -15
right_child=1 2 12 4 -6 8 7 -9 9 -11 -12 -13 13 14 -16
leaf_value=-0.10498411978172542 -0.094060215093441174 0.14334928559711693 -0.087675619367383884 -0.099465650455689378 0.10517854291159737 0.013306671853157835 -0.075317319290099313 0.11900270181640023 -0.099262228130282501 0.093747635093611711 0.083589392595630418 -0.079471148638133329 -0.080003791203967375 -0.075744889682457406 -0.075290145079722023
leaf_weight=0.28321426929323923 0.86498440057039294 0.64115408062934853 0.57348613440990448 0.24729228019714333 0.54306477308273304 2.3346338496194226 0.2250298218568787 0.31071749329566956 0.73705795407295205 0.48978270660154521 1.2261272461619226 0.57102674897760153 0.078176774084568024 0.07513053750153631 0.18509607785381377
leaf_count=6 5 2 4 1 2 40 69 1 3 62 17 72 1 10 64
internal_value=0.00193203 -0.0271351 0.0101395 0.012019 0.0169761 0.00917694 -0.0368886 0.0373825 0.0222056 -0.0222083 0.0375081 -0.0855134 -0.0835209 -0.07648 -0.0754214
internal_weight=9.38598 2.41803 1.55304 6.96795 6.68473 6.14167 1.35407 0.535747 4.7876 1.22684 3.56076 0.818319 0.91189 0.338403 0.260227
internal_count=359 86 81 273 267 265 143 70 122 65 57 73 79 75 74
is_linear=0
shrinkage=0.1


Tree=136
num_leaves=14
num_cat=0
split_feature=5 2 6 5 1 3 2 5 0 0 1 5 1
split_gain=1.01939 0.42512 0.283714 0.464524 0.78143 0.895432 0.671463 0.62092 0.604906 0.00956828 2.60897e-05 1.48039e-06 6.22888e-07
threshold=28.250000000000004 0.87837969732492682 60.750000000000007 27.050000000000004 0.1294095225512602 -0.22252093395631442 1.0000000180025095e-35 24.050000000000004 -0.91597561503675329 0.91597561503675362 -0.98296291314453399 31.150000000000002 -0.60355339059327384
decision_type=2 2 2 2 2 2 2 2 2 2 2 2 2
left_child=2 9 -1 4 5 -4 8 -8 -6 10 -2 12 -12
right_child=1 -3 3 -5 6 -7 7 -9 -10 -11 11 -13 -14
leaf_value=0.034059618530717539 -0.076512431993345897 0.0037260504422684301 0.0068018268505819768 -0.029090912168508589 -0.0080482709795755541 0.096630905243683077 -0.056405964256547085 0.0039866807585260651 0.048502868280389209 -0.090083819062248646 -0.075500633699993241 -0.075865339479229923 -0.07572258731921401
leaf_weight=2.9268863182514968 0.50224778661504432 0.82705341512337316 2.7072508065029979 4.1980719380080691 4.3562375158071607 1.8804764030501306 3.449195109307766 3.3616260271519423 3.3430684404447568 0.72120507061481465 0.56287295510992452 0.18801797460764647 0.16307154321111628
leaf_count=17 21 14 28 31 19 27 16 35 36 5 77 15 18
internal_value=-0.00156921 -0.0571519 0.00471437 0.00102745 0.00764804 0.0436221 -0.00372603 -0.0265979 0.0165065 -0.080708 -0.0759334 -0.0756153 -0.0755505
internal_weight=29.1873 2.96447 26.2228 23.2959 19.0979 4.58773 14.5101 6.81082 7.69931 2.13742 1.41621 0.913962 0.725944
internal_count=359 150 209 192 161 55 106 51 55 136 131 110 95
is_linear=0
shrinkage=0.1


Tree=137
num_leaves=13
num_cat=0
split_feature=7 5 2 6 6 6 2 1 5 0 2 6
split_gain=0.239328 0.617016 0.296552 1.13485 0.469501 0.9709 0.914893 0.692025 0.895512 0.481386 0.0993494 0.000705208
threshold=1.0000000180025095e-35 28.050000000000004 0.6078576107927941 64.750000000000014 66.450000000000017 63.150000000000013 -0.8783796973249266 -0.98296291314453399 26.750000000000004 1.0000000180025095e-35 0.87837969732492682 71.750000000000014
decision_type=2 2 2 2 2 2 2 2 2 2 2 2
left_child=1 -1 4 -4 5 7 -6 -2 -9 11 -5 -8
right_child=2 -3 3 10 6 -7 9 8 -10 -11 -12 -13
leaf_value=-0.013242378080074358 0.035857525744472644 0.10428328125533898 -0.05894313451829624 0.039127356428102639 0.029811215782913975 0.066361142577493981 -0.084503444468386257 0.041877935743113645 -0.047579846599263599 -0.01043920933162922 0.0054759327415205301 -0.080590269716680762
leaf_weight=1.0055736578069652 3.6687213480472618 0.80379172507673491 3.2730635106563559 1.8185394578613341 2.7466263058595359 3.2327021821402004 0.85685805859975428 1.6019725669175384 3.7117581337224692 1.865943506360054 1.6950814488809556 0.99566465127281845
leaf_count=35 14 11 29 18 28 31 22 10 84 12 24 41
internal_value=0.00382495 0.0389672 0.00132818 -0.0165748 0.00783247 0.0193661 -0.0139591 0.00245297 -0.0206103 -0.0462899 0.0228928 -0.0824003
internal_weight=27.2763 1.80937 25.4669 6.78668 18.6802 12.2152 6.46509 8.98245 5.31373 3.71847 3.51362 1.85252
internal_count=359 46 313 71 242 139 103 108 94 75 42 63
is_linear=0
shrinkage=0.1


Tree=138
num_leaves=9
num_cat=0
split_feature=3 7 5 5 5 3 6 5
split_gain=0.476715 1.18246 0.804204 0.540066 0.787865 0.789868 0.479589 0.0397109
threshold=0.81174490092936691 1.0000000180025095e-35 30.550000000000004 29.750000000000004 28.550000000000004 1.0000000180025095e-35 56.650000000000013 28.650000000000002
decision_type=2 2 2 2 2 2 2 2
left_child=1 7 3 4 5 -3 -4 -1
right_child=-2 2 6 -5 -6 -7 -8 -9
leaf_value=-0.059043099205268845 -0.043701365098544429 -0.025877952892642098 0.095769947520165044 -0.042967312454085325 0.070492025636723132 0.023769272888260293 0.023186768243824638 -0.087902161424625161
leaf_weight=0.93269581953064207 2.5848393044434479 6.6526453439146334 1.4097665636800223 2.6011089682579032 1.6994708813726891 6.1826881431043148 2.5695688100531697 0.97550214361399412
leaf_count=34 35 117 22 35 33 48 27 8
internal_value=-0.00298138 0.00159024 0.00840298 -0.00100154 0.00650854 -0.00196324 0.0489009 -0.0737963
internal_weight=25.6083 23.0234 21.1152 17.1359 14.5348 12.8353 3.97934 1.9082
internal_count=359 324 282 233 198 165 49 42
is_linear=0
shrinkage=0.1


Tree=139
num_leaves=7
num_cat=0
split_feature=5 5 2 6 6 6
split_gain=0.308544 0.450323 0.258048 0.454377 0.341889 0.795246
threshold=22.700000000000003 23.050000000000004 0.87837969732492682 86.450000000000003 82.600000000000009 74.450000000000017
decision_type=2 2 2 2 2 2
left_child=-1 -2 3 4 5 -3
right_child=1 2 -4 -5 -6 -7
leaf_value=-0.085688439162302718 0.077046142944470791 0.0078053294800693564 0.065523019504682187 -0.097800043250048263 0.050343773111643279 -0.089635100454204239
leaf_weight=0.38467337936163026 0.80573710799217035 4.7052275674068369 0.53662776894634578 0.50551917403936375 1.1439044717699287 1.0189574161777271
leaf_count=3 3 262 48 4 6 33
internal_value=0.00195794 0.00582615 -0.00142832 -0.00630083 0.000433886 -0.00953996
internal_weight=9.10065 8.71597 7.91024 7.37361 6.86809 5.72418
internal_count=359 356 353 305 301 295
is_linear=0
shrinkage=0.1


Tree=140
num_leaves=12
num_cat=0
split_feature=6 6 2 5 3 3 5 1 5 6 3
split_gain=0.935325 0.94168 0.624759 0.57333 1.20844 0.271542 1.29655 0.831634 0.473796 0.357805 0.0979125
threshold=59.650000000000013 61.100000000000001 0.6078576107927941 27.950000000000003 -0.22252093395631442 -0.22252093395631442 25.350000000000005 -0.12940952255126037 23.650000000000002 72.15000000000002 1.0000000180025095e-35
decision_type=2 2 2 2 2 2 2 2 2 2 2
left_child=2 -2 10 5 -5 7 8 -3 -7 -9 -1
right_child=1 3 -4 4 -6 6 -8 9 -10 -11 -12
leaf_value=-0.058732439825313204 0.060097078773680937 -0.058568485805609416 0.0139625245885448 0.016747590500007011 -0.11599343221493286 0.020241034076245876 0.07570534076384014 0.029205208513608839 -0.028213610151326174 -0.01569268430731369 -0.10542737859759309
leaf_weight=0.71169944852590861 2.7161491080187288 2.4700598567724228 0.86813259171321977 1.4756938379723581 1.2813156265765417 3.8432500660419411 2.6226368965581051 3.8922350732609718 4.2490992741659284 3.2630364885553718 1.216815360356122
leaf_count=34 26 9 17 32 33 15 40 44 38 34 37
internal_value=-0.00155137 0.0044 -0.0564834 -0.00214974 -0.0449436 0.00365071 0.0146017 -0.00853996 -0.00520134 0.00873031 -0.0881951
internal_weight=28.6101 25.8135 2.79665 23.0973 2.75701 20.3403 10.715 9.62533 8.09235 7.15527 1.92851
internal_count=359 271 88 245 65 180 93 87 53 78 71
is_linear=0
shrinkage=0.1


Tree=141
num_leaves=9
num_cat=0
split_feature=6 2 5 5 5 5 6 1
split_gain=0.247902 0.26465 0.483568 0.423972 2.09527 0.833383 0.745314 0.389851
threshold=54.800000000000004 0.87837969732492682 30.750000000000004 28.350000000000005 27.750000000000004 27.050000000000004 62.050000000000004 -0.12940952255126037
decision_type=2 2 2 2 2 2 2 2
left_child=-1 2 3 4 5 -2 -5 -3
right_child=1 7 -4 6 -6 -7 -8 -9
leaf_value=0.038675683305050154 0.0041652647367271724 0.013649196823607553 -0.048387614807133938 0.070087908833831924 -0.097224366138649182 0.071118095013607552 -0.011422143383561525 -0.055896368618675835
leaf_weight=1.8915669270791138 11.418661353411162 1.4363468321971598 1.5667630229145277 2.6766616452950975 1.8922456619329739 2.2206737878732374 1.931165261659771 1.8368361690081645
leaf_count=27 139 15 30 39 20 17 39 33
internal_value=0.00377141 0.00112828 0.00512532 0.00928841 0.00138553 0.0150661 0.0359266 -0.0253782
internal_weight=26.8709 24.9794 21.7062 20.1394 15.5316 13.6393 4.60783 3.27318
internal_count=359 332 284 254 176 156 78 48
is_linear=0
shrinkage=0.1


Tree=142
num_leaves=9
num_cat=0
split_feature=6 3 7 5 5 5 6 0
split_gain=0.437027 0.392423 0.884943 0.576491 0.562481 1.26936 0.460528 0.0657711
threshold=79.850000000000009 0.81174490092936691 1.0000000180025095e-35 30.550000000000004 24.050000000000004 27.950000000000003 56.650000000000013 0.60355339059327384
decision_type=2 2 2 2 2 2 2 2
left_child=1 2 7 4 -4 -6 -5 -1
right_child=-2 -3 3 6 5 -7 -8 -9
leaf_value=-0.044819750287870497 -0.046748683520226743 -0.037643812083156564 0.027255128540053287 0.094122146774660645 -0.076926986729987573 0.0085905168923600672 0.021192515653412118 -0.084802036867457603
leaf_weight=0.82005791086704494 2.0833976906724265 2.3504840289242557 5.8106705620884922 1.3156894384883338 2.2977557042613608 7.095865115057677 2.5325312819331884 0.82569729466922581
leaf_count=8 19 34 21 22 105 90 27 33
internal_value=-0.00288787 0.00107675 0.00547384 0.0115509 0.00279976 -0.0123278 0.0461268 -0.0648794
internal_weight=25.1321 23.0488 20.6983 19.0525 15.2043 9.39362 3.84822 1.64576
internal_count=359 340 306 265 216 195 49 41
is_linear=0
shrinkage=0.1


Tree=143
num_leaves=17
num_cat=0
split_feature=2 5 5 6 6 6 1 5 2 1 5 5 1 6 5 5
split_gain=0.274436 0.53821 1.61099 0.199604 0.456934 0.662562 0.615868 0.312921 0.368673 0.279327 0.00511747 0.00185217 0.000690237 0.000562002 7.548e-05 1.16719e-06
threshold=0.6078576107927941 23.550000000000004 23.650000000000002 71.750000000000014 66.050000000000011 65.850000000000009 -0.9159756150367534 23.750000000000004 1.0000000180025095e-35 -0.98296291314453399 23.950000000000003 23.950000000000003 0.37940952255126026 71.450000000000017 24.150000000000002 24.650000000000002
decision_type=2 2 2 2 2 2 2 2 2 2 2 2 2 2 2 2
left_child=3 -2 -3 4 5 6 9 -5 -9 -1 -8 -4 13 -6 -13 -16
right_child=1 2 11 7 12 -7 10 8 -10 -11 -12 14 -14 -15 15 -17
leaf_value=-0.016610717311585317 -0.093226444047423557 0.12913039690911746 -0.085956958820047696 0.0032156805674955153 -0.078365657094161711 0.14061584269672509 -0.09647164816813171 0.018603776762510543 0.11772536129985621 0.07649668082650242 -0.078331936954685683 -0.079088960353185037 -0.088383974505912843 -0.085967398258083014 -0.075766949142915929 -0.075277476069185875
leaf_weight=0.61948237125761807 0.8169396519660953 0.62882882356643655 0.52899853140115738 2.1867084577679639 0.24839486443670455 0.34587376005947579 0.23070973157882724 0.85197103209793545 0.67058317072223872 0.67146918794605903 0.477220739092445 0.072739363531582057 0.2112009865231812 0.15983603848144412 0.067673877405468374 0.17391982965636998
leaf_count=16 5 2 4 10 49 2 1 39 10 27 107 3 10 2 8 64
internal_value=0.00174302 -0.0281347 0.00798639 0.0119916 -0.00735487 0.0128252 -0.00928692 0.0274519 0.0622602 0.0318177 -0.0842435 -0.0823444 -0.083743 -0.081342 -0.0762649 -0.0754146
internal_weight=8.96255 2.2891 1.47216 6.67345 2.96419 2.34476 1.99888 3.70926 1.52255 1.29095 0.70793 0.843332 0.619432 0.408231 0.314333 0.241594
internal_count=359 86 81 273 214 153 151 59 49 43 108 79 61 51 75 72
is_linear=0
shrinkage=0.1


Tree=144
num_leaves=14
num_cat=0
split_feature=5 2 1 6 6 5 2 5 2 0 1 1 1
split_gain=0.844967 0.390422 0.23441 0.33871 1.21983 0.629789 0.509495 0.627627 0.00864255 0.00730393 1.57051e-05 9.37694e-07 4.73472e-07
threshold=28.250000000000004 0.87837969732492682 0.60355339059327384 70.350000000000009 68.050000000000011 24.050000000000004 0.6078576107927941 27.050000000000004 1.0000000180025095e-35 0.91597561503675362 -0.98296291314453399 -0.9159756150367534 -0.60355339059327384
decision_type=2 2 2 2 2 2 2 2 2 2 2 2 2
left_child=2 9 3 4 6 -5 7 -1 -7 10 -2 -12 -13
right_child=1 -3 -4 5 -6 8 -8 -9 -10 -11 11 12 -14
leaf_value=0.0055980485719532404 -0.076287570146800529 0.0021944873945186935 0.031742446792657898 -0.045352915699031125 0.065576606392303644 0.0079181073558936624 0.031730211537842778 -0.047033637957160979 0.017737817532198545 -0.088921851833415 -0.075661134199474067 -0.075372107665747479 -0.075591849962844751
leaf_weight=5.4176182681694716 0.42281890520825982 0.8262943779118358 2.7069054758176199 3.7983270287513724 3.0593773126602164 1.7144513875246048 2.8774335142225018 3.894428675994277 1.8781319032423198 0.65227316319942463 0.32853924995288253 0.31781491497531533 0.14180490560829573
leaf_count=40 21 14 36 18 28 22 23 22 20 5 34 57 19
internal_value=-0.00172432 -0.0550187 0.00393077 0.000605486 0.00912095 -0.0169635 -0.00504857 -0.0164133 0.0130517 -0.0803909 -0.0757959 -0.0755321 -0.0754399
internal_weight=28.0362 2.68955 25.3467 22.6398 15.2489 7.39091 12.1895 9.31205 3.59258 1.86325 1.21098 0.788159 0.45962
internal_count=359 150 209 173 113 60 85 62 42 136 131 110 76
is_linear=0
shrinkage=0.1


Tree=145
num_leaves=9
num_cat=0
split_feature=6 2 5 5 5 5 6 1
split_gain=0.234736 0.229337 0.416025 0.358764 1.87094 0.720038 0.639692 0.343378
threshold=54.800000000000004 0.87837969732492682 30.750000000000004 28.350000000000005 27.750000000000004 27.050000000000004 62.050000000000004 -0.12940952255126037
decision_type=2 2 2 2 2 2 2 2
left_child=-1 2 3 4 5 -2 -5 -3
right_child=1 7 -4 6 -6 -7 -8 -9
leaf_value=0.037722152073268858 0.0039736495055213636 0.012710502379628147 -0.045826684393908496 0.064904568903108181 -0.095029790854575677 0.066875293634633404 -0.01084602626124003 -0.053060411856835743
leaf_weight=1.8897591081913585 11.335668969200933 1.4315319410525265 1.5033836071379472 2.6694667981937519 1.7788608265109349 2.1678616837598375 1.914198776008561 1.7818007459864009
leaf_count=27 139 15 30 39 20 17 39 33
internal_value=0.00375929 0.00114845 0.00489389 0.00873222 0.00137253 0.0140719 0.0332701 -0.0237596
internal_weight=26.4725 24.5828 21.3694 19.8661 15.2824 13.5035 4.58367 3.21333
internal_count=359 332 284 254 176 156 78 48
is_linear=0
shrinkage=0.1


Tree=146
num_leaves=9
num_cat=0
split_feature=6 3 7 5 5 5 5 0
split_gain=0.381404 0.350947 0.769054 0.530396 0.523799 0.579566 0.275132 0.0590578
threshold=79.850000000000009 0.81174490092936691 1.0000000180025095e-35 30.550000000000004 29.750000000000004 28.550000000000004 31.350000000000005 0.60355339059327384
decision_type=2 2 2 2 2 2 2 2
left_child=1 2 7 4 5 -4 -5 -1
right_child=-2 -3 3 6 -6 -7 -8 -9
leaf_value=-0.043021312818706609 -0.044425951285010118 -0.036025563880718363 0.002601141186980085 0.068514392828739418 -0.038419711648215997 0.066640165993982411 0.013502125565291965 -0.08178031819376036
leaf_weight=0.80543509032578231 2.0146824722178271 2.2999541624449185 10.724514801986517 2.1032678801566358 2.5902347117662421 1.627727205865084 1.6012466037645934 0.76796341477893293
leaf_count=8 19 34 148 33 35 33 16 33
internal_value=-0.00274058 0.000988615 0.00519877 0.0108638 0.00246625 0.0110399 0.0447358 -0.0619393
internal_weight=24.535 22.5203 20.2204 18.647 14.9425 12.3522 3.70451 1.5734
internal_count=359 340 306 265 216 181 49 41
is_linear=0
shrinkage=0.1


Tree=147
num_leaves=7
num_cat=0
split_feature=6 5 5 5 5 5
split_gain=0.291645 0.458661 0.266887 0.412593 5.46951e-06 1.74803e-06
threshold=50.000000000000007 32.20000000000001 24.050000000000004 31.750000000000004 31.550000000000004 24.650000000000002
decision_type=2 2 2 2 2 2
left_child=-1 2 -2 4 5 -4
right_child=1 -3 3 -5 -6 -7
leaf_value=-0.10129790683080192 0.0080275626405493482 0.099009296740984243 -0.075659813687251387 0.038451775853270781 -0.076262614632473844 -0.075297105155405317
leaf_weight=0.26576137161464508 6.4783841818571073 0.48984304070472706 0.16069753101328366 0.46653487533330906 0.072353561408817768 0.76736998520209454
leaf_count=6 33 2 26 3 5 284
internal_value=0.00184643 0.00509613 -0.000693768 -0.039209 -0.0754252 -0.0753599
internal_weight=8.70094 8.43518 7.94534 1.46696 1.00042 0.928068
internal_count=359 353 351 318 315 310
is_linear=0
shrinkage=0.1


Tree=148
num_leaves=13
num_cat=0
split_feature=6 6 5 6 1 3 2 2 0 5 3 3
split_gain=0.757114 1.14699 0.63065 1.21909 0.718142 0.753322 0.638643 0.530837 0.512086 0.448812 0.430298 0.0865472
threshold=59.650000000000013 60.750000000000007 27.050000000000004 63.550000000000004 0.1294095225512602 -0.22252093395631442 1.0000000180025095e-35 0.6078576107927941 -0.91597561503675329 24.050000000000004 -0.22252093395631442 1.0000000180025095e-35
decision_type=2 2 2 2 2 2 2 2 2 2 2 2
left_child=7 -2 4 -4 5 -3 8 11 -6 -8 -5 -1
right_child=1 2 3 10 6 -7 9 -9 -10 -11 -12 -13
leaf_value=-0.05535117880989579 0.075996577204543336 0.0081423263595551947 -0.10257654180530135 0.04235168132139213 -0.0081839353250367699 0.09404717063970558 -0.054198433609990618 0.011945476887924189 0.044737725786609311 -0.0016640680524862205 -0.033396297272192073 -0.10168437543198552
leaf_weight=0.63403518311679663 2.0110077660065171 2.6387515170499682 1.7163090051617462 1.4461598498746753 4.2411657273769467 1.6648739026859463 3.2916308045387268 0.84083061851561058 3.2140301391482247 3.2141480017453432 1.5577522518578917 1.1071041566319761
leaf_count=34 22 28 30 28 19 27 16 17 36 35 30 37
internal_value=-0.00174899 0.00357629 -0.00275997 -0.0353434 0.00566076 0.0413749 -0.00534854 -0.0533026 0.0146313 -0.0282441 0.00307071 -0.0848122
internal_weight=27.5778 24.9958 22.9848 4.72022 18.2646 4.30363 13.961 2.58197 7.4552 6.50578 3.00391 1.74114
internal_count=359 271 249 88 161 55 106 88 55 51 58 71
is_linear=0
shrinkage=0.1


Tree=149
num_leaves=9
num_cat=0
split_feature=6 2 6 5 5 5 6 5
split_gain=0.196046 0.176555 0.333452 0.330668 0.390774 1.69942 0.845719 0.541666
threshold=54.800000000000004 0.87837969732492682 67.550000000000011 30.650000000000002 28.350000000000005 27.750000000000004 62.050000000000004 27.050000000000004
decision_type=2 2 2 2 2 2 2 2
left_child=-1 3 -3 4 5 7 -6 -2
right_child=1 2 -4 -5 6 -7 -8 -9
leaf_value=0.034768680166455228 0.004651489254417108 -0.054039631590700077 0.011102177773434807 -0.033286717930450078 0.082087967776587986 -0.093209362659744971 -0.010976294654726907 0.059560408049206731
leaf_weight=1.8963452568277741 11.283009160310039 1.5363621460273855 1.6085010319948194 2.0690042574424288 2.0149466253351416 1.6829193332232524 1.8946467891801146 2.1368190748617044
leaf_count=27 139 23 25 34 35 20 39 17
internal_value=0.00380483 0.00138109 -0.0207216 0.00467831 0.00880983 0.00151554 0.0369876 0.0133946
internal_weight=26.1226 24.2262 3.14486 21.0813 19.0123 15.1027 3.90959 13.4198
internal_count=359 332 48 284 250 176 74 156
is_linear=0
shrinkage=0.1


Tree=150
num_leaves=10
num_cat=0
split_feature=6 6 5 5 5 5 0 6 6
split_gain=0.340326 0.533756 0.43904 0.880825 0.548616 1.29257 0.50294 0.387521 0.203882
threshold=76.750000000000014 74.450000000000017 23.550000000000004 27.950000000000003 23.750000000000004 24.050000000000004 1.0000000180025095e-35 60.20000000000001 54.050000000000004
decision_type=2 2 2 2 2 2 2 2 2
left_child=1 2 -1 4 -4 -6 8 -8 -5
right_child=-2 -3 3 6 5 -7 7 -9 -10
leaf_value=0.054067354092474873 -0.035400157232834024 0.060067441726286121 -0.099439674712383144 0.0044219871611016238 0.041180437809026166 -0.076642006675619836 -0.015892949881968231 0.020696732097615245 0.080233350581581236
leaf_weight=1.2780441641807652 2.8045252352021626 1.4574269391596306 1.2598332613706613 0.50530108157545228 1.7044606283307078 2.0521322716958821 6.910781945101915 4.9806287991814315 1.1905545331537721
leaf_count=4 38 19 6 11 7 120 51 49 54
internal_value=-0.00265064 0.00165351 -0.00262851 -0.00652343 -0.0423342 -0.023183 0.00669794 -0.000567634 0.0576444
internal_weight=24.1437 21.3392 19.8817 18.6037 5.01643 3.75659 13.5873 11.8914 1.69586
internal_count=359 321 302 298 133 127 165 100 65
is_linear=0
shrinkage=0.1


Tree=151
num_leaves=16
num_cat=0
split_feature=2 5 5 6 5 6 0 5 0 5 2 5 5 5 5
split_gain=0.23331 0.509725 1.44384 0.316893 0.315697 0.246903 0.402073 0.382171 0.288822 0.863794 0.26276 0.00404118 0.0013468 7.87312e-05 7.59283e-07
threshold=0.6078576107927941 23.550000000000004 23.650000000000002 50.000000000000007 32.20000000000001 65.850000000000009 0.12940952255126059 31.750000000000004 -0.78656609248549303 23.950000000000003 -1.0000000180025095e-35 23.950000000000003 23.950000000000003 24.050000000000004 24.650000000000002
decision_type=2 2 2 2 2 2 2 2 2 2 2 2 2 2 2
left_child=3 -2 -3 -1 5 6 11 -8 10 -10 -7 -5 -4 -14 -15
right_child=1 2 12 4 -6 8 7 -9 9 -11 -12 -13 13 14 -16
leaf_value=-0.098763146250751513 -0.091858085207057114 0.12354830653290667 -0.085060263054745816 -0.094664205441287924 0.095837717727212779 0.014020526188336921 -0.075260782308635504 0.10949636573790869 -0.096017273561989525 0.077807704372153591 0.072335507335576407 -0.078011312632851271 -0.079279454066144839 -0.075648023041710422 -0.075232250482035828
leaf_weight=0.25242300023091946 0.77526051551103625 0.61562129855155923 0.49411993473768234 0.21943446993827798 0.4537382274866103 2.2365700834780005 0.18327282485552132 0.28772255778312683 0.68346253037452676 0.49144515738589689 1.1805190448649225 0.43381119178957306 0.068087451159954071 0.063257488480303437 0.14370475494069979
leaf_count=6 5 2 4 1 2 40 69 1 3 62 17 72 1 10 64
internal_value=0.0014958 -0.0269343 0.00941263 0.0110577 0.0155506 0.0091777 -0.0328252 0.037604 0.0194611 -0.0233091 0.0341669 -0.0836053 -0.0819383 -0.0763297 -0.0753593
internal_weight=8.58245 2.16005 1.38479 6.4224 6.16998 5.71624 1.12424 0.470995 4.592 1.17491 3.41709 0.653246 0.76917 0.27505 0.206962
internal_count=359 86 81 273 267 265 143 70 122 65 57 73 79 75 74
is_linear=0
shrinkage=0.1


Tree=152
num_leaves=14
num_cat=0
split_feature=5 2 6 6 1 1 6 6 5 0 1 1 1
split_gain=0.710484 0.360627 0.26707 0.515131 0.621541 0.872923 0.708353 0.91605 0.0096115 0.0056024 1.09882e-05 6.19835e-07 2.27441e-07
threshold=28.250000000000004 0.87837969732492682 61.100000000000001 62.850000000000001 0.1294095225512602 -0.12940952255126037 67.550000000000011 70.750000000000014 25.550000000000004 0.91597561503675362 -0.98296291314453399 -0.9159756150367534 -0.60355339059327384
decision_type=2 2 2 2 2 2 2 2 2 2 2 2 2
left_child=2 9 -1 -4 5 -5 -6 -8 -7 10 -2 -12 -13
right_child=1 -3 3 4 6 8 7 -9 -10 -11 11 12 -14
leaf_value=0.02987826111153696 -0.076139258668349502 0.0012512854024248959 -0.04425925847632383 0.0028133058878058639 -0.055168463354022416 0.095157794090271405 0.059285916730737825 -0.011223668779686849 0.080392521521182037 -0.087873023648875642 -0.075570730198128294 -0.075325533818443938 -0.075491085485124121
leaf_weight=3.3253730013966623 0.3640308384783566 0.81720929266884912 2.3971167188137796 3.5107861831784248 2.4655428975820533 0.64418928977102341 2.361088750883936 8.3900969512760621 1.3968125749379394 0.59485506638884533 0.27991425455547869 0.27272584312595427 0.119280060171149
leaf_count=19 21 14 14 16 14 11 19 72 44 5 34 57 19
internal_value=-0.00160155 -0.0529683 0.00353285 -0.000606329 0.00496903 0.033047 -0.00682533 0.00426108 0.0850528 -0.0801382 -0.0756968 -0.0754571 -0.0753759
internal_weight=26.939 2.44802 24.491 21.1656 18.7685 5.55179 13.2167 10.7512 2.041 1.63081 1.03595 0.67192 0.392006
internal_count=359 150 209 190 176 71 105 91 55 136 131 110 76
is_linear=0
shrinkage=0.1


Tree=153
num_leaves=12
num_cat=0
split_feature=5 5 6 6 7 2 1 5 3 0 2
split_gain=0.169497 0.240321 0.489874 1.07242 0.426548 0.441823 0.539837 0.724465 0.162256 0.141593 0.808068
threshold=24.450000000000003 26.750000000000004 69.15000000000002 64.65000000000002 1.0000000180025095e-35 0.87837969732492682 -0.98296291314453399 27.050000000000004 -0.22252093395631442 -0.91597561503675329 -0.8783796973249266
decision_type=2 2 2 2 2 2 2 2 2 2 2
left_child=8 2 3 -2 -3 6 -6 -8 -1 -4 -11
right_child=1 4 9 -5 5 -7 7 -9 -10 10 -12
leaf_value=0.0079821715605209297 -0.0091691311845237648 0.052209815171919742 -0.034936653416694323 0.084558721649134153 0.011604005750033267 0.040410295102937373 -0.10573485410325228 -0.016891515311050306 -0.030040940807096586 0.12654338414728514 -0.083568627805941612
leaf_weight=1.9521667188964782 2.3302190219983485 1.3960884814150674 1.4605270111933353 2.5639299743343145 4.7879771292209634 1.7632870620582259 1.1247098343446751 4.9901582465972751 2.6400387356989112 0.35739911627024423 0.3751932804007081
leaf_count=20 22 22 15 26 20 19 9 132 31 4 39
internal_value=0.00353698 0.00731812 0.0223334 0.0399327 -0.000249475 -0.00603165 -0.0135426 -0.0332325 -0.0138771 -0.0169411 0.0189356
internal_weight=25.7417 21.1495 7.08727 4.89415 14.0622 12.6661 10.9028 6.11487 4.59221 2.19312 0.732592
internal_count=359 308 106 48 202 180 161 141 51 58 43
is_linear=0
shrinkage=0.1


Tree=154
num_leaves=13
num_cat=0
split_feature=0 2 0 5 5 2 5 6 6 5 5 6
split_gain=0.351898 0.799746 0.599375 1.54166 1.31494 1.05038 0.384473 0.915713 0.4027 0.355593 0.967991 0.225966
threshold=0.91597561503675362 0.6078576107927941 0.12940952255126059 23.050000000000004 23.550000000000004 -1.0000000180025095e-35 28.350000000000005 62.850000000000001 67.050000000000011 23.950000000000003 28.150000000000002 57.100000000000009
decision_type=2 2 2 2 2 2 2 2 2 2 2 2
left_child=1 2 3 -1 -5 -6 7 -2 -9 -3 -11 -4
right_child=6 9 11 4 5 -7 -8 8 -10 10 -12 -13
leaf_value=-0.12990869195009258 0.039146411808206806 0.063126588668733039 0.00090332154549083252 0.093141294411721781 0.00090005001321479179 -0.077335136540767555 -0.068869341921868998 -0.0091158295354637764 -0.10673116199544584 -0.07944893664205778 0.055796378969990491 0.077506836970510001
leaf_weight=1.0909185260534346 1.9161636456847184 2.6522082239389411 0.62534679938107629 1.2081538885831822 7.2486809729598463 2.2483868803828937 1.4725343137979505 0.78497826587408759 0.91550221061334014 0.80244691646657917 1.5541800581850109 1.0022225854918358
leaf_count=4 22 10 13 4 117 48 6 20 23 32 24 36
internal_value=-0.00251609 0.00391085 -0.00881291 -0.0166619 -0.00512144 -0.0176218 -0.0257939 -0.00825556 -0.0616698 0.0380106 0.00974446 0.0480741
internal_weight=23.5217 18.4325 13.4237 11.7961 10.7052 9.49707 5.08918 3.61664 1.70048 5.00884 2.35663 1.62757
internal_count=359 288 222 173 169 165 71 65 43 66 56 49
is_linear=0
shrinkage=0.1


Tree=155
num_leaves=10
num_cat=0
split_feature=5 5 2 8 1 9 2 8 5
split_gain=0.257291 0.384706 0.230168 1.66632 0.797734 0.579058 0.429093 0.64489 0.00175326
threshold=22.700000000000003 23.050000000000004 -0.60785761079279388 1.0000000180025095e-35 -0.9159756150367534 1.0000000180025095e-35 0.87837969732492682 1.0000000180025095e-35 24.150000000000002
decision_type=2 2 2 2 2 2 2 2 2
left_child=-1 -2 3 -3 -5 6 7 -4 -6
right_child=1 2 5 4 8 -7 -8 -9 -10
leaf_value=-0.084555782369387697 0.072338797485356279 0.15453095948654297 -0.091339828334853046 0.056902494270156492 -0.086966793860277614 0.076735164651722365 0.06176805193612233 -0.0060564998036307313 -0.078018730715908757
leaf_weight=0.3344673067331313 0.76610763370990742 0.68729948188411083 1.4552020979463125 0.6493891669670121 0.73014866560697533 0.6040034478646702 0.47266543182195153 2.2694423159991857 0.31277313413738739
leaf_count=3 3 29 56 37 5 17 46 84 79
internal_value=0.001362 0.00497802 -0.00220846 0.0232223 -0.0301062 -0.0148124 -0.0279863 -0.0393763 -0.0842833
internal_weight=8.2815 7.94703 7.18092 2.37961 1.69231 4.80131 4.19731 3.72464 1.04292
internal_count=359 356 353 150 121 203 186 140 84
is_linear=0
shrinkage=0.1


Tree=156
num_leaves=13
num_cat=0
split_feature=6 6 5 6 1 3 2 2 6 5 3 3
split_gain=0.647744 0.993009 0.533359 1.02526 0.556629 0.65608 0.499391 0.475925 0.47572 0.370829 0.368666 0.0838493
threshold=59.650000000000013 60.750000000000007 27.050000000000004 63.550000000000004 0.1294095225512602 -0.22252093395631442 1.0000000180025095e-35 0.6078576107927941 69.050000000000011 24.050000000000004 -0.22252093395631442 1.0000000180025095e-35
decision_type=2 2 2 2 2 2 2 2 2 2 2 2
left_child=7 -2 4 -4 5 -3 8 11 -6 -8 -5 -1
right_child=1 2 3 10 6 -7 9 -9 -10 -11 -12 -13
leaf_value=-0.052048332022141944 0.072476406973805405 0.0072315885621309778 -0.098505217770009354 0.038954972336715223 0.049913852382637229 0.091014163443466745 -0.049895876420548546 0.010749023332307544 -0.004583054975449855 -0.001026786860156429 -0.032650697794171978 -0.099919221906643138
leaf_weight=0.56873399461619856 1.9116961988620484 2.5637414744123816 1.5727174992207427 1.3891045958735049 2.3779004011303169 1.4708821093663633 3.0964856520295143 0.82403587154112745 4.907740255817771 3.1146281212568283 1.4905259618535638 1.0259220607113091
leaf_count=34 22 28 30 28 12 27 16 17 43 35 30 37
internal_value=-0.00164424 0.00334736 -0.00266407 -0.0335722 0.00518549 0.0377758 -0.00455681 -0.0509587 0.0132037 -0.02539 0.00189115 -0.0828461
internal_weight=26.3141 23.8954 21.9837 4.45235 17.5314 4.03462 13.4968 2.41869 7.28564 6.21111 2.87963 1.59466
internal_count=359 271 249 88 161 55 106 88 55 51 58 71
is_linear=0
shrinkage=0.1


Tree=157
num_leaves=10
num_cat=0
split_feature=9 6 4 2 5 5 2 2 6
split_gain=0.164339 0.409225 0.683245 0.437752 0.225579 0.270336 0.974648 0.335793 0.835114
threshold=1.0000000180025095e-35 72.600000000000009 1.0000000180025095e-35 0.87837969732492682 24.450000000000003 26.750000000000004 -1.0000000180025095e-35 0.87837969732492682 64.050000000000011
decision_type=2 2 2 2 2 2 2 2 2
left_child=1 4 3 -3 -1 6 -6 8 -7
right_child=-2 2 -4 -5 5 7 -8 -9 -10
leaf_value=-0.02559027782928729 -0.026438944626768969 -0.078150729124130999 0.091226671868022385 0.047259063942122571 0.067229940229057553 0.0034702499072374405 -0.017564825663089114 0.037589912213135991 -0.068229024213067688
leaf_weight=2.7563435523770847 1.7173278550617386 0.54584825271740467 1.3717300505377352 0.56792323850095272 2.6483580037020147 9.2059023338369972 2.7768107696902034 1.7793083963915712 1.9725697911344475
leaf_count=22 36 33 18 12 26 117 34 19 42
internal_value=0.00342902 0.00560017 0.0439829 -0.014203 0.00108724 0.00508727 0.0238287 -0.0027594 -0.00918191
internal_weight=25.3421 23.6248 2.4855 1.11377 21.1393 18.3829 5.42517 12.9578 11.1785
internal_count=359 323 63 45 260 238 60 178 159
is_linear=0
shrinkage=0.1


Tree=158
num_leaves=16
num_cat=0
split_feature=0 2 0 2 5 5 5 2 5 5 6 5 5 2 5
split_gain=0.311517 0.690795 0.520769 0.498537 0.608771 0.352253 0.82322 0.297669 0.266571 0.881234 0.21954 0.185621 0.0161597 0.00129759 1.03466e-05
threshold=0.91597561503675362 0.6078576107927941 0.12940952255126059 -1.0000000180025095e-35 23.350000000000005 28.350000000000005 28.050000000000004 -0.8783796973249266 23.950000000000003 28.150000000000002 56.850000000000001 23.650000000000002 28.550000000000004 0.6078576107927941 26.950000000000003
decision_type=2 2 2 2 2 2 2 2 2 2 2 2 2 2 2
left_child=1 2 3 4 -1 6 13 -6 -3 -10 -4 -5 -13 14 -2
right_child=5 8 10 11 7 -7 -8 -9 9 -11 -12 12 -14 -15 -16
leaf_value=-0.06519494539445915 -0.076123904072241788 0.057421365182363508 -0.00065961960361982043 -0.017341176268443181 -0.021340268277213938 -0.066245334620595717 0.025017669123085548 0.021062190428085308 -0.078884847369567718 0.054153531525746701 0.077246151091202628 -0.082461698197889122 -0.06315727548992868 -0.083513044824157445 -0.076929403330899745
leaf_weight=1.3732059746980683 0.31674798671156101 2.6468555703759185 0.59252995345741399 0.93661688268184962 2.4590729237534115 1.4320719838142393 2.4289381355047226 5.0669123567640773 0.73958695493638549 1.5235760104842482 0.92861125292256474 0.84715370740741469 0.88834958150982857 0.45643060468137264 0.32114278012886643
leaf_count=5 28 10 12 5 48 6 9 70 32 24 37 33 12 15 13
internal_value=-0.00222295 0.00388853 -0.00810756 -0.0153387 -0.00396475 -0.0244256 -0.00742748 0.00720743 0.0358758 0.0106775 0.0468995 -0.0532182 -0.0725804 -0.0794422 -0.0765294
internal_weight=22.9578 18.0025 13.0925 11.5713 8.89919 4.95533 3.52326 7.52599 4.91002 2.26316 1.52114 2.67212 1.7355 1.09432 0.637891
internal_count=359 288 222 173 123 71 65 118 66 56 49 50 45 56 41
is_linear=0
shrinkage=0.1


Tree=159
num_leaves=15
num_cat=0
split_feature=2 5 5 6 3 5 6 9 6 5 1 5 5 5
split_gain=0.20006 0.42841 1.17671 0.145872 0.256026 0.598338 0.423854 0.331636 0.248165 0.301376 0.00266841 0.000779037 4.98153e-05 8.16013e-07
threshold=0.6078576107927941 23.550000000000004 23.650000000000002 82.600000000000009 1.0000000180025095e-35 23.050000000000004 51.600000000000009 1.0000000180025095e-35 65.850000000000009 31.750000000000004 0.37940952255126026 23.950000000000003 24.050000000000004 24.650000000000002
decision_type=2 2 2 2 2 2 2 2 2 2 2 2 2 2
left_child=3 -2 -3 4 5 -1 -7 -8 9 10 -6 -4 -13 -14
right_child=1 2 11 -5 8 6 7 -9 -10 -11 -12 12 13 -15
leaf_value=0.11050873821754006 -0.089878627923198895 0.11360164660460298 -0.083128523327811676 0.042699689559005757 -0.075515010288303472 0.08943121426190731 -0.08736686284654871 0.012528277299703567 0.047948650779414632 0.023375058216814244 -0.09202277350143466 -0.078670095498613923 -0.075655228367426178 -0.075214247119300207
leaf_weight=0.29076492786407504 0.69595040380954731 0.57334107160568215 0.43319784104824066 1.1062742653302846 0.19092377583729125 0.21281355537939806 1.2286397549905812 0.45555416864226561 1.622601900831796 0.78562045842409134 0.20102024078369141 0.059300459921360016 0.061755983158946037 0.13091943082690705
leaf_count=1 5 2 4 8 65 3 130 21 40 4 1 1 10 64
internal_value=0.000919672 -0.0269199 0.00789586 0.00984806 0.0025619 -0.0230695 -0.0435438 -0.0603464 0.0225877 -0.0123578 -0.0839815 -0.0805569 -0.0761356 -0.0753556
internal_weight=8.04868 1.95447 1.25851 6.09421 4.98794 2.18777 1.89701 1.68419 2.80017 1.17756 0.391944 0.685174 0.251976 0.192675
internal_count=359 86 81 273 265 155 154 151 110 70 66 79 75 74
is_linear=0
shrinkage=0.1


Tree=160
num_leaves=14
num_cat=0
split_feature=5 2 6 6 6 1 5 5 6 0 1 1 1
split_gain=0.648586 0.328764 0.247742 0.333844 0.843721 0.46743 0.547395 0.403769 1.07218 0.00550119 8.11596e-06 4.82139e-07 1.4786e-07
threshold=28.250000000000004 0.87837969732492682 60.750000000000007 68.050000000000011 70.350000000000009 0.60355339059327384 24.050000000000004 27.050000000000004 64.65000000000002 0.91597561503675362 -0.98296291314453399 -0.9159756150367534 -0.60355339059327384
decision_type=2 2 2 2 2 2 2 2 2 2 2 2 2
left_child=2 9 -1 7 -5 6 -6 8 -4 10 -2 -12 -13
right_child=1 -3 3 4 5 -7 -8 -9 -10 -11 11 12 -14
leaf_value=0.032604221085636612 -0.076022318956459237 -0.00070009967476780774 0.042599818236308457 0.057838846479713338 -0.045977153088497501 0.032308454705264417 0.010564830711166422 -0.044717975458826373 -0.044878160187570355 -0.088123198403032732 -0.075501885894352166 -0.075271783496257239 -0.075417066655059622
leaf_weight=2.5920824413187864 0.31910213944502186 0.79333684826269735 2.9198542237281817 2.8743660030886522 3.4241210073232633 2.5701181432232261 3.4247464784421027 3.0209703184664249 2.6936518652364612 0.58200263231992722 0.23622671049088251 0.23421932011842739 0.099943998735397055
leaf_count=17 21 14 22 28 18 36 42 20 26 5 34 57 19
internal_value=-0.00147948 -0.0525891 0.00344208 -0.000169892 0.0104151 -0.00405701 -0.0177036 -0.0152404 0.000623339 -0.0805643 -0.0756185 -0.0753925 -0.0753152
internal_weight=25.7847 2.26483 23.5199 20.9278 12.2934 9.41899 6.84887 8.63448 5.61351 1.47149 0.889492 0.57039 0.334163
internal_count=359 150 209 192 124 96 60 68 48 136 131 110 76
is_linear=0
shrinkage=0.1


Tree=161
num_leaves=11
num_cat=0
split_feature=6 6 6 6 2 5 1 6 0 6
split_gain=0.156117 0.692446 0.525074 0.221533 0.418495 0.853048 0.243815 0.339344 0.918942 0.471316
threshold=75.250000000000014 72.600000000000009 77.800000000000026 68.050000000000011 0.6078576107927941 25.150000000000002 0.1294095225512602 62.150000000000013 0.91597561503675362 61.100000000000001
decision_type=2 2 2 2 2 2 2 2 2 2
left_child=1 3 -2 6 5 -5 7 9 -9 -1
right_child=2 -3 -4 4 -6 -7 -8 8 -10 -11
leaf_value=0.0018603839089904467 -0.089912398272554303 0.072097184110615317 0.032658794069874257 -0.099439150072642188 0.026799226175908238 0.0068485707020308415 0.034116605656098468 -0.08856402441925014 0.0076960084568441197 0.059750817437084824
leaf_weight=8.613041137461563 0.703013481106608 1.4608392806258041 0.69502186658792198 1.3386620036326342 1.3808109853416679 1.7321879484225062 2.6314436336979261 1.4135698000900436 3.3233197396621108 1.6808181409724046
leaf_count=113 20 21 29 16 17 33 18 46 29 17
internal_value=0.00349094 0.00541637 -0.0289771 0.00101144 -0.018925 -0.039485 0.00603632 0.00112028 -0.0210297 0.0113129
internal_weight=24.9727 23.5747 1.39804 22.1139 4.45166 3.07085 17.6622 15.0307 4.73689 10.2939
internal_count=359 310 49 289 66 49 223 205 75 130
is_linear=0
shrinkage=0.1


Tree=162
num_leaves=12
num_cat=0
split_feature=6 6 0 6 6 2 5 5 2 5 0
split_gain=0.308475 0.413165 0.309525 0.679629 0.490138 0.477539 1.33308 1.08964 0.464707 0.347897 0.449763
threshold=56.650000000000013 52.850000000000009 0.91597561503675362 61.100000000000001 65.050000000000011 0.6078576107927941 23.050000000000004 23.550000000000004 -1.0000000180025095e-35 23.950000000000003 -0.3794095225512602
decision_type=2 2 2 2 2 2 2 2 2 2 2
left_child=1 -1 5 -4 -5 6 -2 -8 -9 -7 -11
right_child=2 -3 3 4 -6 9 7 8 -10 10 -12
leaf_value=-0.0074463898282182018 -0.12073180037909098 0.067055101736140085 -0.092684150676841284 0.02693614413588015 -0.056385823406491953 0.050670140590667226 0.089929504963283002 -1.6424185624520153e-05 -0.055735466405054418 -0.06677104888994248 0.034960148138703538
leaf_weight=1.5820988824125408 1.0140330642461801 1.4058172507211564 1.2508173719979812 1.8477930414956065 1.1425151348812503 2.6214721426367751 1.1777100563049305 6.5783723304048181 1.9377359645441155 0.73250641510821868 1.0685289306566117
leaf_count=20 4 22 15 21 33 10 4 130 51 36 13
internal_value=-0.00230067 0.0276066 -0.00691366 -0.030789 -0.00489891 -0.00022126 -0.0116385 -0.00022672 -0.0126946 0.0274225 -0.00641536
internal_weight=22.3594 2.98792 19.3715 4.24113 2.99031 15.1304 10.7079 9.69382 8.51611 4.42251 1.80104
internal_count=359 42 317 69 54 248 189 185 181 59 49
is_linear=0
shrinkage=0.1


Tree=163
num_leaves=12
num_cat=0
split_feature=5 2 8 5 1 9 2 3 6 1 5
split_gain=0.255312 0.297147 1.09595 0.430314 0.699967 0.398735 0.252625 0.339238 1.01038 0.550184 0.00110762
threshold=22.700000000000003 -0.60785761079279388 1.0000000180025095e-35 23.050000000000004 -0.9159756150367534 1.0000000180025095e-35 -1.0000000180025095e-35 1.0000000180025095e-35 83.700000000000003 0.37940952255126026 24.150000000000002
decision_type=2 2 2 2 2 2 2 2 2 2 2
left_child=-1 2 -2 -4 -5 6 -3 8 -8 -9 -6
right_child=1 5 3 4 10 -7 7 9 -10 -11 -12
leaf_value=-0.085340749078089306 0.13859684983043963 -0.090060867500416669 0.10625391461767991 0.054246518679401591 -0.085262317417371308 0.068609924135550032 -0.038433635698390735 0.011407083234858542 0.11788214853505773 -0.089888383594178958 -0.077745860682309154
leaf_weight=0.33317512273788441 0.69828185471124027 0.46512836139299896 0.27683085203170787 0.61198819451965392 0.66647621989250161 0.56883583456510667 1.098288474022411 1.0817218999727631 0.66319824941456307 1.0632428865646941 0.27775325141556095
leaf_count=3 29 38 1 37 5 17 80 53 4 13 79
internal_value=0.00030896 0.0041282 0.0319882 -0.00862328 -0.0290584 -0.0101465 -0.0203944 -0.0120994 0.0204191 -0.0388043 -0.0830513
internal_weight=7.80492 7.47175 2.53133 1.83305 1.55622 4.94042 4.37158 3.90645 1.76149 2.14496 0.944229
internal_count=359 356 151 122 121 205 188 150 84 66 84
is_linear=0
shrinkage=0.1


Tree=164
num_leaves=15
num_cat=0
split_feature=5 2 0 8 4 3 2 3 2 5 0 1 1 1
split_gain=0.599206 0.311854 0.228983 0.74338 0.797007 0.39182 0.390047 0.28348 0.245787 0.185952 0.00468279 6.45039e-06 4.01538e-07 1.20858e-07
threshold=28.250000000000004 0.87837969732492682 -0.91597561503675329 1.0000000180025095e-35 1.0000000180025095e-35 1.0000000180025095e-35 1.0000000180025095e-35 1.0000000180025095e-35 1.0000000180025095e-35 24.750000000000004 0.91597561503675362 -0.98296291314453399 -0.9159756150367534 -0.60355339059327384
decision_type=2 2 2 2 2 2 2 2 2 2 2 2 2 2
left_child=2 10 7 4 5 8 -5 9 -4 -1 11 -2 -13 -14
right_child=1 -3 3 6 -6 -7 -8 -9 -10 -11 -12 12 13 -15
leaf_value=-0.014844459403294728 -0.075951013702833914 -0.0013346474530048849 0.023064716635779952 0.079066538168110198 -0.042974230140066308 0.045870403905044294 0.011595570851543596 -0.034075818065377156 -0.021802627749475622 0.021811144925966211 -0.087468288809138733 -0.075471817071082789 -0.07525423411664009 -0.075390191230028797
leaf_weight=2.7088959775865096 0.29563494725152861 0.78341971384361375 2.2627125559374708 2.0563688501715656 3.2948399623855948 2.7724793599918485 1.4687966480851171 3.0514530474320054 2.6519170966930687 2.8295432208105922 0.55287822335958481 0.2188651862088592 0.21780798106919985 0.093430736102162792
leaf_count=14 21 14 15 29 22 18 27 24 29 31 5 34 57 19
internal_value=-0.00137439 -0.0517158 0.00333791 0.0109996 -0.00182558 0.0158115 0.0509541 -0.00960167 -0.00114555 0.00388259 -0.0803457 -0.0755768 -0.075368 -0.075295
internal_weight=25.259 2.16204 23.097 14.5071 10.9819 7.68711 3.52517 8.58989 4.91463 5.53844 1.37862 0.825739 0.530104 0.311239
internal_count=359 150 209 140 84 62 56 69 44 45 136 131 110 76
is_linear=0
shrinkage=0.1


Tree=165
num_leaves=10
num_cat=0
split_feature=5 9 6 6 6 5 5 2 4
split_gain=0.154183 0.129644 0.295686 0.564732 1.15623 0.48849 0.359812 0.288277 0.261136
threshold=23.650000000000002 1.0000000180025095e-35 69.050000000000011 71.450000000000017 72.600000000000009 25.250000000000004 26.750000000000004 0.87837969732492682 1.0000000180025095e-35
decision_type=2 2 2 2 2 2 2 2 2
left_child=-1 2 5 -4 -5 -2 -7 -8 -6
right_child=1 -3 3 4 8 6 7 -9 -10
leaf_value=-0.028922839304303918 -0.049828829079496317 -0.022283533969487665 0.068587922665716769 -0.1046143642778174 0.002371422837527845 0.037331708115063068 -0.0070485569109514333 0.036512939548280846 0.079314823015839309
leaf_weight=1.3906579315662408 1.6837970772758222 1.5819527022540558 2.0714792974758884 0.76399179757572744 0.84353349381126441 3.1029762183316043 10.540187768288884 1.7749917116016156 0.92452605767175555
leaf_count=20 14 34 31 11 38 32 147 19 13
internal_value=0.00342265 0.00535423 0.00736854 0.0298647 -0.00181494 0.001313 0.00689813 -0.000770021 0.0426055
internal_weight=24.6781 23.2874 21.7055 4.60353 2.53205 17.102 15.4182 12.3152 1.76806
internal_count=359 339 305 93 62 212 198 166 51
is_linear=0
shrinkage=0.1


Tree=166
num_leaves=13
num_cat=0
split_feature=6 6 0 6 6 2 2 5 5 2 5 0
split_gain=0.274817 0.365987 0.271742 0.619621 1.20818 0.848461 0.423534 1.19808 0.914329 0.396681 0.310974 0.393288
threshold=56.650000000000013 52.850000000000009 0.91597561503675362 61.100000000000001 62.850000000000001 1.0000000180025095e-35 0.6078576107927941 23.050000000000004 23.550000000000004 -1.0000000180025095e-35 23.950000000000003 -0.3794095225512602
decision_type=2 2 2 2 2 2 2 2 2 2 2 2
left_child=1 -1 6 -4 -5 -6 7 -2 -9 -10 -8 -12
right_child=2 -3 3 4 5 -7 10 8 9 -11 11 -13
leaf_value=-0.0068834611602809799 -0.11706274138622891 0.063999343553958116 -0.09109141165202507 0.092468575173561982 -0.1080963827070075 0.01951181368032625 0.047669507624451275 0.083053375481152672 -0.00044090864221175378 -0.052873810185107922 -0.065454510294064489 0.031773001022170698
leaf_weight=1.5679423625115334 0.97353067994117992 1.3604513623286036 1.1716685374267388 0.88790024770423803 1.0846825027838352 1.0027132648974655 2.5966633930802336 1.1490267664194096 6.4934836197644481 1.8551102648489148 0.69211327412631352 1.042989073321223
leaf_count=20 4 22 15 9 22 23 10 4 130 51 36 13
internal_value=-0.00246369 0.0260467 -0.00686951 -0.0294942 -0.00523734 -0.0467978 -0.000531299 -0.0114107 -0.000581117 -0.0120918 0.0257675 -0.00700999
internal_weight=21.8783 2.92839 18.9499 4.14696 2.9753 2.0874 14.8029 10.4712 9.49762 8.34859 4.33177 1.7351
internal_count=359 42 317 69 54 45 248 189 185 181 59 49
is_linear=0
shrinkage=0.1


Tree=167
num_leaves=8
num_cat=0
split_feature=5 6 5 5 1 3 0
split_gain=0.249238 0.272382 0.28368 0.265505 0.241682 0.661243 0.179847
threshold=22.700000000000003 50.000000000000007 32.20000000000001 23.050000000000004 0.37940952255126026 0.81174490092936691 -0.78656609248549303
decision_type=2 2 2 2 2 2 2
left_child=-1 -2 3 -3 5 -5 -6
right_child=1 2 -4 4 6 -7 -8
leaf_value=-0.085348608155182706 -0.098238132924917801 0.062719361505526719 0.091169355820251985 -0.05488852808978021 0.032831887633003619 0.086467024172271159 -0.011723329780572882
leaf_weight=0.32325247302651394 0.249546862207353 0.6722603291273116 0.38810440897941578 1.8387981295818465 1.9634470338351093 0.4035578230395912 1.6820767166791484
leaf_count=3 6 3 2 250 34 25 36
internal_value=0.000552111 0.00440991 0.00809652 0.00318185 -0.00361596 -0.0294487 0.0122737
internal_weight=7.52104 7.19779 6.94824 6.56014 5.88788 2.24236 3.64552
internal_count=359 356 350 348 345 275 70
is_linear=0
shrinkage=0.1


Tree=168
num_leaves=16
num_cat=0
split_feature=5 2 0 8 4 6 3 2 3 2 5 0 1 1 1
split_gain=0.540784 0.303457 0.205576 0.612388 0.696873 0.376718 0.350322 0.339252 0.245792 0.200353 0.180169 0.00379424 5.10574e-06 3.38013e-07 9.75989e-08
threshold=28.250000000000004 0.87837969732492682 -0.91597561503675329 1.0000000180025095e-35 1.0000000180025095e-35 79.300000000000026 1.0000000180025095e-35 -1.0000000180025095e-35 1.0000000180025095e-35 1.0000000180025095e-35 24.750000000000004 0.91597561503675362 -0.98296291314453399 -0.9159756150367534 -0.60355339059327384
decision_type=2 2 2 2 2 2 2 2 2 2 2 2 2 2 2
left_child=2 11 8 4 6 7 9 -5 10 -4 -1 12 -2 -14 -15
right_child=1 -3 3 5 -6 -7 -8 -9 -10 -11 -12 -13 13 14 -16
leaf_value=-0.015033356095708378 -0.075884342198986238 -0.00067390824551101904 0.021340348699788667 0.11384347662721601 -0.040099405451150288 0.0047951732769130236 0.043987098367247339 0.034167411784142503 -0.032206436161879022 -0.019251601417524827 0.021199006107716314 -0.086595270294119897 -0.075445043855026636 -0.075238837300901057 -0.075365265972110143
leaf_weight=2.6949292086064833 0.27425661869347107 0.77036298066377629 2.2414766410365718 1.0447441600263121 3.2267631934955716 1.2978980680927632 2.7367244581691921 1.0939919240772717 2.9918324099853635 2.6576956380158663 2.7966414424590766 0.52094170451164246 0.20332123176194739 0.20282341854181152 0.087358803139067187
leaf_count=14 21 14 15 15 22 12 18 29 24 29 31 5 34 57 19
internal_value=-0.00124837 -0.0503265 0.00318724 0.0105039 -0.00113616 0.0472962 0.0153289 0.0730881 -0.00914539 -0.000679912 0.00341836 -0.080008 -0.0755384 -0.0753462 -0.0752769
internal_weight=24.8418 2.05906 22.7827 14.2993 10.8627 3.43663 7.6359 2.13874 8.4834 4.89917 5.49157 1.2887 0.76776 0.493503 0.290182
internal_count=359 150 209 140 84 56 62 44 69 44 45 136 131 110 76
is_linear=0
shrinkage=0.1


Tree=169
num_leaves=12
num_cat=0
split_feature=1 5 5 6 6 6 6 0 6 6 3
split_gain=0.147028 0.923215 0.478853 0.299027 0.290866 0.728444 0.268133 0.00299693 3.06838e-05 3.39825e-05 2.16762e-07
threshold=-0.98296291314453399 28.850000000000005 28.250000000000004 60.750000000000007 71.450000000000017 73.100000000000009 69.050000000000011 0.78656609248549325 59.650000000000013 57.100000000000009 1.0000000180025095e-35
decision_type=2 2 2 2 2 2 2 2 2 2 2
left_child=-1 2 3 -2 6 -6 -5 8 9 -3 -10
right_child=1 7 -4 4 5 -7 -8 -9 10 -11 -12
leaf_value=0.017302140162658308 -0.036138982984306782 -0.076049429472261412 0.056636707347718411 0.0043889391596183781 -0.098906409244935406 0.0073229930313083065 0.04222269508455137 -0.087929335742558054 -0.075427275555122617 -0.077321271789810075 -0.075595547453222556
leaf_weight=5.5281717330217388 2.0242706970311763 0.42457552161067613 1.6325539599638421 8.1129932359326613 0.87839958560652975 2.4347752581816167 2.4355890923179677 0.27861146628856648 0.15633517294190824 0.41584321111440659 0.15000628447160125
leaf_count=23 17 38 20 81 15 65 31 7 26 16 20
internal_value=0.00295355 -0.00123362 0.00506334 -0.000236687 0.00500622 -0.0208409 0.0131245 -0.0786266 -0.0763664 -0.0766787 -0.0755097
internal_weight=24.4721 18.944 17.5186 15.886 13.8618 3.31317 10.5486 1.42537 1.14676 0.840419 0.306341
internal_count=359 336 229 209 192 80 112 107 100 54 46
is_linear=0
shrinkage=0.1


Tree=170
num_leaves=10
num_cat=0
split_feature=6 0 8 5 6 6 5 6 3
split_gain=0.257996 0.25248 0.362391 0.365148 0.872563 0.422557 0.302801 0.61234 0.36981
threshold=79.850000000000009 0.91597561503675362 1.0000000180025095e-35 23.050000000000004 75.850000000000009 68.950000000000017 28.350000000000005 62.850000000000001 -0.22252093395631442
decision_type=2 2 2 2 2 2 2 2 2
left_child=1 2 -1 -4 5 -5 7 -3 -9
right_child=-2 6 3 4 -6 -7 -8 8 -10
leaf_value=0.047884747582964543 -0.038955630989985002 0.036765946050501701 -0.053461663197350628 0.0076235960578588269 0.090082119040361175 -0.040928905316817504 -0.059889016427196386 -0.10257837968665953 0.0025699164254529825
leaf_weight=1.9112442666664726 1.7532263784669329 1.7198937255889171 1.1148080676794094 8.8692890021484327 1.1289490466006089 2.2465443476103237 1.3300435841083524 0.71425585099495925 0.62907663697842509
leaf_count=27 19 22 4 165 20 54 6 20 22
internal_value=-0.00219844 0.00107878 0.00715648 0.00132982 0.00631823 -0.00218901 -0.020047 -0.00274776 -0.0533379
internal_weight=21.4173 19.6641 15.2708 13.3596 12.2448 11.1158 4.39327 3.06323 1.34333
internal_count=359 340 270 243 239 219 70 64 42
is_linear=0
shrinkage=0.1


Tree=171
num_leaves=14
num_cat=0
split_feature=5 2 8 5 5 9 8 2 6 0 5 5 0
split_gain=0.236197 0.268092 0.86679 0.363177 0.602024 0.330738 0.188853 0.402996 0.287581 0.182992 0.00124512 0.000383639 0.000362944
threshold=22.700000000000003 -0.60785761079279388 1.0000000180025095e-35 31.750000000000004 23.050000000000004 1.0000000180025095e-35 1.0000000180025095e-35 0.6078576107927941 86.450000000000003 -0.91597561503675329 24.150000000000002 23.750000000000004 -0.78656609248549303
decision_type=2 2 2 2 2 2 2 2 2 2 2 2 2
left_child=-1 2 -2 4 -4 6 8 9 12 -8 -6 -9 -3
right_child=1 5 3 -5 10 -7 7 11 -10 -11 -12 -13 -14
leaf_value=-0.084770458349539599 0.12456762516339695 -0.087812354428566095 0.098161489638990906 0.057289612119317636 -0.083728067180020418 0.063534257060131369 0.054569499590228533 -0.083815815707301927 0.0014826134440858835 -0.0066034261329836101 -0.075413950212506298 -0.078332690851980608 -0.083593215857975689
leaf_weight=0.30898499861359585 0.70823790441500034 0.49715988268144429 0.24037216603755929 0.56604288145899784 0.58604887127876282 0.54872835433343414 0.80456813168711971 0.2158093824982642 0.67581319250166416 1.2467761906737 0.26005687637371011 0.31220773803943302 0.34563532526954055
leaf_count=3 29 7 1 4 5 17 21 2 4 40 112 52 62
internal_value=0.000795027 0.00456793 0.0320094 -0.0076592 -0.0414968 -0.00937374 -0.0191363 -0.00266439 -0.0471139 0.0173895 -0.0811727 -0.0805737 -0.0860821
internal_weight=7.31644 7.00746 2.36076 1.65252 1.08648 4.6467 4.09797 2.57936 1.51861 2.05134 0.846106 0.528017 0.842795
internal_count=359 356 151 122 118 205 188 115 73 61 117 54 69
is_linear=0
shrinkage=0.1


Tree=172
num_leaves=13
num_cat=0
split_feature=6 6 2 5 6 1 2 2 0 5 3 3
split_gain=0.5022 0.800699 0.378724 0.377203 0.828936 0.55057 0.484525 0.349839 0.354929 0.318123 0.253283 0.0819315
threshold=59.650000000000013 60.750000000000007 0.6078576107927941 27.050000000000004 63.550000000000004 0.1294095225512602 -1.0000000180025095e-35 1.0000000180025095e-35 -0.91597561503675329 24.050000000000004 -0.22252093395631442 1.0000000180025095e-35
decision_type=2 2 2 2 2 2 2 2 2 2 2 2
left_child=2 -2 11 5 -5 6 -3 8 -7 -9 -6 -1
right_child=1 3 -4 4 10 7 -8 9 -10 -11 -12 -13
leaf_value=-0.046115487564192301 0.068275520535820922 -0.0011421316794171222 0.0085303862856602741 -0.093400918887881101 0.033800396723633518 -0.00989936150986696 0.07009682389598558 -0.047594068563815463 0.03626301066147708 -0.00077135372174026511 -0.027292943996397225 -0.096605852541994566
leaf_weight=0.5025083990767627 1.7411479682195956 1.759764780290425 0.7821897551184519 1.3576822995673854 1.3156032774131743 3.9327514320612038 2.0870004831813338 2.8489038087427616 2.8891945485956865 2.9573156568221748 1.4015472505707296 0.8916973399464041
leaf_count=34 22 20 17 30 28 19 35 16 36 35 30 37
internal_value=-0.00131238 0.00316424 -0.0471625 -0.00235253 -0.0295946 0.00438541 0.0375074 -0.00570415 0.00965108 -0.0237456 0.00228753 -0.0784078
internal_weight=24.4673 22.2909 2.1764 20.5498 4.07483 16.4749 3.84677 12.6282 6.82195 5.80622 2.71715 1.39421
internal_count=359 271 88 249 88 161 55 106 55 51 58 71
is_linear=0
shrinkage=0.1


Tree=173
num_leaves=12
num_cat=0
split_feature=6 2 0 5 5 5 2 1 0 6 6
split_gain=0.137064 0.164142 0.335225 1.28463 0.733398 0.369937 0.358614 0.313581 0.156981 0.156242 5.36822e-05
threshold=54.800000000000004 0.87837969732492682 -0.91597561503675329 25.950000000000003 26.750000000000004 28.350000000000005 1.0000000180025095e-35 -0.12940952255126037 -1.0000000180025095e-35 69.15000000000002 71.750000000000014
decision_type=2 2 2 2 2 2 2 2 2 2 2
left_child=-1 2 6 8 -5 -6 9 -3 10 -2 -4
right_child=1 7 3 4 5 -7 -8 -9 -10 -11 -12
leaf_value=0.028446954617446729 0.024158430009627089 0.013915924738170493 -0.078015871656680169 0.05903516259150085 -0.028857410490298357 0.010530250180377581 0.053320767246156447 -0.05038388628105496 -0.15242785636286227 -0.01544924486901398 -0.076353988382774074
leaf_weight=1.8762288640718932 1.9767134157009505 1.3884068785700949 0.33466174080967903 2.0466857146238899 4.2689862230326963 5.4019790947204456 2.371011427603662 1.6716299682157103 0.42252115509472499 2.0073378947563469 0.46366348513402045
leaf_count=27 23 15 14 19 38 105 20 33 8 18 39
internal_value=0.00248622 0.000307225 0.00371989 -0.00551816 0.0046527 -0.00685637 0.022528 -0.0212096 -0.103138 0.00420237 -0.0770507
internal_weight=24.2298 22.3536 19.2936 12.9385 11.7177 9.67097 6.35506 3.06004 1.22085 3.98405 0.798325
internal_count=359 332 284 223 162 143 61 48 61 41 53
is_linear=0
shrinkage=0.1


Tree=174
num_leaves=9
num_cat=0
split_feature=3 7 6 5 6 0 6 0
split_gain=0.228204 0.550306 0.411667 0.230312 0.392174 0.669993 0.535011 0.0860108
threshold=0.81174490092936691 1.0000000180025095e-35 56.650000000000013 23.550000000000004 69.350000000000009 -0.78656609248549303 62.150000000000013 0.91597561503675362
decision_type=2 2 2 2 2 2 2 2
left_child=1 7 -3 -4 6 -6 -5 -1
right_child=-2 2 3 4 5 -7 -8 -9
leaf_value=-0.035077040605727153 -0.033446472773811645 0.046581110226884472 0.024935601341750092 -0.015316534958652598 -0.00096758378003775373 -0.084561070569243613 0.03673153201762519 -0.085137463947115272
leaf_weight=0.71234963601455692 2.0418076985515645 2.2366948204580721 3.1156512945890418 4.5139554201159608 2.7403595641953871 1.4747924653347571 3.5111168590374291 0.66232382517773658
leaf_count=9 35 35 12 70 45 40 80 33
internal_value=-0.00168116 0.00173835 0.00649975 0.000661612 -0.00551714 -0.0302152 0.00745545 -0.0591964
internal_weight=21.0091 18.9672 17.5926 15.3559 12.2402 4.21515 8.02507 1.37467
internal_count=359 324 282 247 235 85 150 42
is_linear=0
shrinkage=0.1


Tree=175
num_leaves=12
num_cat=0
split_feature=5 2 8 1 5 9 2 3 6 1 5
split_gain=0.214429 0.235492 0.716221 0.325952 0.54269 0.290319 0.227472 0.280604 0.923672 0.448998 0.000475716
threshold=22.700000000000003 -0.60785761079279388 1.0000000180025095e-35 -0.9159756150367534 23.050000000000004 1.0000000180025095e-35 -1.0000000180025095e-35 -1.0000000180025095e-35 83.700000000000003 0.37940952255126026 24.150000000000002
decision_type=2 2 2 2 2 2 2 2 2 2 2
left_child=-1 2 -2 -4 -5 6 -3 8 -8 -9 -6
right_child=1 5 3 4 10 -7 7 9 -10 -11 -12
leaf_value=-0.083749021887918523 0.1143353727185633 -0.088068747271687509 0.053765131388799105 0.095448494387595798 -0.082886699337286554 0.060226138295206268 -0.040223068497287441 0.010062206851803446 0.11292254472162495 -0.08689801884649509 -0.077488650681242915
leaf_weight=0.28633935377001751 0.70759788452414807 0.41439544118475202 0.56397277704672899 0.22445183992385853 0.53596335649490356 0.53954880672972638 0.99332563337520718 1.0096545193518975 0.65255023445934057 0.9062914773239753 0.23477017444383819
leaf_count=3 29 38 37 1 5 17 80 53 4 13 79
internal_value=0.00101704 0.00459563 0.0308956 -0.00697209 -0.041392 -0.00860605 -0.0179462 -0.00978784 0.0204955 -0.0358025 -0.0812424
internal_weight=7.06886 6.78252 2.26676 1.55916 0.995185 4.51577 3.97622 3.56182 1.64588 1.91595 0.770734
internal_count=359 356 151 122 85 205 188 150 84 66 84
is_linear=0
shrinkage=0.1


Tree=176
num_leaves=14
num_cat=0
split_feature=5 2 6 6 0 5 5 5 2 0 1 1 1
split_gain=0.493885 0.264007 0.202718 0.371452 0.468017 0.315307 0.23631 0.271717 0.209819 0.00333128 3.3912e-06 2.83152e-07 6.44166e-08
threshold=28.250000000000004 0.87837969732492682 61.100000000000001 62.850000000000001 -0.78656609248549303 25.250000000000004 25.950000000000003 23.650000000000002 -0.60785761079279388 0.91597561503675362 -0.98296291314453399 -0.9159756150367534 -0.60355339059327384
decision_type=2 2 2 2 2 2 2 2 2 2 2 2 2
left_child=2 9 -1 -4 5 8 7 -6 -5 10 -2 -12 -13
right_child=1 -3 3 4 6 -7 -8 -9 -10 -11 11 12 -14
leaf_value=0.026912792133335008 -0.075784236084779494 -0.0040833532708014651 -0.040874734084087823 -0.0016102451526328531 0.012146500992807296 0.022132568498530583 0.0078356272197207966 0.073862547275374946 -0.034051166060617352 -0.086320901518896098 -0.075411550484124235 -0.075216074380505232 -0.07532542618914187
leaf_weight=2.9919707216322484 0.23841278953477729 0.75440947152674187 2.0889901891350773 3.7461300026625475 1.29127196967601 2.4482048568315795 3.6020276499912143 1.5940063360612837 4.261880749836565 0.4871891625225544 0.18149528291542072 0.18145500001264725 0.076615176978520272
leaf_count=19 21 14 14 18 5 38 38 37 40 5 34 57 19
internal_value=-0.00152427 -0.0501722 0.00271571 -0.00108814 0.0038172 -0.00927383 0.0249173 0.0462423 -0.0188754 -0.0800132 -0.0754806 -0.0753158 -0.0752485
internal_weight=23.9441 1.91958 22.0245 19.0325 16.9435 10.4562 6.48731 2.88528 8.00801 1.16517 0.677978 0.439565 0.25807
internal_count=359 150 209 190 176 96 80 42 58 136 131 110 76
is_linear=0
shrinkage=0.1


Tree=177
num_leaves=13
num_cat=0
split_feature=6 6 4 5 5 5 6 6 5 5 6 5
split_gain=0.138144 0.139945 0.799521 0.358412 0.16425 0.712778 0.523132 0.519581 0.407216 0.405985 0.242811 0.649213
threshold=54.800000000000004 72.600000000000009 1.0000000180025095e-35 24.550000000000004 28.050000000000004 28.350000000000005 62.050000000000004 58.95000000000001 28.850000000000005 27.050000000000004 64.65000000000002 24.950000000000003
decision_type=2 2 2 2 2 2 2 2 2 2 2 2
left_child=-1 4 3 -3 9 -6 7 -7 -8 10 -2 -12
right_child=1 2 -4 -5 5 6 8 -9 -10 -11 11 -13
leaf_value=0.02852764317700009 -0.02775485393570791 -0.085624595437698681 0.07589924834625196 0.01657465666079453 -0.088019215023106431 -0.017109581337683543 0.013488995695674751 0.051893717853115029 -0.090390275402908185 0.0385081065392874 -0.029831883254972144 0.034649370638808123
leaf_weight=1.8729166730772728 3.2247915207408422 0.65772584918886334 1.3564438743051142 0.7174813358578831 1.1214092285372306 2.2222456637537107 0.61545233521610476 2.1440445021726191 0.97551215253770351 2.6977988532744339 2.8126529520377517 3.5099370034877211
leaf_count=27 30 20 19 31 15 38 10 34 36 25 27 47
internal_value=0.00245363 0.000239471 0.0214257 -0.0323046 -0.00275545 -0.0148813 -0.00111364 0.0167741 -0.0502054 0.00425424 -0.00542486 0.00596439
internal_weight=23.9284 22.0555 2.73165 1.37521 19.3238 7.07866 5.95725 4.36629 1.59096 12.2452 9.54738 6.32259
internal_count=359 332 70 51 262 133 118 72 46 129 104 74
is_linear=0
shrinkage=0.1


Tree=178
num_leaves=7
num_cat=0
split_feature=6 6 5 5 5 5
split_gain=0.22242 0.783296 0.214172 0.394951 0.373176 0.966863
threshold=51.050000000000004 56.650000000000013 23.550000000000004 23.750000000000004 24.050000000000004 27.950000000000003
decision_type=2 2 2 2 2 2
left_child=-1 -2 -3 -4 -5 -6
right_child=1 2 3 4 5 -7
leaf_value=-0.045879815109616084 0.066266699132301279 0.018318988127873581 -0.054758011047937094 0.036043280129730404 -0.076323789631611683 0.0021828906428877576
leaf_weight=1.0649433678481752 1.6834066282026494 3.2127876877784756 1.7509840801358212 1.959917552769183 1.8944280798314128 9.1249800769146514
leaf_count=9 33 13 10 10 160 124
internal_value=-0.00137063 0.00104446 -0.00507463 -0.010177 -0.00416272 -0.0113138
internal_weight=20.6914 19.6265 17.9431 14.7303 12.9793 11.0194
internal_count=359 350 317 304 294 284
is_linear=0
shrinkage=0.1


Tree=179
num_leaves=14
num_cat=0
split_feature=5 2 8 5 5 8 6 5 6 5 5 6 5
split_gain=0.192262 0.218128 0.614568 0.313154 0.497353 0.26947 0.231757 0.230946 0.136443 0.298362 0.000750338 0.000263741 0.000650781
threshold=22.700000000000003 -0.60785761079279388 1.0000000180025095e-35 31.750000000000004 23.050000000000004 1.0000000180025095e-35 86.450000000000003 24.050000000000004 59.250000000000007 32.20000000000001 24.150000000000002 72.15000000000002 24.050000000000004
decision_type=2 2 2 2 2 2 2 2 2 2 2 2 2
left_child=-1 2 -2 4 -4 6 11 -7 -9 -10 -6 12 -3
right_child=1 5 3 -5 10 7 -8 8 9 -11 -12 -13 -14
leaf_value=-0.082854995878330395 0.10651509072088149 -0.085673806372122116 0.093641455216107117 0.055128753845016247 -0.082234359951559935 0.024000384291541096 -0.0013709474710534549 -0.091300145869331467 -0.0755120681456109 0.090491497457570305 -0.075412564795297052 -0.085422045428617907 -0.075210088153721211
leaf_weight=0.26348465681076039 0.70991606172174226 0.14541962742805459 0.21259027719497681 0.52616352960467339 0.49663051217794418 2.2630836963653569 0.63467738032341003 0.30680491011298716 0.25315155507996678 0.18918114900588989 0.2387458829471143 0.48145528498571366 0.10052630899008363
leaf_count=3 29 1 1 4 5 14 4 27 90 1 112 15 53
internal_value=0.000900903 0.00426584 0.0300755 -0.00673653 -0.0410745 -0.00862067 -0.0455306 0.0080694 -0.0400568 -0.00451405 -0.0800196 -0.0840611 -0.0813969
internal_weight=6.82183 6.55835 2.18405 1.47413 0.947967 4.3743 1.36208 3.01222 0.749138 0.442333 0.735376 0.727401 0.245946
internal_count=359 356 151 122 118 205 73 132 118 91 117 69 54
is_linear=0
shrinkage=0.1


Tree=180
num_leaves=16
num_cat=0
split_feature=6 6 4 5 6 1 2 2 5 5 3 6 5 5 5
split_gain=0.43976 0.709473 0.335967 0.331759 0.737464 0.471887 0.389449 0.303756 0.290044 0.262023 0.204991 0.0140199 0.00570508 0.00158051 1.3667e-07
threshold=59.650000000000013 60.750000000000007 1.0000000180025095e-35 27.050000000000004 63.550000000000004 0.1294095225512602 -1.0000000180025095e-35 1.0000000180025095e-35 23.650000000000002 24.050000000000004 -0.22252093395631442 59.45000000000001 28.050000000000004 28.150000000000002 30.650000000000002
decision_type=2 2 2 2 2 2 2 2 2 2 2 2 2 2 2
left_child=2 -2 -1 5 -5 6 -3 8 -7 -9 -6 12 -4 -14 -15
right_child=1 3 11 4 10 7 -8 9 -10 -11 -12 -13 13 14 -16
leaf_value=-0.0018118052689483268 0.065579492102380996 0.00012212411178949252 -0.0639432051712822 -0.090852475040107947 0.030622849296167355 0.036350701354648129 0.064883162519675339 -0.045010985854544681 -0.0070088571652460576 -0.0016556004233669122 -0.025074664299291501 -0.097253547453078598 -0.088296541144302285 -0.07531637488978532 -0.075491467727615669
leaf_weight=0.94901974021923075 1.6651153117418314 1.7183569828048351 0.30761105939745903 1.2766033603111275 1.2716947952285411 2.4450203329324705 2.0203936584293869 2.7056287825107574 4.180588714312762 2.87541633984074 1.3755430791061369 0.42006009491160512 0.20250829309225082 0.082099912804551423 0.097546628559939563
leaf_count=36 22 20 2 30 28 11 35 16 44 35 30 4 2 23 21
internal_value=-0.00134235 0.00287909 -0.0454962 -0.00237543 -0.0284239 0.00403457 0.0351185 -0.00548607 0.00899194 -0.0226738 0.00168162 -0.082851 -0.07408 -0.0822394 -0.0754114
internal_weight=23.5932 21.5344 2.05885 19.8692 3.92384 15.9454 3.73875 12.2067 6.62561 5.58105 2.64724 1.10983 0.689766 0.382155 0.179647
internal_count=359 271 88 249 88 161 55 106 55 51 58 52 48 46 44
is_linear=0
shrinkage=0.1


Tree=181
num_leaves=10
num_cat=0
split_feature=9 6 2 5 5 6 5 5 6
split_gain=0.12124 0.256676 0.617536 0.695419 0.146434 0.314186 0.31739 1.04673 0.20532
threshold=1.0000000180025095e-35 72.600000000000009 -0.8783796973249266 24.550000000000004 24.450000000000003 51.050000000000004 28.850000000000005 30.350000000000005 60.20000000000001
decision_type=2 2 2 2 2 2 2 2 2
left_child=1 4 -3 -4 -1 -6 8 -8 -7
right_child=-2 2 3 -5 5 6 7 -9 -10
leaf_value=-0.02191221609011863 -0.024638567222720047 0.11070765412320314 -0.08103349159181672 0.053523941347692297 0.059760840261194229 0.038209811539402505 -0.096253529584482134 0.0074261915224946382 0.0033868159591681091
leaf_weight=2.5422287620604136 1.559560443391091 0.74482413008809123 0.633250445825978 0.9761678563663736 0.94799066637642937 2.0719767287373569 1.3351005961885665 3.5977027550106868 9.2610040947329235
leaf_count=22 36 9 22 32 8 19 44 59 108
internal_value=0.00230916 0.00420993 0.0354218 0.000580245 0.000490539 0.00379911 0.000537585 -0.0206355 0.00975341
internal_weight=23.6698 22.1102 2.35424 1.60942 19.756 17.2138 16.2658 4.9328 11.333
internal_count=359 323 63 54 260 238 230 103 127
is_linear=0
shrinkage=0.1


Tree=182
num_leaves=9
num_cat=0
split_feature=3 7 5 5 5 3 5 0
split_gain=0.197595 0.448723 0.414926 0.374626 0.651726 0.344627 0.220206 0.0897715
threshold=0.81174490092936691 1.0000000180025095e-35 30.550000000000004 29.750000000000004 28.550000000000004 1.0000000180025095e-35 31.350000000000005 0.91597561503675362
decision_type=2 2 2 2 2 2 2 2
left_child=1 7 3 4 5 -3 -4 -1
right_child=-2 2 6 -5 -6 -7 -8 -9
leaf_value=-0.030833071601279918 -0.031764223473151047 -0.021877456535393885 0.062542492406257186 -0.038379962410460933 0.070853464394603202 0.014859296339674383 0.0091175689060598655 -0.084097030877102699
leaf_weight=0.67879123147577647 1.9607314640888933 4.9230595420813206 1.7389821063261472 2.2970578721724442 1.3603270535822947 5.3055108711123466 1.3867509453557429 0.59273579681757838
leaf_count=9 35 117 33 35 33 48 16 33
internal_value=-0.00159547 0.0016399 0.00592293 -0.00148675 0.00582592 -0.00282228 0.0388402 -0.0556626
internal_weight=20.2439 18.2832 17.0117 13.886 11.5889 10.2286 3.12573 1.27153
internal_count=359 324 282 233 198 165 49 42
is_linear=0
shrinkage=0.1


Tree=183
num_leaves=12
num_cat=0
split_feature=5 2 8 5 5 9 6 8 6 6 5
split_gain=0.177646 0.198788 0.528437 0.279398 0.46337 0.241672 0.159062 0.21515 0.35141 0.226991 0.00056919
threshold=22.700000000000003 -0.60785761079279388 1.0000000180025095e-35 31.750000000000004 23.050000000000004 1.0000000180025095e-35 59.250000000000007 1.0000000180025095e-35 67.050000000000011 86.450000000000003 24.150000000000002
decision_type=2 2 2 2 2 2 2 2 2 2 2
left_child=-1 2 -2 4 -4 6 -3 9 -9 -8 -6
right_child=1 5 3 -5 10 -7 7 8 -10 -11 -12
leaf_value=-0.082193846267090517 0.10020405793629612 -0.091303507687310548 0.09237958403323393 0.053197837369754003 -0.081575049370467112 0.056998934676642604 -0.08347073245092862 0.0742394963989364 -0.016022137118443996 0.00029602539657617983 -0.075378230930210649
leaf_weight=0.24474585056304921 0.70723831932991754 0.26440916886349475 0.20365138351917267 0.50704443454742432 0.46118234843015671 0.50750558252912004 0.67247715168923672 0.58956460957415391 1.6070590252056716 0.62335559912025928 0.21842709703196306
leaf_count=3 29 31 1 4 5 17 62 33 58 4 112
internal_value=0.0014094 0.00462566 0.0298299 -0.00596899 -0.0399343 -0.00777169 -0.0165214 -0.0108597 0.00820371 -0.043175 -0.0795834
internal_weight=6.60666 6.36191 2.09754 1.39031 0.883261 4.26437 3.75687 3.49246 2.19662 1.29583 0.679609
internal_count=359 356 151 122 118 205 188 157 91 66 117
is_linear=0
shrinkage=0.1


Tree=184
num_leaves=14
num_cat=0
split_feature=5 2 6 6 0 5 5 5 2 0 1 1 1
split_gain=0.430189 0.251004 0.20103 0.358521 0.408242 0.2866 0.196022 0.233241 0.193582 0.00258098 2.51839e-06 2.63349e-07 4.16754e-08
threshold=28.250000000000004 0.87837969732492682 61.100000000000001 62.850000000000001 -0.78656609248549303 25.250000000000004 25.950000000000003 23.650000000000002 -0.60785761079279388 0.91597561503675362 -0.98296291314453399 -0.9159756150367534 -0.60355339059327384
decision_type=2 2 2 2 2 2 2 2 2 2 2 2 2
left_child=2 9 -1 -4 5 8 7 -6 -5 10 -2 -12 -13
right_child=1 -3 3 4 6 -7 -8 -9 -10 -11 11 12 -14
leaf_value=0.027385710073347953 -0.075723858920043741 -0.0036327543391152413 -0.040859795994831839 -0.0011288803514045763 0.011487464993645589 0.021570801982852453 0.008044691910450338 0.069426626802939234 -0.03267136190053696 -0.085472190121576377 -0.075393146427622307 -0.075199197431141132 -0.075292784227510692
leaf_weight=2.867380175739533 0.21175646688789118 0.73861621436662961 2.0178040508180883 3.6637152619659989 1.2601965665817183 2.4093139776960015 3.5359324053861201 1.5486281146295366 4.1492063952609897 0.44688722863793373 0.16259478067513544 0.16168241028208274 0.067426407651509312
leaf_count=19 21 14 14 18 5 38 38 37 40 5 34 57 19
internal_value=-0.0011883 -0.0483008 0.00274056 -0.00106186 0.0037854 -0.00858181 0.0237106 0.0434319 -0.0178801 -0.0797118 -0.075446 -0.0752958 -0.0752267
internal_weight=23.2411 1.78896 21.4522 18.5848 16.567 10.2222 6.34476 2.80882 7.81292 1.05035 0.60346 0.391704 0.229109
internal_count=359 150 209 190 176 96 80 42 58 136 131 110 76
is_linear=0
shrinkage=0.1


Tree=185
num_leaves=13
num_cat=0
split_feature=1 5 5 6 6 6 6 0 3 6 6 5
split_gain=0.124613 0.796458 0.333213 0.245819 0.267499 0.635128 0.211145 0.00167979 3.53865e-05 1.09253e-05 9.86077e-06 8.89641e-08
threshold=-0.98296291314453399 28.850000000000005 28.250000000000004 60.750000000000007 71.450000000000017 73.100000000000009 69.050000000000011 0.78656609248549325 0.81174490092936691 59.45000000000001 57.100000000000009 30.250000000000004
decision_type=2 2 2 2 2 2 2 2 2 2 2 2
left_child=-1 2 3 -2 6 -6 -5 8 9 10 -3 -11
right_child=1 7 -4 4 5 -7 -8 -9 -10 11 -12 -13
leaf_value=0.015813105769351563 -0.034773250567383451 -0.075887176908925491 0.048397649372170809 0.004225436897736759 -0.096928448200452447 0.0056786047543815991 0.038079206164060186 -0.085678099802336954 -0.077494724728461695 -0.075425861071652195 -0.076721309573994409 -0.075544239833199869
leaf_weight=5.3259425833821323 1.8221205319278002 0.30580607848241814 1.5471447373274703 7.8435686370357853 0.81835980061441604 2.2951849934179336 2.4079027203842998 0.23594255698844779 0.20646491087973118 0.12680815102066845 0.26413334789685905 0.12713001319207251
leaf_count=23 17 34 20 81 15 65 31 7 9 26 13 18
internal_value=0.00237611 -0.00159958 0.00418672 -0.000317138 0.00438044 -0.0212905 0.0121771 -0.078067 -0.076324 -0.0760307 -0.0762737 -0.0754851
internal_weight=23.3265 18.0006 16.7343 15.1871 13.365 3.11354 10.2515 1.26629 1.03034 0.823878 0.569939 0.253938
internal_count=359 336 229 209 192 80 112 107 100 91 47 44
is_linear=0
shrinkage=0.1


Tree=186
num_leaves=11
num_cat=0
split_feature=6 6 6 5 5 2 2 6 5 2
split_gain=0.184161 0.207356 0.194386 0.360016 0.705229 0.353207 0.280969 0.254542 0.155235 3.33847e-05
threshold=56.650000000000013 52.850000000000009 60.20000000000001 28.050000000000004 24.050000000000004 -1.0000000180025095e-35 -0.60785761079279388 63.550000000000004 27.950000000000003 0.6078576107927941
decision_type=2 2 2 2 2 2 2 2 2 2
left_child=1 -1 6 4 -4 7 -2 -5 9 -6
right_child=2 -3 3 5 8 -7 -8 -9 -10 -11
leaf_value=-0.002105303828407751 0.0071854619178376919 0.054680371789930585 0.0043229909595318321 0.03102483811061775 -0.075941109038566643 0.063182397984266628 -0.045247953979570224 -0.029535031378223744 -0.0011746932337159794 -0.076896043233501465
leaf_weight=1.4506166763603716 1.7160057649016378 1.1550701642408965 6.725309766829012 1.5098168810363861 1.091116255498491 1.5123016205616284 2.5268752179108587 1.2845351905561981 0.33080400526523579 0.55096467188559461
leaf_count=20 29 22 33 27 111 22 24 26 3 42
internal_value=-0.00171199 0.0230671 -0.00545547 0.000608324 -0.0110992 0.0242541 -0.0240416 0.00318608 -0.0636713 -0.0762615
internal_weight=19.8534 2.60569 17.2477 13.0048 8.69819 4.30665 4.24288 2.79435 1.97288 1.64208
internal_count=359 42 317 264 189 75 53 53 156 153
is_linear=0
shrinkage=0.1


Tree=187
num_leaves=7
num_cat=0
split_feature=6 5 5 9 5 3
split_gain=0.186618 0.235764 0.438017 3.74921e-06 8.32894e-07 2.08548e-07
threshold=50.000000000000007 31.750000000000004 24.050000000000004 1.0000000180025095e-35 24.650000000000002 1.0000000180025095e-35
decision_type=2 2 2 2 2 2
left_child=-1 2 -2 4 -4 -6
right_child=1 -3 3 -5 5 -7
leaf_value=-0.092122335392957 0.0081949523213670425 0.060056166660286472 -0.075547095714070381 -0.075835409292666439 -0.07515997846626675 -0.075295531648687242
leaf_weight=0.20836304915428616 4.807485893368721 0.67127925902605046 0.10253832049784239 0.16250366474559996 0.21469431106379488 0.24079050849832129
leaf_count=6 33 5 24 32 151 108
internal_value=0.000964442 0.00409316 -0.00270255 -0.0754127 -0.0752896 -0.0752316
internal_weight=6.40766 6.19929 5.52801 0.720527 0.558023 0.455485
internal_count=359 353 348 315 283 259
is_linear=0
shrinkage=0.1


Tree=188
num_leaves=12
num_cat=0
split_feature=5 5 4 6 6 6 5 2 0 1 1
split_gain=0.52064 0.32614 0.300483 0.529778 0.405696 1.23519 1.15662 0.230638 0.00184896 1.99274e-06 2.28903e-07
threshold=23.050000000000004 28.250000000000004 1.0000000180025095e-35 68.65000000000002 64.750000000000014 68.450000000000017 24.650000000000002 0.87837969732492682 0.91597561503675362 -0.98296291314453399 -0.9159756150367534
decision_type=2 2 2 2 2 2 2 2 2 2 2
left_child=-1 2 4 -4 -2 -6 -7 8 9 -3 -11
right_child=1 7 3 -5 5 6 -8 -9 -10 10 -12
leaf_value=0.066711276402771691 0.031556829708231364 -0.075673195578824112 0.0099592032432449518 -0.046051779266591764 -0.060844835016335468 -0.0071697211103751756 0.090040039263204141 -0.0044982226741944742 -0.084312476893860469 -0.07537092221730976 -0.075209195987750374
leaf_weight=1.0714051723480249 4.6062587387859883 0.19496140768751502 3.3409411078318945 3.4145871475338936 2.7364167124032956 4.3649958134628832 1.7009145095944402 0.72804841515608132 0.40314343571662903 0.14963877387344837 0.21080762933706754
leaf_count=6 33 21 30 28 27 31 54 14 5 34 76
internal_value=-0.00134955 -0.00468678 -0.00115344 -0.0183516 0.00751136 -0.00507164 0.0200884 -0.0469296 -0.0791574 -0.0754156 -0.0752763
internal_weight=22.9221 21.8507 20.1641 6.75553 13.4086 8.80233 6.06591 1.6866 0.958551 0.555408 0.360446
internal_count=359 353 203 58 145 112 85 150 136 131 110
is_linear=0
shrinkage=0.1


Tree=189
num_leaves=11
num_cat=0
split_feature=6 6 2 1 0 5 5 2 6 0
split_gain=0.22484 0.12668 0.158973 0.332341 0.205273 1.06525 0.561016 0.388922 0.149851 0.0657803
threshold=51.050000000000004 56.650000000000013 0.87837969732492682 -0.12940952255126037 -0.91597561503675329 25.950000000000003 26.750000000000004 1.0000000180025095e-35 69.15000000000002 -1.0000000180025095e-35
decision_type=2 2 2 2 2 2 2 2 2 2
left_child=-1 -2 4 -4 7 9 -7 8 -3 -6
right_child=1 2 3 -5 5 6 -8 -9 -10 -11
leaf_value=0.049791062115441639 -0.03042943073757411 0.02067720511460952 0.01778176680733512 -0.049854886422022071 -0.076844810501190727 0.05538194942391849 -0.0034743376280270567 0.052981137089530117 -0.018552046929515325 -0.12733577395077925
leaf_weight=0.95403848693240689 1.271888871910053 1.9508949303999643 1.3182846517302098 1.6182522472226981 0.69565305637661368 1.9928358467295755 8.6456660637631995 2.2966575538739562 1.9440493644215164 0.41016651154495309
leaf_count=9 33 23 13 33 53 19 130 20 18 8
internal_value=0.00225812 0.000210268 0.00207734 -0.0194911 0.0056086 -0.00215909 0.0075508 0.0203425 0.00109705 -0.0955727
internal_weight=23.0984 22.1443 20.8725 2.93654 17.9359 11.7443 10.6385 6.1916 3.89494 1.10582
internal_count=359 350 317 46 271 210 149 61 41 61
is_linear=0
shrinkage=0.1


Tree=190
num_leaves=9
num_cat=0
split_feature=3 7 5 5 5 3 2 0
split_gain=0.194671 0.390882 0.388905 0.334996 0.537255 0.281868 0.191479 0.0418711
threshold=0.81174490092936691 1.0000000180025095e-35 30.550000000000004 29.750000000000004 28.550000000000004 1.0000000180025095e-35 -0.60785761079279388 0.60355339059327384
decision_type=2 2 2 2 2 2 2 2
left_child=1 7 3 4 5 -3 -4 -1
right_child=-2 2 6 -5 -6 -7 -8 -9
leaf_value=-0.036415171024648051 -0.032224601747595345 -0.020120433025349327 0.066228991561993175 -0.036991571843096642 0.066817838120846726 0.013624353513331133 0.015477907374801298 -0.074472793773662629
leaf_weight=0.61130622867495421 1.871944828541017 4.7110240121837723 1.3440779689699414 2.2328907167538992 1.2645782050676633 5.2159534343518317 1.6635079372208554 0.5484545782674104
leaf_count=8 35 117 27 35 33 48 22 34
internal_value=-0.00156648 0.00169586 0.00565596 -0.00162581 0.00543021 -0.00238984 0.0381584 -0.0544127
internal_weight=19.4637 17.5918 16.432 13.4244 11.1916 9.92698 3.00759 1.15976
internal_count=359 324 282 233 198 165 49 42
is_linear=0
shrinkage=0.1


Tree=191
num_leaves=7
num_cat=0
split_feature=6 5 5 9 5 3
split_gain=0.170375 0.206314 0.407581 3.19424e-06 6.14345e-07 1.7096e-07
threshold=50.000000000000007 31.750000000000004 24.050000000000004 1.0000000180025095e-35 24.650000000000002 1.0000000180025095e-35
decision_type=2 2 2 2 2 2
left_child=-1 2 -2 4 -4 -6
right_child=1 -3 3 -5 5 -7
leaf_value=-0.090489166771213492 0.0081982194856950585 0.057458453947166511 -0.075497157764142772 -0.075789430534959165 -0.075146986492830373 -0.075275054385931059
leaf_weight=0.19526058850897232 4.8043290581554174 0.65449436753988255 0.094346286787185707 0.15139615023508668 0.19724710380251054 0.22104716160538374
leaf_count=6 33 5 24 32 151 108
internal_value=0.00146646 0.00439896 -0.00195159 -0.0753858 -0.0752667 -0.0752147
internal_weight=6.31812 6.12286 5.46837 0.664037 0.512641 0.418294
internal_count=359 353 348 315 283 259
is_linear=0
shrinkage=0.1


Tree=192
num_leaves=11
num_cat=0
split_feature=5 6 6 9 2 4 6 0 6 5
split_gain=0.438753 0.325039 0.69707 0.3304 0.311534 0.305353 0.732702 0.25777 0.013321 0.00677652
threshold=23.050000000000004 59.650000000000013 60.750000000000007 1.0000000180025095e-35 -0.60785761079279388 1.0000000180025095e-35 68.450000000000017 -0.91597561503675329 59.45000000000001 28.050000000000004
decision_type=2 2 2 2 2 2 2 2 2 2
left_child=-1 4 -3 5 8 7 -7 -4 9 -2
right_child=1 2 3 -5 -6 6 -8 -9 -10 -11
leaf_value=0.060319252054126749 -0.061235722460850364 0.063797321201236712 -0.024292548858676214 0.037923298013919957 -0.0004650695911115154 0.018435624157677737 -0.06204589647133027 0.0081882030201947831 -0.095107072375515356 -0.081913246819546953
leaf_weight=1.0986297577619577 0.30851855129003503 1.5477898223325635 3.4894027081318297 1.5548560848692421 0.89904900873080151 1.8226213150774118 2.981819469248876 8.1501009735511563 0.40299639571458101 0.32593109336448833
leaf_count=6 2 22 36 22 36 45 32 108 4 46
internal_value=-0.00131956 -0.00447173 -0.000600114 -0.00613791 -0.043551 -0.0103041 -0.0315143 -0.00154919 -0.0808893 -0.0718582
internal_weight=22.5817 21.4831 19.5466 17.9988 1.9365 16.4439 4.80444 11.6395 1.03745 0.63445
internal_count=359 353 265 243 88 221 77 144 52 48
is_linear=0
shrinkage=0.1


Tree=193
num_leaves=11
num_cat=0
split_feature=6 9 6 2 5 0 5 5 5 5
split_gain=0.177972 0.110616 0.260054 0.507945 0.620134 0.154913 0.30971 1.25407 0.488154 0.20357
threshold=51.050000000000004 1.0000000180025095e-35 72.600000000000009 -0.8783796973249266 24.550000000000004 0.91597561503675362 25.850000000000005 30.350000000000005 24.450000000000003 27.050000000000004
decision_type=2 2 2 2 2 2 2 2 2 2
left_child=-1 2 5 -4 -5 6 8 -8 -2 -7
right_child=1 -3 3 4 -6 9 7 -9 -10 -11
leaf_value=0.044402339404384795 -0.02198512630759461 -0.02606935619360819 0.10240102823696542 -0.080680294289881535 0.051004691171634267 -0.010810978120035425 -0.092439460912728769 0.0090868141981987477 0.04275277533833035 0.021493902349840156
leaf_weight=0.94782211503479885 2.4694746024906706 1.4997456548735488 0.73420832213014398 0.57580839667934813 0.94372376310639083 3.284776751184836 1.8794465595856307 3.4499252885580063 2.2046059129061177 4.8026786418631673
leaf_count=9 21 35 9 22 32 32 81 59 27 32
internal_value=0.00198057 0.000139899 0.00207197 0.034104 0.00110425 -0.00191855 -0.010239 -0.0267173 0.00854956 0.00837305
internal_weight=22.7922 21.8444 20.3446 2.25374 1.51953 18.0909 10.0035 5.32937 4.67408 8.08746
internal_count=359 350 315 63 54 252 188 140 48 64
is_linear=0
shrinkage=0.1


Tree=194
num_leaves=13
num_cat=0
split_feature=0 2 0 5 5 2 6 5 6 6 6 6
split_gain=0.164933 0.417265 0.316235 0.967905 0.793184 0.656074 0.273484 0.264893 0.478778 0.2802 0.161926 0.0246442
threshold=0.91597561503675362 0.6078576107927941 0.12940952255126059 23.050000000000004 23.550000000000004 -1.0000000180025095e-35 71.050000000000011 28.350000000000005 62.850000000000001 65.050000000000011 57.300000000000004 59.850000000000001
decision_type=2 2 2 2 2 2 2 2 2 2 2 2
left_child=1 2 3 -1 -5 -6 11 8 -2 -10 -4 -3
right_child=7 6 10 4 5 -7 -8 -9 9 -11 -12 -13
leaf_value=-0.11272508167644435 0.034885431479908482 0.039669334141074569 0.0010672010180908136 0.079450253092064035 0.0010799864120106706 -0.070012880081607429 0.00046423692428418329 -0.059153496699264535 0.0047711143563523703 -0.091774782313395753 0.077039562190142463 0.059760764206840303
leaf_weight=0.88163416087627666 1.5228723286418242 1.0620432326104485 0.5082855219952751 1.0342442542314509 6.2485590947326246 1.6384506735485072 1.8463374702259896 1.1808954328298567 0.53775081189814933 0.68166686315089464 0.62614576518535614 1.4359736572951076
leaf_count=4 22 13 15 4 117 48 26 6 11 32 34 27
internal_value=-0.00126608 0.00342943 -0.00698482 -0.0127693 -0.00289122 -0.0136889 0.0296483 -0.0195561 -0.00250451 -0.049199 0.0429999 0.0512188
internal_weight=19.2049 15.2817 10.9373 9.80289 8.92125 7.88701 4.34435 3.92319 2.74229 1.21942 1.13443 2.49802
internal_count=359 288 222 173 169 165 66 71 65 43 49 40
is_linear=0
shrinkage=0.1


Tree=195
num_leaves=13
num_cat=0
split_feature=5 2 8 1 5 8 6 5 6 5 5 6
split_gain=0.157436 0.18393 0.461161 0.255797 0.432681 0.222152 0.208194 0.150227 0.0947686 0.23695 0.000149559 0.000123822
threshold=22.700000000000003 -0.60785761079279388 1.0000000180025095e-35 -0.9159756150367534 23.050000000000004 1.0000000180025095e-35 86.450000000000003 24.050000000000004 59.250000000000007 32.20000000000001 24.150000000000002 72.15000000000002
decision_type=2 2 2 2 2 2 2 2 2 2 2 2
left_child=-1 2 -2 -4 -5 6 11 -7 -9 -10 -6 -3
right_child=1 5 3 4 10 7 -8 8 9 -11 -12 -13
leaf_value=-0.081276355082753715 0.096040475922464175 -0.081202342949019735 0.054413359408520726 0.091100395961271424 -0.080967248477716344 0.019948739102537028 -0.0014124326948115171 -0.08575332519714278 -0.075447679280846836 0.087077049793495634 -0.077627465807034057 -0.084196202860338631
leaf_weight=0.22191460244357575 0.68207082524895657 0.20462054208473979 0.45242420525755722 0.19399747252464283 0.42773455753922462 2.2147037200629716 0.61458106245845556 0.23632108321180556 0.20536942951730452 0.15927711129188538 0.19530833297903882 0.4252249454439152
leaf_count=3 29 54 37 1 5 14 4 27 90 1 79 15
internal_value=0.0014392 0.00449257 0.0297221 -0.00591006 -0.0393133 -0.00763432 -0.0428198 0.00791639 -0.0364256 -0.0044571 -0.0799203 -0.0832236
internal_weight=6.23355 6.01163 1.95154 1.26946 0.81704 4.0601 1.24443 2.81567 0.600968 0.364647 0.623043 0.629845
internal_count=359 356 151 122 85 205 73 132 118 91 84 69
is_linear=0
shrinkage=0.1


Tree=196
num_leaves=14
num_cat=0
split_feature=5 2 6 6 1 1 6 6 0 2 1 1 1
split_gain=0.349515 0.215157 0.156734 0.358347 0.348 0.664698 0.398943 0.520451 0.0016456 0.00144277 1.47392e-06 2.15346e-07 1.7927e-08
threshold=28.250000000000004 0.87837969732492682 61.100000000000001 62.850000000000001 0.1294095225512602 -0.12940952255126037 67.550000000000011 70.750000000000014 0.91597561503675362 0.6078576107927941 -0.98296291314453399 -0.9159756150367534 -0.60355339059327384
decision_type=2 2 2 2 2 2 2 2 2 2 2 2 2
left_child=2 8 -1 -4 5 -5 -6 -8 10 -7 -2 -12 -13
right_child=1 -3 3 4 6 9 7 -9 -10 -11 11 12 -14
leaf_value=0.02461500421033877 -0.075621189707718917 -0.0055396783034299783 -0.041238408006236064 0.00096590949770164892 -0.045358490400889226 0.078986669374481566 0.047547746090972169 -0.0095501928373994127 -0.08409328867596684 0.085370737075955383 -0.075358031568829961 -0.075172567379408931 -0.075240738504258414
leaf_weight=2.7452201186679366 0.17583233222831041 0.72027696925215423 1.9737615827471042 3.212484784424305 2.0650490671396247 0.94631777005270012 2.0600565304048342 7.0927277477458119 0.3850327655673027 0.56556580075994134 0.13417174067581072 0.13391543267061934 0.054182695050257079
leaf_count=19 21 14 14 16 14 36 19 72 5 19 34 57 19
internal_value=-0.00112565 -0.0461016 0.00236471 -0.00104465 0.00393163 0.0266982 -0.00565647 0.00330109 -0.0791835 0.0813748 -0.0753883 -0.0752612 -0.0751922
internal_weight=22.2646 1.60341 20.6612 17.916 15.9422 4.72437 11.2178 9.15278 0.883135 1.51188 0.498102 0.32227 0.188098
internal_count=359 150 209 190 176 71 105 91 136 55 131 110 76
is_linear=0
shrinkage=0.1


Tree=197
num_leaves=9
num_cat=0
split_feature=6 6 1 5 5 5 5 2
split_gain=0.146834 0.100255 0.18878 0.370644 0.338293 0.762084 0.296646 0.312066
threshold=51.050000000000004 56.650000000000013 -0.98296291314453399 28.050000000000004 28.350000000000005 28.850000000000005 27.050000000000004 0.87837969732492682
decision_type=2 2 2 2 2 2 2 2
left_child=-1 -2 -3 6 -5 -6 7 -4
right_child=1 2 3 4 5 -7 -8 -9
leaf_value=0.040416155069070474 -0.027867216150579105 0.022139250176651758 0.0031599581477441707 -0.086713849022180156 0.052666018695432484 -0.078584137068213988 0.034005744244715239 -0.045888583700733676
leaf_weight=0.93965186493005859 1.2152801878983179 3.696434713900099 9.7999890595674444 0.90409341454505865 0.90447318181395508 0.86591843736823648 2.6217157086357465 1.4950550842331729
leaf_count=9 33 17 139 15 14 75 27 30
internal_value=0.00172226 3.1388e-05 0.00170258 -0.00285059 -0.0369454 -0.0115299 0.00370165 -0.00333229
internal_weight=22.4426 21.503 20.2877 16.5912 2.67449 1.77039 13.9168 11.295
internal_count=359 350 317 300 104 89 196 169
is_linear=0
shrinkage=0.1


Tree=198
num_leaves=11
num_cat=0
split_feature=6 6 5 5 2 3 2 5 5 2
split_gain=0.165929 0.200511 0.311884 0.647529 0.318052 0.270132 0.238254 0.146831 0.085049 2.98891e-05
threshold=56.650000000000013 60.20000000000001 28.050000000000004 24.050000000000004 -1.0000000180025095e-35 1.0000000180025095e-35 -0.60785761079279388 27.950000000000003 30.650000000000002 0.6078576107927941
decision_type=2 2 2 2 2 2 2 2 2 2
left_child=8 6 3 -3 5 -4 -2 9 -1 -5
right_child=1 2 4 7 -6 -7 -8 -9 -10 -11
leaf_value=0.0027410833898363642 0.005293653857291785 0.0049786078420519372 0.032852007398554657 -0.075874108777415933 0.062083807955423613 -0.031451123012475261 -0.044446991857927977 0.00046342640592595026 0.040344865181195448 -0.076820351745832863
leaf_weight=1.1042762352153688 1.6196311581879856 6.4877109378576261 1.433236001059413 0.96178022719686829 1.4329100078903128 1.2005188302136958 2.3751984753180322 0.30082939192652691 1.3209112971089778 0.51126881915843114
leaf_count=19 29 33 29 111 22 24 24 3 23 42
internal_value=-0.00118417 -0.00481037 0.00149872 -0.00966048 0.0241691 0.00354134 -0.0242805 -0.0632009 0.0232225 -0.0762025
internal_weight=18.7483 16.3231 12.3283 8.26159 4.06666 2.63375 3.99483 1.77388 2.42519 1.47305
internal_count=359 317 264 189 75 53 53 156 42 153
is_linear=0
shrinkage=0.1


Tree=199
num_leaves=14
num_cat=0
split_feature=5 2 8 1 5 9 8 2 6 6 5 5 6
split_gain=0.145489 0.167376 0.388783 0.230047 0.38622 0.224495 0.113765 0.349033 0.200196 0.158793 0.000442307 0.000101565 8.98769e-05
threshold=22.700000000000003 -0.60785761079279388 1.0000000180025095e-35 -0.9159756150367534 23.050000000000004 1.0000000180025095e-35 1.0000000180025095e-35 0.6078576107927941 86.450000000000003 75.250000000000014 23.650000000000002 24.150000000000002 72.15000000000002
decision_type=2 2 2 2 2 2 2 2 2 2 2 2 2
left_child=-1 2 -2 -4 -5 6 8 9 12 -8 -9 -6 -3
right_child=1 5 3 4 11 -7 7 10 -10 -11 -12 -13 -14
leaf_value=-0.080872466373253737 0.089544797294774825 -0.080800716568651967 0.05165992675319913 0.089198174735499125 -0.080298354299939034 0.058227057989466639 0.045031685547726324 -0.08516328712071905 -0.00092608204630374865 -0.013892075448595709 -0.078435417700493532 -0.077433553184754061 -0.08344180849966365
leaf_weight=0.2074193488806485 0.67692233284469683 0.19074965862819293 0.44426488049793977 0.17845167219638813 0.38819325342774391 0.46195823629386712 0.95145894293091282 0.1401294171810149 0.61366427317261696 0.88067930098623037 0.32285045339085627 0.18166732264216989 0.39705431531183422
leaf_count=3 29 54 37 1 5 17 47 1 4 14 53 79 15
internal_value=0.00142678 0.0043558 0.0290156 -0.00534152 -0.0391827 -0.00729029 -0.0159462 -0.00289547 -0.0408766 0.016708 -0.0804717 -0.0793851 -0.0825847
internal_weight=6.03546 5.82804 1.8695 1.19258 0.748312 3.95854 3.49659 2.29512 1.20147 1.83214 0.46298 0.569861 0.587804
internal_count=359 356 151 122 85 205 188 115 73 61 54 84 69
is_linear=0
shrinkage=0.1


Tree=200
num_leaves=11
num_cat=0
split_feature=6 6 5 2 9 3 5 5 5 6
split_gain=0.343973 0.467381 0.358507 0.275962 0.261379 0.298006 0.286596 0.0146646 0.0030272 0.00014426
threshold=59.650000000000013 61.100000000000001 23.050000000000004 -0.60785761079279388 1.0000000180025095e-35 0.81174490092936691 24.050000000000004 27.050000000000004 28.050000000000004 56.050000000000004
decision_type=2 2 2 2 2 2 2 2 2 2
left_child=3 -2 -3 7 5 6 -4 -1 -9 -10
right_child=1 2 4 -5 -6 -7 -8 8 9 -11
leaf_value=-0.061171419093171968 0.04784161223583612 0.053079729585214924 -0.036819358164163561 -0.0016599738642915772 0.034194981076151189 0.032807771113649568 -0.0052756899461462803 -0.096626196872055578 -0.084417653485283073 -0.080748072135410881
leaf_weight=0.31406897306442261 2.051964798942211 1.0887000970542455 4.0701105892658225 0.87591801211238152 1.4676450312836102 1.4726125517627231 9.8535949355573376 0.23162764310836792 0.19979060074547306 0.23099029398872517
leaf_count=2 26 6 21 36 22 20 176 1 24 25
internal_value=-0.00118736 0.00263004 -0.00253758 -0.0424128 -0.00612811 -0.00997188 -0.0144964 -0.0789688 -0.087407 -0.08245
internal_weight=21.857 20.0046 17.9527 1.8524 16.864 15.3963 13.9237 0.976478 0.662409 0.430781
internal_count=359 271 245 88 239 217 197 52 50 49
is_linear=0
shrinkage=0.1


Tree=201
num_leaves=10
num_cat=0
split_feature=6 9 3 6 2 5 5 6 1
split_gain=0.14017 0.088948 0.213971 0.195247 0.379607 0.575616 0.193668 1.04149 0.309155
threshold=51.050000000000004 1.0000000180025095e-35 0.81174490092936691 72.600000000000009 -0.8783796973249266 24.550000000000004 28.050000000000004 62.050000000000004 -0.12940952255126037
decision_type=2 2 2 2 2 2 2 2 2
left_child=-1 2 3 6 -5 -6 8 -8 -2
right_child=1 -3 -4 4 5 -7 7 -9 -10
leaf_value=0.039545313694581162 0.027746184242723761 -0.024070665490297013 -0.034179884781157292 0.092405751781052148 -0.080439523696694978 0.051451614177157989 0.010440579190321431 -0.087986677203351238 -0.0071194294950536674
leaf_weight=0.93663279316388326 4.8059893017634749 1.429851499502546 1.5281698768958438 0.71824692375957999 0.52135989093221613 0.90582328347954899 4.41137073887512 1.4214396333554757 5.4015779341571157
leaf_count=9 21 35 30 9 21 26 76 44 88
internal_value=0.00168967 1.27392e-05 0.0017595 0.00477952 0.0331114 0.00327087 0.000990078 -0.0135459 0.00929621
internal_weight=22.0805 21.1438 19.714 18.1858 2.14543 1.42718 16.0404 5.83281 10.2076
internal_count=359 350 315 285 56 47 229 120 109
is_linear=0
shrinkage=0.1


Tree=202
num_leaves=8
num_cat=0
split_feature=3 7 5 5 5 5 4
split_gain=0.158435 0.326833 0.33783 0.281149 0.446418 0.48075 0.179398
threshold=0.81174490092936691 1.0000000180025095e-35 30.550000000000004 29.750000000000004 22.700000000000003 23.550000000000004 1.0000000180025095e-35
decision_type=2 2 2 2 2 2 2
left_child=1 -1 3 4 -3 -6 -4
right_child=-2 2 6 -5 5 -7 -8
leaf_value=-0.05235119066857627 -0.02982801697206915 -0.066309138232632486 0.014668483574892624 -0.034397682592731321 0.053420509360107164 -0.00047922994140697762 0.065332710544325864
leaf_weight=1.0403177893604176 1.7370002179522988 0.80469179153442638 1.6071881380630648 2.1490622577257446 2.1117330491542798 7.6477521824999712 1.2366797844879329
leaf_count=42 35 3 22 35 9 186 27
internal_value=-0.00109296 0.0019143 0.00554308 -0.00142657 0.00528071 0.0111835 0.0367002
internal_weight=18.3344 16.5974 15.5571 12.7132 10.5642 9.75949 2.84387
internal_count=359 324 282 233 198 195 49
is_linear=0
shrinkage=0.1


Tree=203
num_leaves=11
num_cat=0
split_feature=5 2 8 5 5 9 6 5 5 5
split_gain=0.133478 0.154941 0.329648 0.20642 0.351868 0.193903 0.108908 0.335486 0.130978 0.000233837
threshold=22.700000000000003 -0.60785761079279388 1.0000000180025095e-35 31.750000000000004 23.050000000000004 1.0000000180025095e-35 83.700000000000003 23.650000000000002 32.20000000000001 24.150000000000002
decision_type=2 2 2 2 2 2 2 2 2 2
left_child=-1 2 -2 4 -4 6 7 -3 -9 -6
right_child=1 5 3 -5 9 -7 -8 8 -10 -11
leaf_value=-0.080425564279570608 0.084224066207836124 0.01625181674769792 0.087964977071475242 0.04939840041239546 -0.079843322616883552 0.054413240187412386 0.0083222057258740285 -0.08237607616118435 -0.0073482191867347418 -0.075324899826126585
leaf_weight=0.19241890311241139 0.6677366011426783 0.93736896477639797 0.16755299270153023 0.43799189478158951 0.35871854051947594 0.45342353679006908 1.2485439693555234 0.91219549146262557 0.312348872423172 0.16825837287615286
leaf_count=3 29 6 1 4 5 17 8 172 2 112
internal_value=0.00148247 0.00426501 0.0284954 -0.00436233 -0.0382655 -0.0070244 -0.0151926 -0.0287728 -0.0632385 -0.0784006
internal_weight=5.85656 5.66414 1.80026 1.13252 0.69453 3.86388 3.41046 2.16191 1.22454 0.526977
internal_count=359 356 151 122 118 205 188 180 174 117
is_linear=0
shrinkage=0.1


Tree=204
num_leaves=14
num_cat=0
split_feature=5 5 0 6 6 0 3 3 3 3 2 1 1
split_gain=0.335105 0.19913 0.640473 0.146715 0.229205 0.356017 0.266261 0.437496 0.172648 0.654121 2.81608e-05 9.01037e-07 2.1755e-07
threshold=28.250000000000004 29.050000000000004 0.91597561503675362 60.750000000000007 62.850000000000001 -0.78656609248549303 1.0000000180025095e-35 -0.56174490092936669 -1.0000000180025095e-35 -0.56174490092936669 0.87837969732492682 -0.98296291314453399 -0.9159756150367534
decision_type=2 2 2 2 2 2 2 2 2 2 2 2 2
left_child=3 -2 10 -1 -5 6 7 -6 9 -7 11 -3 -13
right_child=1 2 -4 4 5 8 -8 -9 -10 -11 -12 12 -14
leaf_value=0.027629119541040394 -0.086499013128449251 -0.075571493834245246 0.10846777564681565 -0.028407997161439654 -0.034376230586240418 0.041104006893855433 -0.029128205703370158 0.024272989918408081 0.045606341386916924 -0.044786714873720733 -0.076940186204083688 -0.075355462062923984 -0.075168406693803466
leaf_weight=2.0920371389947894 0.67735149172949494 0.14835496176965535 0.28446274995803833 2.5061504039913443 1.8779157400131272 2.4828375405631964 3.6427618162706494 3.9412697018124168 2.1845729490742007 1.3792309600394217 0.16219367133453488 0.12198924273252487 0.12680542992893606
leaf_count=17 29 20 1 16 29 29 34 33 26 25 10 33 57
internal_value=-0.000861217 -0.0461163 -0.0136997 0.00256251 -0.000348457 0.0041859 -0.0079261 0.00534624 0.0231391 0.0104305 -0.0758299 -0.0753764 -0.0752601
internal_weight=21.6279 1.52116 0.843806 20.1068 18.0147 15.5086 9.46195 5.81919 6.04664 3.86207 0.559343 0.39715 0.248795
internal_count=359 150 121 209 192 176 96 62 80 54 120 110 90
is_linear=0
shrinkage=0.1


Tree=205
num_leaves=9
num_cat=0
split_feature=6 6 1 5 5 5 5 0
split_gain=0.114663 0.0798347 0.156708 0.302163 0.30295 0.709107 0.253363 0.299612
threshold=51.050000000000004 56.650000000000013 -0.98296291314453399 28.050000000000004 28.350000000000005 28.850000000000005 27.050000000000004 -0.91597561503675329
decision_type=2 2 2 2 2 2 2 2
left_child=-1 -2 -3 6 -5 -6 7 -4
right_child=1 2 3 4 5 -7 -8 -9
leaf_value=0.035894698779133566 -0.025284032983993 0.020348417276594925 0.0090491333180596698 -0.084997514785714975 0.05203116650846526 -0.078352780812925044 0.031456256836031156 -0.025171433455954718
leaf_weight=0.92860410944558935 1.1799010030226806 3.6022996231913664 7.0056133844191288 0.81025338382460121 0.86990583315491654 0.8013932112371549 2.5624286024831227 4.03043651685583
leaf_count=9 33 17 59 15 14 75 27 110
internal_value=0.00151206 -1.83575e-05 0.00149625 -0.00272707 -0.0348164 -0.0104884 0.00312883 -0.00344844
internal_weight=21.7908 20.8622 19.6823 16.08 2.48155 1.6713 13.5985 11.036
internal_count=359 350 317 300 104 89 196 169
is_linear=0
shrinkage=0.1


Tree=206
num_leaves=8
num_cat=0
split_feature=6 6 6 6 5 2 6
split_gain=0.164055 0.17337 0.23872 0.198231 0.366626 0.76909 0.369643
threshold=79.850000000000009 75.250000000000014 72.600000000000009 71.450000000000017 27.950000000000003 0.6078576107927941 62.050000000000004
decision_type=2 2 2 2 2 2 2
left_child=1 2 3 4 5 -1 -6
right_child=-2 -3 -4 -5 6 -7 -8
leaf_value=-0.087348983864048949 -0.033211055629649981 0.036011618104859658 -0.048715861047043313 0.04614156209957674 -0.0039903604912780236 0.010201057712185619 0.038468520535738931
leaf_weight=1.3753606146201538 1.4803385525010515 1.3405173860955972 1.0004932123119932 0.94225325231673274 7.1016611901577544 1.9599160719080826 2.8827635711058974
leaf_count=79 19 30 21 13 108 35 54
internal_value=-0.0013127 0.00153139 -0.00149704 0.00181541 -0.00132028 -0.0300254 0.00826862
internal_weight=18.0833 16.603 15.2624 14.262 13.3197 3.33528 9.98442
internal_count=359 340 310 289 276 114 162
is_linear=0
shrinkage=0.1


Tree=207
num_leaves=14
num_cat=0
split_feature=5 2 8 1 5 8 3 5 5 6 5 5 5
split_gain=0.123473 0.151967 0.267538 0.201556 0.33178 0.18002 0.189397 0.543572 0.138842 0.0824531 0.207699 0.000451653 4.95888e-05
threshold=22.700000000000003 -0.60785761079279388 1.0000000180025095e-35 -0.9159756150367534 23.050000000000004 1.0000000180025095e-35 1.0000000180025095e-35 23.750000000000004 24.050000000000004 59.250000000000007 32.20000000000001 23.950000000000003 24.150000000000002
decision_type=2 2 2 2 2 2 2 2 2 2 2 2 2
left_child=-1 2 -2 -4 -5 6 7 -3 -7 -10 -11 -9 -6
right_child=1 5 3 4 12 8 -8 11 9 10 -12 -13 -14
leaf_value=-0.079957629163097788 0.07881427709925809 0.10433622518967255 0.051441551840427882 0.087222967041476973 -0.079321509534531237 0.019207747464226595 -0.083680110807507674 -0.08852906591605153 -0.084536590475645559 -0.075460414176066859 0.085363782988528661 -0.081319214432652775 -0.077163856060275843
leaf_weight=0.17955069802701462 0.66196440049679939 0.26948463916778587 0.424377472285414 0.16066260635852803 0.32599806413054466 2.0917457118630414 0.53189908052445389 0.17262193560600281 0.22093902000779042 0.18444638025539462 0.14222344756126404 0.17493911250494421 0.15821186686298461
leaf_count=3 29 1 37 1 5 14 21 1 27 90 1 50 79
internal_value=0.00165208 0.00430685 0.0288523 -0.00207883 -0.0372995 -0.00691015 -0.03995 -0.00225423 0.00747252 -0.0373535 -0.00544179 -0.0849001 -0.0786165
internal_weight=5.69906 5.51951 1.73121 1.06925 0.644873 3.7883 1.14894 0.617046 2.63935 0.547609 0.32667 0.347561 0.48421
internal_count=359 356 151 122 85 205 73 52 132 118 91 51 84
is_linear=0
shrinkage=0.1


Tree=208
num_leaves=14
num_cat=0
split_feature=6 6 6 2 0 5 6 1 6 2 2 7 5
split_gain=0.309004 0.413588 0.310849 0.265248 0.223423 0.250763 0.347111 0.228253 0.527564 0.2754 0.196624 0.0162076 0.00344287
threshold=59.650000000000013 61.100000000000001 62.850000000000001 -0.60785761079279388 -0.78656609248549303 25.250000000000004 65.450000000000017 -1.0000000180025095e-35 83.700000000000003 -1.0000000180025095e-35 -0.60785761079279388 1.0000000180025095e-35 28.050000000000004
decision_type=2 2 2 2 2 2 2 2 2 2 2 2 2
left_child=3 -2 -3 11 5 10 -7 9 -9 -6 -4 -1 -13
right_child=1 2 4 -5 7 6 -8 8 -10 -11 -12 12 -14
leaf_value=-0.06354857697155164 0.046156481328771953 -0.039904370104003509 0.0015146600413948107 -3.365197304374016e-05 -0.031021652050533338 -0.017084143887928293 0.062582450416951624 0.086092129901373979 0.00080507984868989624 0.027101423646833957 -0.031709023073691132 -0.098529640418577258 -0.081877375642148781
leaf_weight=0.43395402864553034 1.9706879644654716 1.9405722529627407 3.3246106607839465 0.83469562022947019 1.5796068969066257 1.1036131728906187 1.0841972452471962 1.2680795204359916 1.6944182422012088 1.6845921493368265 3.8373831054195815 0.24237145483493805 0.25455905357375741
leaf_count=8 26 27 18 36 32 12 32 56 9 19 40 1 43
internal_value=-0.000906393 0.00272298 -0.00216333 -0.0409659 0.00253857 -0.00723508 0.0223956 0.0172144 0.0373117 -0.00102542 -0.0162865 -0.0776687 -0.0899993
internal_weight=21.2533 19.4878 17.5171 1.76558 15.5765 9.3498 2.18781 6.2267 2.9625 3.2642 7.16199 0.930885 0.496931
internal_count=359 271 245 88 218 102 44 116 65 51 58 52 44
is_linear=0
shrinkage=0.1


Tree=209
num_leaves=9
num_cat=0
split_feature=5 6 6 6 6 1 6 4
split_gain=0.104141 0.139342 0.585147 0.363282 0.256246 0.300788 0.237464 0.222117
threshold=23.650000000000002 71.450000000000017 72.600000000000009 70.350000000000009 68.050000000000011 0.1294095225512602 62.150000000000013 1.0000000180025095e-35
decision_type=2 2 2 2 2 2 2 2
left_child=-1 3 -3 4 5 6 -2 -4
right_child=1 2 7 -5 -6 -7 -8 -9
leaf_value=-0.028744711430829562 0.010089810549095404 -0.10041823226420504 -0.021646109713664916 0.056072816048090252 -0.034898845806927363 0.042200709856702948 -0.019053552597468826 0.047094017079861557
leaf_weight=1.0787878674455011 8.6802118768682792 0.65252395614515935 1.04240312858019 1.3530949419364322 1.675074293045326 2.022551658563315 4.1243079871055661 0.85614380752667774
leaf_count=20 130 12 44 17 33 14 75 14
internal_value=0.00153531 0.00313608 -0.0187255 0.00625955 0.00217511 0.0063635 0.000702797 0.00935204
internal_weight=21.4851 20.4063 2.55107 17.8552 16.5021 14.8271 12.8045 1.89855
internal_count=359 339 70 269 252 219 205 58
is_linear=0
shrinkage=0.1


Tree=210
num_leaves=9
num_cat=0
split_feature=6 5 5 6 6 5 6 5
split_gain=0.164888 0.179573 0.447073 0.214355 0.205848 0.483349 0.416586 0.0933031
threshold=56.650000000000013 23.550000000000004 23.650000000000002 57.100000000000009 69.350000000000009 24.050000000000004 67.750000000000014 30.550000000000004
decision_type=2 2 2 2 2 2 2 2
left_child=7 -2 -3 -4 6 -6 -5 -1
right_child=1 2 3 4 5 -7 -8 -9
leaf_value=0.0016276068280953416 0.017324487758759981 -0.084019284020017362 -0.060704018188011369 -0.0015125503206086324 0.0062322188513870809 -0.071867822425181208 0.070947423313348065 0.041949933421139424
leaf_weight=1.0540146520361333 2.9085480496287337 0.77113042771816154 0.66145859286188979 6.7397307039936987 2.1506164595484738 1.2547608347958883 0.89929891005158413 1.2597048437455667
leaf_count=16 13 7 10 163 11 89 24 26
internal_value=-0.00130847 -0.00505143 -0.0102675 -0.0054091 -0.00209745 -0.0225449 0.00701774 0.0235811
internal_weight=17.6993 15.3855 12.477 11.7059 11.0444 3.40538 7.63903 2.31372
internal_count=359 317 304 297 287 100 187 42
is_linear=0
shrinkage=0.1


Tree=211
num_leaves=15
num_cat=0
split_feature=5 2 1 5 5 8 3 5 6 3 5 6 5 5
split_gain=0.116188 0.135427 0.233015 0.183759 0.297022 0.172858 0.171924 0.478101 0.124029 0.506553 0.369493 0.114833 0.000309828 0.000171091
threshold=22.700000000000003 -0.60785761079279388 0.37940952255126026 31.750000000000004 23.050000000000004 1.0000000180025095e-35 1.0000000180025095e-35 23.750000000000004 66.050000000000011 -0.22252093395631442 23.950000000000003 59.250000000000007 23.950000000000003 24.250000000000004
decision_type=2 2 2 2 2 2 2 2 2 2 2 2 2 2
left_child=-1 2 3 4 -2 6 7 -3 10 -10 -7 -12 -9 -6
right_child=1 5 -4 -5 13 8 -8 12 9 -11 11 -13 -14 -15
leaf_value=-0.079641613949548662 0.085935830211530742 0.10034915497558224 0.074663071349481219 0.049620483077219085 -0.079279750639661459 0.099438391185163177 -0.083026711404875914 -0.087012043657412289 0.032280686855668636 -0.082191653796364228 -0.083574002070205891 0.019978893727541157 -0.080787535536314029 -0.075374462299833009
leaf_weight=0.1700825449079274 0.14808231592178323 0.25173065066337608 0.65074258061940771 0.41042574122548103 0.19968939200043678 0.46496677398681674 0.50016440021863673 0.15865659713745117 1.0879662627121431 0.59961650214972895 0.20399137010826962 0.22543091906118207 0.16123232512472896 0.25599251971652848
leaf_count=3 1 1 15 4 3 2 21 1 30 38 27 35 50 128
internal_value=0.00171923 0.00432101 0.0279596 -0.00200704 -0.0371023 -0.00645056 -0.0402102 -0.00274595 0.00756316 -0.00839258 0.0376693 -0.0292125 -0.0838747 -0.0770858
internal_weight=5.48877 5.31869 1.66493 1.01419 0.603764 3.65376 1.07178 0.57162 2.58197 1.68758 0.894389 0.429422 0.319889 0.455682
internal_count=359 356 151 136 132 205 73 52 132 68 64 62 51 131
is_linear=0
shrinkage=0.1


Tree=212
num_leaves=15
num_cat=0
split_feature=5 5 0 6 6 1 1 6 6 2 2 1 1 2
split_gain=0.315038 0.172944 0.552463 0.13989 0.190888 0.285164 0.589602 0.270793 0.349308 0.00128121 2.3564e-05 5.9248e-07 1.75266e-07 2.83327e-08
threshold=28.250000000000004 29.050000000000004 0.91597561503675362 60.750000000000007 62.850000000000001 0.1294095225512602 -0.12940952255126037 67.550000000000011 70.750000000000014 0.6078576107927941 0.87837969732492682 -0.9159756150367534 -0.98296291314453399 -0.60785761079279388
decision_type=2 2 2 2 2 2 2 2 2 2 2 2 2 2
left_child=3 -2 10 -1 -5 6 -6 -7 -9 -8 11 12 -3 -13
right_child=1 2 -4 4 5 7 9 8 -10 -11 -12 13 -14 -15
leaf_value=0.027274773085775014 -0.085722392169414408 -0.075510670188850104 0.10273033230351036 -0.02635850685618964 0.0012661820751184703 -0.038956196097302331 0.07859125437456177 0.040179488895110631 -0.0083699042420769428 0.085015268627432666 -0.076827204034124436 -0.075108796337621853 -0.075339828113818175 -0.07520846942103751
leaf_weight=2.023072029463953 0.62761034103459568 0.131440200493671 0.2627590000629425 2.4537683632224825 3.1137397270649672 1.941259218379854 0.82016130862757453 1.9044705010019223 6.6802836828865111 0.49956681160256267 0.15315464814193547 0.05974920594599098 0.11055844166548923 0.054561513068620116
leaf_count=17 29 20 1 16 16 14 36 19 72 19 10 39 33 18
internal_value=-0.000914942 -0.0467335 -0.015046 0.00238498 -0.000506715 0.00373369 0.0250077 -0.00522674 0.00240046 0.081023 -0.0757899 -0.075344 -0.0754326 -0.0751564
internal_weight=20.8362 1.39983 0.772223 19.4363 17.4132 14.9595 4.43347 10.526 8.58475 1.31973 0.509464 0.356309 0.241999 0.114311
internal_count=359 150 121 209 192 176 71 105 91 55 120 110 53 57
is_linear=0
shrinkage=0.1


Tree=213
num_leaves=13
num_cat=0
split_feature=1 5 6 6 6 2 2 2 5 2 1 5
split_gain=0.0920679 0.843794 0.406723 0.248417 0.44812 0.199254 0.636677 0.176136 0.151544 0.308994 0.259642 0.013506
threshold=-0.12940952255126037 25.850000000000005 65.450000000000017 69.050000000000011 71.450000000000017 0.87837969732492682 0.6078576107927941 -0.8783796973249266 26.750000000000004 -1.0000000180025095e-35 -0.98296291314453399 26.150000000000002
decision_type=2 2 2 2 2 2 2 2 2 2 2 2
left_child=5 2 -2 -4 -5 6 8 -6 -1 10 -10 -3
right_child=1 11 3 4 7 -7 -8 -9 9 -11 -12 -13
leaf_value=0.035365921030502644 0.054366923730396748 -0.098980194094508825 -0.043621791893200076 0.046068274479132004 0.010223625118854565 0.039831274127965 -0.063383361199291832 -0.041535038001331764 0.012215319654440088 0.037261612508904744 -0.029944527323990458 -0.076936912973014526
leaf_weight=1.9868210554122905 1.4033063969109187 0.45417218189686515 1.327374449232593 1.6928526277188209 1.1412621708586805 1.5910377482650808 1.3146577433217324 1.5510163016151644 3.1562483087182018 2.1170519511215415 2.7192564504803158 0.71638787421397865
leaf_count=8 17 15 16 22 10 17 15 54 15 28 102 40
internal_value=0.00141121 -0.00681198 0.00613059 -0.00571892 0.00575424 0.00669953 0.00203212 -0.0195944 0.0106498 0.00450576 -0.00729678 -0.0854896
internal_weight=21.1714 8.28637 7.11581 5.71251 4.38513 12.8851 11.294 2.69228 9.97938 7.99256 5.8755 1.17056
internal_count=359 174 119 102 86 185 168 64 153 145 117 55
is_linear=0
shrinkage=0.1


Tree=214
num_leaves=11
num_cat=0
split_feature=0 2 6 5 6 5 6 2 6 6
split_gain=0.159003 0.32 0.473308 0.97487 0.497367 0.519147 0.277919 0.247933 0.668447 0.01955
threshold=0.91597561503675362 0.6078576107927941 51.050000000000004 23.050000000000004 56.650000000000013 23.550000000000004 71.050000000000011 0.6078576107927941 62.850000000000001 57.750000000000007
decision_type=2 2 2 2 2 2 2 2 2 2
left_child=1 2 -1 -4 -5 -6 9 8 -2 -3
right_child=7 6 3 4 5 -7 -8 -9 -10 -11
leaf_value=-0.088026739870625703 0.048552967325564585 0.03887693144307347 -0.10602875434519335 0.083637607470609887 0.072929219884775048 -0.007975265928371552 -0.0028286498565767396 -0.056708922208816431 -0.059785838361644007 0.057311300941976284
leaf_weight=0.65867771673947828 1.2500691611785439 0.9957673634635279 0.79518977552652259 0.82343215320724805 0.90162299573421467 6.5912957541877404 1.7785633333260191 1.2120426479377782 1.0460812900564631 1.3624134215060619
leaf_count=8 19 10 4 25 4 181 26 20 32 30
internal_value=-0.00109409 0.00370506 -0.00616537 -0.000247572 0.00986697 0.00175997 0.0270172 -0.0201186 -0.000804076 0.0495272
internal_weight=17.4152 13.907 9.77022 9.11154 8.31635 7.49292 4.13674 3.50819 2.29615 2.35818
internal_count=359 288 222 214 210 185 66 71 51 40
is_linear=0
shrinkage=0.1


Tree=215
num_leaves=8
num_cat=0
split_feature=6 5 5 9 5 5 4
split_gain=0.110593 0.162051 0.321202 1.74414e-06 3.81723e-07 4.55968e-07 3.07771e-08
threshold=50.000000000000007 31.750000000000004 24.050000000000004 1.0000000180025095e-35 27.150000000000002 26.950000000000003 1.0000000180025095e-35
decision_type=2 2 2 2 2 2 2
left_child=-1 2 -2 4 5 -4 -6
right_child=1 -3 3 -5 6 -7 -8
leaf_value=-0.085012294182585851 0.0075347008715635558 0.056346143225134954 -0.075285189580314993 -0.075695635133661093 -0.075117175283534454 -0.075653689107889971 -0.075197882182374859
leaf_weight=0.14347378324237059 4.0355278961360455 0.53010010346770275 0.1620299568021436 0.12259044743404957 0.075587007027934305 0.042356148653198034 0.12603912320628297
leaf_count=6 33 5 117 32 70 8 88
internal_value=0.00157328 0.00401188 -0.00206648 -0.0753651 -0.0752653 -0.0753616 -0.0751676
internal_weight=5.2377 5.09423 4.56413 0.528603 0.406012 0.204386 0.201626
internal_count=359 353 348 315 283 125 158
is_linear=0
shrinkage=0.1


Tree=216
num_leaves=15
num_cat=0
split_feature=5 5 0 6 6 0 3 6 5 5 2 1 1 2
split_gain=0.291936 0.161102 0.497243 0.12174 0.228291 0.242296 0.200215 0.413603 0.159836 0.168401 1.61304e-05 4.78823e-07 1.34266e-07 2.18135e-08
threshold=28.250000000000004 29.050000000000004 0.91597561503675362 61.100000000000001 62.850000000000001 -0.78656609248549303 1.0000000180025095e-35 72.15000000000002 25.950000000000003 23.650000000000002 0.87837969732492682 -0.9159756150367534 -0.98296291314453399 -0.60785761079279388
decision_type=2 2 2 2 2 2 2 2 2 2 2 2 2 2
left_child=3 -2 10 -1 -5 6 7 -6 9 -7 11 12 -3 -13
right_child=1 2 -4 4 5 8 -8 -9 -10 -11 -12 13 -14 -15
leaf_value=0.022438993701806742 -0.084993421683060746 -0.075474818559198797 0.09965635128311387 -0.033958946796055517 0.026808649494688565 0.0095022058800145887 -0.026073279042564901 -0.029284725309795413 0.0042145530537852907 0.061063707154625772 -0.076616425296825053 -0.075101304035450928 -0.075319111896519811 -0.075192685196661418
leaf_weight=2.5571983354166212 0.59702571961679385 0.12085570523049682 0.24826689064502716 1.8651759736239935 3.336752537172293 1.1526465713977736 3.4282399350777268 2.1689487867988646 3.1598506132140756 1.4061656063422558 0.13587180688045919 0.055441385688027367 0.10222079872619361 0.049396325193811208
leaf_count=19 29 20 1 14 43 5 34 19 38 37 10 39 33 18
internal_value=-0.0009999 -0.0466821 -0.0145598 0.00213518 -0.00100815 0.00318626 -0.00710198 0.00471089 0.019259 0.0378372 -0.0757002 -0.0753206 -0.0754035 -0.0751444
internal_weight=20.3841 1.30908 0.712053 19.075 16.5178 14.6526 8.93394 5.5057 5.71866 2.55881 0.463786 0.327914 0.223077 0.104838
internal_count=359 150 121 209 190 176 96 62 80 42 120 110 53 57
is_linear=0
shrinkage=0.1


Tree=217
num_leaves=10
num_cat=0
split_feature=9 6 2 5 5 5 2 2 6
split_gain=0.0870309 0.159344 0.307924 0.457519 0.12346 0.163801 0.481599 0.284139 0.581061
threshold=1.0000000180025095e-35 72.600000000000009 -0.8783796973249266 24.550000000000004 25.150000000000002 26.750000000000004 -1.0000000180025095e-35 0.87837969732492682 64.050000000000011
decision_type=2 2 2 2 2 2 2 2 2
left_child=1 4 -3 -4 -1 6 -6 8 -7
right_child=-2 2 3 -5 5 7 -8 -9 -10
leaf_value=-0.018990314991219018 -0.023160894425597742 0.083543351323192377 -0.080146758989935188 0.043217238638153493 0.056948669594823198 0.0022533812513114665 -0.012040958615721452 0.035749065441975141 -0.063730005470626197
leaf_weight=2.8838379059452661 1.359857520321383 0.69418777525424991 0.45411557017359772 0.88946833816589788 1.9265078026801346 7.1828837350476498 2.1312406326178452 1.6039455506252132 1.639166305423714
leaf_count=34 36 9 22 32 21 117 27 19 42
internal_value=0.00129495 0.00300873 0.0294632 0.00152166 -9.52269e-05 0.00366695 0.0207134 -0.00296746 -0.0100066
internal_weight=20.7652 19.4054 2.03777 1.34358 17.3676 14.4837 4.05775 10.426 8.82205
internal_count=359 323 63 54 260 226 48 178 159
is_linear=0
shrinkage=0.1


Tree=218
num_leaves=11
num_cat=0
split_feature=0 2 6 5 6 5 6 2 6 6
split_gain=0.141012 0.272354 0.41975 0.87251 0.463224 0.447113 0.231391 0.221551 0.559426 0.0161551
threshold=0.91597561503675362 0.6078576107927941 51.050000000000004 23.050000000000004 56.650000000000013 23.550000000000004 71.050000000000011 0.6078576107927941 62.850000000000001 57.750000000000007
decision_type=2 2 2 2 2 2 2 2 2 2
left_child=1 2 -1 -4 -5 -6 9 8 -2 -3
right_child=7 6 3 4 5 -7 -8 -9 -10 -11
leaf_value=-0.084774471560033121 0.044435166117242589 0.036471131084026942 -0.10285515049104232 0.083108917899187951 0.068822759461723559 -0.0071740010268448624 -0.0018455485988148558 -0.054615461372103657 -0.055972846283528714 0.053394964896644151
leaf_weight=0.62428060662932949 1.2341434746049342 0.97962603368796353 0.75455320253968139 0.77455044863745381 0.87824650108814228 6.5316012316616252 1.7692891788901759 1.1552396967017555 1.0081817776663227 1.3295816234312949
leaf_count=8 19 10 4 25 4 181 26 20 32 30
internal_value=-0.00081017 0.00372978 -0.00549762 3.89308e-05 0.00952516 0.00183346 0.0253661 -0.0190387 -0.000709725 0.0462154
internal_weight=17.0393 13.6417 9.56323 8.93895 8.1844 7.40985 4.0785 3.39756 2.24233 2.30921
internal_count=359 288 222 214 210 185 66 71 51 40
is_linear=0
shrinkage=0.1


Tree=219
num_leaves=9
num_cat=0
split_feature=6 6 6 6 6 5 5 1
split_gain=0.0751927 0.21457 0.192657 0.372482 0.320716 0.273096 0.000173868 2.61215e-05
threshold=82.600000000000009 75.250000000000014 71.750000000000014 66.050000000000011 65.350000000000009 31.750000000000004 23.050000000000004 0.37940952255126026
decision_type=2 2 2 2 2 2 2 2
left_child=1 2 3 4 5 -1 -5 -8
right_child=-2 -3 -4 6 -6 -7 7 -9
leaf_value=-0.077615132973086587 0.021595976722124065 -0.054353627922562958 0.043170161419926273 -0.081540648212959033 0.085661874362036053 0.026284221402424975 -0.077161326524363472 -0.078831517310723631
leaf_weight=0.41967469864175766 1.3587437050882725 0.73433703370392311 0.95179825698141929 0.1678759716451167 0.45207817223854352 0.63691866025328636 0.27525199798765243 0.14192357378487941
leaf_count=178 12 37 31 2 13 6 65 15
internal_value=0.00142001 -0.00583263 0.00586677 -0.0110912 0.0151747 -0.0149842 -0.0788231 -0.0777295
internal_weight=5.1386 3.77986 3.04552 2.09372 1.50867 1.05659 0.585052 0.417176
internal_count=359 347 310 279 197 184 82 80
is_linear=0
shrinkage=0.1


Tree=220
num_leaves=15
num_cat=0
split_feature=5 5 0 6 6 1 1 0 2 6 2 1 1 2
split_gain=0.270057 0.148344 0.449287 0.111274 0.183654 0.213108 0.545111 0.170033 0.256035 0.00109465 1.1124e-05 3.94658e-07 1.09912e-07 1.69604e-08
threshold=28.250000000000004 29.050000000000004 0.91597561503675362 61.100000000000001 62.850000000000001 0.1294095225512602 -0.12940952255126037 -0.78656609248549303 -0.60785761079279388 69.750000000000014 0.87837969732492682 -0.9159756150367534 -0.98296291314453399 -0.60785761079279388
decision_type=2 2 2 2 2 2 2 2 2 2 2 2 2 2
left_child=3 -2 10 -1 -5 6 -6 8 -7 -8 11 12 -3 -13
right_child=1 2 -4 4 5 7 9 -9 -10 -11 -12 13 -14 -15
leaf_value=0.021531626340982851 -0.084164657108256755 -0.07544589664077217 0.097023164291652336 -0.030750659375998163 -0.00030580576279668392 0.0088487491305043915 0.077930041929487118 0.020250228380236525 -0.026975333781909302 0.084269887020425538 -0.076435521617785912 -0.075094546166575751 -0.075299476549740563 -0.075178682688051376
leaf_weight=2.5472913756966653 0.56231284356908762 0.11194046726450324 0.23395313322544098 1.8343923129141355 3.0622627884149551 3.5083444500342056 0.71274651982821413 2.1241670800372896 4.625120378099381 0.44076311425305903 0.12090475228615105 0.051483985414961353 0.094587802566820756 0.044813743734266609
leaf_count=19 29 20 1 14 16 22 34 36 47 21 10 39 33 18
internal_value=-0.000856176 -0.046453 -0.0142099 0.00209411 -0.000942043 0.00283597 0.0217637 -0.00494313 -0.0115227 0.0803525 -0.0756246 -0.0753009 -0.0753788 -0.0751337
internal_weight=20.0751 1.22 0.657684 18.8551 16.3078 14.4734 4.21577 10.2576 8.13346 1.15351 0.423731 0.302826 0.206528 0.0962977
internal_count=359 150 121 209 190 176 71 105 69 55 120 110 53 57
is_linear=0
shrinkage=0.1


Tree=221
num_leaves=10
num_cat=0
split_feature=9 6 2 5 5 5 2 2 6
split_gain=0.0815304 0.128702 0.270844 0.402021 0.100608 0.148413 0.405722 0.251595 0.5293
threshold=1.0000000180025095e-35 72.600000000000009 -0.8783796973249266 24.550000000000004 25.150000000000002 26.750000000000004 -1.0000000180025095e-35 0.87837969732492682 64.050000000000011
decision_type=2 2 2 2 2 2 2 2 2
left_child=1 4 -3 -4 -1 6 -6 8 -7
right_child=-2 2 3 -5 5 7 -8 -9 -10
leaf_value=-0.01697658516100772 -0.022462170352868318 0.078348734376169613 -0.079847196847172647 0.038607348186519286 0.053023894613006356 0.0022438922706941888 -0.010352280370132392 0.033796276230294818 -0.061478037402013797
leaf_weight=2.844094871310527 1.3464310621493485 0.67870959267020214 0.4221101083094243 0.89191554271383211 1.9285074030049143 7.0941107547841931 2.1211769159417591 1.5903127669589601 1.5969849996035916
leaf_count=34 36 9 22 32 21 117 27 19 42
internal_value=0.0013241 0.00299494 0.0270514 0.000555686 0.000203812 0.00361337 0.0198282 -0.0027734 -0.00946498
internal_weight=20.5144 19.1679 1.99274 1.31403 17.1752 14.3311 4.04968 10.2814 8.6911
internal_count=359 323 63 54 260 226 48 178 159
is_linear=0
shrinkage=0.1


Tree=222
num_leaves=9
num_cat=0
split_feature=6 6 5 5 5 5 6 5
split_gain=0.140378 0.226925 0.133701 0.290457 0.251009 0.667198 0.342573 3.26801e-05
threshold=56.650000000000013 52.150000000000013 23.550000000000004 23.750000000000004 24.050000000000004 27.950000000000003 62.050000000000004 24.350000000000005
decision_type=2 2 2 2 2 2 2 2
left_child=1 -1 -2 -4 -5 7 -7 -6
right_child=2 -3 3 4 5 6 -8 -9
leaf_value=-0.012534295306701124 0.015493838604913591 0.05363206312924515 -0.051380726986528583 0.031912663303614433 -0.077103566787809663 -0.016052329657464809 0.027786859907969242 -0.0758833615266611
leaf_weight=0.960856385063383 2.7035940736532202 1.1254531014710663 1.4319512620568264 1.6912666037678707 0.2792979475343581 4.4793921979144216 2.9606219601118937 1.0250281277694737
leaf_count=17 13 25 10 10 14 66 58 146
internal_value=-0.00110172 0.0231589 -0.00457538 -0.00914743 -0.00335226 -0.010173 0.0013927 -0.0761446
internal_weight=16.6575 2.08631 14.5712 11.8676 10.4356 8.74434 7.44001 1.30433
internal_count=359 42 317 304 294 284 124 160
is_linear=0
shrinkage=0.1


Tree=223
num_leaves=15
num_cat=0
split_feature=2 8 1 6 8 3 5 5 6 5 5 6 5 5
split_gain=0.0794512 0.318739 0.208985 0.204389 0.178612 0.145418 0.386312 0.0993445 0.0693306 0.177457 0.000167649 5.62201e-05 9.60507e-06 7.68784e-07
threshold=-0.60785761079279388 1.0000000180025095e-35 -0.9159756150367534 79.300000000000026 1.0000000180025095e-35 1.0000000180025095e-35 23.750000000000004 24.050000000000004 59.250000000000007 32.20000000000001 23.950000000000003 73.100000000000009 24.250000000000004 25.050000000000004
decision_type=2 2 2 2 2 2 2 2 2 2 2 2 2 2
left_child=1 -1 -3 11 5 6 -2 -6 -9 13 -8 12 -4 -10
right_child=4 2 3 -5 7 -7 10 8 9 -11 -12 -13 -14 -15
leaf_value=0.076812341238082477 0.084778107802709016 0.048513602037725562 -0.078238598440876855 0.047881089885355624 0.018436861888563656 -0.082675846878509457 -0.085850561588153129 -0.082699471484878731 -0.075584019993534771 0.084059592723241941 -0.081126619876078318 -0.079838641126575738 -0.07706127665426088 -0.075128082985083666
leaf_weight=0.6124010559869929 0.25008292309939884 0.34889749299327366 0.15678868815302838 0.17066395956499036 1.863744702190161 0.47235652452218346 0.14721973240375519 0.17642773961051705 0.090740543731953949 0.12821364402770996 0.1534129804240365 0.22532131464686245 0.12418079319468234 0.0624240033357637
leaf_count=29 2 37 3 6 14 21 1 27 26 1 50 7 71 64
internal_value=0.0016811 0.0197234 -0.0143568 -0.0467597 -0.00715636 -0.0419674 -0.00705122 0.00818435 -0.033554 -0.00273917 -0.0834399 -0.0786619 -0.0777183 -0.0753982
internal_weight=4.98288 1.63825 1.02585 0.676955 3.34462 1.02307 0.550716 2.32155 0.457806 0.281378 0.300633 0.506291 0.280969 0.153165
internal_count=359 153 124 87 206 74 53 132 118 91 51 81 74 90
is_linear=0
shrinkage=0.1


Tree=224
num_leaves=16
num_cat=0
split_feature=5 5 6 6 6 6 6 6 6 5 6 6 1 6 6
split_gain=0.258688 0.466806 0.358757 0.499013 0.530867 0.324021 0.305616 0.392572 0.392073 0.210072 0.916636 0.345307 0.00153497 5.1349e-06 6.24321e-07
threshold=27.050000000000004 27.150000000000002 64.65000000000002 66.450000000000017 69.050000000000011 57.550000000000004 60.750000000000007 63.550000000000004 65.450000000000017 24.650000000000002 70.550000000000011 76.40000000000002 -0.37940952255126015 57.100000000000009 56.650000000000013
decision_type=2 2 2 2 2 2 2 2 2 2 2 2 2 2 2
left_child=2 -2 -1 -4 -5 12 -7 -8 -9 11 -11 -6 13 14 -3
right_child=1 5 3 4 9 6 7 8 -10 10 -12 -13 -14 -15 -16
leaf_value=0.035814907388451354 -0.090861929218248996 -0.075166306636463884 -0.057562030000479616 0.056043886482034344 -0.042835453188223301 0.039139799059973994 -0.077865902360029868 0.079110067931284528 -0.022827827458042165 -0.046560321061077874 0.08545812641381334 0.0059541989220514464 -0.087192226106291973 -0.076439723482217087 -0.075636554721911067
leaf_weight=3.1907652502413866 0.78329488169401784 0.062353936300496571 1.4212067583575834 1.7338672042824317 2.5026150690391642 1.4388686387101186 0.77609531502821516 0.53394114930415515 1.2861851613852193 1.0100199151784184 1.0973152702208606 3.4508308549411595 0.31354281306266774 0.076183838420547545 0.051593372714705765
leaf_count=30 5 40 17 19 22 42 29 17 38 13 45 23 2 7 10
internal_value=-0.000731013 -0.019571 0.0062288 -0.00218806 0.00584672 -0.00726767 0.00217219 -0.0183159 0.00707605 -0.00495064 0.0221833 -0.0145552 -0.0828934 -0.0758042 -0.0753792
internal_weight=19.7287 5.32206 14.4066 11.2159 9.79465 4.53876 4.03509 2.59622 1.82013 8.06078 2.10734 5.95345 0.503674 0.190131 0.113947
internal_count=359 190 169 139 122 185 126 84 55 103 58 45 59 57 50
is_linear=0
shrinkage=0.1


Tree=225
num_leaves=12
num_cat=0
split_feature=6 6 6 6 5 5 1 5 3 6 6
split_gain=0.0890874 0.589488 0.389031 0.186357 0.206309 0.292262 0.529344 0.310111 0.256765 0.072757 0.341951
threshold=71.450000000000017 72.600000000000009 73.500000000000014 70.350000000000009 24.950000000000003 25.350000000000005 -0.12940952255126037 28.050000000000004 -0.56174490092936669 75.250000000000014 77.800000000000026
decision_type=2 2 2 2 2 2 2 2 2 2 2
left_child=3 -2 -3 4 -1 -6 7 -7 -8 -4 -11
right_child=1 2 9 -5 5 6 8 -9 -10 10 -12
leaf_value=-0.035248206516349349 -0.095996601252771985 0.079782315644151169 0.011337650673113896 0.038536979197627171 0.048064838419486375 0.029708378133960246 -0.011174278489118016 -0.0047746841453317496 -0.087420283834909449 -0.086014992276794724 0.029948519268603858
leaf_weight=1.44703152752482 0.68792658776510451 0.58684773463755879 0.64764993358403433 1.4219925389625121 1.3833568437257771 4.085778477601707 0.84329858957789838 7.2105177950579673 0.92739394062664071 0.54103521991055437 0.47978000482544303
leaf_count=21 13 7 14 18 9 20 19 155 34 20 29
internal_value=0.00112021 -0.0149645 0.00975229 0.00385363 0.000751267 0.00435619 -0.000271094 0.00769756 -0.0511079 -0.0148793 -0.0315125
internal_weight=20.2626 2.94324 2.25531 17.3194 15.8974 14.4503 13.067 11.2963 1.77069 1.66847 1.02082
internal_count=359 83 70 276 258 237 228 175 53 63 49
is_linear=0
shrinkage=0.1


Tree=226
num_leaves=11
num_cat=0
split_feature=0 2 6 5 6 5 6 2 6 6
split_gain=0.134769 0.25084 0.363679 0.809679 0.404766 0.372323 0.215399 0.190548 0.519526 0.00971399
threshold=0.91597561503675362 0.6078576107927941 51.050000000000004 23.050000000000004 56.650000000000013 23.550000000000004 71.050000000000011 0.6078576107927941 62.850000000000001 57.750000000000007
decision_type=2 2 2 2 2 2 2 2 2 2
left_child=1 2 -1 -4 -5 -6 9 8 -2 -3
right_child=7 6 3 4 5 -7 -8 -9 -10 -11
leaf_value=-0.08153911355783855 0.041833047319688219 0.03758078163707515 -0.10150751140767794 0.082169048079036314 0.064874988776094239 -0.0063837125953710092 -0.0020403253171337762 -0.053875254379519823 -0.057074583372378009 0.05091239796346933
leaf_weight=0.59081794321537273 1.1917677924502639 0.97070114116650064 0.72527405992150118 0.68835669290274371 0.82943502068519581 6.3220146965468302 1.7212555840960702 1.0706921341479754 0.95793002998107102 1.2508349749259648
leaf_count=8 19 10 4 25 4 181 26 20 32 30
internal_value=-0.00108054 0.00342542 -0.00565562 -0.000421186 0.00893049 0.00188097 0.0245133 -0.0194082 -0.00224133 0.0450871
internal_weight=16.3191 13.0987 9.1559 8.56508 7.83981 7.15145 3.94279 3.22039 2.1497 2.22154
internal_count=359 288 222 214 210 185 66 71 51 40
is_linear=0
shrinkage=0.1


Tree=227
num_leaves=8
num_cat=0
split_feature=6 5 5 9 5 5 2
split_gain=0.0990084 0.136448 0.27757 1.08508e-06 3.14104e-07 4.1759e-07 2.6534e-08
threshold=50.000000000000007 31.750000000000004 24.050000000000004 1.0000000180025095e-35 27.150000000000002 26.950000000000003 -0.60785761079279388
decision_type=2 2 2 2 2 2 2
left_child=-1 2 -2 4 5 -4 -6
right_child=1 -3 3 -5 6 -7 -8
leaf_value=-0.083873129474441643 0.0076079029306953053 0.056385428184711067 -0.075262007883309084 -0.075617652443170535 -0.075182628829999903 -0.07563226189565396 -0.075099850591085732
leaf_weight=0.13078230932296708 3.7742070956155658 0.4548312947154044 0.13755631438471017 0.10490076771748136 0.11058458311163089 0.039125691691879183 0.059589315189441883
leaf_count=6 33 5 117 32 88 8 70
internal_value=0.0019447 0.00434247 -0.00125881 -0.0753358 -0.0752506 -0.075344 -0.0751536
internal_weight=4.81158 4.6808 4.22596 0.451757 0.346856 0.176682 0.170174
internal_count=359 353 348 315 283 125 158
is_linear=0
shrinkage=0.1


Tree=228
num_leaves=15
num_cat=0
split_feature=5 2 6 6 5 2 3 0 6 1 7 6 0 1
split_gain=0.247682 0.131502 0.110465 0.153685 0.327099 0.358175 0.228361 0.122907 0.234675 0.0278439 0.000685315 0.000101983 7.09842e-06 3.34811e-07
threshold=28.250000000000004 0.87837969732492682 61.100000000000001 68.050000000000011 25.250000000000004 -0.60785761079279388 -0.56174490092936669 -0.78656609248549303 72.15000000000002 1.0000000180025095e-35 1.0000000180025095e-35 69.15000000000002 0.91597561503675362 -0.9159756150367534
decision_type=2 2 2 2 2 2 2 2 2 2 2 2 2 2
left_child=2 10 -1 6 7 -6 -4 8 -5 -8 -2 12 13 -12
right_child=1 -3 3 4 5 -7 9 -9 -10 -11 11 -13 -14 -15
leaf_value=0.021789355348322145 -0.083997690249139986 -0.0093390024551986313 -0.037690436119836586 0.010477186810496242 -0.0041460472623771208 0.087967860323108493 0.010634361649116878 0.019003946437427612 -0.03040329444890047 -0.0063323495727914169 -0.07536661740796248 -0.07918307128341727 -0.076422492465927555 -0.075140355668845693
leaf_weight=2.4705887306481662 0.15713645837968215 0.51313144387677312 2.3570572808384895 2.8919738829135921 0.76464238436892629 0.94238099991343893 1.8535138657316559 2.0952558584976897 2.7295919954776764 2.0228541879914701 0.17181612280546688 0.096424044226296246 0.067714940756559372 0.10559257623390184
leaf_count=19 8 14 22 28 11 40 20 25 20 24 49 8 3 68
internal_value=-0.000672099 -0.0464868 0.0021378 -0.000963049 0.00709459 0.0467064 -0.0131448 -0.00166788 -0.00937263 0.00178041 -0.0783262 -0.0763079 -0.0755046 -0.0752805
internal_weight=19.2397 1.11182 18.1279 15.6573 9.42385 1.70702 6.23343 7.71682 5.62157 3.87637 0.598684 0.441548 0.345124 0.277409
internal_count=359 150 209 190 124 51 66 73 48 44 136 128 120 117
is_linear=0
shrinkage=0.1


Tree=229
num_leaves=7
num_cat=0
split_feature=9 6 6 3 5 5
split_gain=0.0762552 0.505264 0.576644 0.184759 0.153398 0.302157
threshold=1.0000000180025095e-35 50.000000000000007 54.050000000000004 0.81174490092936691 30.450000000000003 28.050000000000004
decision_type=2 2 2 2 2 2
left_child=1 -1 -3 4 5 -4
right_child=-2 2 3 -5 -6 -7
leaf_value=0.097908411787390529 -0.022387659305795563 -0.092628049379831989 0.010429067053656217 -0.032582415549338543 0.031853027622031634 -0.0248498454500585
leaf_weight=0.54112827056088164 1.2962841409607779 0.65008864540141331 10.839958386495715 1.3250621555489477 2.0449094726354806 3.1283850453328332
leaf_count=5 36 18 162 28 35 75
internal_value=0.0010601 0.00270045 -0.000163597 0.0033033 0.00627276 0.00252791
internal_weight=19.8258 18.5295 17.9884 17.3383 16.0133 13.9683
internal_count=359 323 318 300 272 237
is_linear=0
shrinkage=0.1


Tree=230
num_leaves=7
num_cat=0
split_feature=3 6 5 5 5 5
split_gain=0.136045 0.211844 0.224982 0.395824 0.153456 0.201102
threshold=0.81174490092936691 56.650000000000013 22.700000000000003 23.550000000000004 23.750000000000004 24.050000000000004
decision_type=2 2 2 2 2 2
left_child=1 -1 -3 -4 -5 -6
right_child=-2 2 3 4 5 -7
leaf_value=0.035241656333512471 -0.029689034348907656 -0.05761580666848351 0.042592114529757578 -0.041818543692659638 0.028724117379215087 -0.0098037944982661395
leaf_weight=1.6834054451901472 1.5058952277468058 0.69993241131305595 1.9010596387088288 1.1321810521185387 1.6570276953279952 7.4270250837726053
leaf_count=37 35 3 10 7 10 257
internal_value=-0.00108094 0.00189002 -0.00249036 0.000693853 -0.00710267 -0.00277589
internal_weight=16.0065 14.5006 12.8172 12.1173 10.2162 9.08405
internal_count=359 324 287 284 274 267
is_linear=0
shrinkage=0.1


Tree=231
num_leaves=11
num_cat=0
split_feature=6 3 6 6 6 6 6 6 6 5
split_gain=0.0862019 0.195116 0.128819 0.46275 0.149951 0.0777573 0.252688 0.250737 0.23349 0.000275522
threshold=82.600000000000009 1.0000000180025095e-35 75.250000000000014 73.750000000000014 51.600000000000009 72.600000000000009 71.750000000000014 66.050000000000011 65.350000000000009 24.050000000000004
decision_type=2 2 2 2 2 2 2 2 2 2
left_child=1 2 3 4 -1 6 7 8 -3 -6
right_child=-2 5 -4 -5 9 -7 -8 -9 -10 -11
leaf_value=0.074371412624082714 0.023699160236819432 -0.009499919293277195 -0.086916745215597196 0.084394034615130648 -0.080131049117894926 -0.027191380510252657 0.10651882828016319 -0.077632714074472225 0.086977283426820637 -0.07559228907772958
leaf_weight=0.071393663500203042 1.3149407648015765 0.66630292804620717 0.36177470344046014 0.3091359933023341 0.42247592099010944 0.38831248599308299 0.29449237510561932 0.29276360004587321 0.40231933788163587 0.19570073850627523
leaf_count=3 12 86 25 6 7 20 3 29 6 162
internal_value=0.00195264 -0.00644623 -0.0357905 -0.0172704 -0.0628468 0.0130834 0.0225281 0.00435937 0.0268222 -0.0786942
internal_weight=4.71961 3.40467 1.36048 0.998706 0.68957 2.04419 1.65588 1.36139 1.06862 0.618177
internal_count=359 347 203 178 172 144 124 121 92 169
is_linear=0
shrinkage=0.1


Tree=232
num_leaves=13
num_cat=0
split_feature=6 6 5 6 1 2 2 1 2 3 6 7
split_gain=0.248485 0.40938 0.31143 0.380807 0.329142 0.26422 0.233684 0.186221 0.224356 0.122153 0.0144099 0.00818792
threshold=59.650000000000013 60.750000000000007 27.050000000000004 63.550000000000004 0.1294095225512602 -0.60785761079279388 -1.0000000180025095e-35 0.37940952255126026 1.0000000180025095e-35 -0.22252093395631442 59.45000000000001 1.0000000180025095e-35
decision_type=2 2 2 2 2 2 2 2 2 2 2 2
left_child=5 -2 4 -4 6 10 -3 -6 -9 -5 11 -1
right_child=1 2 3 9 7 -7 -8 8 -10 -11 -12 -13
leaf_value=-0.053886663995887485 0.05811908062207443 0.003840790285373315 -0.081884559473722474 0.021573976327001407 -0.015507768352686212 0.0076680914473128267 0.059025859101250515 0.034824304845549041 -0.0099542239856121196 -0.027704898584459958 -0.091248493358220051 -0.080591605219268447
leaf_weight=0.27724961988860741 1.2452462426153967 1.4138450603932144 0.97270172683056388 0.90440652018878664 5.6735551953315717 0.66686536939232854 1.6780779079999799 2.1730285382363945 2.3066348528955132 1.133392238640226 0.37202988227363676 0.19596427836222574
leaf_count=7 22 20 30 28 35 36 35 36 35 30 4 41
internal_value=-0.000500854 0.00285951 -0.00137359 -0.0304063 0.00522528 -0.0393931 0.0337914 -0.00347385 0.0117673 -0.00583417 -0.0765227 -0.0649455
internal_weight=19.013 17.5009 16.2556 3.0105 13.2451 1.51211 3.09192 10.1532 4.47966 2.0378 0.845244 0.473214
internal_count=359 271 249 88 161 88 55 106 71 58 52 48
is_linear=0
shrinkage=0.1


Tree=233
num_leaves=13
num_cat=0
split_feature=6 6 6 3 6 6 5 2 6 2 6 5
split_gain=0.0817773 0.161396 0.179793 0.1721 0.144971 0.389518 0.145901 0.133076 0.114729 0.50718 0.257003 0.000451214
threshold=71.450000000000017 70.350000000000009 68.050000000000011 -0.56174490092936669 57.750000000000007 61.800000000000004 29.850000000000005 1.0000000180025095e-35 73.100000000000009 -0.8783796973249266 75.250000000000014 24.250000000000004
decision_type=2 2 2 2 2 2 2 2 2 2 2 2
left_child=1 2 3 7 6 -6 -5 -1 -2 -10 -11 -12
right_child=8 -3 -4 4 5 -7 -8 -9 9 10 11 -13
leaf_value=0.0041452506631624161 -0.044348926386723914 0.036062479581347354 -0.031428956965519859 -0.011359320613028648 -0.04139567886048403 0.0080003208739259334 0.033175732687873508 0.040253657605197002 0.072655739817218956 0.0062889829284053693 -0.080589799175877858 -0.086022276225259375
leaf_weight=2.1434355631936368 0.90435365401208345 1.3890951242065046 1.5849428914953012 1.2429962798487415 2.6214728148188442 4.0826060331892222 1.8021527696982955 1.948511157184839 0.62567931413650524 0.65632292121881575 0.27796693006530404 0.33979124733014032
leaf_count=19 17 18 35 14 49 76 42 23 8 15 14 29
internal_value=0.000777923 0.00341438 0.000474477 0.00412772 -0.00309638 -0.0113148 0.014997 0.0213394 -0.0150319 -0.00107599 -0.0372844 -0.0835779
internal_weight=19.6193 16.8152 15.4261 13.8412 9.74923 6.70408 3.04515 4.09195 2.80411 1.89976 1.27408 0.617758
internal_count=359 276 258 223 181 125 56 42 83 66 58 43
is_linear=0
shrinkage=0.1


Tree=234
num_leaves=15
num_cat=0
split_feature=0 0 2 5 2 5 6 6 2 1 0 6 3 6
split_gain=0.123712 0.228532 0.241964 0.553174 0.341646 0.205841 0.198037 0.525332 0.489602 0.19052 0.187505 0.144914 0.0945131 2.74522e-05
threshold=0.91597561503675362 0.12940952255126059 0.6078576107927941 23.050000000000004 -1.0000000180025095e-35 23.550000000000004 61.100000000000001 62.850000000000001 1.0000000180025095e-35 -0.12940952255126037 -0.78656609248549303 56.850000000000001 0.81174490092936691 59.650000000000013
decision_type=2 2 2 2 2 2 2 2 2 2 2 2 2 2
left_child=1 2 3 -1 10 -4 -2 -8 -9 -7 -5 -3 -6 -13
right_child=6 11 5 4 12 9 7 8 -10 -11 -12 13 -14 -15
leaf_value=-0.097407728417185813 -0.052432157811472341 -0.0038470576923688177 0.057561328799676181 0.030337986444954876 -0.023418714238174772 0.038409003131708322 0.074435920800920763 -0.094124567748596066 0.0275427847154214 -0.016273705933931813 -0.0062860029444806263 0.077468285443257984 -0.07463155527756106 0.076171920858653208
leaf_weight=0.67042437568306557 1.1279148068279039 0.33787191798910576 1.0645724982023241 2.3318011617520802 0.83176823786925769 1.0594432104844604 0.64121975563466538 0.69020029902458169 0.63507721474161372 1.5984678885433818 3.4904291717102747 0.31298690289258957 0.6358249579789117 0.3416754212230444
leaf_count=4 17 16 4 55 29 12 9 22 23 38 65 11 20 34
internal_value=-0.00110255 0.00327373 -0.000640038 -0.0104814 -0.00248706 0.020405 -0.0190286 0.000130574 -0.0358212 0.00552282 0.00838189 0.0493412 -0.0456063 0.0767917
internal_weight=15.7697 12.6753 11.6827 7.96025 7.28982 3.72248 3.09441 1.9665 1.32528 2.65791 5.82223 0.992534 1.46759 0.654662
internal_count=359 288 227 173 169 54 71 54 45 50 120 61 49 45
is_linear=0
shrinkage=0.1


Tree=235
num_leaves=11
num_cat=0
split_feature=6 3 6 6 6 6 6 6 6 5
split_gain=0.0799704 0.171551 0.1189 0.42477 0.142036 0.070499 0.232093 0.225015 0.205945 0.000209542
threshold=82.600000000000009 -1.0000000180025095e-35 75.250000000000014 73.750000000000014 51.600000000000009 72.600000000000009 71.750000000000014 66.050000000000011 65.350000000000009 24.050000000000004
decision_type=2 2 2 2 2 2 2 2 2 2
left_child=1 2 3 4 -1 6 7 8 -3 -6
right_child=-2 5 -4 -5 9 -7 -8 -9 -10 -11
leaf_value=0.073976886530150776 0.023387125102244471 -0.0086241343441260439 -0.085753871634513992 0.083261242552786122 -0.079652541292462076 -0.025709356381197309 0.10353141594453959 -0.077401941286686649 0.084261178497502087 -0.075531169699631487
leaf_weight=0.068571821640944108 1.3120310138911007 0.65456575993266575 0.33431695717081311 0.29385060934873763 0.3900628574192524 0.38674892545532213 0.28561221726704378 0.26937697364337498 0.37571718281833455 0.18042648883783841
leaf_count=3 12 86 25 6 7 20 3 29 6 162
internal_value=0.00255911 -0.00587711 -0.0345851 -0.0162483 -0.0620044 0.0125707 0.0219097 0.00397258 0.0252487 -0.0783491
internal_weight=4.55128 3.23925 1.26723 0.932912 0.639061 1.97202 1.58527 1.29966 1.03028 0.570489
internal_count=359 347 203 178 172 144 124 121 92 169
is_linear=0
shrinkage=0.1


Tree=236
num_leaves=13
num_cat=0
split_feature=5 5 0 6 6 6 6 2 2 1 6 2
split_gain=0.253563 0.12428 0.355615 0.0927102 0.136709 0.182827 0.32933 0.20197 6.67305e-06 2.85983e-07 8.66975e-08 1.39188e-08
threshold=28.250000000000004 29.050000000000004 0.91597561503675362 61.100000000000001 62.850000000000001 64.750000000000014 66.450000000000017 0.6078576107927941 0.87837969732492682 -0.9159756150367534 59.650000000000013 -0.60785761079279388
decision_type=2 2 2 2 2 2 2 2 2 2 2 2
left_child=3 -2 8 -1 -5 -6 -7 -8 9 10 -3 -11
right_child=1 2 -4 4 5 6 7 -9 -10 11 -12 -13
leaf_value=0.020857716296952392 -0.083382702138643974 -0.075269419968322537 0.091777078849121854 -0.027291259749024313 0.031892471545709858 -0.045754322611375423 0.014135586113236513 -0.016366631727992832 -0.076232915899307779 -0.075075558021845387 -0.075413127151026743 -0.075160276204616142
leaf_weight=2.3511656960472527 0.51222872862126567 0.076371457224013284 0.19918094575405121 1.6903025526553381 1.870506735285743 1.4861775557510544 6.9831816946389136 3.15005489817122 0.10322473617270589 0.039946491233422421 0.093226418946869671 0.037691751145757735
leaf_count=19 29 27 1 14 19 19 98 40 10 39 26 18
internal_value=-0.000494248 -0.0479444 -0.0149183 0.00237979 -0.000482132 0.00287708 -0.00179385 0.00465356 -0.0755576 -0.0752756 -0.0753484 -0.0751167
internal_weight=18.5933 1.06187 0.549642 17.5314 15.1802 13.4899 11.6194 10.1332 0.350461 0.247236 0.169598 0.0776382
internal_count=359 150 121 209 190 176 157 138 120 110 53 57
is_linear=0
shrinkage=0.1


Tree=237
num_leaves=12
num_cat=0
split_feature=6 6 5 5 1 5 5 6 2 6 5
split_gain=0.0744343 0.143545 0.173266 0.24046 0.50328 0.645183 0.224744 0.0997959 0.449875 0.239686 0.000409875
threshold=71.450000000000017 70.350000000000009 24.950000000000003 25.350000000000005 -0.12940952255126037 26.750000000000004 25.850000000000005 73.100000000000009 -0.8783796973249266 75.250000000000014 24.250000000000004
decision_type=2 2 2 2 2 2 2 2 2 2 2
left_child=1 2 -1 -4 5 -5 -6 -2 -9 -10 -11
right_child=7 -3 3 4 6 -7 -8 8 9 10 -12
leaf_value=-0.033523775972009541 -0.04210357725512421 0.034089112407370635 0.043809949994376637 0.079373395252495996 -0.011325390068559541 -0.0010256408013219614 -0.085471238307719813 0.069033662711705482 0.0053373019352906965 -0.080079104474817711 -0.085438596617575593
leaf_weight=1.371018870966515 0.89089642331236918 1.3781323874718499 1.351607524557038 1.1128821521997458 0.7448424737667636 9.6786954290000704 0.90612286748364568 0.60831591114401828 0.65499938029097349 0.25796458544209599 0.31933363596908748
leaf_count=21 17 18 9 5 13 170 40 8 15 14 29
internal_value=0.000663769 0.00318889 0.000380835 0.00375066 -0.000600898 0.00726552 -0.0520199 -0.0146295 -0.0013315 -0.0360668 -0.0830437
internal_weight=19.2748 16.5433 15.1652 13.7942 12.4425 10.7916 1.65097 2.73151 1.84061 1.2323 0.577298
internal_count=359 276 258 237 228 175 53 83 66 58 43
is_linear=0
shrinkage=0.1


Tree=238
num_leaves=13
num_cat=0
split_feature=0 0 2 5 5 2 6 6 5 6 6 2
split_gain=0.117684 0.202873 0.212599 0.50197 0.299723 0.447661 0.17732 0.17197 0.171155 0.0730885 0.00420188 1.51308e-05
threshold=0.91597561503675362 0.12940952255126059 0.6078576107927941 23.050000000000004 23.550000000000004 -1.0000000180025095e-35 71.050000000000011 61.100000000000001 30.850000000000005 63.250000000000007 67.750000000000014 -1.0000000180025095e-35
decision_type=2 2 2 2 2 2 2 2 2 2 2 2
left_child=1 2 3 -1 -5 -6 -4 -2 11 -9 -11 -3
right_child=7 8 6 4 5 -7 -8 9 -10 10 -12 -13
leaf_value=-0.095419711362348808 -0.050566495364207056 0.076110041764107572 0.039341608529793404 0.056957416717826254 0.0035083604513481085 -0.063914525880582024 -0.0048031085116290069 0.021007765260569827 -0.015088449920232639 -0.012045278628138464 -0.024858092751690427 0.077078109940364431
leaf_weight=0.62835074588656059 1.0856043852400046 0.34852818795479834 2.0198115558596332 0.76491793990135182 5.1967345316079419 1.2150115380645754 1.6558840696234254 0.85511550097726274 0.29697562218643725 0.50080717995297142 0.52349285435047932 0.30079904757440168
leaf_count=4 17 31 29 4 117 48 25 12 12 22 20 18
internal_value=-0.000977833 0.00329328 -0.00037497 -0.00971352 -0.00220954 -0.00926813 0.0194546 -0.018879 0.0477972 -0.000575355 -0.0185936 0.0765585
internal_weight=15.392 12.427 11.4807 7.80501 7.17666 6.41175 3.6757 2.96502 0.946303 1.87942 1.0243 0.649327
internal_count=359 288 227 173 169 165 54 71 61 54 42 49
is_linear=0
shrinkage=0.1


Tree=239
num_leaves=15
num_cat=0
split_feature=2 8 5 6 8 3 5 5 6 5 5 5 5 5
split_gain=0.08503 0.259452 0.161368 0.243703 0.15015 0.137347 0.331363 0.102525 0.347353 0.0533852 0.000157202 7.90437e-05 8.20544e-06 5.41777e-07
threshold=-0.60785761079279388 1.0000000180025095e-35 31.750000000000004 79.850000000000009 1.0000000180025095e-35 1.0000000180025095e-35 23.750000000000004 23.950000000000003 73.750000000000014 32.20000000000001 23.950000000000003 24.150000000000002 24.050000000000004 31.550000000000004
decision_type=2 2 2 2 2 2 2 2 2 2 2 2 2 2
left_child=1 -1 3 11 5 6 -2 -6 9 12 -8 -3 -9 -13
right_child=4 2 -4 -5 7 -7 10 8 -10 -11 -12 13 -14 -15
leaf_value=0.074912634254453575 0.082628926925963769 -0.078406923347717122 0.047331419102963762 0.079496147282618307 -0.011265394383649338 -0.082026857113915053 -0.08476112856611491 -0.07677491772144239 0.093501802460794037 -0.0017903911011007594 -0.079811651294605768 -0.075136903065772032 -0.075323535490481222 -0.075681797147099397
leaf_weight=0.57079051018808968 0.23055352270603213 0.34225062280893304 0.30263659916818142 0.12664822139777243 1.1610267311334612 0.42868358992564026 0.1358647495508194 0.058911034837365039 0.45946220276528038 0.22155308723449707 0.12160859800496837 0.080531213956419379 0.11497710381081561 0.023593056132085621
leaf_count=29 2 7 4 3 10 21 1 2 26 2 50 106 92 4
internal_value=0.0026139 0.0224553 -0.0117386 -0.0429358 -0.00717235 -0.0407272 -0.00444943 0.00808613 0.034367 -0.0343415 -0.0824234 -0.0776729 -0.0758152 -0.0752604
internal_weight=4.37909 1.44645 0.87566 0.573023 2.93264 0.91671 0.488027 2.01593 0.854903 0.395441 0.257473 0.446375 0.173888 0.104124
internal_count=359 153 124 120 206 74 53 132 122 96 51 117 94 110
is_linear=0
shrinkage=0.1


Tree=240
num_leaves=15
num_cat=0
split_feature=5 5 6 6 6 6 6 6 6 5 5 0 6 6
split_gain=0.237484 0.373612 0.319803 0.275163 0.210474 0.273259 0.365384 0.179547 0.148176 0.233926 0.188534 0.00103965 2.40041e-06 4.55112e-07
threshold=27.050000000000004 27.150000000000002 64.65000000000002 57.550000000000004 60.750000000000007 63.550000000000004 65.450000000000017 68.050000000000011 70.350000000000009 24.050000000000004 24.650000000000002 0.91597561503675362 57.100000000000009 56.650000000000013
decision_type=2 2 2 2 2 2 2 2 2 2 2 2 2 2
left_child=2 -2 -1 11 -5 -6 -7 -4 -9 -10 -11 12 13 -3
right_child=1 3 7 4 5 6 -8 8 9 10 -12 -13 -14 -15
leaf_value=0.034980049357565331 -0.085353714586916041 -0.075125589392005088 -0.029220061824681995 0.033601318729061046 -0.071276541841319485 0.078398473930236356 -0.025066018850047098 0.030659041208560792 -0.017773123596647598 -0.00297912556125496 0.049761038616740742 -0.085954479600034814 -0.076162661834754466 -0.075580621465030612
leaf_weight=3.0188554611522731 0.73237822018563647 0.045186855699284822 1.9640391098801036 1.2967289231019097 0.65740193135570768 0.48053538403473783 1.1781955753103828 1.7075980646768565 3.9948915168642998 1.5483647969085725 1.2055404098355209 0.29023750126361847 0.061141303682234138 0.042799252143595368
leaf_count=30 5 40 26 42 29 17 38 22 25 18 48 2 7 10
internal_value=-0.00049119 -0.0196233 0.00632014 -0.00774348 0.00134382 -0.0167161 0.00490771 -0.00198279 0.0043432 -0.00231531 0.0201082 -0.0824676 -0.0756814 -0.0753469
internal_weight=18.2239 4.7846 13.4393 4.05223 3.61286 2.31613 1.65873 10.4204 8.45639 6.7488 2.75391 0.439365 0.149127 0.0879861
internal_count=359 190 169 185 126 84 55 139 113 91 66 59 57 50
is_linear=0
shrinkage=0.1


Tree=241
num_leaves=13
num_cat=0
split_feature=5 0 5 5 2 2 6 6 6 1 6 6
split_gain=0.0708038 0.309132 0.621758 0.290919 0.233105 0.386635 0.302253 0.402371 0.107727 0.0537739 7.59574e-05 1.94121e-06
threshold=27.050000000000004 -0.91597561503675329 25.950000000000003 27.350000000000005 0.87837969732492682 0.6078576107927941 52.150000000000013 56.650000000000013 67.050000000000011 -1.0000000180025095e-35 71.450000000000017 74.750000000000014
decision_type=2 2 2 2 2 2 2 2 2 2 2 2
left_child=1 8 9 -2 5 6 -5 -8 -1 -3 -11 -12
right_child=3 2 -4 4 -6 -7 7 -9 -10 10 11 -13
leaf_value=0.028005472004853385 0.056157473647042822 -0.12570044957501389 -0.00089254495645589539 0.073041921030441645 0.036477488265485913 -0.05954512221540062 -0.082431726181502629 0.0059776540031806222 -0.00065949943819556525 -0.077850452115665186 -0.076126185126244639 -0.07562680947918482
leaf_weight=1.9366927668452261 1.0642656716518093 0.32087668776512168 2.4905580072081648 0.56475019396748205 1.4908969325479118 1.1684365654364226 0.58059276768472035 4.5420618744101375 4.0584715295117348 0.45663126610452487 0.13522788224508986 0.18343625939451158
leaf_count=22 11 1 33 13 18 16 21 111 37 26 12 38
internal_value=0.0007585 -0.00529247 -0.0285144 0.00691935 0.000641152 -0.00715195 0.00361185 -0.00404251 0.0086005 -0.0912725 -0.0770236 -0.0758387
internal_weight=18.9929 9.58189 3.58673 9.411 8.34674 6.85584 5.6874 5.12265 5.99516 1.09617 0.775295 0.318664
internal_count=359 169 110 190 179 161 145 132 59 77 76 50
is_linear=0
shrinkage=0.1


Tree=242
num_leaves=8
num_cat=0
split_feature=6 6 5 5 5 5 2
split_gain=0.117584 0.14515 0.118338 0.163576 0.275482 0.352099 0.365516
threshold=56.650000000000013 52.150000000000013 31.150000000000002 22.700000000000003 23.550000000000004 23.650000000000002 -0.8783796973249266
decision_type=2 2 2 2 2 2 2
left_child=1 -1 3 -2 -5 -6 -7
right_child=2 -3 -4 4 5 6 -8
leaf_value=-0.0079791675704690406 -0.051049808958416265 0.048576121103769132 -0.034481604921302617 0.037295424035727963 -0.08155895735574413 0.05034547950742746 -0.0084417396863718849
leaf_weight=0.83579101832583613 0.62820462882518668 0.99294002552051097 1.1846363861113776 1.7984779588878144 0.57015438191592593 1.2216365415370036 7.8789095078100253
leaf_count=17 3 25 14 10 7 58 225
internal_value=-0.0010448 0.0227285 -0.00431801 -0.00136424 0.0013572 -0.0053263 -0.000550277
internal_weight=15.1108 1.82873 13.282 12.0974 11.4692 9.6707 9.10055
internal_count=359 42 317 303 300 290 283
is_linear=0
shrinkage=0.1


Tree=243
num_leaves=8
num_cat=0
split_feature=6 5 5 9 5 5 2
split_gain=0.0867177 0.110117 0.23005 5.92828e-07 2.57637e-07 2.17089e-07 1.6037e-08
threshold=50.000000000000007 31.750000000000004 24.050000000000004 1.0000000180025095e-35 27.150000000000002 26.950000000000003 -0.60785761079279388
decision_type=2 2 2 2 2 2 2
left_child=-1 2 -2 4 5 -4 -6
right_child=1 -3 3 -5 6 -7 -8
leaf_value=-0.082657666329381138 0.0077709333756334088 0.054452701803443727 -0.075254339855726896 -0.07553056045592145 -0.075155455249812209 -0.075538873735383552 -0.07508298006132022
leaf_weight=0.1164207490364787 3.3287887945771222 0.40373778343200672 0.11447319486796903 0.085636668038205244 0.08882137545515445 0.035016884736251086 0.046522951990482286
leaf_count=6 33 5 117 32 88 8 70
internal_value=0.0024489 0.00486376 -0.000548386 -0.0752999 -0.0752305 -0.075321 -0.0751305
internal_weight=4.21942 4.103 3.69926 0.370471 0.284834 0.14949 0.135344
internal_count=359 353 348 315 283 125 158
is_linear=0
shrinkage=0.1


Tree=244
num_leaves=14
num_cat=0
split_feature=6 6 2 5 1 6 2 0 2 5 5 6 7
split_gain=0.219063 0.304952 0.240843 0.222956 0.306722 0.299053 0.20637 0.179294 0.149593 0.139415 0.0786676 0.0131829 0.00806371
threshold=59.650000000000013 60.750000000000007 -0.60785761079279388 27.050000000000004 0.1294095225512602 64.65000000000002 -1.0000000180025095e-35 -0.91597561503675329 1.0000000180025095e-35 27.950000000000003 27.350000000000005 59.45000000000001 1.0000000180025095e-35
decision_type=2 2 2 2 2 2 2 2 2 2 2 2 2
left_child=2 -2 11 4 6 10 -3 -6 -9 -7 -5 12 -1
right_child=1 3 -4 5 7 9 -8 8 -10 -11 -12 -13 -14
leaf_value=-0.052306678442701586 0.05251830515692886 0.0041800590955931929 0.0087306934181835445 -0.093059725141002733 -0.016152662409643619 0.035790885382272826 0.056906701758738992 0.03087651478479982 -0.0066366694650400451 -0.024539172045646342 -0.04158574387836908 -0.090083441252634233 -0.080347592886987895
leaf_weight=0.24917296002968214 1.1457413164898778 1.3744337768293919 0.59975532098906359 0.52656599879264765 5.3771583437919626 0.69081516144797184 1.6140253341873165 2.0382660070899847 2.2217474801000208 0.85974794428329915 0.6807523309107637 0.3496760317357257 0.17428492328326683
leaf_count=7 22 20 36 3 35 15 35 36 35 30 40 4 41
internal_value=-0.000440407 0.00274763 -0.0388236 -0.000959215 0.00466735 -0.0267177 0.032657 -0.00401216 0.0113121 0.0023394 -0.0640359 -0.0757137 -0.0638476
internal_weight=17.9021 16.5293 1.37289 15.3835 12.6256 2.75788 2.98846 9.63717 4.26001 1.55056 1.20732 0.773134 0.423458
internal_count=359 271 88 249 161 88 55 106 71 45 43 52 48
is_linear=0
shrinkage=0.1


Tree=245
num_leaves=13
num_cat=0
split_feature=9 6 5 2 6 6 2 0 6 5 6 3
split_gain=0.0739216 0.100135 0.378498 0.252281 0.533026 0.282137 0.25525 0.166476 0.284896 0.850805 0.642689 0.222935
threshold=1.0000000180025095e-35 69.050000000000011 25.250000000000004 -0.8783796973249266 71.200000000000003 73.100000000000009 0.87837969732492682 0.91597561503675362 62.050000000000004 25.850000000000005 58.95000000000001 1.0000000180025095e-35
decision_type=2 2 2 2 2 2 2 2 2 2 2 2
left_child=1 2 -1 -3 -5 -6 -7 8 10 -10 -4 -9
right_child=-2 3 7 4 5 6 -8 11 9 -11 -12 -13
leaf_value=-0.047480986427563793 -0.023160582812143844 0.047315198380512374 -0.018555087986114896 -0.082586795755110229 0.054177496089740262 -0.078354879737042679 0.027503990672215234 0.034223863940413331 0.047907610879342838 -0.088711147573550725 0.070343549785626194 -0.0055150007101520031
leaf_weight=1.595974416937685 1.1986340632429335 1.594468198076356 2.686754576861857 0.64022208022652138 1.1740496355923826 0.41137893375707779 0.51036192322499119 3.1816207591909915 0.7209537774324416 1.2395924331503918 1.1662125334842128 2.537732920027338
leaf_count=18 36 17 58 22 17 40 11 32 6 51 30 21
internal_value=0.000862234 0.00251147 -0.00183799 0.0156978 -0.00272783 0.0216675 -0.0197415 0.00447832 -0.00743852 -0.0384722 0.00835267 0.0165913
internal_weight=18.658 17.4593 13.1288 4.33048 2.73601 2.09579 0.921741 11.5329 5.81351 1.96055 3.85297 5.71935
internal_count=359 323 216 107 90 68 51 198 145 57 88 53
is_linear=0
shrinkage=0.1


Tree=246
num_leaves=7
num_cat=0
split_feature=6 6 5 5 5 5
split_gain=0.120228 0.283859 0.139025 0.635806 0.195259 0.569724
threshold=76.750000000000014 74.450000000000017 23.550000000000004 23.750000000000004 24.050000000000004 27.950000000000003
decision_type=2 2 2 2 2 2
left_child=1 2 -1 -4 -5 -6
right_child=-2 -3 3 4 5 -7
leaf_value=0.038710904461237837 -0.025110613236371079 0.058669602077033825 -0.094432391685693631 0.039536434990080971 -0.076199025184813307 0.0051486245852212986
leaf_weight=0.79985678195953092 1.8298573512001901 0.83500161868869405 0.73422076180577178 1.2134007923305024 0.95767209761834138 8.5237771355314162
leaf_count=4 38 19 6 7 120 165
internal_value=-0.00110416 0.00225841 -0.00159339 -0.00441406 0.00176586 -0.00306788
internal_weight=14.8938 13.0639 12.2289 11.4291 10.6949 9.48145
internal_count=359 321 302 298 292 285
is_linear=0
shrinkage=0.1


Tree=247
num_leaves=15
num_cat=0
split_feature=2 8 1 6 8 3 5 5 6 5 5 6 5 5
split_gain=0.0822106 0.248109 0.147807 0.167388 0.143323 0.121111 0.291738 0.100778 0.293571 0.0516944 0.000119887 4.81712e-05 6.85223e-06 2.84785e-06
threshold=-0.60785761079279388 1.0000000180025095e-35 -0.9159756150367534 79.300000000000026 1.0000000180025095e-35 -1.0000000180025095e-35 23.750000000000004 23.950000000000003 73.750000000000014 32.20000000000001 23.950000000000003 76.40000000000002 24.050000000000004 24.250000000000004
decision_type=2 2 2 2 2 2 2 2 2 2 2 2 2 2
left_child=1 -1 -3 11 5 6 -2 -6 9 12 -8 13 -9 -4
right_child=4 2 3 -5 7 -7 10 8 -10 -11 -12 -13 -14 -15
leaf_value=0.07360424862125152 0.07830433676449694 0.046464845064353333 -0.077419440890851121 0.048857682009177984 -0.011836990008785318 -0.081581846181483675 -0.084080596015848719 -0.076676957259383463 0.089668961726296278 0.00071197931903222854 -0.079608096439039142 -0.079497917760282991 -0.075293545919828384 -0.07673390345006087
leaf_weight=0.55476477692718618 0.21481987461447716 0.27311063301749527 0.15703490749001481 0.14206268597627059 1.1363084428012373 0.40482232392241702 0.12844659388065338 0.055960001423954853 0.43668300970603013 0.20468971878290176 0.11236292168359796 0.13359019771451131 0.099402969965012744 0.098674575363475014
leaf_count=29 2 37 4 6 10 21 1 2 26 2 50 3 92 74
internal_value=0.00198467 0.0221555 -0.0133236 -0.0440538 -0.00782989 -0.04178 -0.00641648 0.00728226 0.0345502 -0.0322995 -0.0819937 -0.0779589 -0.0757918 -0.0771549
internal_weight=4.15273 1.35924 0.804473 0.531362 2.7935 0.860452 0.455629 1.93304 0.796736 0.360053 0.24081 0.3893 0.155363 0.255709
internal_count=359 153 124 87 206 74 53 132 122 96 51 81 94 78
is_linear=0
shrinkage=0.1


Tree=248
num_leaves=9
num_cat=0
split_feature=6 6 2 5 1 5 6 6
split_gain=0.192246 0.280437 0.222258 0.154309 0.144611 0.338507 0.405396 0.0141742
threshold=59.650000000000013 61.100000000000001 -0.60785761079279388 23.050000000000004 0.60355339059327384 24.050000000000004 69.15000000000002 59.45000000000001
decision_type=2 2 2 2 2 2 2 2
left_child=2 -2 7 -3 5 -5 -7 -1
right_child=1 3 -4 4 -6 6 -8 -9
leaf_value=-0.060996582693465154 0.0423196237152084 0.038693885685258111 0.0086574041590157594 -0.043198934438314338 0.020990529394506283 -0.015294627848800224 0.02812878715479581 -0.088879246775830631
leaf_weight=0.40872871685860446 1.6126985275186623 0.89096070826053519 0.59637724497588596 2.2621547970920775 1.9456780669279403 6.1602076556300727 3.3026046885643154 0.329130218422506
leaf_count=48 26 6 36 20 36 120 63 4
internal_value=-0.000256959 0.00275263 -0.0367407 -0.00162942 -0.00425742 -0.00844714 -0.000139474 -0.073434
internal_weight=17.5085 16.1743 1.33424 14.5616 13.6706 11.725 9.46281 0.737859
internal_count=359 271 88 245 239 203 183 52
is_linear=0
shrinkage=0.1


Tree=249
num_leaves=11
num_cat=0
split_feature=5 5 1 5 2 3 2 2 2 1
split_gain=0.0760644 0.12376 0.635388 0.480288 0.374565 0.189615 0.1875 0.298757 0.0948338 0.00468631
threshold=24.450000000000003 25.350000000000005 -0.12940952255126037 26.750000000000004 1.0000000180025095e-35 -0.56174490092936669 0.87837969732492682 0.6078576107927941 1.0000000180025095e-35 0.1294095225512602
decision_type=2 2 2 2 2 2 2 2 2 2
left_child=8 4 3 -3 -2 -4 7 -5 -1 -7
right_child=1 2 5 6 -6 9 -8 -9 -10 -11
leaf_value=-0.031936034184359634 0.064047921827940724 0.062018453684878329 -0.01871986555401851 0.0021600369080584983 -0.013779028375926122 -0.076369839502046122 0.033326278809605668 -0.053671594371529789 0.0033874340946865459 -0.090334677668003779
leaf_weight=1.4693385449354566 1.2052357323118479 1.4612092077732075 0.77281933178892359 6.9763368951971607 1.2700489387498235 0.40298154103220329 1.4689368304098032 1.1110633614007381 1.5744502113666383 0.59527118713594973
leaf_count=22 24 7 30 145 21 36 17 15 29 13
internal_value=0.000770042 0.00364842 -0.00031306 0.00862377 0.0241155 -0.0559076 0.000459465 -0.00551023 -0.0136644 -0.0846973
internal_weight=18.3077 15.2639 12.7886 11.0175 2.47528 1.77107 9.55634 8.0874 3.04379 0.998253
internal_count=359 308 263 184 45 79 177 160 51 49
is_linear=0
shrinkage=0.1


Tree=250
num_leaves=11
num_cat=0
split_feature=0 6 6 5 1 5 5 6 6 5
split_gain=0.119287 0.280256 0.473802 0.159072 0.334663 0.384545 0.157346 0.238703 0.205551 0.156132
threshold=0.91597561503675362 50.000000000000007 56.650000000000013 30.450000000000003 -0.12940952255126037 29.750000000000004 28.350000000000005 62.850000000000001 65.050000000000011 23.550000000000004
decision_type=2 2 2 2 2 2 2 2 2 2
left_child=1 -1 -3 4 5 -4 7 -2 -9 -6
right_child=6 2 3 -5 9 -7 -8 8 -10 -11
leaf_value=-0.075726875940792915 0.027459392867094604 0.076503671281688168 0.091221455313733157 -0.021775951749833673 0.014757203347074359 0.0049810093982994279 -0.054039058056515425 0.013044088180609776 -0.088234133518460003 -0.018698259049980286
leaf_weight=0.43384476867504318 1.0786834159516741 0.88309550395933811 0.88996586191933369 2.500164259923622 2.3299564793705949 1.233894348843023 0.90799551457166661 0.35434893809724588 0.46124319815135095 3.4760763547092211
leaf_count=6 22 34 42 38 12 29 6 11 32 127
internal_value=-0.00127446 0.00314804 0.00617279 0.000217988 0.00715231 0.0411185 -0.0198134 -0.00340776 -0.044232 -0.00527261
internal_weight=14.5493 11.747 11.3132 10.4301 7.92989 2.12386 2.80227 1.89428 0.815592 5.80603
internal_count=359 288 282 248 210 71 71 65 43 139
is_linear=0
shrinkage=0.1


Tree=251
num_leaves=15
num_cat=0
split_feature=2 8 0 8 6 3 5 5 6 6 6 5 5 6
split_gain=0.0758821 0.219734 0.134006 0.129534 0.114187 0.113853 0.261109 0.0905733 0.253337 0.0584624 0.0527689 0.141901 8.9951e-05 4.87454e-05
threshold=-0.60785761079279388 1.0000000180025095e-35 0.12940952255126059 1.0000000180025095e-35 79.300000000000026 -1.0000000180025095e-35 23.750000000000004 23.950000000000003 73.750000000000014 52.850000000000009 59.250000000000007 32.20000000000001 23.950000000000003 76.40000000000002
decision_type=2 2 2 2 2 2 2 2 2 2 2 2 2 2
left_child=1 -1 4 5 9 6 -2 -5 10 -3 -9 -12 -8 -11
right_child=3 2 -4 7 -6 -7 12 8 -10 13 11 -13 -14 -15
leaf_value=0.070416695637592661 0.075721601840286021 0.010312258435949661 0.066102601757719273 -0.011427282734479216 0.045109471073063422 -0.081134865447631044 -0.083152912624579245 -0.080600942331669104 0.085158169906268871 -0.076623336026494931 -0.075832663811523468 0.082356943779010011 -0.079095162065359673 -0.079080181144381728
leaf_weight=0.54598996159620583 0.20458701625466347 0.096102673993300192 0.1681996300285391 1.1114555671811106 0.13690026836411562 0.37621122452037514 0.11791200190782547 0.12809188378378156 0.42466811249323655 0.23903593692011782 0.11882933929518913 0.10846685618162155 0.10179263957979856 0.12195984343998134
leaf_count=29 2 9 31 10 6 21 1 27 26 75 68 1 50 3
internal_value=0.00223583 0.0219933 -0.012694 -0.00736536 -0.0350065 -0.0410845 -0.00557252 0.00690483 0.0330252 -0.0590011 -0.0292707 -0.000343809 -0.0812729 -0.0774534
internal_weight=4.0002 1.30819 0.762198 2.69201 0.593999 0.800503 0.424292 1.89151 0.780056 0.457098 0.355388 0.227296 0.219705 0.360996
internal_count=359 153 124 206 93 74 53 132 122 87 96 69 51 78
is_linear=0
shrinkage=0.1


Tree=252
num_leaves=12
num_cat=0
split_feature=5 5 1 5 2 0 5 6 5 0 2
split_gain=0.174766 0.295955 0.271803 0.247616 0.196547 0.127903 0.193711 0.269471 0.106535 0.297651 4.95036e-06
threshold=27.050000000000004 27.150000000000002 0.1294095225512602 28.250000000000004 -1.0000000180025095e-35 -0.78656609248549303 24.050000000000004 69.15000000000002 29.050000000000004 0.91597561503675362 0.87837969732492682
decision_type=2 2 2 2 2 2 2 2 2 2 2
left_child=2 -2 4 -3 -1 6 -4 -8 -5 10 -10
right_child=1 3 5 8 -6 -7 7 -9 9 -11 -12
leaf_value=0.0072915910160827255 -0.08029596915350265 0.0083433347611043453 -0.02935026920878557 -0.083254926235146937 0.055962191786940042 0.020253333612038474 -0.020266104284994719 0.027608766060767533 -0.07527817986213603 0.088477231866350467 -0.076148152652777953
leaf_weight=1.7511374803725632 0.63795322552323241 2.8145683561451738 2.8401585128158322 0.48700010708853358 1.5768847067956837 1.90782830340322 2.3461773837916553 2.3566459186840802 0.21576586925948504 0.17216211557388306 0.093859683256596327
leaf_count=24 5 35 24 29 38 35 19 29 110 1 10
internal_value=-0.000153106 -0.01729 0.00577605 -0.00666592 0.0303527 -0.00287841 -0.00872907 0.00372462 -0.0502715 -0.0169313 -0.0755419
internal_weight=17.2001 4.42131 12.7788 3.78336 3.32802 9.45081 7.54298 4.70282 0.968788 0.481788 0.309626
internal_count=359 190 169 185 62 107 72 48 150 121 120
is_linear=0
shrinkage=0.1


Tree=253
num_leaves=11
num_cat=0
split_feature=9 6 2 5 5 2 2 6 2 6
split_gain=0.071589 0.104196 0.127241 0.0839312 0.0934433 0.466528 0.200987 0.412404 0.0331993 0.326449
threshold=1.0000000180025095e-35 72.600000000000009 -0.8783796973249266 24.450000000000003 26.750000000000004 -1.0000000180025095e-35 0.87837969732492682 64.050000000000011 0.87837969732492682 73.500000000000014
decision_type=2 2 2 2 2 2 2 2 2 2
left_child=1 3 -3 -1 5 -5 7 -6 9 -4
right_child=-2 2 8 4 6 -7 -8 -9 -10 -11
leaf_value=-0.019354746192903047 -0.02322862782349637 0.064068183264467435 0.068358181310836583 0.049150130598502317 0.0013775093940435557 -0.018312605254998202 0.030875104263810127 -0.05907646818105388 0.024756950344076458 -0.078240580297495838
leaf_weight=2.009481674525893 1.1731175194145169 0.57454166747629631 0.2858117427676905 2.0314439199864864 6.185476365440989 2.0691492768819435 1.4598944118479265 1.3802209902205502 0.52447647054214031 0.32419991475762799
leaf_count=22 36 9 4 26 117 34 19 42 12 38
internal_value=0.00065679 0.00232025 0.0257259 -0.000322577 0.00259105 0.0151086 -0.00309604 -0.0096512 0.00630806 -0.00955395
internal_weight=18.0178 16.8447 1.70903 15.1357 13.1262 4.10059 9.02559 7.5657 1.13449 0.610012
internal_count=359 323 63 260 238 60 178 159 54 42
is_linear=0
shrinkage=0.1


Tree=254
num_leaves=13
num_cat=0
split_feature=0 0 2 2 5 6 6 6 5 2 6 2
split_gain=0.105587 0.204451 0.171898 0.196319 0.268787 0.201624 0.151656 0.151078 0.121205 0.0573432 0.0284906 1.58092e-05
threshold=0.91597561503675362 0.12940952255126059 0.6078576107927941 -1.0000000180025095e-35 23.350000000000005 62.850000000000001 71.050000000000011 61.100000000000001 30.850000000000005 -1.0000000180025095e-35 64.050000000000011 -1.0000000180025095e-35
decision_type=2 2 2 2 2 2 2 2 2 2 2 2
left_child=1 2 3 4 -1 -6 -4 -2 11 -9 -5 -3
right_child=7 8 6 10 5 -7 -8 9 -10 -11 -12 -13
leaf_value=-0.055988229377145128 -0.050486047538015888 0.075974491227537966 0.036484053330775333 -0.058177206092556027 -0.013501405866871536 0.026358085493958794 -0.0053204155794257567 -0.024775026426393336 -0.0053493021403882334 0.012590597393405812 -0.028902319285096335 0.077027777854720952
leaf_weight=0.79050338268279841 0.97520934836939099 0.30022394214756787 1.9014144029351885 0.69928459788206765 2.5041613368666731 2.572960369870998 1.5963575030036734 0.65622497219010267 0.26497585629113019 1.0977820817060997 0.63369637785945088 0.27124620997347015
leaf_count=5 17 31 29 14 48 70 25 21 12 33 36 18
internal_value=-0.00124476 0.00294027 -0.000782359 -0.00961697 -0.00174692 0.0066984 0.0174048 -0.0189324 0.0505537 -0.00138897 -0.04426 0.0764744
internal_weight=14.264 11.5348 10.6984 7.20061 5.86763 5.07712 3.49777 2.72922 0.836446 1.75401 1.33298 0.57147
internal_count=359 288 227 173 123 118 54 71 61 54 50 49
is_linear=0
shrinkage=0.1


Tree=255
num_leaves=15
num_cat=0
split_feature=4 8 5 6 8 2 5 1 5 6 5 3 5 5
split_gain=0.067808 0.185819 0.12424 0.195255 0.117835 0.338979 0.0820421 0.236204 0.0489227 9.98655e-05 3.96761e-05 1.86527e-05 3.98879e-06 3.54951e-07
threshold=1.0000000180025095e-35 1.0000000180025095e-35 31.750000000000004 79.850000000000009 1.0000000180025095e-35 0.87837969732492682 23.950000000000003 0.37940952255126026 32.20000000000001 83.700000000000003 24.150000000000002 0.81174490092936691 24.050000000000004 31.550000000000004
decision_type=2 2 2 2 2 2 2 2 2 2 2 2 2 2
left_child=4 -2 3 10 5 9 -6 8 12 11 -3 -1 -8 -12
right_child=1 2 -4 -5 6 -7 7 -9 -10 -11 13 -13 -14 -15
leaf_value=-0.07849376763284488 0.066346802226814147 -0.077693111447459884 0.044195909749448564 0.0771082312827302 -0.010711216693660999 0.07066005650634366 -0.076475900031360483 0.083412084480881096 0.0019117882315087865 -0.08188883233598572 -0.07512115122190989 -0.080316111932475731 -0.075351182257511709 -0.075594832693354999
leaf_weight=0.14960925184641416 0.529580382630229 0.27652983739972137 0.25803031586110592 0.10611727251671255 1.1003387607634065 0.20187764916590822 0.049087526276707538 0.4079087486024946 0.19826390594244003 0.31404700456187129 0.06531653723322961 0.089927829387306701 0.088169066299087717 0.020875698537565768
leaf_count=42 29 7 4 3 10 18 2 36 2 4 106 10 82 4
internal_value=0.00221875 0.0212927 -0.0115328 -0.0422036 -0.00700145 -0.0402645 0.0066277 0.0322908 -0.0298599 -0.0807158 -0.0771092 -0.0791779 -0.0757534 -0.0752359
internal_weight=3.85568 1.25645 0.72687 0.468839 2.59923 0.755462 1.84377 0.743429 0.33552 0.553584 0.362722 0.239537 0.137257 0.0861922
internal_count=359 153 124 120 206 74 132 122 86 56 117 52 84 110
is_linear=0
shrinkage=0.1


Tree=256
num_leaves=15
num_cat=0
split_feature=5 5 1 6 6 5 3 2 1 8 6 0 6 6
split_gain=0.165112 0.258555 0.240643 0.217689 0.185807 0.313875 0.482853 0.155972 0.121873 0.144502 0.151524 0.000512519 1.40693e-06 1.77096e-07
threshold=27.050000000000004 27.150000000000002 0.1294095225512602 57.550000000000004 59.850000000000001 27.950000000000003 -0.22252093395631442 -1.0000000180025095e-35 0.37940952255126026 1.0000000180025095e-35 79.300000000000026 0.91597561503675362 57.100000000000009 56.650000000000013
decision_type=2 2 2 2 2 2 2 2 2 2 2 2 2 2
left_child=2 -2 7 11 -5 -6 -7 -1 -4 -10 -11 12 13 -3
right_child=1 3 8 4 5 6 -8 -9 9 10 -12 -13 -14 -15
leaf_value=0.0085686716091802357 -0.07714375167780263 -0.075102611649980777 -0.012386281581861405 0.04557268012263959 0.028460274016553728 0.026293988910044211 -0.089589811148236873 0.052428838465579303 -0.0073827374520483678 0.058711491012815087 0.0023298281679479367 -0.083581454064996855 -0.075957396055508358 -0.075424707092626053
leaf_weight=1.7313848997000607 0.61276147607713838 0.034447338352038392 5.3212844803929311 0.72967001690994981 1.1187164555303755 0.61281128050177502 0.87004679434175902 1.5248660154757114 2.1016017424408338 0.9572455266024924 0.94940767739899457 0.24050362408161163 0.050749369751429185 0.033838993753306568
leaf_count=24 5 40 36 27 19 35 45 38 20 39 12 2 7 10
internal_value=-7.9294e-05 -0.016988 0.00570241 -0.00700065 0.000977989 -0.0115296 -0.0416993 0.0291079 -0.00246671 0.0107023 0.0306365 -0.0809253 -0.0755586 -0.0752622
internal_weight=16.8893 4.30355 12.5858 3.69078 3.33124 2.60157 1.48286 3.25625 9.32954 4.00825 1.90665 0.359539 0.119036 0.0682863
internal_count=359 190 169 185 126 99 80 62 107 71 51 59 57 50
is_linear=0
shrinkage=0.1


Tree=257
num_leaves=9
num_cat=0
split_feature=9 6 5 5 5 2 2 5
split_gain=0.065229 0.100376 0.131819 0.071949 0.089738 0.379623 0.186229 0.613325
threshold=1.0000000180025095e-35 72.600000000000009 24.650000000000002 24.450000000000003 26.750000000000004 -1.0000000180025095e-35 0.87837969732492682 27.050000000000004
decision_type=2 2 2 2 2 2 2 2
left_child=1 3 -3 -1 5 -5 7 -6
right_child=-2 2 -4 4 6 -7 -8 -9
leaf_value=-0.01792872227961163 -0.022278311147771731 0.046237882613142128 -0.012654446256935068 0.045486463775278714 -0.093546475194222392 -0.015650284137009595 0.029710451257311456 0.00029828381036523118
leaf_weight=1.9905014079995513 1.1477071203989897 1.0855708830058564 0.58481743128504593 2.0236461260356009 0.77794793585780819 2.0390473959268993 1.4442370473407207 6.6451795766479336
leaf_count=22 36 30 33 26 9 34 19 150
internal_value=0.000777481 0.0023724 0.0256192 -0.00023012 0.00249447 0.0148022 -0.00314447 -0.0095367
internal_weight=17.7387 16.5909 1.67039 14.9206 12.9301 4.06269 8.86736 7.42313
internal_count=359 323 63 260 238 60 178 159
is_linear=0
shrinkage=0.1


Tree=258
num_leaves=12
num_cat=0
split_feature=0 5 6 6 2 5 6 6 5 6 6
split_gain=0.0899064 0.140399 0.234318 0.166976 0.125954 0.470274 0.265489 0.289303 0.228767 0.13723 0.0168593
threshold=0.91597561503675362 28.350000000000005 62.850000000000001 65.050000000000011 0.6078576107927941 23.050000000000004 51.050000000000004 56.650000000000013 23.550000000000004 71.050000000000011 57.750000000000007
decision_type=2 2 2 2 2 2 2 2 2 2 2
left_child=4 2 -2 -4 5 -1 -7 -8 -9 10 -6
right_child=1 -3 3 -5 9 6 7 8 -10 -11 -12
leaf_value=-0.092104168584102419 0.028247683012967002 -0.05135798995557618 0.0076996683555144363 -0.086566242437518412 0.025459211827524156 -0.070557683903655771 0.079987281223769691 0.056721936831786814 -0.0052297172831752064 -0.003596287178264615 0.044110518539054309
leaf_weight=0.56974084675311853 1.0578961487044591 0.85320532321929921 0.33916752476943646 0.42134119753609411 0.87422637786949087 0.46789481956511725 0.50692382716806594 0.66776971518993367 5.5502851271303371 1.6098037264309821 1.0875416685594244
leaf_count=4 22 6 11 32 10 8 25 4 181 26 30
internal_value=-0.00138866 -0.0178912 -0.00218836 -0.044526 0.00250119 -0.00464932 0.0022779 0.00734548 0.0014234 0.0180424 0.0357989
internal_weight=14.0058 2.67161 1.8184 0.760509 11.3342 7.76261 7.19287 6.72498 6.21805 3.57157 1.96177
internal_count=359 71 65 43 288 222 218 210 185 66 40
is_linear=0
shrinkage=0.1


Tree=259
num_leaves=8
num_cat=0
split_feature=6 5 5 9 5 5 2
split_gain=0.0712029 0.0917654 0.201657 2.76287e-07 3.86564e-07 4.47159e-07 1.96727e-08
threshold=50.000000000000007 31.750000000000004 24.050000000000004 1.0000000180025095e-35 27.150000000000002 26.950000000000003 -0.60785761079279388
decision_type=2 2 2 2 2 2 2
left_child=-1 2 -2 4 5 -4 -6
right_child=1 -3 3 -5 6 -7 -8
leaf_value=-0.081363817382937548 0.0072433091615893537 0.052535723237647318 -0.075260781729817441 -0.075480582978272398 -0.075151005576778257 -0.075658882134387803 -0.075060126015623535
leaf_weight=0.099998250421777235 2.9419998815283188 0.35404165647923935 0.10140389008301998 0.073116238601869554 0.08177472029456212 0.039091750673833303 0.033609087060539333
leaf_count=6 33 5 117 32 88 8 70
internal_value=0.00187838 0.00417465 -0.00105979 -0.0753091 -0.0752602 -0.0753715 -0.0751245
internal_weight=3.72504 3.62504 3.271 0.328996 0.255879 0.140496 0.115384
internal_count=359 353 348 315 283 125 158
is_linear=0
shrinkage=0.1


Tree=260
num_leaves=12
num_cat=0
split_feature=5 5 6 6 6 5 1 5 2 7 6
split_gain=0.14291 0.233345 0.214222 0.294869 0.397772 0.205654 0.160612 0.267367 0.0984208 0.000756478 7.74232e-05
threshold=27.050000000000004 27.150000000000002 64.65000000000002 66.450000000000017 69.050000000000011 28.250000000000004 0.60355339059327384 24.050000000000004 0.87837969732492682 1.0000000180025095e-35 69.15000000000002
decision_type=2 2 2 2 2 2 2 2 2 2 2
left_child=2 -2 -1 -4 -5 -3 7 -6 9 -7 -11
right_child=1 5 3 4 6 8 -8 -9 -10 10 -12
leaf_value=0.029779441304217696 -0.074589697175601585 0.0068244807231046881 -0.047760694206639323 0.051707476538255408 -0.043372099553921489 -0.084790418528184683 0.019719017374294451 0.0038384152002291887 -0.010626441835627201 -0.075421320638221379 -0.078939331363791054
leaf_weight=2.7588691260898512 0.58776712510734697 2.7256762518081818 1.2204077846836288 1.4900474528549219 1.9642704799771307 0.15438436680415302 1.877621174091473 3.0813929624273442 0.37174768804106861 0.24692956895887486 0.083782596047967672
leaf_count=30 5 35 17 19 18 8 35 50 14 120 8
internal_value=-0.000177722 -0.0161903 0.00521074 -0.00182514 0.0048381 -0.00660899 -0.00524925 -0.0145406 -0.0493417 -0.0790107 -0.0763126
internal_weight=16.5629 4.17029 12.3926 9.63374 8.41333 3.58252 6.92328 5.04566 0.856844 0.485097 0.330712
internal_count=359 190 169 139 122 185 103 68 150 136 128
is_linear=0
shrinkage=0.1


Tree=261
num_leaves=12
num_cat=0
split_feature=6 6 4 5 6 6 3 2 5 5 6
split_gain=0.0632808 0.475343 0.213339 0.181468 0.153966 0.151285 0.15979 0.16387 0.112036 0.496298 0.147637
threshold=71.450000000000017 72.600000000000009 1.0000000180025095e-35 24.550000000000004 70.350000000000009 68.050000000000011 -0.56174490092936669 -1.0000000180025095e-35 28.350000000000005 28.850000000000005 64.750000000000014
decision_type=2 2 2 2 2 2 2 2 2 2 2
left_child=4 -2 3 -3 5 6 7 -1 10 -10 -8
right_child=1 2 -4 -5 -6 -7 8 -9 9 -11 -12
leaf_value=0.00089195425338816541 -0.093343619972604666 -0.082601826882952645 0.043338099771003058 0.0091578624857083964 0.036397696995547367 -0.03045317930188024 -0.031305049104632547 0.043137137937758641 0.07849022131935017 -0.0082575841081502874 0.0081728130064611052
leaf_weight=1.9242195023689419 0.5805225054500619 0.33650187304010593 0.95564010250382125 0.59948658040957525 1.2694702446460713 1.4582747473614279 2.4578732218360551 1.7562977578490964 0.79800166923087079 3.8003533899318427 1.5413695123279465
leaf_count=19 13 20 19 31 18 35 36 23 14 106 25
internal_value=0.000635292 -0.0141893 0.0101024 -0.0238311 0.00307758 -1.7512e-06 0.00361497 0.0210508 -0.00384909 0.00679669 -0.0160897
internal_weight=17.478 2.47215 1.89163 0.935988 15.0059 13.7364 12.2781 3.68052 8.5976 4.59836 3.99924
internal_count=359 83 70 51 276 258 223 42 181 120 61
is_linear=0
shrinkage=0.1


Tree=262
num_leaves=9
num_cat=0
split_feature=3 6 5 5 5 5 5 6
split_gain=0.092233 0.140227 0.115102 0.201343 0.310118 0.282242 0.214548 0.162167
threshold=0.81174490092936691 56.650000000000013 30.450000000000003 28.250000000000004 24.050000000000004 27.950000000000003 29.050000000000004 59.850000000000001
decision_type=2 2 2 2 2 2 2 2
left_child=1 -1 3 4 -3 -6 -5 -8
right_child=-2 2 -4 6 5 -7 7 -9
leaf_value=0.031852281071253603 -0.027904878238019744 0.0083906657628365754 -0.022708635703131176 0.064481060215436897 -0.07619188695902715 -0.0025480283011824071 -0.038501150495445127 0.032336383673534252
leaf_weight=1.3462174356682215 1.1783332186460036 4.6501571759581548 2.2181048061465836 0.95673128205817226 1.0042262494680474 1.0801969096064565 0.56075676344335057 0.76277216931339353
leaf_count=37 35 30 32 22 144 13 14 32
internal_value=-0.00115232 0.00135368 -0.00230144 0.00271976 -0.00597637 -0.0380279 0.0284031 0.00232372
internal_weight=13.7575 12.5792 11.2329 9.01484 6.73458 2.08442 2.28026 1.32353
internal_count=359 324 287 255 187 157 68 46
is_linear=0
shrinkage=0.1


Tree=263
num_leaves=18
num_cat=0
split_feature=4 8 1 6 8 2 6 5 5 6 6 1 6 5 6 2 5
split_gain=0.0588207 0.175117 0.118449 0.123255 0.109402 0.314471 0.0900138 0.375493 0.166179 0.0943756 0.0713771 0.0536604 7.01665e-05 2.34637e-05 2.0239e-05 1.44901e-05 5.14192e-07
threshold=1.0000000180025095e-35 1.0000000180025095e-35 -0.9159756150367534 79.300000000000026 1.0000000180025095e-35 0.87837969732492682 66.050000000000011 23.950000000000003 23.950000000000003 83.700000000000003 59.250000000000007 0.37940952255126026 86.450000000000003 23.750000000000004 76.40000000000002 -1.0000000180025095e-35 24.250000000000004
decision_type=2 2 2 2 2 2 2 2 2 2 2 2 2 2 2 2 2
left_child=4 -2 -3 14 5 12 8 -8 -6 11 -10 -9 13 -1 16 -15 -4
right_child=1 2 3 -5 6 -7 7 9 10 -11 -12 -13 -14 15 -16 -17 -18
leaf_value=-0.080149546837421329 0.064677713328802178 0.044439674786240078 -0.076880426538592631 0.042090504580125872 0.087686030395784903 0.068995405210488123 -0.051242554781423713 -0.07560806923966551 -0.080012936184467587 0.099241591593094508 0.025420213649064882 0.046712416658946855 -0.081754783146727086 -0.079292785468751487 -0.078453735200965033 -0.077192462427144629 -0.076557916560482372
leaf_weight=0.17433108109980855 0.50919420659192838 0.23129362300824141 0.12419526837766193 0.11954060728749027 0.31742697954177845 0.19369521207772777 0.76443139463663079 0.056430645281579928 0.1126524190622149 0.28297672234475613 0.14932122300524497 0.098401480689062737 0.20996792940422893 0.07640284037188394 0.10569891770137474 0.057618861235823715 0.082125101849669591
leaf_count=3 29 37 4 6 2 18 8 26 27 2 35 32 3 18 3 32 74
internal_value=0.00209864 0.0205757 -0.0133029 -0.0442499 -0.00658577 -0.0397186 0.00665546 -0.00894863 0.0390335 0.0648982 -0.0199176 0.00213107 -0.0803448 -0.0793847 -0.0773285 -0.0783898 -0.0767521
internal_weight=3.6657 1.17205 0.662854 0.43156 2.49366 0.712016 1.78164 1.20224 0.579401 0.437809 0.261974 0.154832 0.518321 0.308353 0.312019 0.134022 0.20632
internal_count=359 153 124 87 206 74 132 68 64 60 62 58 56 53 81 50 78
is_linear=0
shrinkage=0.1


Tree=264
num_leaves=9
num_cat=0
split_feature=6 6 2 6 6 6 2 5
split_gain=0.127105 0.276888 0.208069 0.140858 0.10715 0.229135 0.15526 0.0179338
threshold=59.650000000000013 61.100000000000001 -0.60785761079279388 62.850000000000001 64.750000000000014 66.450000000000017 0.6078576107927941 27.050000000000004
decision_type=2 2 2 2 2 2 2 2
left_child=2 -2 7 -3 -5 -6 -7 -1
right_child=1 3 -4 4 5 6 -8 -9
leaf_value=-0.048224488599481696 0.043807404771039574 -0.031416588956992862 0.01473999942050036 0.024799627652323908 -0.040929237017456072 0.012068345866914111 -0.016045655827204172 -0.082606821105627531
leaf_weight=0.24076813086867332 1.4347718940698531 1.488109172991243 0.52473017162992863 1.6583181112364389 1.3546727419598017 6.1998064461804443 2.8753580822376534 0.41011671390879201
leaf_count=2 26 27 36 37 23 116 42 50
internal_value=-0.000450258 0.00202962 -0.032115 -0.00238556 0.0011883 -0.00256584 0.00316076 -0.0698885
internal_weight=16.1867 15.011 1.17562 13.5763 12.0882 10.4298 9.07516 0.650885
internal_count=359 271 88 245 218 181 158 52
is_linear=0
shrinkage=0.1


Tree=265
num_leaves=12
num_cat=0
split_feature=9 6 5 6 5 2 0 1 5 0 5
split_gain=0.0632337 0.0854886 0.315974 0.24487 0.283093 0.295083 0.214881 0.162156 0.485925 0.18731 0.375392
threshold=1.0000000180025095e-35 69.050000000000011 25.250000000000004 70.550000000000011 24.650000000000002 0.6078576107927941 1.0000000180025095e-35 -0.12940952255126037 25.850000000000005 0.91597561503675362 30.350000000000005
decision_type=2 2 2 2 2 2 2 2 2 2 2
left_child=1 2 -1 -3 5 -5 -6 9 -9 10 -4
right_child=-2 3 7 4 6 -7 -8 8 -10 -11 -12
leaf_value=-0.045623720612500474 -0.022301430686269132 0.064763162770634639 -0.057284145863155972 -0.015975609454363774 -0.084096109715636511 0.056601837564977213 0.0093799817388314985 0.030914042697117644 -0.082875100699306981 0.022775760053334343 0.01106762279640678
leaf_weight=1.4501465298235476 1.1101453406736244 0.79348021233454247 1.0707581770839185 1.0589854520512751 0.5423168324632569 1.1893593787681309 0.44996440017712303 0.74645993125158827 0.75474670738913119 4.7904406972229481 3.219165607180912
leaf_count=18 36 17 60 26 37 15 12 10 35 30 63
internal_value=0.000780663 0.00237563 -0.00184826 0.0149734 0.00278215 0.0224174 -0.041708 0.00415093 -0.0262946 0.00918432 -0.00599287
internal_weight=17.176 16.0658 12.0317 4.03411 3.24063 2.24834 0.992281 10.5816 1.50121 9.08036 4.28992
internal_count=359 323 216 107 90 41 49 198 45 153 123
is_linear=0
shrinkage=0.1


Tree=266
num_leaves=12
num_cat=0
split_feature=0 6 6 2 2 6 5 6 1 6 6
split_gain=0.0781276 0.136817 0.361421 0.377613 0.107791 0.202033 0.475542 0.254641 0.210304 0.1227 0.0196658
threshold=0.91597561503675362 61.100000000000001 62.850000000000001 1.0000000180025095e-35 0.6078576107927941 51.050000000000004 23.050000000000004 56.650000000000013 -0.98296291314453399 71.050000000000011 57.750000000000007
decision_type=2 2 2 2 2 2 2 2 2 2 2
left_child=4 -2 -3 -4 5 -1 -7 -8 -9 10 -6
right_child=1 2 3 -5 9 6 7 8 -10 -11 -12
leaf_value=-0.069112345022586771 -0.04824261714350097 0.067885821387247608 -0.089286681810040458 0.028177357277719174 0.023046631514593657 -0.090474193509130704 0.079444557899917501 -0.020418597431480237 0.017493277397949262 -0.0033776430240204909 0.043509438911697375
leaf_weight=0.44981885026208868 0.8973324185353716 0.5334728646557777 0.56588230564375386 0.52999811881454661 0.85345542745199088 0.53662582859396923 0.45697949401801441 2.4707262916490422 3.5880164760747006 1.5860287808463907 1.0443865335546432
leaf_count=8 17 9 22 23 10 4 25 14 171 26 30
internal_value=-0.0010309 -0.0168862 0.000382628 -0.0324778 0.00261569 -0.00413439 1.00884e-05 0.00746225 0.002033 0.0171513 0.0343074
internal_weight=13.5127 2.52669 1.62935 1.09588 10.986 7.50217 7.05235 6.51572 6.05874 3.48387 1.89784
internal_count=359 71 54 45 288 222 214 210 185 66 40
is_linear=0
shrinkage=0.1


Tree=267
num_leaves=11
num_cat=0
split_feature=5 4 1 9 5 6 1 6 5 0
split_gain=0.0750408 0.0828046 0.136921 0.0901309 0.0885292 0.274635 0.0815049 0.156977 0.0590111 9.19396e-06
threshold=22.700000000000003 1.0000000180025095e-35 0.37940952255126026 1.0000000180025095e-35 23.950000000000003 83.700000000000003 -0.9159756150367534 79.850000000000009 32.20000000000001 0.37940952255126054
decision_type=2 2 2 2 2 2 2 2 2 2
left_child=-1 3 6 4 -2 8 -3 9 -6 -8
right_child=1 2 -4 -5 5 -7 7 -9 -10 -11
leaf_value=-0.077870388423581405 -0.025671476598665716 0.041475553156347301 0.068203510446379081 0.052396134124698582 -0.076901931458809358 0.093774823332160528 -0.076672465281279606 0.080568506458736394 0.0031007971435190918 -0.075403298280454653
leaf_weight=0.1131775472313169 1.4658430060371763 0.22670212852244731 0.47198306358768605 0.24167059463798057 0.18874544075242727 0.27811484131962061 0.16149292927457304 0.085784368216991425 0.18024448305368423 0.088278316045034444
leaf_count=3 16 37 15 17 167 3 57 1 2 41
internal_value=0.00223005 0.00490516 0.0284909 -0.00545463 -0.0120714 0.018736 -0.0048455 -0.0361401 -0.0378221 -0.0762239
internal_weight=3.50204 3.38886 1.03424 2.35462 2.11295 0.647105 0.562258 0.335556 0.36899 0.249771
internal_count=359 356 151 205 188 172 136 99 169 98
is_linear=0
shrinkage=0.1


Tree=268
num_leaves=12
num_cat=0
split_feature=5 5 1 6 5 6 2 5 6 5 2
split_gain=0.265409 0.127018 0.429635 0.194585 0.329262 0.26422 0.448127 0.294675 0.000455394 1.66369e-05 3.12243e-07
threshold=22.700000000000003 24.050000000000004 0.37940952255126026 69.15000000000002 24.650000000000002 64.750000000000014 0.6078576107927941 25.350000000000005 67.550000000000011 24.350000000000005 -1.0000000180025095e-35
decision_type=2 2 2 2 2 2 2 2 2 2 2
left_child=-1 -2 3 5 -5 6 -3 -7 -4 -10 -11
right_child=1 2 8 4 -6 7 -8 -9 9 10 -12
leaf_value=0.063224417021584531 -0.018737616832012877 -0.015586043855856133 0.081330560137071989 -0.018589790492710798 0.050640383190972429 -0.078245410619286554 0.050026031770671602 -0.010413634022699529 0.076849165341620673 0.07568553557566482 0.075464513867858823
leaf_weight=0.6301462799310692 3.8387683089822522 3.7608752258893183 0.27014883793890554 1.2304329331964257 1.5554440775304099 1.0241306698881092 1.4393530573288442 1.7094117057276887 0.17414781823754311 0.13820131006650627 0.1189168751006946
leaf_count=3 30 140 4 7 40 7 33 46 7 18 24
internal_value=-0.0003746 -0.00300089 0.00228843 -0.00267285 0.0200636 -0.0106566 0.00257449 -0.035827 0.0781111 0.0760945 0.0755833
internal_weight=15.89 15.2598 11.4211 10.7196 2.78588 7.93377 5.20023 2.73354 0.701415 0.431266 0.257118
internal_count=359 356 326 273 47 226 173 53 53 49 42
is_linear=0
shrinkage=0.1


Tree=269
num_leaves=15
num_cat=0
split_feature=9 6 6 6 5 6 5 6 0 5 2 2 5 5
split_gain=0.0584579 0.0787013 0.140668 0.0595623 0.369515 0.281836 0.185354 0.289988 0.144808 0.0971939 0.22162 0.0382872 0.255369 0.000294631
threshold=1.0000000180025095e-35 72.600000000000009 73.500000000000014 62.150000000000013 28.050000000000004 61.100000000000001 31.150000000000002 57.100000000000009 0.91597561503675362 24.450000000000003 -1.0000000180025095e-35 0.87837969732492682 24.250000000000004 30.350000000000005
decision_type=2 2 2 2 2 2 2 2 2 2 2 2 2 2
left_child=1 3 -3 5 9 6 7 -1 13 -5 -11 12 -4 -6
right_child=-2 2 11 4 8 -7 -8 -9 -10 10 -12 -13 -14 -15
leaf_value=0.029122680332829776 -0.021716056009061346 0.067852626704284685 -0.078365586753679106 -0.015299542771829858 -0.087613837611152309 0.047522177009871602 0.030370833019883893 -0.030015047781278531 -0.017335500148666711 0.03512086081265578 -0.010313174018694275 0.02483284959738094 0.047920863466307327 -0.083530165966007375
leaf_weight=1.1443573391879889 1.0939856579643681 0.4894938035868116 0.30643386137671746 1.8673534865956751 0.32593570009339579 1.3472359681618398 1.2368756169453261 3.0106473384657875 0.55732737109065056 2.1122029296820974 2.1834149176720539 0.48591050639515743 0.33536308171460405 0.38580380019266158
leaf_count=33 36 7 17 20 28 19 18 49 6 32 43 11 28 12
internal_value=0.000638597 0.00218757 0.0230874 -0.000197509 -0.006371 0.00661074 -0.00361155 -0.0137275 -0.0555087 0.00374735 0.0120272 0.00365659 -0.0123762 -0.0854003
internal_weight=16.8823 15.7884 1.6172 14.1712 7.43204 6.73912 5.39188 4.155 1.26907 6.16297 4.29562 1.12771 0.641797 0.71174
internal_count=359 323 63 260 141 119 100 82 46 95 75 56 45 40
is_linear=0
shrinkage=0.1


Tree=270
num_leaves=8
num_cat=0
split_feature=6 6 5 5 5 1 5
split_gain=0.0775369 0.105892 0.132268 0.236546 0.500165 0.15586 4.26647e-05
threshold=79.850000000000009 75.250000000000014 23.750000000000004 24.050000000000004 27.950000000000003 -0.98296291314453399 24.350000000000005
decision_type=2 2 2 2 2 2 2
left_child=1 2 -1 -4 6 -6 -5
right_child=-2 -3 3 4 5 -7 -8
leaf_value=-0.029508838445162635 -0.025275322054078498 0.033406369196051514 0.043416052569929212 -0.077545332720473703 -0.0086949040865153884 0.020061499509802613 -0.075794113425588144
leaf_weight=1.445781869813797 1.1932249115780003 0.95468307274859476 1.2551103122532357 0.17572420235955899 3.9499182542785958 3.6050459063262723 0.6678513461156399
leaf_count=11 19 30 8 9 23 142 117
internal_value=-0.000959089 0.00144795 -0.00130085 0.00292372 -0.00312761 0.00502696 -0.0761589
internal_weight=13.2473 12.0541 11.0994 9.65365 8.39854 7.55496 0.843576
internal_count=359 340 310 299 291 165 126
is_linear=0
shrinkage=0.1


Tree=271
num_leaves=18
num_cat=0
split_feature=4 8 5 6 8 2 6 5 5 6 6 1 6 5 3 5 5
split_gain=0.0476098 0.148664 0.108998 0.145715 0.0892011 0.295827 0.0782022 0.307575 0.149517 0.0807558 0.0679998 0.0478673 4.83247e-05 2.22733e-05 1.63213e-05 3.77642e-06 3.65303e-07
threshold=1.0000000180025095e-35 1.0000000180025095e-35 31.750000000000004 79.850000000000009 1.0000000180025095e-35 0.87837969732492682 66.050000000000011 23.950000000000003 23.950000000000003 83.700000000000003 59.250000000000007 0.37940952255126026 83.700000000000003 24.150000000000002 0.81174490092936691 23.950000000000003 31.550000000000004
decision_type=2 2 2 2 2 2 2 2 2 2 2 2 2 2 2 2 2
left_child=4 -2 3 13 5 12 8 -8 -6 11 -10 -9 14 -3 15 -1 -15
right_child=1 2 -4 -5 6 -7 7 9 10 -11 -12 -13 -14 16 -16 -17 -18
leaf_value=-0.077169911127745919 0.061337944808692639 -0.077216391377062432 0.044222034619485415 0.073514618817681052 0.086338165481640042 0.068882288947966372 -0.048204647743968515 -0.075576216039768537 -0.079717381551081143 0.093333605933374295 0.025644713773296891 0.044063537034470093 -0.08062943639281131 -0.075113235871326733 -0.079693249474149241 -0.078304283912095388 -0.075610555500568472
leaf_weight=0.049003072082996701 0.47729245299706236 0.22938183136284374 0.21179171092808247 0.081841887789778411 0.29205626249313343 0.18791386207522009 0.71279782243072964 0.052698235154821305 0.10613076992740389 0.2650248920544982 0.14486549965658924 0.091517824468610343 0.26489324169233441 0.056248569783747371 0.079065258320042631 0.073165027493814705 0.020029508974403143
leaf_count=2 29 7 4 3 2 18 8 26 27 2 35 32 4 106 10 40 4
internal_value=0.00231961 0.0196985 -0.0134643 -0.0449931 -0.00574798 -0.0370404 0.00654354 -0.00853319 0.0376946 0.0605648 -0.0189064 0.000345772 -0.079742 -0.0767241 -0.0785738 -0.0778493 -0.0752438
internal_weight=3.39572 1.07659 0.599294 0.387502 2.31913 0.65404 1.66509 1.12204 0.543053 0.409241 0.250996 0.144216 0.466127 0.30566 0.201233 0.122168 0.0762781
internal_count=359 153 124 120 206 74 132 68 64 60 62 58 56 117 52 42 110
is_linear=0
shrinkage=0.1


Tree=272
num_leaves=12
num_cat=0
split_feature=5 5 6 5 1 2 5 5 0 1 5
split_gain=0.220771 0.111232 0.243949 0.231004 0.219323 0.211805 0.287455 0.263687 0.256374 0.183256 0.00083049
threshold=22.700000000000003 24.050000000000004 69.15000000000002 24.650000000000002 -0.12940952255126037 0.6078576107927941 27.950000000000003 27.050000000000004 0.91597561503675362 -0.12940952255126037 24.850000000000005
decision_type=2 2 2 2 2 2 2 2 2 2 2
left_child=-1 -2 5 -4 -5 7 -7 8 -3 -9 -6
right_child=1 2 3 4 10 6 -8 9 -10 -11 -12
leaf_value=0.058236440558197045 -0.017521087559814946 -0.02983854499678958 -0.0033502404667188519 0.0077246240944083278 0.085331260233463199 0.056213048887031353 -0.018505161297617329 -0.059462164949636437 0.022007380009385451 0.010449765345021126 0.079251829477266902
leaf_weight=0.62102541327476579 3.7503903694450846 1.6877395578194394 1.4272353984415524 0.68222645320929587 0.34308770950883605 1.0897920649731534 0.97604481081361871 1.6968360894061307 2.1931764712790027 0.48127816431224624 0.65120402333559468
leaf_count=3 30 25 20 14 5 21 29 130 21 8 53
internal_value=-0.000188095 -0.00261036 0.00236987 0.0262178 0.0513893 -0.0067402 0.020911 -0.0161679 -0.000539467 -0.0440144 0.0813496
internal_weight=15.6 14.979 11.2286 3.10375 1.67652 8.12487 2.06584 6.05903 3.88092 2.17811 0.994292
internal_count=359 356 326 92 72 234 50 184 46 138 58
is_linear=0
shrinkage=0.1


Tree=273
num_leaves=11
num_cat=0
split_feature=9 6 5 1 5 2 5 2 6 6
split_gain=0.0533561 0.0741164 0.114035 0.0560262 0.404609 0.169601 0.138126 0.184841 0.261936 0.0533698
threshold=1.0000000180025095e-35 72.600000000000009 24.650000000000002 -0.12940952255126037 25.550000000000004 1.0000000180025095e-35 26.750000000000004 0.87837969732492682 64.050000000000011 65.350000000000009
decision_type=2 2 2 2 2 2 2 2 2 2
left_child=1 3 -3 6 5 -5 -1 8 -8 -6
right_child=-2 2 -4 4 9 -7 7 -9 -10 -11
leaf_value=0.03064086619987226 -0.021220893389907694 0.042877548393619215 -0.013716898759573746 -0.016161437836209793 -0.082952219729496512 0.029343069323394574 0.00058804643271758263 0.032745841818180403 -0.052621260349670997 -0.037987805145307495
leaf_weight=1.6086636781692494 1.0625540805631324 0.99764588585821978 0.55359823317849077 1.5660980179673054 0.59922583750449099 1.7171237481525166 5.6191006706212629 1.3207312733866272 1.1075132126861715 0.47181860217824578
leaf_count=8 36 30 33 18 22 27 112 15 29 29
internal_value=0.000459832 0.00194021 0.0226805 -0.00035619 -0.00977322 0.0076374 0.00389031 -0.00145713 -0.00817268 -0.0631444
internal_weight=16.6241 15.5615 1.55124 14.0103 4.35427 3.28322 9.65601 8.04735 6.72661 1.07104
internal_count=359 323 63 260 96 45 164 156 141 51
is_linear=0
shrinkage=0.1


Tree=274
num_leaves=11
num_cat=0
split_feature=6 6 5 5 2 6 6 5 5 7
split_gain=0.0800044 0.122629 0.0879666 0.164008 0.155879 0.497733 0.369753 0.407793 0.232817 0.0765306
threshold=56.650000000000013 51.050000000000004 23.550000000000004 23.750000000000004 -0.8783796973249266 59.250000000000007 62.050000000000004 29.850000000000005 30.350000000000005 1.0000000180025095e-35
decision_type=2 2 2 2 2 2 2 2 2 2
left_child=1 -1 -2 -4 5 -5 8 -8 -6 -7
right_child=2 -3 3 4 6 9 7 -9 -10 -11
leaf_value=-0.011003303981360903 0.014618939381022903 0.047381857573252285 -0.044762625645808504 0.11875099877484566 -0.0024219221498111673 -0.043713347681670137 -0.0026678213309598194 0.086286176684251523 -0.059213702142102337 0.014847470010681058
leaf_weight=0.6518326546065516 2.1420162748545399 0.80279037932632491 1.0663585979491461 0.41705662198364446 1.2297120714210916 0.43335759785259143 3.4325506448585656 0.60640115803107608 1.7478252637665717 0.46009143826086074
leaf_count=9 13 33 10 7 42 7 153 14 24 47
internal_value=-0.00088121 0.0212188 -0.00366805 -0.00783813 -0.00310956 0.028549 -0.00902258 0.0106876 -0.0357589 -0.0135568
internal_weight=12.99 1.45462 11.5354 9.39335 8.32699 1.31051 7.01649 4.03895 2.97754 0.893449
internal_count=359 42 317 304 294 61 233 167 66 54
is_linear=0
shrinkage=0.1


Tree=275
num_leaves=15
num_cat=0
split_feature=4 8 5 6 8 2 6 3 5 6 6 5 6 5
split_gain=0.0476232 0.127003 0.10118 0.131136 0.0826688 0.267117 0.0729664 0.279568 0.132324 0.0633155 4.29151e-05 1.58875e-05 1.46816e-05 3.04348e-07
threshold=1.0000000180025095e-35 1.0000000180025095e-35 31.750000000000004 79.850000000000009 1.0000000180025095e-35 0.87837969732492682 66.050000000000011 -0.22252093395631442 23.950000000000003 59.250000000000007 83.700000000000003 24.150000000000002 62.050000000000004 31.550000000000004
decision_type=2 2 2 2 2 2 2 2 2 2 2 2 2 2
left_child=4 -2 3 11 5 10 8 -8 -6 -10 12 -3 -1 -13
right_child=1 2 -4 -5 6 -7 7 -9 9 -11 -12 13 -14 -15
leaf_value=-0.079384808445023325 0.058393110717561758 -0.076971527481827229 0.042846133246282253 0.072465591745954405 0.085207074196701579 0.065441494312939635 0.027235442678624516 -0.080364843106158323 -0.079248677527882797 0.025043183163236695 -0.080312794613558405 -0.075102475260139828 -0.077574613469147694 -0.075574617844496109
leaf_weight=0.075358972817412329 0.46699650984373875 0.20797449350357078 0.20976102724671364 0.075018722214736044 0.26924432069063176 0.17944425869791303 0.7194787618609555 0.36344729122720265 0.096928172625666775 0.14573426387141808 0.25125768012367189 0.051224971502961125 0.11050543776764243 0.018614036380313337
leaf_count=12 29 7 4 3 2 18 30 38 27 35 4 106 40 4
internal_value=0.00207866 0.0198439 -0.0121549 -0.0448534 -0.00619255 -0.0372886 0.00582925 -0.00887693 0.0369398 -0.0166148 -0.0794606 -0.0765333 -0.0783086 -0.0752283
internal_weight=3.24099 1.02959 0.562593 0.352832 2.2114 0.616566 1.59483 1.08293 0.511907 0.242662 0.437122 0.277814 0.185864 0.069839
internal_count=359 153 124 120 206 74 132 68 64 62 56 117 52 110
is_linear=0
shrinkage=0.1


Tree=276
num_leaves=12
num_cat=0
split_feature=5 1 5 5 2 0 5 6 2 7 6
split_gain=0.121561 0.210014 0.198931 0.178757 0.157533 0.13208 0.166226 0.195178 0.088787 0.000604503 5.69293e-05
threshold=27.050000000000004 0.1294095225512602 27.150000000000002 28.250000000000004 -1.0000000180025095e-35 -0.78656609248549303 24.050000000000004 69.15000000000002 0.87837969732492682 1.0000000180025095e-35 69.15000000000002
decision_type=2 2 2 2 2 2 2 2 2 2 2
left_child=1 4 -2 -4 -1 6 -3 -8 9 -5 -11
right_child=2 5 3 8 -6 -7 7 -9 -10 10 -12
leaf_value=0.0057254839454498998 -0.072883904726381996 -0.030354322139586332 0.0064329622868203734 -0.084174000045245223 0.051234391691051852 0.02117124685826138 -0.018625079030577498 0.024466812835573403 -0.011169382913247906 -0.0753662382104828 -0.078553102762913218
leaf_weight=1.5998469128971922 0.52515089325606945 2.457202970981597 2.5041362338233744 0.14361924950208038 1.4500609136885021 1.7513415572466318 2.1562065030448139 2.0508000298868865 0.35280838265316561 0.20904699369202717 0.076591731165535748
leaf_count=24 5 24 35 8 38 35 19 29 14 120 8
internal_value=-0.00026223 0.00488086 -0.0157339 -0.00660101 0.0273624 -0.00326676 -0.00968903 0.00238103 -0.0483351 -0.0788817 -0.0762208
internal_weight=15.2768 11.4655 3.81135 3.2862 3.04991 8.41555 6.66421 4.20701 0.782066 0.429258 0.285639
internal_count=359 169 190 185 62 107 72 48 150 136 128
is_linear=0
shrinkage=0.1


Tree=277
num_leaves=11
num_cat=0
split_feature=5 5 1 5 2 2 2 2 2 6
split_gain=0.0647764 0.105601 0.48142 0.403738 0.267345 0.136852 0.128779 0.205818 0.0895694 0.00103812
threshold=24.450000000000003 25.350000000000005 -0.12940952255126037 26.750000000000004 1.0000000180025095e-35 1.0000000180025095e-35 0.87837969732492682 0.6078576107927941 1.0000000180025095e-35 68.950000000000017
decision_type=2 2 2 2 2 2 2 2 2 2
left_child=8 4 3 -3 -2 9 7 -5 -1 -4
right_child=1 2 5 6 -6 -7 -8 -9 -10 -11
leaf_value=-0.032709730987297396 0.058806545204317974 0.058943780088886337 -0.076797626894305249 0.00089794972656095831 -0.010764274714991575 -0.019736967572050592 0.02813148331794001 -0.049118526763206938 0.0033919841747409429 -0.083895292939849028
leaf_weight=1.2819873810804012 1.0865393319982097 1.3246100991964329 0.39280995074659475 6.2240704432479088 1.1234943886520339 0.67134318061289378 1.3332219470175912 0.94804880197625596 1.4813239609356967 0.43347527098376304
leaf_count=22 24 7 22 145 21 37 17 15 29 20
internal_value=0.000595959 0.003444 -0.000457159 0.00758958 0.0234395 -0.0532734 -0.000408255 -0.00571349 -0.0133567 -0.0805211
internal_weight=16.3009 13.5376 11.3276 9.82995 2.21003 1.49763 8.50534 7.17212 2.76331 0.826285
internal_count=359 308 263 184 45 79 177 160 51 42
is_linear=0
shrinkage=0.1


Tree=278
num_leaves=8
num_cat=0
split_feature=6 6 5 5 5 1 5
split_gain=0.0786824 0.0955087 0.0939068 0.201452 0.44051 0.133076 2.31611e-05
threshold=79.850000000000009 75.250000000000014 23.750000000000004 24.050000000000004 27.950000000000003 -0.98296291314453399 24.350000000000005
decision_type=2 2 2 2 2 2 2
left_child=1 2 -1 -4 6 -6 -5
right_child=-2 -3 3 4 5 -7 -8
leaf_value=-0.02522066759735879 -0.025536953211335617 0.032596016246807955 0.040565873220389279 -0.077091556936343411 -0.0085466745734372566 0.018432411221421748 -0.075715923697944859
leaf_weight=1.3911524452269048 1.169980461709202 0.91957932345394588 1.2169875539839257 0.15392503183102046 3.8092744285240725 3.5156471453374296 0.59744563383719651
leaf_count=11 19 30 8 9 23 142 117
internal_value=-0.000820259 0.00167181 -0.000989746 0.00263749 -0.0030778 0.00440213 -0.0759977
internal_weight=12.774 11.604 10.6844 9.29328 8.07629 7.32492 0.751371
internal_count=359 340 310 299 291 165 126
is_linear=0
shrinkage=0.1


Tree=279
num_leaves=17
num_cat=0
split_feature=4 8 1 6 8 2 6 5 5 6 6 1 6 6 6 6
split_gain=0.0449078 0.111422 0.0885662 0.0824104 0.0763083 0.242054 0.064447 0.269145 0.120646 0.0631893 0.0587582 0.0430207 3.35814e-05 1.27201e-05 6.09693e-06 6.87854e-07
threshold=1.0000000180025095e-35 1.0000000180025095e-35 -0.9159756150367534 79.300000000000026 1.0000000180025095e-35 0.87837969732492682 66.050000000000011 23.950000000000003 23.950000000000003 83.700000000000003 59.250000000000007 0.37940952255126026 83.700000000000003 62.050000000000004 76.40000000000002 52.850000000000009
decision_type=2 2 2 2 2 2 2 2 2 2 2 2 2 2 2 2
left_child=4 -2 -3 14 5 12 8 -8 -6 11 -10 -9 13 -1 15 -4
right_child=1 2 3 -5 6 -7 7 9 10 -11 -12 -13 -14 -15 -16 -17
leaf_value=-0.079136288566734617 0.055272273315970677 0.040279891424674502 -0.076732637257058534 0.034172412829138465 0.084165652560327056 0.062516430418001354 -0.046451754559891215 -0.075510308897771772 -0.078915852460941752 0.088814741671160657 0.023832889919619578 0.044633337741100614 -0.079939472152677715 -0.077400438353441819 -0.07739913840057 -0.076201883365996703
leaf_weight=0.071392609041141086 0.45761594519717619 0.19902555490989471 0.030422126896155421 0.094603413424920291 0.24669194966554653 0.17077915036861668 0.678684117272496 0.045641627506483928 0.090923052963717055 0.24589652847498655 0.14349119598409743 0.085891360991809051 0.23565376340411603 0.1032916467574978 0.076399574885726906 0.12372210824923968
leaf_count=12 29 37 8 6 2 18 8 26 27 2 35 32 4 40 3 70
internal_value=0.00153843 0.0192175 -0.0122592 -0.0444188 -0.00665531 -0.0375244 0.00501418 -0.00880552 0.0353509 0.058889 -0.0160206 0.00294378 -0.0791606 -0.0781099 -0.0766687 -0.0763066
internal_weight=3.10013 0.981789 0.524173 0.325147 2.11834 0.581117 1.53722 1.05611 0.481106 0.37743 0.234414 0.131533 0.410338 0.174684 0.230544 0.154144
internal_count=359 153 124 87 206 74 132 68 64 60 62 58 56 52 81 78
is_linear=0
shrinkage=0.1


Tree=280
num_leaves=7
num_cat=0
split_feature=5 5 1 6 2 5
split_gain=0.202406 0.103542 0.123234 0.164866 0.207623 0.151735
threshold=22.700000000000003 23.550000000000004 0.60355339059327384 74.450000000000017 0.87837969732492682 24.050000000000004
decision_type=2 2 2 2 2 2
left_child=-1 -2 3 4 5 -3
right_child=1 2 -4 -5 -6 -7
leaf_value=0.055951612420227816 -0.030707727957843458 -0.040286962604785426 0.032795083864409214 -0.040945203337431867 0.03571632769667208 -0.00022941978438698721
leaf_weight=0.61553527414798814 1.2016114257276047 1.0637401994317706 1.051533586811275 1.0407640173798434 1.4673828319646425 8.5161838320382213
leaf_count=3 10 12 34 17 37 246
internal_value=-0.000199699 -0.00260975 -4.02051e-05 -0.00289653 0.00068803 -0.00467735
internal_weight=14.9568 14.3412 13.1396 12.0881 11.0473 9.57992
internal_count=359 356 346 312 295 258
is_linear=0
shrinkage=0.1


Tree=281
num_leaves=12
num_cat=0
split_feature=5 5 1 5 2 3 6 6 6 2 1
split_gain=0.0521152 0.0933974 0.431538 0.380383 0.217347 0.135596 0.133489 0.320715 0.15199 0.0785485 0.00148178
threshold=24.450000000000003 25.350000000000005 -0.12940952255126037 26.750000000000004 1.0000000180025095e-35 -0.56174490092936669 61.800000000000004 60.20000000000001 64.050000000000011 1.0000000180025095e-35 0.1294095225512602
decision_type=2 2 2 2 2 2 2 2 2 2 2
left_child=9 4 3 -3 -2 -4 7 -5 -8 -1 -7
right_child=1 2 5 6 -6 10 8 -9 -10 -11 -12
leaf_value=-0.030232569138996374 0.054235431727006338 0.057436899344789995 -0.019653869251979001 0.0017758673245527755 -0.0088427074560186395 -0.076106467732656224 0.040262660329381555 -0.059952053526851651 -0.0050282505424783528 0.0037661692998319147 -0.085136184577499358
leaf_weight=1.2623373704555008 1.0731218978180543 1.298694148659705 0.68415871495380998 4.4124646866985113 1.112613319273805 0.31478807324310654 1.4028332513407806 1.0401022175210526 1.5704361835087182 1.471859755227342 0.42995677428552881
leaf_count=22 24 7 30 90 21 36 26 22 39 29 13
internal_value=0.000646507 0.00322449 -0.00047974 0.00706028 0.0221265 -0.051794 -0.000704388 -0.00999902 0.0163407 -0.0119305 -0.0813195
internal_weight=16.0734 13.3392 11.1534 9.72453 2.18574 1.4289 8.42584 5.45257 2.97327 2.7342 0.744745
internal_count=359 308 263 184 45 79 177 112 65 51 49
is_linear=0
shrinkage=0.1


Tree=282
num_leaves=10
num_cat=0
split_feature=0 6 6 2 6 8 3 5 6
split_gain=0.0831377 0.19913 0.367772 0.136564 0.265771 0.0993084 0.10481 0.222355 0.0696106
threshold=0.91597561503675362 50.000000000000007 56.650000000000013 0.6078576107927941 62.850000000000001 1.0000000180025095e-35 -0.56174490092936669 31.150000000000002 60.20000000000001
decision_type=2 2 2 2 2 2 2 2 2
left_child=1 -1 -3 4 -2 -4 8 -8 -7
right_child=3 2 5 -5 -6 6 7 -9 -10
leaf_value=-0.068584390712630547 0.036159591581126575 0.075595446784909148 0.019708415530901892 -0.051866186775390954 -0.046554210814064162 -0.064131936549987875 0.0079273457287273915 -0.046932047211674773 -0.013326158411519896
leaf_weight=0.37524088053032656 0.86783481924794725 0.69820649179746297 2.0474505379097501 0.78853493979840994 0.7032610765309073 0.44257414713501642 5.1131017491716237 0.86362323397770513 0.69032777397660539
leaf_count=6 19 34 31 20 32 5 157 12 43
internal_value=-0.000988135 0.00291449 0.00563681 -0.0179085 -0.000865136 0.000302626 -0.00528591 2.87603e-07 -0.0331737
internal_weight=12.5902 10.2305 9.85528 2.35963 1.5711 9.15708 7.10963 5.97672 1.1329
internal_count=359 288 282 71 51 248 217 169 48
is_linear=0
shrinkage=0.1


Tree=283
num_leaves=10
num_cat=0
split_feature=5 5 4 1 5 5 6 5 5
split_gain=0.0560323 0.061978 0.0575313 0.149119 0.143309 0.123759 0.0706458 0.167629 4.36226e-06
threshold=22.700000000000003 23.050000000000004 1.0000000180025095e-35 0.37940952255126026 31.750000000000004 23.550000000000004 83.700000000000003 23.650000000000002 24.250000000000004
decision_type=2 2 2 2 2 2 2 2 2
left_child=-1 -2 5 4 8 -3 7 -7 -4
right_child=1 2 3 -5 -6 6 -8 -9 -10
leaf_value=-0.07697437260058751 0.049917243273606776 -0.079638365281140322 -0.076334393428051442 0.063881463016656176 0.042397898692351915 0.046634851069909028 0.026930297614215188 -0.043832466022215903 -0.075365183310701744
leaf_weight=0.087863702327013349 0.2677264437079433 0.22713008616119656 0.065997343510389217 0.41142697517352644 0.19106398895382881 0.29110775887966134 0.5829223885666579 0.69096601691444448 0.15669379035080055
leaf_count=3 3 4 3 15 4 3 6 190 128
internal_value=0.001694 0.00408984 -0.000597877 0.0212512 -0.0211391 -0.0106583 -0.000647097 -0.017016 -0.0756524
internal_weight=2.9729 2.88503 2.61731 0.825182 0.413755 1.79213 1.565 0.982074 0.222691
internal_count=359 356 353 150 135 203 199 193 131
is_linear=0
shrinkage=0.1


Tree=284
num_leaves=12
num_cat=0
split_feature=5 1 5 6 6 5 3 2 0 2 6
split_gain=0.127751 0.207355 0.181848 0.165392 0.17868 0.228237 0.377172 0.139819 0.135028 0.127898 0.000125726
threshold=27.050000000000004 0.1294095225512602 27.150000000000002 57.550000000000004 59.850000000000001 27.950000000000003 -0.22252093395631442 -1.0000000180025095e-35 -0.91597561503675329 1.0000000180025095e-35 54.800000000000004
decision_type=2 2 2 2 2 2 2 2 2 2 2
left_child=1 7 -2 10 -5 -6 -7 -1 -3 -10 -4
right_child=2 8 3 4 5 6 -8 -9 9 -11 -12
leaf_value=0.0069973395070540532 -0.072269412418380127 -0.014157266243373655 -0.08198982645821519 0.045117536407188186 0.022666775735718091 0.023875577064654065 -0.087202880451341239 0.050885270752679512 0.032131205363717871 -0.006003637694420986 -0.077796307339850337
leaf_weight=1.5012911137891936 0.50003849994391325 4.6143528968095771 0.13258782248522072 0.66841147784725796 0.97057231096550856 0.51701767934719123 0.74787249929795463 1.4054629748570722 1.6512399601051577 1.8816590920323504 0.1551586159002909
leaf_count=24 5 36 27 27 19 35 45 38 36 35 32
internal_value=-9.08409e-05 0.00528816 -0.0161973 -0.00741233 -0.00024647 -0.0138105 -0.0418001 0.0282179 -0.00289264 0.0118202 -0.0797286
internal_weight=14.7457 11.054 3.69166 3.19162 2.90387 2.23546 1.26489 2.90675 8.14725 3.5329 0.287746
internal_count=359 169 190 185 126 99 80 62 107 71 59
is_linear=0
shrinkage=0.1


Tree=285
num_leaves=11
num_cat=0
split_feature=9 6 6 5 1 6 5 6 2 5
split_gain=0.0614761 0.0866919 0.112333 0.0547485 0.121228 0.121025 0.43736 0.260189 0.0385276 0.237801
threshold=1.0000000180025095e-35 72.600000000000009 73.500000000000014 25.150000000000002 0.1294095225512602 62.150000000000013 28.450000000000003 61.100000000000001 0.87837969732492682 24.250000000000004
decision_type=2 2 2 2 2 2 2 2 2 2
left_child=1 3 -3 -1 5 7 -7 -5 9 -4
right_child=-2 2 8 4 -6 6 -8 -9 -10 -11
leaf_value=-0.014685455765270337 -0.023422759051156424 0.066232737718175089 -0.078126888264505201 -0.0032675690664744545 0.030957623013041786 0.0020990266743181447 -0.084147590489259891 0.047981053484683775 0.028837915714153686 0.048631154422558699
leaf_weight=2.2742035402916363 1.0155195584229666 0.45563020743429561 0.27518148114904739 5.0239307922020071 1.3063807521248225 2.7403968600265221 0.74858235425199371 1.2339880558429284 0.44922720207250677 0.32022845384199172
leaf_count=34 36 7 17 99 14 57 39 17 11 28
internal_value=0.000379824 0.00201001 0.0247999 -0.000555431 0.00235181 -0.00148224 -0.0164057 0.00683806 0.00672844 -0.0099528
internal_weight=15.8433 14.8277 1.50027 13.3275 11.0533 9.7469 3.48898 6.25792 1.04464 0.59541
internal_count=359 323 63 260 226 212 96 116 56 45
is_linear=0
shrinkage=0.1


Tree=286
num_leaves=8
num_cat=0
split_feature=3 6 5 5 5 5 2
split_gain=0.0762443 0.107464 0.0656916 0.173688 0.104185 0.334731 0.250489
threshold=0.81174490092936691 56.650000000000013 22.700000000000003 23.550000000000004 27.950000000000003 24.050000000000004 -0.8783796973249266
decision_type=2 2 2 2 2 2 2
left_child=1 -1 -3 -4 5 -5 -6
right_child=-2 2 3 4 6 -7 -8
leaf_value=0.030041434615396729 -0.026483868296469527 -0.035741499977575891 0.030884241218798486 -0.00024952158779065946 0.046233302091616059 -0.076046030864182518 -0.0083789929477926708
leaf_weight=1.1861017658957269 1.060240498227359 0.53892186284065147 1.5427360776811827 2.1629687324166285 1.0583378338487817 0.79744154747459095 4.0684711994836107
leaf_count=37 35 3 10 17 37 144 76
internal_value=-0.000837998 0.00155662 -0.00176586 0.000135517 -0.00573018 -0.0206667 0.00289474
internal_weight=12.4152 11.355 10.1689 9.62996 8.08722 2.96041 5.12681
internal_count=359 324 287 284 274 161 113
is_linear=0
shrinkage=0.1


Tree=287
num_leaves=14
num_cat=0
split_feature=6 6 8 6 5 5 3 3 5 5 5 5 1
split_gain=0.0388976 0.145875 0.143193 0.107834 0.0933321 0.0929181 0.0334505 5.81989e-05 1.51483e-05 6.92087e-06 3.52303e-06 4.19554e-07 2.07747e-07
threshold=71.750000000000014 66.050000000000011 1.0000000180025095e-35 75.250000000000014 23.950000000000003 31.750000000000004 -0.22252093395631442 0.81174490092936691 23.050000000000004 23.950000000000003 24.150000000000002 27.050000000000004 1.0000000180025095e-35
decision_type=2 2 2 2 2 2 2 2 2 2 2 2 2
left_child=1 2 7 -2 -4 10 -5 11 -3 -10 -6 -1 -11
right_child=3 8 4 6 5 -7 -8 -9 9 12 -12 -13 -14
leaf_value=-0.075798486060055695 0.049219766852556496 -0.077989014751240232 0.0826353188038155 0.010113582444329665 -0.076565707751195061 0.028636647928513965 -0.022633197842479465 -0.079363661727429313 -0.076717827381148782 -0.075536758849408969 -0.075253275271292219 -0.075349573947351228 -0.075131148965903949
leaf_weight=0.034091871149939834 0.52417370630973881 0.077185181900858879 0.21416575461626075 0.686601746630913 0.026708101853728294 0.34293975494801998 0.57164509405083652 0.07190197441377677 0.13538114912807941 0.037361411204983597 0.087335153938511212 0.053475963422897621 0.019074328655733552
leaf_count=19 31 2 2 23 1 6 26 4 5 37 136 29 38
internal_value=0.00198671 -0.0128042 0.00792327 0.0111116 0.0281623 0.0026335 -0.00476389 -0.0772554 -0.076806 -0.07633 -0.0755606 -0.0755243 -0.0753997
internal_weight=2.88204 1.09962 0.830619 1.78242 0.671149 0.456983 1.25825 0.15947 0.269002 0.191817 0.114043 0.0875678 0.0564357
internal_count=359 279 197 80 145 143 49 52 82 80 137 48 75
is_linear=0
shrinkage=0.1


Tree=288
num_leaves=13
num_cat=0
split_feature=5 1 5 5 2 0 2 5 2 6 7 6
split_gain=0.115317 0.18622 0.162626 0.154764 0.130477 0.110234 0.112338 0.21941 0.0822909 0.0504085 0.000411826 5.56544e-05
threshold=27.050000000000004 0.1294095225512602 27.150000000000002 28.250000000000004 -1.0000000180025095e-35 -0.91597561503675329 0.6078576107927941 23.750000000000004 0.87837969732492682 74.750000000000014 1.0000000180025095e-35 69.15000000000002
decision_type=2 2 2 2 2 2 2 2 2 2 2 2
left_child=1 4 -2 -4 -1 -3 7 -7 10 -9 -5 -12
right_child=2 5 3 8 -6 6 -8 9 -10 -11 11 -13
leaf_value=0.0065877739788100659 -0.069642588785724269 -0.012849800450338671 0.0052132513242983325 -0.083129787194361704 0.049313090160674464 0.05732299635428123 -0.011835560005987372 -0.028197406951907707 -0.011003044854971923 0.015102557569894174 -0.075342593092363769 -0.078577289977749404
leaf_weight=1.4932128603104504 0.48096851073205593 4.5760438516736022 2.3739522180985664 0.1304919815956963 1.371059822035021 1.0597081892192362 1.3488335852744056 0.5438007576158268 0.33356608520261943 0.53178052557632327 0.18836554097288172 0.074120211531408131
leaf_count=24 5 36 35 8 38 7 22 18 14 24 120 8
internal_value=3.25252e-05 0.00513764 -0.0155395 -0.00714664 0.0270394 -0.0026454 0.0107571 0.0250285 -0.0475321 -0.00678938 -0.0785385 -0.076256
internal_weight=14.5059 10.9244 3.58146 3.1005 2.86427 8.06017 3.48412 2.13529 0.726544 1.07558 0.392978 0.262486
internal_count=359 169 190 185 62 107 71 49 150 42 136 128
is_linear=0
shrinkage=0.1


Tree=289
num_leaves=9
num_cat=0
split_feature=9 6 5 5 5 2 2 6
split_gain=0.0564705 0.0731576 0.100292 0.0495049 0.103842 0.179504 0.133671 0.234885
threshold=1.0000000180025095e-35 72.600000000000009 24.650000000000002 25.150000000000002 26.750000000000004 -1.0000000180025095e-35 0.87837969732492682 64.050000000000011
decision_type=2 2 2 2 2 2 2 2
left_child=1 3 -3 -1 5 -5 7 -6
right_child=-2 2 -4 4 6 -7 -8 -9
leaf_value=-0.013931972314076245 -0.022534597753270953 0.042723876089841427 -0.011962707308911096 0.04243254121219775 -0.00095352249395341772 -0.005491320036291783 0.025341630862882165 -0.05111786933707322
leaf_weight=2.2502561392029738 1.0086991526186473 0.93779136426746734 0.52203488553641364 1.5170208569616082 5.3408863787772134 1.6121718837239294 1.3069041801500132 1.1310618663264902
leaf_count=34 36 30 33 21 117 27 19 42
internal_value=0.00034985 0.00192895 0.0231679 -0.000427369 0.00235854 0.017742 -0.00382975 -0.00972043
internal_weight=15.6268 14.6181 1.45983 13.1583 10.908 3.12919 7.77885 6.47195
internal_count=359 323 63 260 226 48 178 159
is_linear=0
shrinkage=0.1


Tree=290
num_leaves=7
num_cat=0
split_feature=6 6 5 5 5 5
split_gain=0.0775637 0.15098 0.121783 0.483619 0.116079 0.365407
threshold=76.750000000000014 74.450000000000017 23.550000000000004 23.750000000000004 24.050000000000004 27.950000000000003
decision_type=2 2 2 2 2 2
left_child=1 2 -1 -4 -5 -6
right_child=-2 -3 3 4 5 -7
leaf_value=0.040143669254460418 -0.021880663572393298 0.048455105188491943 -0.090629932279966088 0.033455690361132627 -0.075885643560527169 0.0042426546001094641
leaf_weight=0.67028710246085843 1.5540636258083402 0.65739245721488337 0.60253074765205283 1.0344213731586913 0.61915794013475522 7.0423064595088363
leaf_count=4 38 19 6 7 120 165
internal_value=-0.00101389 0.00203787 -0.00102314 -0.0039907 0.00201246 -0.00223288
internal_weight=12.1802 10.6261 9.9687 9.29842 8.69589 7.66146
internal_count=359 321 302 298 292 285
is_linear=0
shrinkage=0.1


Tree=291
num_leaves=10
num_cat=0
split_feature=6 6 6 6 8 6 3 5 5
split_gain=0.0422882 0.128634 0.120643 0.134175 0.129392 0.0921768 4.25657e-05 1.08574e-05 5.49519e-06
threshold=82.600000000000009 75.250000000000014 71.750000000000014 66.050000000000011 1.0000000180025095e-35 56.650000000000013 0.81174490092936691 23.050000000000004 23.950000000000003
decision_type=2 2 2 2 2 2 2 2 2
left_child=1 2 3 4 6 -6 -1 -5 -9
right_child=-2 -3 -4 7 5 -7 -8 8 -10
leaf_value=-0.075502554454799267 0.02090537777282241 -0.056615355776585975 0.046783401803721779 -0.077693738792626324 -0.038679787697796897 0.048781429703167983 -0.078927653483000224 -0.076587936541023638 -0.075363472754879382
leaf_weight=0.081388141004026804 0.84986764122731973 0.39708653037814645 0.51412064355099563 0.070904307067394257 0.16049394097444758 0.48357753564960149 0.065472294139908627 0.12509804219007492 0.05183941321047314
leaf_count=48 12 37 31 2 37 108 4 5 75
internal_value=0.00228957 -0.00582383 0.00716394 -0.0124449 0.00767341 0.0269873 -0.0770295 -0.0766482 -0.0762292
internal_weight=2.79985 1.94998 1.55289 1.03877 0.790932 0.644071 0.14686 0.247842 0.176937
internal_count=359 347 310 279 197 145 52 82 80
is_linear=0
shrinkage=0.1


Tree=292
num_leaves=12
num_cat=0
split_feature=5 1 5 0 1 3 0 5 6 0 2
split_gain=0.105456 0.167992 0.147244 0.140517 0.180264 0.116733 0.0951761 0.157847 0.159242 0.000341996 1.99558e-06
threshold=27.050000000000004 0.1294095225512602 27.150000000000002 0.91597561503675362 -0.12940952255126037 -0.22252093395631442 -0.78656609248549303 24.050000000000004 69.15000000000002 -0.91597561503675329 0.87837969732492682
decision_type=2 2 2 2 2 2 2 2 2 2 2
left_child=1 5 -2 4 9 -1 7 -3 -9 -4 -11
right_child=2 6 3 -5 -6 -7 -8 8 -10 10 -12
leaf_value=0.011694142282038937 -0.067681551147689437 -0.029450649191556377 -0.080993406097601223 0.0030220701982471036 0.0767351666638319 0.055110497065879498 0.018792530148606011 -0.015751560288245713 0.02390201571638367 -0.075262728820551419 -0.075821390813935394
leaf_weight=1.8832858397508974 0.46112425997853401 2.2350617283955216 0.1873332100221885 2.5051004621200264 0.090266200946644504 0.92268179240636339 1.6619744102354159 2.0697564959991723 1.9830103286076335 0.17769196408335119 0.099880382185801864
leaf_count=32 5 24 5 29 7 30 35 19 29 131 13
internal_value=1.72142e-05 0.0049348 -0.0150031 -0.00706546 -0.0525834 0.0259707 -0.00249003 -0.00811536 0.00365085 -0.0776919 -0.0754638
internal_weight=14.2772 10.7558 3.5214 3.06027 0.555172 2.80597 7.9498 6.28783 4.05277 0.464906 0.277572
internal_count=359 169 190 185 156 62 107 72 48 149 144
is_linear=0
shrinkage=0.1


Tree=293
num_leaves=15
num_cat=0
split_feature=1 5 6 6 2 5 2 6 6 6 0 5 2 6
split_gain=0.0522216 0.427464 0.171174 0.283682 0.282498 0.177437 0.061917 0.286397 0.224438 0.192589 0.355824 0.000123773 7.52365e-06 8.93834e-07
threshold=-0.98296291314453399 28.850000000000005 71.450000000000017 73.100000000000009 -0.8783796973249266 24.550000000000004 1.0000000180025095e-35 61.800000000000004 65.450000000000017 61.45000000000001 -0.91597561503675329 29.450000000000003 -1.0000000180025095e-35 57.550000000000004
decision_type=2 2 2 2 2 2 2 2 2 2 2 2 2 2
left_child=-1 2 6 -4 -5 -6 7 -2 -9 -8 -11 -3 13 -13
right_child=1 11 3 4 5 -7 9 8 -10 10 -12 12 -14 -15
leaf_value=0.010456039685737321 -0.038401501218490591 -0.079568797995740403 -0.08955626457349522 0.064935740890054078 -0.081481610882702685 0.0053434557826360016 0.050657027477701649 0.054087520618122359 -0.0022639251414785276 0.035045517649445565 -0.031303604027831465 -0.075979930809932705 -0.076543673599839046 -0.075652612565997465
leaf_weight=3.7857963629066953 1.3914012773893718 0.12820492521859783 0.50565415914752598 0.43301635608077038 0.41632712312275533 0.54152489051921293 1.181280637392774 1.0412583772558721 2.2003079875721596 1.6995922604110092 1.541285987914307 0.19033514871262014 0.27050619511283003 0.14853623602539301
leaf_count=23 23 21 15 7 24 34 10 21 40 19 36 27 31 28
internal_value=0.000248441 -0.0030575 0.00190525 -0.0254126 -0.00209305 -0.0323948 0.00762676 -0.00045201 0.0158373 0.0160907 0.00349143 -0.0767446 -0.0761504 -0.0758365
internal_weight=15.475 11.6892 10.9516 1.89652 1.39087 0.957852 9.05513 4.63297 3.24157 4.42216 3.24088 0.737583 0.609378 0.338871
internal_count=359 336 229 80 65 58 149 84 61 65 55 107 86 55
is_linear=0
shrinkage=0.1


Tree=294
num_leaves=12
num_cat=0
split_feature=0 6 2 5 1 6 6 1 6 6 6
split_gain=0.0699045 0.135299 0.109022 0.337554 0.242185 0.419023 0.166824 0.146925 0.0423185 0.0224164 0.000479637
threshold=0.91597561503675362 61.100000000000001 0.6078576107927941 23.050000000000004 -0.98296291314453399 79.850000000000009 71.050000000000011 -0.12940952255126037 63.250000000000007 57.750000000000007 67.750000000000014
decision_type=2 2 2 2 2 2 2 2 2 2 2
left_child=2 -2 3 -1 -5 7 9 -6 -3 -4 -10
right_child=1 8 6 4 5 -7 -8 -9 10 -11 -12
leaf_value=-0.087276178657595946 -0.04934372777654418 0.02029842533446961 0.027457813530928906 -0.019868962752249669 0.060062818050333158 -0.080790027361656233 -0.0065638393735923386 0.014290294939871346 -0.011747958897098398 0.050556213683942579 -0.016802687329015159
leaf_weight=0.46033864468335917 0.81813094302197109 0.65791885548969709 0.81008365732850529 2.8406091500073662 1.1712182032060805 0.36645326862344507 1.4830502956174312 1.7477313324925507 0.35571201838320121 0.87284474354237318 0.39749740032129921
leaf_count=4 17 12 10 19 106 12 26 81 22 30 20
internal_value=-0.00101293 -0.016989 0.00263899 -0.00469153 0.00151429 0.0200026 0.017889 0.0326564 0.00176937 0.0394377 -0.0144155
internal_weight=11.9816 2.22926 9.75233 6.58635 6.12601 3.2854 3.16598 2.91895 1.41113 1.68293 0.753209
internal_count=359 71 288 222 218 199 66 187 54 40 42
is_linear=0
shrinkage=0.1


Tree=295
num_leaves=16
num_cat=0
split_feature=4 8 5 6 8 2 5 6 5 6 5 5 2 5 5
split_gain=0.0422469 0.0907034 0.0742666 0.109717 0.061797 0.226533 0.0615746 0.128334 0.0442971 2.3271e-05 6.50335e-06 5.78428e-06 4.11007e-06 2.61242e-06 2.96311e-07
threshold=1.0000000180025095e-35 1.0000000180025095e-35 31.750000000000004 79.850000000000009 1.0000000180025095e-35 0.87837969732492682 23.950000000000003 73.750000000000014 32.20000000000001 86.450000000000003 23.750000000000004 24.150000000000002 -1.0000000180025095e-35 24.050000000000004 31.550000000000004
decision_type=2 2 2 2 2 2 2 2 2 2 2 2 2 2 2
left_child=4 -2 3 11 5 9 -6 8 13 10 -1 -3 -12 -8 -13
right_child=1 2 -4 -5 6 -7 7 -9 -10 -11 12 14 -14 -15 -16
leaf_value=-0.078448678336580938 0.055743622004016051 -0.076394235748241057 0.041563580074717214 0.070964224578759394 -0.012697156824261625 0.064144266736462771 -0.076295223720346098 0.072923203103340356 0.010724632602297805 -0.079597131302802465 -0.077896550439277512 -0.075099018506759138 -0.076522379726954082 -0.07521973639217315 -0.075590563918600959
leaf_weight=0.12066966621205222 0.40457384311594069 0.15386638231575478 0.1764906644821167 0.066513152443803847 0.76151207089424133 0.16046639195155876 0.035729124210774899 0.3182787496043602 0.15307601541280746 0.15091183665208519 0.052226397808226466 0.043161191187664372 0.037317682977118238 0.061396636368499458 0.017131299537140876
leaf_count=3 29 7 4 3 10 18 2 26 2 3 18 106 32 92 4
internal_value=0.00296542 0.0212562 -0.00926409 -0.0412253 -0.00554718 -0.0347195 0.00589353 0.0307968 -0.0227917 -0.0786497 -0.0779695 -0.0760689 -0.0773239 -0.0756154 -0.0752387
internal_weight=2.71332 0.861737 0.457163 0.280672 1.85158 0.521592 1.32999 0.568481 0.250202 0.361126 0.210214 0.214159 0.0895441 0.0971258 0.0602925
internal_count=359 153 124 120 206 74 132 122 96 56 53 117 50 94 110
is_linear=0
shrinkage=0.1


Tree=296
num_leaves=10
num_cat=0
split_feature=5 5 6 6 6 6 4 6 0
split_gain=0.158622 0.0925207 0.185651 0.361131 0.0784204 0.312772 0.173312 0.132444 0.166663
threshold=22.700000000000003 24.050000000000004 71.450000000000017 74.750000000000014 61.100000000000001 59.650000000000013 1.0000000180025095e-35 62.850000000000001 -0.91597561503675329
decision_type=2 2 2 2 2 2 2 2 2
left_child=-1 -2 4 -4 5 6 -3 -6 -9
right_child=1 2 3 -5 7 -7 -8 8 -10
leaf_value=0.051893836893578016 -0.016793274126082888 0.015197277222013068 0.084691741064374895 -0.0096033195910754793 -0.04261838915030406 0.045487238228686076 -0.069649338640249178 -0.022295067411606834 0.013534138282582401
leaf_weight=0.56416060030460435 3.2924903444945803 0.45079523461026694 0.74562524768407346 0.8920712525723502 0.99705368262220861 1.2597683155909178 0.5166736108076293 2.3921578226727402 2.8391040481219565
leaf_count=3 30 36 23 39 25 26 52 36 89
internal_value=-4.78017e-05 -0.00223695 0.00251142 0.0333282 -0.00345726 0.0126472 -0.0301148 -0.00921619 -0.00284988
internal_weight=13.9499 13.3857 10.0932 1.6377 8.45555 2.22724 0.967469 6.22832 5.23126
internal_count=359 356 326 62 264 114 88 150 125
is_linear=0
shrinkage=0.1


Tree=297
num_leaves=12
num_cat=0
split_feature=7 5 6 6 6 6 6 2 4 5 5
split_gain=0.0469971 0.287032 0.150812 0.342656 0.27431 0.26832 0.138759 0.116801 0.0985916 0.203173 0.0861414
threshold=1.0000000180025095e-35 28.650000000000002 61.100000000000001 59.650000000000013 62.150000000000013 63.150000000000013 68.050000000000011 -0.8783796973249266 1.0000000180025095e-35 29.950000000000003 26.150000000000002
decision_type=2 2 2 2 2 2 2 2 2 2 2
left_child=1 -1 3 8 -4 -6 10 -8 -2 -10 -7
right_child=2 -3 4 -5 5 6 7 -9 9 -11 -12
leaf_value=-0.032698503351496128 0.012482823536871308 0.08294724793682251 0.051826418062246984 -0.063867739255185629 -0.061017349520195566 0.038051617691172088 0.015190473847902626 -0.018494588663077495 0.021206092349442238 -0.056994855605291363 0.0057810191998521818
leaf_weight=0.44461182464146887 2.2145609874278316 0.41489779355470091 1.1594427724485274 1.1217304691672323 0.66491379291983133 1.530388440936804 1.6090503501181923 2.8572852796642141 0.603274852386676 0.73946863773744553 1.800167621229775
leaf_count=38 34 8 17 25 13 19 25 99 17 27 37
internal_value=0.000414401 0.0231254 -0.000950628 -0.0156766 0.00621094 -3.93293e-05 0.00516084 -0.00635915 -0.000480373 -0.0218603 0.0206093
internal_weight=15.1598 0.85951 14.3003 4.67903 9.62125 8.46181 7.79689 4.46634 3.5573 1.34274 3.33056
internal_count=359 46 313 103 210 193 180 124 78 44 56
is_linear=0
shrinkage=0.1


Tree=298
num_leaves=9
num_cat=0
split_feature=3 6 5 5 5 6 5 6
split_gain=0.0686661 0.0963389 0.072352 0.125969 0.20386 0.216663 0.183907 0.121199
threshold=0.81174490092936691 56.650000000000013 30.450000000000003 28.250000000000004 24.050000000000004 62.050000000000004 29.050000000000004 59.850000000000001
decision_type=2 2 2 2 2 2 2 2
left_child=1 -1 3 4 -3 -6 -5 -8
right_child=-2 2 -4 6 5 -7 7 -9
leaf_value=0.028598678289056042 -0.026487443808043444 0.0069475007503643346 -0.018910059931724357 0.059363351194165762 0.016516536907161337 -0.061142774656438539 -0.040640097093114474 0.026464064751144691
leaf_weight=1.1423473443137471 0.98121921654819821 3.9676984641700965 2.0246617693919688 0.84563147596782062 0.53948527204920527 1.0753284612655987 0.47626475570723392 0.61893042054725811
leaf_count=37 35 30 32 22 23 134 14 32
internal_value=-0.00117001 0.00115376 -0.00212982 0.00238603 -0.00524362 -0.035198 0.0243316 -0.00271735
internal_weight=11.6716 10.6903 9.548 7.52334 5.58251 1.61481 1.94083 1.0952
internal_count=359 324 287 255 187 157 68 46
is_linear=0
shrinkage=0.1


Tree=299
num_leaves=13
num_cat=0
split_feature=4 6 1 5 6 5 5 0 5 1 5 6
split_gain=0.0371655 0.0761294 0.125039 0.0561327 0.153908 0.0559662 1.3851e-05 2.18717e-06 2.80194e-07 3.99515e-07 6.89864e-08 6.22423e-08
threshold=1.0000000180025095e-35 71.750000000000014 -0.9159756150367534 23.950000000000003 73.750000000000014 32.20000000000001 24.050000000000004 0.37940952255126054 31.750000000000004 0.37940952255126026 24.450000000000003 63.850000000000001
decision_type=2 2 2 2 2 2 2 2 2 2 2 2
left_child=3 2 -2 -1 5 6 -5 8 9 -4 -8 -9
right_child=1 -3 7 4 -6 -7 10 11 -10 -11 -12 -13
leaf_value=-0.017767987765262033 0.044430721022188369 0.046440885753907812 -0.075700434933539451 -0.077132347229389331 0.068780842106344581 0.010446886952566483 -0.075347289540529841 -0.075277082951446056 -0.076274737041287774 -0.076254473570880665 -0.075113167447225404 -0.075459049868118175
leaf_weight=1.1785481553524735 0.17474215030961204 0.47922137069690507 0.031280010808586556 0.07836124300956715 0.31139121424439509 0.15305863320827484 0.016826835697429487 0.039554064382173237 0.04253394715487957 0.022289793436357286 0.049934669184494851 0.035820910747133894
leaf_count=18 35 24 48 3 35 2 8 27 2 3 140 14
internal_value=0.00307645 0.0206277 -0.0151016 -0.00502566 0.0196104 -0.0317384 -0.0762306 -0.0757668 -0.0760831 -0.075931 -0.0751722 -0.0753636
internal_weight=2.61356 0.825442 0.346221 1.78812 0.609573 0.298181 0.145123 0.171479 0.0961038 0.0535698 0.0667615 0.075375
internal_count=359 153 129 206 188 153 151 94 53 51 148 41
is_linear=0
shrinkage=0.1


Tree=300
num_leaves=12
num_cat=0
split_feature=5 1 5 5 2 0 6 5 0 2 2
split_gain=0.109772 0.143343 0.132831 0.127501 0.120425 0.0909824 0.189456 0.0741203 0.190096 0.00618839 1.26602e-06
threshold=27.050000000000004 0.1294095225512602 27.150000000000002 28.250000000000004 -1.0000000180025095e-35 -0.78656609248549303 69.050000000000011 29.050000000000004 0.91597561503675362 -0.60785761079279388 0.87837969732492682
decision_type=2 2 2 2 2 2 2 2 2 2 2
left_child=1 4 -2 -4 -1 6 -3 -5 10 -8 -9
right_child=2 5 3 7 -6 -7 9 8 -10 -11 -12
leaf_value=0.004616809038606535 -0.06715865701337391 0.013225063749653102 0.0030085070347362717 -0.080289776896487544 0.046964321064688494 0.018955659476461321 -0.018691076300600327 -0.075212385375081181 0.083697411316394826 -0.02707988530544149 -0.075756637922678838
leaf_weight=1.4135359115898611 0.43988957162946585 2.5170923711266369 2.2596417835447942 0.33219860311146465 1.2792459397751352 1.6202401199261656 1.8430437440983951 0.12519682587662828 0.12415554374456406 1.6818507267162204 0.064894329116214067
leaf_count=24 5 26 35 29 38 35 17 110 1 29 10
internal_value=-0.000200267 0.00488783 -0.0159467 -0.00819488 0.0247346 -0.00208704 -0.00772992 -0.0473562 -0.0125412 -0.0226937 -0.0753982
internal_weight=13.701 10.355 3.34598 2.90609 2.69278 7.66223 6.04199 0.646445 0.314247 3.52489 0.190091
internal_count=359 169 190 185 62 107 72 150 121 46 120
is_linear=0
shrinkage=0.1


Tree=301
num_leaves=12
num_cat=0
split_feature=9 6 5 6 3 6 1 5 5 3 5
split_gain=0.0522067 0.0873504 0.242321 0.147359 0.251706 0.555911 0.139648 0.329577 0.152029 0.34031 0.286946
threshold=1.0000000180025095e-35 69.050000000000011 25.250000000000004 70.550000000000011 -1.0000000180025095e-35 73.100000000000009 -0.12940952255126037 25.850000000000005 28.850000000000005 1.0000000180025095e-35 30.350000000000005
decision_type=2 2 2 2 2 2 2 2 2 2 2
left_child=1 2 -1 -3 5 -5 8 -8 9 -4 -10
right_child=-2 3 6 4 -6 -7 7 -9 10 -11 -12
leaf_value=-0.043391910997465026 -0.022031803507461534 0.056333530173841344 0.047155144526234469 -0.085682509135223586 0.042879458823483485 0.030728121169319611 0.020472071421049332 -0.081501015391724024 -0.055043044457367546 -0.010230057084279242 0.0092207103973557299
leaf_weight=1.2701287574600417 0.95705698308302167 0.71427767840214018 2.2913327921414721 0.71516054379753835 1.0863410490856034 0.96208327711792663 0.67283909750403903 0.5992087273625657 0.91843050663010251 1.8823977700667454 2.8537001926451921
leaf_count=18 36 17 21 19 33 38 10 35 44 25 63
internal_value=0.000562628 0.00211098 -0.00244316 0.0158447 0.00537996 -0.0189082 0.00319913 -0.0275632 0.00812385 0.0212738 -0.00642609
internal_weight=14.923 13.9659 10.488 3.47786 2.76358 1.67724 9.21791 1.27205 7.94586 4.17373 3.77213
internal_count=359 323 216 107 90 57 198 45 153 46 107
is_linear=0
shrinkage=0.1


Tree=302
num_leaves=8
num_cat=0
split_feature=5 5 5 5 1 5 6
split_gain=0.0612417 0.0813376 0.184308 0.130895 0.486161 0.128552 0.0197669
threshold=31.450000000000003 31.150000000000002 30.650000000000002 29.750000000000004 -0.37940952255126015 28.350000000000005 59.650000000000013
decision_type=2 2 2 2 2 2 2
left_child=1 2 3 4 -1 -6 -5
right_child=-2 -3 -4 6 5 -7 -8
leaf_value=0.091714908174636761 0.026704390077268256 -0.034811581069220311 0.045494382292778898 -0.041595645567584473 -0.0013657384465320312 -0.045810451660285148 -0.020131953740942315
leaf_weight=0.54907140380236885 0.74032520735636431 0.74919051845790896 0.79661037834012027 0.74099128926172841 6.161587744340066 0.72763808327727009 1.0192939459229817
leaf_count=43 17 8 30 21 206 9 25
internal_value=-0.00111472 -0.00303155 -0.000649473 -0.0046456 0.00115745 -0.00605998 -0.0291671
internal_weight=11.4847 10.7444 9.99519 9.19858 7.4383 6.88923 1.76029
internal_count=359 342 334 304 258 215 46
is_linear=0
shrinkage=0.1


Tree=303
num_leaves=16
num_cat=0
split_feature=4 8 5 6 8 2 6 5 2 6 6 5 5 2 5
split_gain=0.0342684 0.0769812 0.0782529 0.0923191 0.0525594 0.21185 0.0503843 0.118835 0.048425 0.0769812 1.7126e-05 6.49965e-06 4.65455e-06 2.18154e-06 3.07083e-07
threshold=1.0000000180025095e-35 1.0000000180025095e-35 31.750000000000004 79.850000000000009 1.0000000180025095e-35 0.87837969732492682 75.250000000000014 23.650000000000002 0.6078576107927941 59.250000000000007 86.450000000000003 23.750000000000004 24.150000000000002 -1.0000000180025095e-35 31.550000000000004
decision_type=2 2 2 2 2 2 2 2 2 2 2 2 2 2 2
left_child=4 -2 3 12 5 10 7 -6 9 -9 11 -1 -3 -13 -14
right_child=1 2 -4 -5 6 -7 -8 8 -10 -11 -12 13 14 -15 -16
leaf_value=-0.078204515238407421 0.053038293720861565 -0.0763174349116824 0.043948499391240375 0.068017811055533936 0.06314417694671437 0.063248607563443762 -0.017294908015224205 -0.07869901460486306 -0.076224093152780267 0.039763635120356369 -0.079175156042776224 -0.077474667527467178 -0.075096614141009072 -0.076411286893991723 -0.075605054688811249
leaf_weight=0.11236414825543772 0.37424644650309347 0.14257015660405148 0.16771962866187096 0.05728274816647172 0.36555690318346024 0.15546556605568185 0.54770268157153623 0.077594926769961603 0.10138539668969315 0.1871888281621068 0.13890975271351635 0.045123996049369453 0.04000059698773839 0.033701029693474993 0.016896664106752723
leaf_count=3 29 7 4 3 4 18 25 14 47 42 3 18 106 32 4
internal_value=0.00278891 0.0199754 -0.00917544 -0.0438782 -0.00498854 -0.0330002 0.00564234 0.0228111 -0.0174546 0.00504813 -0.0783301 -0.0777162 -0.0760123 -0.07702 -0.0752476
internal_weight=2.56371 0.798716 0.42447 0.25675 1.76499 0.485564 1.27943 0.731726 0.366169 0.264784 0.330099 0.191189 0.199467 0.078825 0.0568973
internal_count=359 153 124 120 206 74 132 107 103 56 56 53 117 50 110
is_linear=0
shrinkage=0.1


Tree=304
num_leaves=12
num_cat=0
split_feature=5 5 6 5 1 2 5 5 8 0 5
split_gain=0.135934 0.0837769 0.176055 0.206053 0.182505 0.167247 0.205683 0.199876 0.168736 0.148951 0.000545262
threshold=22.700000000000003 24.050000000000004 69.15000000000002 24.650000000000002 -0.12940952255126037 0.6078576107927941 27.050000000000004 27.950000000000003 1.0000000180025095e-35 0.91597561503675362 24.850000000000005
decision_type=2 2 2 2 2 2 2 2 2 2 2
left_child=-1 -2 5 -4 -5 6 9 -7 -8 -3 -6
right_child=1 2 3 4 10 7 8 -9 -10 -11 -12
leaf_value=0.04818337781631736 -0.016355980190098676 -0.023788714259087351 -0.0052002042260618636 0.0076144128308303187 0.083426109731771503 0.052468964156204535 -0.063374341265189357 -0.015229531835960148 0.0032217402259338106 0.018086823149566392 0.0781197627092651
leaf_weight=0.55570210516452867 3.2005662871524683 1.5473774509737253 1.2835070074070247 0.59492717919056304 0.30383993289433397 0.92703483800869413 1.226240243348 0.82354563489934662 0.55160647521188533 1.8831862334627656 0.53396277816500515
leaf_count=3 30 25 20 14 5 21 28 29 110 21 53
internal_value=-0.000241373 -0.00233132 0.00230804 0.0238995 0.0499684 -0.00611956 -0.0151072 0.0206208 -0.0427118 -0.000801403 0.0800442
internal_weight=13.4315 12.8758 9.67523 2.71624 1.43273 6.95899 5.20841 1.75058 1.77785 3.43056 0.837803
internal_count=359 356 326 92 72 234 184 50 138 46 58
is_linear=0
shrinkage=0.1


Tree=305
num_leaves=12
num_cat=0
split_feature=9 6 5 0 2 2 5 1 8 6 6
split_gain=0.0470318 0.0671738 0.198451 0.136982 0.437037 0.117619 0.207987 0.174013 0.390226 0.000311088 5.15658e-05
threshold=1.0000000180025095e-35 69.050000000000011 25.250000000000004 -0.91597561503675329 -0.60785761079279388 1.0000000180025095e-35 28.050000000000004 -0.98296291314453399 1.0000000180025095e-35 71.050000000000011 71.450000000000017
decision_type=2 2 2 2 2 2 2 2 2 2 2
left_child=1 2 -1 -3 -5 7 -7 -4 -9 -6 -11
right_child=-2 3 5 4 9 6 -8 8 -10 10 -12
leaf_value=-0.039641999361567155 -0.021060899615946503 0.027480690867300067 0.014386928233610465 0.04912676546083905 -0.081674256358885269 0.040397230374223214 -0.0091329337259962503 -0.00042318990618419369 -0.079977184080876201 -0.078416429518203504 -0.075541822423291161
leaf_weight=1.2392707099206735 0.95216760144103396 2.3587315664772182 2.4163893554359643 0.52356223674723901 0.28295082921977022 1.8475872336421164 1.5667457880626896 2.3645149826188541 0.83408507471904636 0.11397967603988945 0.13790447992505506
leaf_count=18 36 30 16 21 10 30 31 36 85 5 41
internal_value=0.000428956 0.00192409 -0.0021174 0.0140689 -0.0158204 0.00303283 0.0176692 -0.00586715 -0.0211681 -0.0793988 -0.0768426
internal_weight=14.6379 13.6857 10.2686 3.41713 1.0584 9.02932 3.41433 5.61499 3.1986 0.534835 0.251884
internal_count=359 323 216 107 77 198 61 137 121 56 46
is_linear=0
shrinkage=0.1


Tree=306
num_leaves=8
num_cat=0
split_feature=3 5 5 5 5 5 4
split_gain=0.0590607 0.0839283 0.189069 0.248647 0.0990231 0.296197 0.0923322
threshold=0.81174490092936691 30.550000000000004 29.750000000000004 28.550000000000004 24.050000000000004 27.950000000000003 1.0000000180025095e-35
decision_type=2 2 2 2 2 2 2
left_child=1 2 3 4 -1 -6 -3
right_child=-2 6 -4 -5 5 -7 -8
leaf_value=0.0067726430933207132 -0.02472738740491769 -0.00093462846076776364 -0.034861071992483519 0.060043655799018873 -0.075923463706152938 0.0051312874253504198 0.040795928370644073
leaf_weight=3.893892787396906 0.95617030495122968 1.1118659634666974 1.5445867743692359 0.70685336310998526 0.65543511188298031 1.4443171379389239 1.0135113036958501
leaf_count=30 35 22 38 35 144 25 30
internal_value=-0.000946379 0.00124626 -0.00332121 0.0039493 -0.00266612 -0.0201699 0.0189651
internal_weight=11.3266 10.3705 8.24509 6.7005 5.99365 2.09975 2.12538
internal_count=359 324 272 234 199 169 52
is_linear=0
shrinkage=0.1


Tree=307
num_leaves=10
num_cat=0
split_feature=6 6 6 6 8 6 3 2 2
split_gain=0.0312312 0.119877 0.0936968 0.115834 0.113989 0.0813265 1.9434e-05 9.29834e-06 2.2937e-06
threshold=82.600000000000009 75.250000000000014 71.750000000000014 66.050000000000011 1.0000000180025095e-35 50.000000000000007 0.81174490092936691 0.87837969732492682 0.6078576107927941
decision_type=2 2 2 2 2 2 2 2 2
left_child=1 2 3 4 6 -6 -1 8 -5
right_child=-2 -3 -4 7 5 -7 -8 -9 -10
leaf_value=-0.075495209180136885 0.019932651554950945 -0.057043581490174834 0.046304922894521289 -0.075613486817356315 -0.07877853742064439 0.041061011977066797 -0.078017759525736821 -0.077516282792883737 -0.076407474508277423
leaf_weight=0.075441998323185655 0.76281249185558397 0.34520517784585525 0.44950550074554485 0.07522594544570893 0.063513136398796743 0.52237882008626002 0.051314597614691593 0.055730267622493557 0.070464985707076266
leaf_count=48 12 37 31 61 6 139 4 12 9
internal_value=0.00310823 -0.00440232 0.00892443 -0.0094579 0.00946746 0.0280699 -0.0765164 -0.0764177 -0.0759975
internal_weight=2.47159 1.70878 1.36358 0.91407 0.712649 0.585892 0.126757 0.201421 0.145691
internal_count=359 347 310 279 197 145 52 82 70
is_linear=0
shrinkage=0.1


Tree=308
num_leaves=12
num_cat=0
split_feature=5 1 5 5 3 0 6 5 0 2 2
split_gain=0.072157 0.124394 0.113823 0.125699 0.106168 0.0915529 0.138857 0.0662799 0.173408 0.00457136 1.04543e-06
threshold=27.050000000000004 0.1294095225512602 27.150000000000002 28.250000000000004 -0.22252093395631442 -0.78656609248549303 69.050000000000011 29.050000000000004 0.91597561503675362 -0.60785761079279388 0.87837969732492682
decision_type=2 2 2 2 2 2 2 2 2 2 2
left_child=1 4 -2 -4 -1 6 -3 -5 10 -8 -9
right_child=2 5 3 7 -6 -7 9 8 -10 -11 -12
leaf_value=0.0084667976963757486 -0.063576627001605421 0.0096906341532370481 0.0048884729019646024 -0.079855243170801865 0.051461708079751339 0.018561817754476229 -0.018083041449366639 -0.075199490334275046 0.082855172696701035 -0.025449888135905676 -0.075715145132457751
leaf_weight=1.7177260878379459 0.39550996851176146 2.4424006750341505 2.1761395405046646 0.30213665623887198 0.86281569523270985 1.5966875989688558 1.7577631818130612 0.11601430510199862 0.11442381888628006 1.617392864311114 0.059471126762218773
leaf_count=32 5 26 35 29 30 35 17 110 1 29 10
internal_value=-0.000233886 0.00393238 -0.013396 -0.00622634 0.0228423 -0.00264927 -0.00847087 -0.0470803 -0.0129229 -0.0216133 -0.0753742
internal_weight=13.1585 9.99479 3.1637 2.76819 2.58054 7.41424 5.81756 0.592046 0.289909 3.37516 0.175485
internal_count=359 169 190 185 62 107 72 150 121 46 120
is_linear=0
shrinkage=0.1


Tree=309
num_leaves=13
num_cat=0
split_feature=7 5 6 6 6 5 6 6 6 4 5 6
split_gain=0.0403004 0.264507 0.110964 0.30839 0.205508 0.201354 0.189121 0.176641 0.121302 0.0906477 0.197006 0.0592789
threshold=1.0000000180025095e-35 28.650000000000002 61.100000000000001 59.650000000000013 62.150000000000013 28.450000000000003 71.450000000000017 74.750000000000014 66.600000000000009 1.0000000180025095e-35 29.950000000000003 69.050000000000011
decision_type=2 2 2 2 2 2 2 2 2 2 2 2
left_child=1 -1 3 9 -4 6 11 -8 -7 -2 -11 -6
right_child=2 -3 4 -5 5 8 7 -9 -10 10 -12 -13
leaf_value=-0.034120886072936035 0.01331457244527464 0.080943656459111682 0.045578767318613184 -0.06253221653402756 0.0077441028805623098 -0.085220116992407127 -0.057662461467372472 0.0067117391391507478 -0.011001197236211404 0.023058330201414352 -0.055970880409278972 0.03046650882896608
leaf_weight=0.40693180270318308 2.1130799944803593 0.39245517365634441 1.1240482938010234 1.0023712143301962 3.7838628608151321 0.40646019786072418 0.80276314202637855 0.90882531910028774 0.48057396319927648 0.57294685472152218 0.70180417601659428 1.6482604211196301
leaf_count=38 34 8 17 25 49 24 24 50 19 17 27 27
internal_value=0.000551008 0.0223695 -0.000736657 -0.0138069 0.00553121 -7.41663e-05 0.00550552 -0.0234808 -0.0450101 0.00060964 -0.0204506 0.0146387
internal_weight=14.3444 0.799387 13.545 4.3902 9.15479 8.03075 7.14371 1.71159 0.887034 3.38783 1.27475 5.43212
internal_count=359 46 313 103 210 193 150 74 43 78 44 76
is_linear=0
shrinkage=0.1


Tree=310
num_leaves=7
num_cat=0
split_feature=3 6 6 5 1 5
split_gain=0.0585462 0.0821968 0.0709431 0.0858219 0.0888732 0.0785877
threshold=0.81174490092936691 56.650000000000013 58.550000000000004 30.550000000000004 -0.98296291314453399 28.050000000000004
decision_type=2 2 2 2 2 2
left_child=1 -1 -3 4 -4 -6
right_child=-2 2 3 -5 5 -7
leaf_value=0.027146095060786614 -0.025055470568358492 -0.024242074026313468 -0.033142789997965182 0.026800696533092191 -0.0045296729603085594 0.023428750005014196
leaf_weight=1.0847868095152069 0.93235065382396065 1.2364949012408013 0.84357038512825688 1.1475041074445469 4.6179328825819566 1.2851746303203979
leaf_count=37 35 25 5 20 175 62
internal_value=-0.00106748 0.00112187 -0.00196998 0.00151858 -0.00278151 0.0015572
internal_weight=11.1478 10.2155 9.13068 7.89418 6.74668 5.90311
internal_count=359 324 287 262 242 237
is_linear=0
shrinkage=0.1


Tree=311
num_leaves=12
num_cat=0
split_feature=4 8 5 6 5 6 5 5 5 5 5
split_gain=0.0345418 0.0620918 0.0684872 0.0884508 0.0539775 0.129316 0.0559984 1.09527e-05 3.12422e-06 2.33463e-07 4.726e-08
threshold=1.0000000180025095e-35 1.0000000180025095e-35 31.750000000000004 79.850000000000009 23.950000000000003 73.750000000000014 32.20000000000001 24.050000000000004 24.150000000000002 31.550000000000004 24.450000000000003
decision_type=2 2 2 2 2 2 2 2 2 2 2
left_child=4 -2 3 8 -1 6 7 -6 -3 -10 -9
right_child=1 2 -4 -5 5 -7 -8 10 9 -11 -12
leaf_value=-0.018060175463546071 0.051275148906187611 -0.076142479318821205 0.042850458134690961 0.067923264342129475 -0.076982041558073477 0.066002391933388402 0.014673986966001574 -0.075308521521598615 -0.075092133191596813 -0.075553974979993485 -0.075103040331083143
leaf_weight=1.0963344294577839 0.35285685207054485 0.12415741011500347 0.16587365604937077 0.056385166593827307 0.073558955918997415 0.29350642923873238 0.13877665624022484 0.014982894419517834 0.037713245588065547 0.015421009040437639 0.044251570885990077
leaf_count=18 29 7 4 3 3 35 2 8 106 4 140
internal_value=0.00293051 0.0207064 -0.00628985 -0.0411717 -0.00511971 0.0199868 -0.0297458 -0.0761671 -0.0758679 -0.0752262 -0.075155
internal_weight=2.41382 0.752407 0.39955 0.233677 1.66141 0.565077 0.27157 0.132793 0.177292 0.0531343 0.0592345
internal_count=359 153 124 120 206 188 153 151 117 110 148
is_linear=0
shrinkage=0.1


Tree=312
num_leaves=13
num_cat=0
split_feature=5 6 2 8 0 1 5 2 2 6 6 5
split_gain=0.0655952 0.13256 0.20039 0.133484 0.218178 0.113761 0.109577 0.106414 0.0813138 0.143199 0.125847 0.0440508
threshold=27.050000000000004 69.15000000000002 0.6078576107927941 1.0000000180025095e-35 0.91597561503675362 0.1294095225512602 27.950000000000003 -1.0000000180025095e-35 1.0000000180025095e-35 76.40000000000002 69.050000000000011 24.150000000000002
decision_type=2 2 2 2 2 2 2 2 2 2 2 2
left_child=5 2 3 -2 6 7 -5 -1 10 -10 -7 -12
right_child=1 -3 -4 4 -6 8 -8 -9 9 -11 11 -13
leaf_value=0.0028724083751029816 -0.060468652643550058 0.046669867215659161 0.013696031402456718 0.077102709498326372 0.081772245107706046 0.032127214160423856 -0.078167061634885807 0.043959746957452334 -0.029767891831967399 0.011121323163318783 -0.019148085158383548 0.007713396764662016
leaf_weight=1.3521415231516587 1.164169499803392 0.33266877036658105 1.0690582930910748 0.054990790784361088 0.20187927782535553 1.3518332326784732 0.26200538310695265 1.1808467943046688 2.1374538890086119 1.4291603101883081 1.2379896081984045 1.2045137461973352
leaf_count=24 28 16 36 2 2 12 106 38 34 18 11 32
internal_value=-0.00022219 -0.0129541 -0.0201613 -0.0416673 0.000516251 0.00374741 -0.0512317 0.0220268 -0.00254273 -0.0133834 0.00764729 -0.00590142
internal_weight=12.9787 3.08477 2.7521 1.68304 0.518875 9.89394 0.316996 2.53299 7.36095 3.56661 3.79434 2.4425
internal_count=359 190 174 138 110 169 108 62 107 52 55 43
is_linear=0
shrinkage=0.1


Tree=313
num_leaves=11
num_cat=0
split_feature=5 5 1 5 2 2 2 2 2 6
split_gain=0.0436457 0.0822322 0.406569 0.354817 0.137142 0.120599 0.190069 0.106393 0.081059 0.000798526
threshold=24.450000000000003 25.350000000000005 -0.12940952255126037 26.750000000000004 1.0000000180025095e-35 0.87837969732492682 0.6078576107927941 1.0000000180025095e-35 1.0000000180025095e-35 68.950000000000017
decision_type=2 2 2 2 2 2 2 2 2 2
left_child=8 4 3 -3 -2 6 -5 9 -1 -4
right_child=1 2 7 5 -6 -7 -8 -9 -10 -11
leaf_value=-0.032146767999050994 0.047222766667040381 0.058840679884940697 -0.076496340453347786 0.00024549840259144578 -0.0053983541628068385 0.028340129400785792 -0.051610971329202317 -0.022004574410501812 0.0047765732028160644 -0.083342156715697169
leaf_weight=1.080366958747619 1.0146353050658934 1.1451933011412583 0.31019279456813886 5.3766898416215554 0.96760374872246746 1.1777120679616926 0.81379743013530959 0.57589758161338978 1.322242092574015 0.37804821816098411
leaf_count=22 24 7 22 145 21 17 15 37 29 20
internal_value=0.000455228 0.00296448 -0.000800692 0.00705706 0.0215365 -0.000991341 -0.00657152 -0.0537191 -0.0118265 -0.0802567
internal_weight=14.1624 11.7598 9.77753 8.51339 1.98224 7.3682 6.19049 1.26414 2.40261 0.688241
internal_count=359 308 263 184 45 177 160 79 51 42
is_linear=0
shrinkage=0.1


Tree=314
num_leaves=9
num_cat=0
split_feature=5 5 6 2 6 5 6 2
split_gain=0.052688 0.146184 0.146218 0.141427 0.165473 0.309248 0.246343 0.0865309
threshold=23.550000000000004 23.750000000000004 72.600000000000009 0.87837969732492682 62.150000000000013 28.450000000000003 58.95000000000001 1.0000000180025095e-35
decision_type=2 2 2 2 2 2 2 2
left_child=-1 -2 3 4 6 -6 -3 -4
right_child=1 2 7 -5 5 -7 -8 -9
leaf_value=0.014136160872729503 -0.042657879783960483 0.018248342048062176 -0.076529751575308141 -0.030676762865892705 0.007548092199143131 0.08356636891843984 -0.0327812910173753 -0.0020453923313742853
leaf_weight=1.9065506160259253 0.88930639903992315 2.1713110578129986 0.37738029399770301 1.0220034330704946 1.957393928729289 0.73650233907392237 1.6763885019754523 0.26584143102081725
leaf_count=13 10 64 31 35 88 41 52 25
internal_value=-0.000978933 -0.00414706 2.60438e-05 0.00391855 0.00932342 0.0283312 -0.00398455 -0.0457456
internal_weight=11.0027 9.09613 8.20682 7.5636 6.5416 2.6939 3.8477 0.643222
internal_count=359 346 336 280 245 129 116 56
is_linear=0
shrinkage=0.1


Tree=315
num_leaves=12
num_cat=0
split_feature=4 6 1 5 6 6 5 6 5 5 5
split_gain=0.0287966 0.0609252 0.109047 0.0469263 0.11806 0.0318101 0.0787943 0.041453 1.51379e-06 4.35933e-07 5.41183e-09
threshold=1.0000000180025095e-35 71.750000000000014 -0.9159756150367534 23.950000000000003 83.700000000000003 59.250000000000007 32.20000000000001 73.750000000000014 31.750000000000004 27.150000000000002 27.650000000000002
decision_type=2 2 2 2 2 2 2 2 2 2 2
left_child=3 2 -2 -1 5 -5 7 -7 9 -4 -11
right_child=1 -3 8 4 -6 6 -8 -9 -10 10 -12
leaf_value=-0.016315144576609198 0.043744890411745674 0.0445367471723494 -0.075581000693245276 -0.077987365520529928 0.077389160885114855 -0.076186619063272898 0.080219785771424801 0.021208346074567969 -0.076186943038829613 -0.075178165725230728 -0.075085276816792723
leaf_weight=1.0879182827193292 0.15760322662026738 0.41711200331701548 0.081715917205656186 0.069250903608917613 0.2147885353770107 0.1118371991838103 0.081112854182720184 0.071727567856214591 0.039693703874945641 0.0098125102122139651 0.017383942202059188
leaf_count=18 35 24 24 34 3 118 1 32 2 5 63
internal_value=0.00305409 0.0196702 -0.0142025 -0.0042895 0.0195532 -0.0176478 -0.00186045 -0.0381297 -0.0756583 -0.0754656 -0.0751188
internal_weight=2.35996 0.723321 0.306209 1.63664 0.548717 0.333929 0.264678 0.183565 0.148606 0.108912 0.0271965
internal_count=359 153 129 206 188 185 151 150 94 92 68
is_linear=0
shrinkage=0.1


Tree=316
num_leaves=13
num_cat=0
split_feature=5 6 2 1 8 0 1 3 0 2 5 6
split_gain=0.0628861 0.121034 0.181541 0.117586 0.150523 0.268195 0.112926 0.0952516 0.0792353 0.114513 0.144994 0.0457941
threshold=27.050000000000004 69.15000000000002 0.6078576107927941 -0.12940952255126037 1.0000000180025095e-35 0.91597561503675362 0.1294095225512602 -0.22252093395631442 -0.91597561503675329 0.6078576107927941 23.750000000000004 73.500000000000014
decision_type=2 2 2 2 2 2 2 2 2 2 2 2
left_child=6 2 3 4 -2 -6 7 -1 -8 10 -10 -12
right_child=1 -3 -4 -5 5 -7 8 -9 9 -11 11 -13
leaf_value=0.0083789994196498789 -0.082810665850481149 0.04509417634955358 0.012220346211399453 0.0064559423121071146 -0.078005123385688435 0.081174820097047518 -0.011605586896350309 0.050090081777499164 0.053523919036387729 -0.013658865312171668 -0.025812433309925949 0.018315886414311276
leaf_weight=1.6454364185337911 0.77754177946917413 0.32192435633623961 1.0628568275569703 0.39266265183687421 0.24468055442230252 0.18654100596904755 4.1314361225813627 0.82047592566232008 0.91963200457394145 1.2719903233228249 0.44046322675421834 0.50454748870106414
leaf_count=32 22 16 36 8 106 2 36 30 7 22 15 27
internal_value=-0.000128537 -0.012823 -0.0198212 -0.0410869 -0.056531 -0.00914589 0.0037659 0.0222574 -0.0025079 0.00947518 0.0252564 -0.00225203
internal_weight=12.7202 2.98621 2.66428 1.60143 1.20876 0.431222 9.73398 2.46591 7.26807 3.13663 1.86464 0.945011
internal_count=359 190 174 138 130 108 169 62 107 71 49 42
is_linear=0
shrinkage=0.1


Tree=317
num_leaves=12
num_cat=0
split_feature=9 6 5 0 2 1 5 2 6 6 6
split_gain=0.0422631 0.05122 0.167724 0.124764 0.369145 0.0986017 0.365751 0.103259 0.0635325 0.000198528 4.50934e-05
threshold=1.0000000180025095e-35 69.050000000000011 25.250000000000004 -0.91597561503675329 -0.60785761079279388 -0.12940952255126037 26.750000000000004 0.87837969732492682 64.750000000000014 71.050000000000011 71.450000000000017
decision_type=2 2 2 2 2 2 2 2 2 2 2
left_child=1 2 -1 -3 -5 6 -4 -8 -7 -6 -11
right_child=-2 3 5 4 9 8 7 -9 -10 10 -12
leaf_value=-0.036904867504092012 -0.020217522330578649 0.025617625579896733 0.069744543886354857 0.044446978038721073 -0.08086109630910529 -0.048608721688394245 -0.0062960933328411592 0.026610345875181213 -0.0015655036783184504 -0.078276928352268696 -0.075487959491639972
leaf_weight=1.1869597984477867 0.92131258200970556 2.2770808701461651 0.83591151237487515 0.48534305384964715 0.25236475018027571 0.54926217970205538 5.4042389870446641 1.1579130633035672 0.60141839372226968 0.1102765635587275 0.12222969245340209
leaf_count=18 36 30 5 21 10 21 133 15 24 5 41
internal_value=0.000478657 0.00194732 -0.0016802 0.012823 -0.0172059 0.00321061 0.00744616 -0.000489645 -0.024021 -0.0789189 -0.0768108
internal_weight=13.9043 12.983 9.7357 3.24729 0.970214 8.54874 7.39806 6.56215 1.15068 0.484871 0.232506
internal_count=359 323 216 107 77 198 153 148 45 56 46
is_linear=0
shrinkage=0.1


Tree=318
num_leaves=12
num_cat=0
split_feature=0 5 6 6 2 5 6 6 5 6 1
split_gain=0.0516828 0.119584 0.176984 0.106023 0.0995573 0.293289 0.199179 0.17776 0.156294 0.135666 0.0202009
threshold=0.91597561503675362 28.350000000000005 62.850000000000001 65.050000000000011 0.6078576107927941 23.050000000000004 51.050000000000004 56.650000000000013 23.550000000000004 71.050000000000011 -0.98296291314453399
decision_type=2 2 2 2 2 2 2 2 2 2 2
left_child=4 2 -2 -4 5 -1 -7 -8 -9 10 -6
right_child=1 -3 3 -5 9 6 7 8 -10 -11 -12
leaf_value=-0.085924649922896723 0.030778649450640117 -0.050597657844107351 0.0060452300626613401 -0.082972526733818136 0.026309929574531016 -0.068747669148815346 0.078453323782055384 0.057236830139146835 -0.0045945202023208445 -0.0052698987558435426 0.049266244972939063
leaf_weight=0.41904009878635218 0.8166592099441925 0.65619786083698262 0.24295054477988742 0.29780148668214679 0.76564163714647293 0.38188573881052423 0.31859752755553916 0.45182351022958744 4.2945889794791583 1.3979154122207544 0.76765728037571557
leaf_count=4 22 6 11 32 4 8 25 4 181 26 36
internal_value=-0.00109572 -0.0155477 0.00139605 -0.0429784 0.00221225 -0.0053078 0.000894207 0.00614498 0.00129137 0.0172613 0.0378032
internal_weight=10.8108 2.01361 1.35741 0.540752 8.79715 5.86594 5.4469 5.06501 4.74641 2.93121 1.5333
internal_count=359 71 65 43 288 222 218 210 185 66 40
is_linear=0
shrinkage=0.1


Tree=319
num_leaves=12
num_cat=0
split_feature=0 2 5 5 5 2 8 6 6 3 5
split_gain=0.0259145 0.113483 0.254028 0.130234 0.114982 0.0678984 0.0189582 0.0707273 0.052152 0.108902 4.28508e-07
threshold=-0.78656609248549303 0.87837969732492682 23.950000000000003 24.150000000000002 31.750000000000004 0.6078576107927941 1.0000000180025095e-35 75.250000000000014 73.750000000000014 0.81174490092936691 24.650000000000002
decision_type=2 2 2 2 2 2 2 2 2 2 2
left_child=5 2 -2 -4 10 6 -1 8 9 -8 -5
right_child=1 -3 3 4 -6 -7 7 -9 -10 -11 -12
leaf_value=0.045298065117899952 -0.080933742434040695 0.078050681434271948 0.090380601910396818 -0.075687419634433498 0.029805839366492826 -0.032516734866050348 -0.075802101852950707 -0.03664032181517355 0.081496623788879369 0.072738504589475866 -0.075257029799930264
leaf_weight=0.33919177533243783 0.40221068426035322 0.13717034688534102 0.18828810751438141 0.027859268811880611 0.28376633767038584 0.24753426211555052 0.089911282352204802 0.17747625154152047 0.16699866784620099 0.10942669930227567 0.13636404126395973
leaf_count=6 6 31 1 7 6 34 59 9 4 6 190
internal_value=0.0029595 -0.00743552 -0.0187271 0.0205956 -0.0087347 0.0137694 0.0267449 0.0151727 0.0402742 0.00573935 -0.07533
internal_weight=2.3062 1.17566 1.03849 0.636278 0.44799 1.13054 0.883005 0.543813 0.366337 0.199338 0.164223
internal_count=359 241 210 204 203 118 84 78 69 65 197
is_linear=0
shrinkage=0.1


Tree=320
num_leaves=13
num_cat=0
split_feature=5 0 5 5 0 2 5 6 0 2 5 1
split_gain=0.0582007 0.154555 0.121871 0.144313 0.159274 0.177825 0.0928434 0.137147 0.000132544 1.09625e-06 2.31702e-07 4.0186e-08
threshold=27.950000000000003 0.91597561503675362 26.750000000000004 25.950000000000003 -0.78656609248549303 0.6078576107927941 24.050000000000004 69.15000000000002 -0.91597561503675329 0.87837969732492682 28.250000000000004 -0.9159756150367534
decision_type=2 2 2 2 2 2 2 2 2 2 2 2
left_child=2 8 3 4 6 -6 -1 -8 -2 10 -10 -12
right_child=1 -3 -4 -5 5 -7 7 -9 9 -11 11 -13
leaf_value=-0.021771960121952285 -0.079390239481224978 -0.0023441196337818872 0.027009777241652023 -0.032911477651774032 0.05736676891855054 -0.0054153631151279379 -0.013923791660374175 0.024456478628586603 -0.075519656805904223 -0.075691617485901905 -0.07519457449562239 -0.075057392646412535
leaf_weight=2.0835303794592592 0.14258680478087615 1.4194487663917241 1.7272558577242296 1.2924185351876074 0.99929349515878196 0.82247192709473893 1.9308374328538778 1.7980729168048126 0.020723369671032721 0.080467714869882911 0.069336121468950185 0.030857604726406973
leaf_count=25 5 17 36 34 29 14 21 34 3 13 55 73
internal_value=-8.98619e-05 -0.0169176 0.00269546 -0.00200924 0.0032223 0.0290225 -0.00486415 0.0045831 -0.0770574 -0.0754056 -0.0752153 -0.0751523
internal_weight=12.4173 1.76342 10.6539 8.92662 7.63421 1.82177 5.81244 3.72891 0.343972 0.201385 0.120917 0.100194
internal_count=359 166 193 157 123 43 80 55 149 144 131 128
is_linear=0
shrinkage=0.1


Tree=321
num_leaves=13
num_cat=0
split_feature=6 5 2 6 5 5 6 3 5 3 5 6
split_gain=0.0453705 0.0949141 0.110791 0.171688 0.165001 0.399069 0.224982 0.117285 0.105388 0.167256 0.0499234 0.0838991
threshold=71.450000000000017 26.750000000000004 0.87837969732492682 64.050000000000011 30.650000000000002 28.350000000000005 58.95000000000001 -0.56174490092936669 25.950000000000003 -1.0000000180025095e-35 24.550000000000004 73.750000000000014
decision_type=2 2 2 2 2 2 2 2 2 2 2 2
left_child=1 8 3 4 5 -3 -6 -5 9 -1 -2 -12
right_child=10 2 -4 7 6 -7 -8 -9 -10 -11 11 -13
leaf_value=-0.013061823305431087 -0.029185013630841913 -0.029333140325720253 0.023266933683022475 -0.012221810534520519 -0.062245530235863405 0.041755061006088945 0.010827661636885359 -0.082379839342663963 0.038316112086870302 0.031732931495320998 -0.022642208375801446 0.040615273663202452
leaf_weight=2.1170276883640327 1.0139047961856711 1.4092087839962917 1.1734183111693708 0.45248464919859543 0.90149362590454962 1.7962566692440303 0.79106433363631368 0.50334279610251531 1.2596589018066877 1.3748685743048539 0.50687351579836093 0.35758334926504176
leaf_count=35 34 24 20 12 29 63 14 31 26 22 16 33
internal_value=0.00030178 0.00260346 -0.00477795 -0.0103996 -0.00283426 0.0105028 -0.0280927 -0.0491673 0.0135201 0.00457527 -0.0141316 0.00352431
internal_weight=13.6572 11.7788 7.02727 5.85385 4.89802 3.20547 1.69256 0.955827 4.75156 3.4919 1.87836 0.864457
internal_count=359 276 193 173 130 87 43 43 83 57 83 49
is_linear=0
shrinkage=0.1


Tree=322
num_leaves=8
num_cat=0
split_feature=5 5 5 5 5 5 6
split_gain=0.0489958 0.0815102 0.13196 0.108825 0.248797 0.0882121 0.0234572
threshold=31.450000000000003 31.150000000000002 30.650000000000002 29.750000000000004 28.550000000000004 23.550000000000004 59.650000000000013
decision_type=2 2 2 2 2 2 2
left_child=1 2 3 4 5 -1 -5
right_child=-2 -3 -4 6 -6 -7 -8
leaf_value=0.013815579435687887 0.025386807823671077 -0.035941525379715789 0.039785035436036148 -0.040692832163201721 0.059527755437608777 -0.012383176841424719 -0.016555113513845601
leaf_weight=1.8271565418690388 0.65860207309015173 0.68964329827576953 0.75409748725360337 0.70972478913608916 0.67060640087584023 4.3327997323503951 0.93040089058922604
leaf_count=13 17 8 30 21 37 208 25
internal_value=-0.00102523 -0.00277974 -0.000300572 -0.00386917 0.00168494 -0.00461214 -0.0270001
internal_weight=10.573 9.91443 9.22479 8.47069 6.83056 6.15996 1.64013
internal_count=359 342 334 304 258 221 46
is_linear=0
shrinkage=0.1


Tree=323
num_leaves=17
num_cat=0
split_feature=4 8 5 6 8 2 6 5 2 6 6 6 5 2 5 0
split_gain=0.0285669 0.0541288 0.0602029 0.0774101 0.0413554 0.185896 0.0416872 0.0976438 0.036312 0.0586482 9.0964e-06 2.61845e-06 2.35972e-06 1.30697e-06 2.54083e-07 1.52211e-07
threshold=1.0000000180025095e-35 1.0000000180025095e-35 31.750000000000004 79.850000000000009 1.0000000180025095e-35 0.87837969732492682 75.250000000000014 23.650000000000002 0.6078576107927941 59.250000000000007 86.450000000000003 73.100000000000009 23.750000000000004 -1.0000000180025095e-35 24.250000000000004 -0.91597561503675329
decision_type=2 2 2 2 2 2 2 2 2 2 2 2 2 2 2 2
left_child=4 -2 3 11 5 10 7 -6 9 -9 12 14 -1 -14 -3 -10
right_child=1 2 -4 -5 6 -7 -8 8 15 -11 -12 -13 13 -15 -16 -17
leaf_value=-0.077631697100858127 0.050576743827964371 -0.075597215940746976 0.042653641400022355 0.06648742932602536 0.061796318404078676 0.063108436321551373 -0.016139849003119391 -0.078023988875144792 -0.075837539294867362 0.035735989359772749 -0.078454527505406282 -0.076186590420892708 -0.077232987165068157 -0.076358702035865644 -0.075218515459767349 -0.076117880322086051
leaf_weight=0.092414912302047125 0.31926475514774211 0.029141279403120168 0.14734162949025631 0.050622169394046068 0.31916876882314682 0.14067947270086734 0.47291848136228509 0.06355641092886799 0.044453528703343181 0.15792868520475167 0.11768623860552907 0.081955304984148825 0.040293580622801528 0.029703204282213846 0.045191298029521931 0.034319819952543185
leaf_count=3 29 3 4 3 4 18 25 14 17 42 3 11 18 32 103 30
internal_value=0.00358272 0.0207146 -0.0061982 -0.0409858 -0.00404299 -0.0306798 0.00621766 0.0232871 -0.0176474 0.00309192 -0.0777851 -0.0757968 -0.0773 -0.076862 -0.075367 -0.0759597
internal_weight=2.18664 0.673516 0.354252 0.20691 1.51312 0.420777 1.09235 0.619427 0.300258 0.221485 0.280098 0.156288 0.162412 0.0699968 0.0743326 0.0787733
internal_count=359 153 124 120 206 74 132 107 103 56 56 117 53 50 106 47
is_linear=0
shrinkage=0.1


Tree=324
num_leaves=11
num_cat=0
split_feature=5 1 5 5 2 5 0 0 2 2
split_gain=0.0643908 0.124906 0.104932 0.0964391 0.0885205 0.0676656 0.147529 0.0652599 0.0854914 6.70895e-07
threshold=27.050000000000004 0.1294095225512602 27.150000000000002 28.250000000000004 -1.0000000180025095e-35 29.050000000000004 0.91597561503675362 -0.91597561503675329 1.0000000180025095e-35 0.87837969732492682
decision_type=2 2 2 2 2 2 2 2 2 2
left_child=1 4 -2 -4 -1 -5 9 -3 -9 -7
right_child=2 7 3 5 -6 6 -8 8 -10 -11
leaf_value=0.0053250797393189732 -0.064054376688467599 -0.011107463515408178 0.0038871090991636549 -0.079384929216770692 0.044300453489539343 -0.07514908800390685 0.082133293800960683 0.027166166557329938 -0.0067896934044753346 -0.075609387748954107
leaf_weight=1.2266490053152668 0.35713326185941818 4.05524274520576 1.9820450166007506 0.26874044127544028 1.1100647496787113 0.085979816427425249 0.10574302077293396 1.3376512062968688 1.6636315826326606 0.050124218832934275
leaf_count=24 5 36 35 29 38 110 1 36 35 10
internal_value=-0.00019304 0.00380148 -0.0133596 -0.00609623 0.0238405 -0.0448505 -0.00647576 -0.00283428 0.0083442 -0.0753186
internal_weight=12.243 9.39324 2.84977 2.49263 2.33671 0.510587 0.241847 7.05653 3.00128 0.136104
internal_count=359 169 190 185 62 150 121 107 71 120
is_linear=0
shrinkage=0.1


Tree=325
num_leaves=12
num_cat=0
split_feature=6 3 2 2 6 6 5 5 5 8 5
split_gain=0.0415483 0.127775 0.135335 0.106114 0.442075 0.259961 0.155334 0.0755117 0.219072 0.11486 0.400809
threshold=68.050000000000011 -0.56174490092936669 -1.0000000180025095e-35 -0.8783796973249266 71.200000000000003 73.100000000000009 24.550000000000004 25.550000000000004 27.050000000000004 1.0000000180025095e-35 29.850000000000005
decision_type=2 2 2 2 2 2 2 2 2 2 2
left_child=1 2 -1 -2 -5 -6 -7 -3 -9 -10 -11
right_child=3 7 -4 4 5 6 -8 8 9 10 -12
leaf_value=0.0011385905628834585 0.013370060653300415 0.029477968516842736 0.044170468216342067 -0.081161583321851943 0.045571025249017495 -0.080971890171291708 0.005378137113987983 -0.053210891179238551 0.020449496144600458 -0.088184050902691047 0.0056114239388146935
leaf_weight=1.5595117257907987 1.459519834956154 0.61632513086078589 1.375447300495579 0.81630065245553973 0.89603405536035985 0.36442449915921316 0.48635195921815466 0.8838429815659764 1.8651371017913323 0.55272122712631366 2.5924892432522029
leaf_count=19 25 12 23 35 18 24 34 22 28 43 76
internal_value=0.0003577 0.00398235 0.0213052 -0.00815329 -0.0204094 0.00798067 -0.0316093 -0.00382682 -0.00730933 0.000787864 -0.0108717
internal_weight=13.4681 9.44547 2.93496 4.02263 2.56311 1.74681 0.850776 6.51052 5.89419 5.01035 3.14521
internal_count=359 223 42 136 111 76 58 181 169 147 119
is_linear=0
shrinkage=0.1


Tree=326
num_leaves=12
num_cat=0
split_feature=0 6 6 2 2 5 1 6 6 6 1
split_gain=0.0446934 0.119627 0.289055 0.258931 0.0813853 0.269828 0.189122 0.31212 0.148571 0.124487 0.0155417
threshold=0.91597561503675362 61.100000000000001 62.850000000000001 1.0000000180025095e-35 0.6078576107927941 23.050000000000004 -0.98296291314453399 79.850000000000009 72.15000000000002 71.050000000000011 -0.98296291314453399
decision_type=2 2 2 2 2 2 2 2 2 2 2
left_child=4 -2 -3 -4 5 -1 -7 8 -8 10 -6
right_child=1 2 3 -5 9 6 7 -9 -10 -11 -12
leaf_value=-0.085271677771354082 -0.047811767905098224 0.071083778068188261 -0.084608064737697053 0.029991885376552271 0.025646327207789546 -0.018616284738412845 0.011845701536229696 -0.079534240134322809 0.062899467885108168 -0.0058989530497095405 0.046130946812506478
leaf_weight=0.38919882755726387 0.69990139112633265 0.42084256606176473 0.42509329895983683 0.36769550256212824 0.74034073948860168 2.5377937448211001 1.5239177228795617 0.28574816716718476 0.9106081714562605 1.3734317346170426 0.74116079142550029
leaf_count=4 17 9 22 23 4 19 155 12 32 26 36
internal_value=-0.00107926 -0.0148871 0.00410062 -0.0314566 0.00202837 -0.00492806 0.00101893 0.019337 0.0309418 0.0157887 0.0358943
internal_weight=10.4157 1.91353 1.21363 0.792789 8.5022 5.64727 5.25807 2.72027 2.43453 2.85493 1.4815
internal_count=359 71 54 45 288 222 218 199 187 66 40
is_linear=0
shrinkage=0.1


Tree=327
num_leaves=10
num_cat=0
split_feature=6 6 6 6 8 6 3 2 2
split_gain=0.0286272 0.0909619 0.0616592 0.0923954 0.0975347 0.0703832 1.10474e-05 6.85337e-06 1.38067e-06
threshold=82.600000000000009 75.250000000000014 71.750000000000014 66.050000000000011 1.0000000180025095e-35 50.000000000000007 0.81174490092936691 0.87837969732492682 0.6078576107927941
decision_type=2 2 2 2 2 2 2 2 2
left_child=1 2 3 4 6 -6 -1 8 -5
right_child=-2 -3 -4 7 5 -7 -8 -9 -10
leaf_value=-0.07544721928953424 0.021265203381791019 -0.054594716827272551 0.041654168857818599 -0.075405383811560256 -0.078278207598945146 0.041035575560391113 -0.077510365566679451 -0.077211748960389959 -0.076115424331095263
leaf_weight=0.065630389741272777 0.66870101774111379 0.28296262703406672 0.38019727673190573 0.053946926213484403 0.055453718759963633 0.45598451065347945 0.04293061833595857 0.046774430066307104 0.055621235740545671
leaf_count=48 12 37 31 61 6 139 4 12 9
internal_value=0.00416806 -0.00377419 0.00865973 -0.00749861 0.00982513 0.0280987 -0.0762631 -0.0761984 -0.0757658
internal_weight=2.1082 1.4395 1.15654 0.776342 0.619999 0.511438 0.108561 0.156343 0.109568
internal_count=359 347 310 279 197 145 52 82 70
is_linear=0
shrinkage=0.1


Tree=328
num_leaves=12
num_cat=0
split_feature=5 2 6 1 8 0 1 2 5 6 5
split_gain=0.0553925 0.104471 0.183769 0.106536 0.129477 0.223796 0.102996 0.0877798 0.0717961 0.145258 0.311077
threshold=27.050000000000004 0.6078576107927941 69.15000000000002 -0.12940952255126037 1.0000000180025095e-35 0.91597561503675362 0.1294095225512602 -1.0000000180025095e-35 24.050000000000004 69.15000000000002 24.650000000000002
decision_type=2 2 2 2 2 2 2 2 2 2 2
left_child=6 2 3 4 -2 -6 7 -1 -8 -10 -11
right_child=1 -3 -4 -5 5 -7 8 -9 9 10 -12
leaf_value=0.0035549762211454432 -0.082217034599319783 0.012791672437488938 0.047292202234284035 0.0050638819612762089 -0.077679816067174945 0.080102744577366436 -0.013548483157531491 0.04278198800493957 -0.012691927290231829 -0.0045318376715722791 0.080179891519947394
leaf_weight=1.2155789791140708 0.71851124718705139 1.0173674233665222 0.27510535056353536 0.36246601771563502 0.2069300579960327 0.15894250571727753 3.1801062859594822 1.0748958311451113 1.8848072602413597 1.1763908818829802 0.68643970467383031
leaf_count=24 22 37 15 8 106 2 31 38 19 18 39
internal_value=-0.000129562 -0.0126151 -0.0276259 -0.0418709 -0.0575593 -0.00913585 0.00358068 0.0219638 -0.00249721 0.0068805 0.0266838
internal_weight=11.9575 2.73932 1.72196 1.44685 1.08438 0.365873 9.21822 2.29047 6.92774 3.74764 1.86283
internal_count=359 190 153 138 130 108 169 62 107 76 57
is_linear=0
shrinkage=0.1


Tree=329
num_leaves=9
num_cat=0
split_feature=9 6 5 5 5 2 2 6
split_gain=0.0434125 0.0495214 0.103301 0.0385771 0.0692508 0.185923 0.109999 0.14343
threshold=1.0000000180025095e-35 72.600000000000009 24.650000000000002 24.450000000000003 26.750000000000004 -1.0000000180025095e-35 0.87837969732492682 64.050000000000011
decision_type=2 2 2 2 2 2 2 2
left_child=1 3 -3 -1 5 -5 7 -6
right_child=-2 2 -4 4 6 -7 -8 -9
leaf_value=-0.015130019158475564 -0.021338417377854874 0.041956254069792587 -0.017831320718947948 0.038470585204479685 -0.0025654124272145307 -0.010876842233237257 0.024535245777112597 -0.046490717735547006
leaf_weight=1.5380646537523706 0.87593681382713917 0.80583925102837273 0.45057650981470942 1.5616225683479572 4.4487144229351543 1.4938494355010314 1.1221916300710288 0.89252068854693778
leaf_count=22 36 30 33 26 117 34 19 42
internal_value=0.000171978 0.00170216 0.0205152 -0.000435585 0.00193874 0.0143442 -0.0039257 -0.00990533
internal_weight=13.1893 12.3134 1.25642 11.057 9.5189 3.05547 6.46343 5.34124
internal_count=359 323 63 260 238 60 178 159
is_linear=0
shrinkage=0.1


Tree=330
num_leaves=8
num_cat=0
split_feature=3 6 5 1 3 5 5
split_gain=0.0407208 0.074479 0.061921 0.111221 0.147591 0.126718 0.220272
threshold=0.81174490092936691 56.650000000000013 30.450000000000003 -0.37940952255126015 1.0000000180025095e-35 24.050000000000004 27.950000000000003
decision_type=2 2 2 2 2 2 2
left_child=1 -1 3 4 -3 -5 -7
right_child=-2 2 -4 5 -6 6 -8
leaf_value=0.027377339138426712 -0.022037261175010925 0.062737087603306735 -0.018346505688350747 0.0070908000813995819 -0.0055538183874025947 -0.075903216601898776 -0.00087091889170838881
leaf_weight=0.95893790012632862 0.83766038575049684 0.64272461785003254 1.8226676690392194 3.5143991513177761 0.62345267753698863 0.58531620595022094 1.1801111259846946
leaf_count=37 35 33 32 30 31 144 17
internal_value=-0.000916974 0.000979721 -0.00204509 0.00249387 0.0291113 -0.00388938 -0.0257474
internal_weight=10.1653 9.32761 8.36867 6.546 1.26618 5.27983 1.76543
internal_count=359 324 287 255 64 191 161
is_linear=0
shrinkage=0.1


Tree=331
num_leaves=8
num_cat=0
split_feature=5 5 6 9 5 5 2
split_gain=0.0272021 0.121334 2.66773e-07 1.00519e-07 1.31798e-07 1.57999e-07 4.7921e-09
threshold=24.050000000000004 31.750000000000004 83.700000000000003 1.0000000180025095e-35 27.150000000000002 26.950000000000003 -0.60785761079279388
decision_type=2 2 2 2 2 2 2
left_child=-1 2 3 4 5 -2 -6
right_child=1 -3 -4 -5 6 -7 -8
leaf_value=0.010491691265370633 -0.07517579835471784 0.027676794102355257 -0.075635437052789023 -0.075368184088754869 -0.075101752926727827 -0.0754735933689622 -0.075033944360007113
leaf_weight=1.5754691644106062 0.049141568480990716 0.26372601930052042 0.018757263896986842 0.045617388685059268 0.047449368168145267 0.027949506496952381 0.013355664222899466
leaf_count=33 114 6 3 33 92 8 70
internal_value=0.00421376 -0.017011 -0.0752762 -0.0752395 -0.0751969 -0.0752838 -0.0750869
internal_weight=2.04147 0.465997 0.202271 0.183513 0.137896 0.0770911 0.060805
internal_count=359 326 320 317 284 122 162
is_linear=0
shrinkage=0.1


Tree=332
num_leaves=12
num_cat=0
split_feature=5 2 6 1 8 0 1 6 2 0 2
split_gain=0.0533438 0.100093 0.166225 0.097757 0.118388 0.205357 0.0909274 0.075211 0.428248 0.0626603 0.0774777
threshold=27.050000000000004 0.6078576107927941 69.15000000000002 -0.12940952255126037 1.0000000180025095e-35 0.91597561503675362 0.1294095225512602 61.45000000000001 -1.0000000180025095e-35 -0.91597561503675329 1.0000000180025095e-35
decision_type=2 2 2 2 2 2 2 2 2 2 2
left_child=6 2 3 4 -2 -6 7 -1 -9 -8 -11
right_child=1 -3 -4 -5 5 -7 9 8 -10 10 -12
leaf_value=-0.0032073695999154162 -0.081900337319910893 0.012231088131040232 0.044365103281080127 0.0029405864311126454 -0.077495008255200545 0.079656158791302709 -0.010486543121011271 -0.02602460407639668 0.084094156157128258 0.027156888233487022 -0.0056335086375813338
leaf_weight=0.8168655089102671 0.67605071121943072 1.0068602556420954 0.26712873706128437 0.35982578247785779 0.19209335126834048 0.14662081748247147 3.9064538609236479 0.63900427240878355 0.78949210738937803 1.2925325192627499 1.6284197323839178
leaf_count=10 22 37 15 8 106 2 36 18 34 36 35
internal_value=-0.000106423 -0.0125922 -0.0278163 -0.0418435 -0.0577235 -0.00946823 0.00353851 0.0209952 0.0348351 -0.00220256 0.00887637
internal_weight=11.7213 2.64858 1.64172 1.37459 1.01476 0.338714 9.07277 2.24536 1.4285 6.82741 2.92095
internal_count=359 190 153 138 130 108 169 62 52 107 71
is_linear=0
shrinkage=0.1


Tree=333
num_leaves=10
num_cat=0
split_feature=1 5 5 6 6 6 6 2 5
split_gain=0.0389013 0.337802 0.130544 0.137852 0.137119 0.215465 0.0550755 2.40397e-05 6.61714e-07
threshold=-0.98296291314453399 28.850000000000005 28.250000000000004 61.100000000000001 71.450000000000017 73.100000000000009 69.050000000000011 -1.0000000180025095e-35 30.350000000000005
decision_type=2 2 2 2 2 2 2 2 2
left_child=-1 2 3 -2 6 -6 -5 8 -3
right_child=1 7 -4 4 5 -7 -8 -9 -10
leaf_value=0.0097449320017868532 -0.03338465925105321 -0.075481242588951891 0.041079589926318917 0.004858374743791547 -0.086416861399539427 -0.0012098589174010252 0.027306691586807111 -0.076988868080179892 -0.075810288209049476
leaf_weight=3.3075513914227495 1.1810515808174331 0.088643321796553209 0.77868709492031563 4.0531799921009224 0.39511902876256488 1.1923482498968949 1.4964356890995985 0.30117743316805068 0.19680970438639633
leaf_count=23 19 34 20 79 15 65 31 36 37
internal_value=0.000381775 -0.00281637 0.00192663 -0.0017386 0.00349822 -0.0224178 0.0109115 -0.0763657 -0.0757081
internal_weight=12.991 9.68345 9.09682 8.31813 7.13708 1.58747 5.54962 0.58663 0.285453
internal_count=359 336 229 209 190 80 110 107 71
is_linear=0
shrinkage=0.1


Tree=334
num_leaves=7
num_cat=0
split_feature=5 5 5 6 6 6
split_gain=0.0427199 0.100725 0.123299 0.153322 0.18446 0.10386
threshold=22.700000000000003 23.550000000000004 23.750000000000004 50.000000000000007 54.050000000000004 72.600000000000009
decision_type=2 2 2 2 2 2
left_child=-1 -2 -3 -4 -5 -6
right_child=1 2 3 4 5 -7
leaf_value=-0.031604658195423505 0.026068300506991555 -0.040696193244209547 -0.067262662084749306 0.0691126327377517 0.0031273076738162933 -0.041451520676899029
leaf_weight=0.43978653848171312 1.3070483244955529 0.8165269047021847 0.32204701821319748 0.4016239583143032 6.173609137566018 0.57096344756791939
leaf_count=3 10 10 6 18 256 56
internal_value=-0.00112856 0.000268772 -0.0038015 0.00023232 0.00327402 -0.000646524
internal_weight=10.0316 9.59182 8.28477 7.46824 7.1462 6.74457
internal_count=359 356 346 336 330 312
is_linear=0
shrinkage=0.1


Tree=335
num_leaves=15
num_cat=0
split_feature=4 8 1 6 8 2 5 5 5 6 6 6 6 6
split_gain=0.0259066 0.0485729 0.0517925 0.0717746 0.0420367 0.166996 0.0389901 0.0912252 0.0333616 7.55972e-06 7.47268e-07 3.55273e-07 4.16978e-07 3.07681e-07
threshold=1.0000000180025095e-35 1.0000000180025095e-35 -0.9159756150367534 79.850000000000009 1.0000000180025095e-35 0.87837969732492682 23.950000000000003 24.050000000000004 32.20000000000001 83.700000000000003 62.050000000000004 77.800000000000026 52.850000000000009 83.700000000000003
decision_type=2 2 2 2 2 2 2 2 2 2 2 2 2 2
left_child=4 -2 -3 11 5 9 -6 -8 13 10 -1 12 -4 -9
right_child=1 2 3 -5 6 -7 7 8 -10 -11 -12 -13 -14 -15
leaf_value=-0.077300461443562424 0.050525852677512896 0.040427363355639095 -0.076220730539151821 0.067091926166724478 -0.010052104473247411 0.061706249196442603 0.070018303756248845 -0.075213981240713615 0.010542639571380328 -0.078052072767994293 -0.076755947959961587 -0.076184612793701756 -0.075723494517523623 -0.075749613630980372
leaf_weight=0.040194756108121621 0.29116992144554388 0.13960038646837347 0.021372692141994665 0.046825334662571549 0.57893315982073545 0.12837109894553578 0.24469434912316501 0.059878221796680009 0.11927824094891548 0.153258734382689 0.06757518671906837 0.038678013483149698 0.079964505360521798 0.013064027763903141
leaf_count=12 29 37 8 3 10 18 4 115 2 4 40 5 71 1
internal_value=0.00376154 0.0208319 -0.00565378 -0.0400839 -0.00374092 -0.0316763 0.0069674 0.0295191 -0.022036 -0.0776008 -0.076959 -0.0759268 -0.0758284 -0.0753099
internal_weight=2.02286 0.617611 0.326441 0.186841 1.40525 0.3894 1.01585 0.436915 0.19222 0.261029 0.10777 0.140015 0.101337 0.0729422
internal_count=359 153 124 87 206 74 132 122 118 56 52 84 79 116
is_linear=0
shrinkage=0.1


Tree=336
num_leaves=12
num_cat=0
split_feature=5 5 1 6 5 6 2 2 6 5 5
split_gain=0.100249 0.0796768 0.296947 0.0882033 0.204834 0.164936 0.330003 0.164822 0.000236026 4.35457e-06 8.20791e-07
threshold=22.700000000000003 24.050000000000004 0.37940952255126026 69.15000000000002 24.650000000000002 64.750000000000014 0.6078576107927941 -1.0000000180025095e-35 67.550000000000011 24.350000000000005 24.950000000000003
decision_type=2 2 2 2 2 2 2 2 2 2 2
left_child=-1 -2 3 5 -5 6 -3 -7 -4 -10 -11
right_child=1 2 8 4 -6 7 -8 -9 9 10 -12
leaf_value=0.044264494709932357 -0.016762517181951736 -0.01493654081501947 0.080193577091190904 -0.017109723024680053 0.046008128245302725 -0.0048524397853534733 0.052277349383263928 -0.06057395562169493 0.076255501383884428 0.075678277868545141 0.075225801810730464
leaf_weight=0.48500266671180803 2.7985686445608726 2.4869859878526754 0.21680801361799229 0.99001178424805436 1.069711889605969 1.1575478073282286 1.0342377680863135 0.98050242235331087 0.11946465959772468 0.082385720568709075 0.078091234376188368
leaf_count=3 30 140 4 7 40 26 33 27 7 11 31
internal_value=-0.000230441 -0.00218972 0.00277428 -0.00204858 0.0156704 -0.00849749 0.00480522 -0.0304061 0.0777167 0.0757984 0.0754581
internal_weight=11.4993 11.0143 8.21575 7.719 2.05972 5.65927 3.52122 2.13805 0.49675 0.279942 0.160477
internal_count=359 356 326 273 47 226 173 53 53 49 42
is_linear=0
shrinkage=0.1


Tree=337
num_leaves=13
num_cat=0
split_feature=6 6 3 2 3 6 6 6 5 6 5 0
split_gain=0.038883 0.323406 0.119252 0.0921547 0.24811 0.192345 0.073653 0.264634 0.128744 0.116041 0.0868392 0.00812903
threshold=68.050000000000011 69.050000000000011 -0.56174490092936669 -0.8783796973249266 1.0000000180025095e-35 74.750000000000014 57.300000000000004 59.250000000000007 30.450000000000003 66.050000000000011 30.350000000000005 0.12940952255126059
decision_type=2 2 2 2 2 2 2 2 2 2 2 2
left_child=2 -2 11 -3 5 -5 10 -8 9 -9 -4 -1
right_child=1 3 6 4 -6 -7 7 8 -10 -11 -12 -13
leaf_value=0.0264785028751129 -0.084310206093504203 0.024554974816074993 -0.011659973272434027 -0.080332801902688017 0.026036662758406322 0.0048877495610031426 -0.07233258707263672 -0.021041026639689209 0.035617438633911425 0.024750531271005117 0.033479663864436966 0.01570529235394591
leaf_weight=1.3466663924627931 0.4876906576973864 1.2341737840906724 0.7637978542188637 0.60809961023915071 0.99524811509763811 0.46919278311543167 0.60398614237783466 2.3491412923904145 0.76396106823813159 0.72394757939036924 0.96418735300539993 1.4594850851572116
leaf_count=21 16 20 16 31 39 30 18 74 18 20 35 21
internal_value=0.000196565 -0.00829018 0.00378448 0.00292163 -0.00996077 -0.0432167 -0.00398977 -0.0108055 -0.00112063 -0.0102536 0.0135272 0.0208753
internal_weight=12.7696 3.7944 8.97517 3.30671 2.07254 1.07729 6.16902 4.44104 3.83705 3.07309 1.72799 2.80615
internal_count=359 136 223 120 100 61 181 130 112 94 51 42
is_linear=0
shrinkage=0.1


Tree=338
num_leaves=7
num_cat=0
split_feature=6 6 5 5 5 5
split_gain=0.0417191 0.0740045 0.0757878 0.347167 0.0960922 0.257466
threshold=79.850000000000009 74.450000000000017 23.550000000000004 23.750000000000004 24.050000000000004 27.950000000000003
decision_type=2 2 2 2 2 2
left_child=1 2 -1 -4 -5 -6
right_child=-2 -3 3 4 5 -7
leaf_value=0.034860146060812981 -0.020387953752509715 0.02931893219927258 -0.086110253661638436 0.033122085854433901 -0.075748179141578845 0.0028653460842028768
leaf_weight=0.53239065408706299 0.97678953935974355 0.85692872419167621 0.48387879785150278 0.84359860233962525 0.44934574580111064 5.7179233606584603
leaf_count=4 19 38 6 7 120 165
internal_value=-0.000771714 0.00138506 -0.00159699 -0.00418673 0.0014675 -0.00286242
internal_weight=9.86086 8.88407 8.02714 7.49475 7.01087 6.16727
internal_count=359 340 302 298 292 285
is_linear=0
shrinkage=0.1


Tree=339
num_leaves=15
num_cat=0
split_feature=4 1 5 6 8 2 5 5 5 6 6 6 6 3
split_gain=0.0246899 0.0477264 0.0543316 0.074394 0.0384895 0.150575 0.0335684 0.0806519 0.0315624 5.60549e-06 8.81274e-07 4.51324e-07 2.47645e-07 1.4002e-07
threshold=1.0000000180025095e-35 0.37940952255126026 31.750000000000004 79.850000000000009 1.0000000180025095e-35 0.87837969732492682 23.950000000000003 24.050000000000004 32.20000000000001 83.700000000000003 73.100000000000009 62.050000000000004 83.700000000000003 1.0000000180025095e-35
decision_type=2 2 2 2 2 2 2 2 2 2 2 2 2 2
left_child=4 2 3 10 5 9 -6 -8 12 11 13 -1 -9 -2
right_child=1 -3 -4 -5 6 -7 7 8 -10 -11 -12 -13 -14 -15
leaf_value=-0.07708245070036239 -0.07508402612439459 0.050866354573398942 0.042522596010805269 0.077461718466453999 -0.0090550025116802376 0.058496294533928551 0.067391205733941945 -0.07520118674272637 0.010158355346553462 -0.077782461797529429 -0.075875012439225023 -0.07664120242506138 -0.075698863131317268 -0.075343404664735464
leaf_weight=0.036585644010756257 0.027852270200810492 0.28133826541670715 0.13468168489634991 0.041026424616575241 0.57311068847775448 0.12338665590050368 0.23323414125479758 0.055493180705298073 0.11961295083165169 0.14077313477173448 0.031857030458922964 0.063264436181270867 0.012195918709039688 0.082342065367583928
leaf_count=12 63 16 4 1 10 18 4 115 2 4 5 40 1 64
internal_value=0.00396045 0.0208702 -0.0056878 -0.0411539 -0.00350139 -0.03132 0.00668961 0.0281465 -0.0207221 -0.077376 -0.0754118 -0.0768029 -0.0752909 -0.0752778
internal_weight=1.95675 0.599098 0.317759 0.183078 1.35766 0.36401 0.993647 0.420536 0.187302 0.240623 0.142051 0.0998501 0.0676891 0.110194
internal_count=359 153 137 133 206 74 132 122 118 56 132 52 116 127
is_linear=0
shrinkage=0.1


Tree=340
num_leaves=13
num_cat=0
split_feature=5 1 2 6 8 6 6 2 0 5 6 0
split_gain=0.0554794 0.0868483 0.0776057 0.143526 0.143022 0.114462 0.0734023 0.390582 0.0704488 0.129627 0.0939784 2.57642e-05
threshold=27.050000000000004 0.1294095225512602 0.6078576107927941 66.050000000000011 1.0000000180025095e-35 59.650000000000013 61.45000000000001 -1.0000000180025095e-35 -0.78656609248549303 24.050000000000004 69.15000000000002 -0.91597561503675329
decision_type=2 2 2 2 2 2 2 2 2 2 2 2
left_child=1 6 3 4 -2 11 -1 -8 9 -3 -11 -6
right_child=2 8 -4 -5 5 -7 7 -9 -10 10 -12 -13
leaf_value=-0.0031917297440175979 -0.064882575325307501 -0.029828028939128177 0.0088086276836012774 0.025867851549588622 -0.078630181260033974 0.057951994880899284 -0.023168522789595979 0.083636256023503108 0.017487582751808339 -0.012146970947264059 0.021287550829011251 -0.075100142792558
leaf_weight=0.81310783058870439 0.87672299660880437 1.7560669574886558 0.96650592017249426 0.38261660442367418 0.058715134859084195 0.20127158186369343 0.63206385355442773 0.74712450169317857 1.4036515969200989 1.7763870954513552 1.5960325173800809 0.031913299792907468
leaf_count=10 23 24 37 29 1 41 18 34 35 19 29 59
internal_value=-0.000356739 0.00341705 -0.0134336 -0.0272917 -0.0446966 0.0159322 0.0206393 0.034689 -0.00236303 -0.00779608 0.00367626 -0.0773871
internal_weight=11.2422 8.72443 2.51775 1.55124 1.16862 0.2919 2.1923 1.37919 6.53214 5.12849 3.37242 0.0906284
internal_count=359 169 190 153 124 101 62 52 107 72 48 60
is_linear=0
shrinkage=0.1


Tree=341
num_leaves=13
num_cat=0
split_feature=5 2 1 5 1 5 0 5 3 6 6 1
split_gain=0.0493261 0.0532061 0.0996083 0.446041 0.198839 0.136938 0.0956305 0.500319 0.24714 0.0702123 0.00150957 0.00019728
threshold=23.650000000000002 -1.0000000180025095e-35 -0.12940952255126037 26.750000000000004 -0.98296291314453399 27.050000000000004 -0.91597561503675329 26.650000000000002 1.0000000180025095e-35 69.050000000000011 63.250000000000007 1.0000000180025095e-35
decision_type=2 2 2 2 2 2 2 2 2 2 2 2
left_child=-1 2 3 -2 -5 -6 -3 10 -9 -4 -8 -12
right_child=1 6 9 4 5 -7 7 8 -10 -11 11 -13
leaf_value=-0.033067172791496374 0.086434485772704378 0.024732955897919601 -0.046236818768258081 0.0095612437879980805 -0.087524633115100184 -0.0188902044209781 -0.089383227396706927 0.038515260384590667 -0.017732480809982323 -0.0078071190390722875 -0.081482206180549133 -0.077112071895866954
leaf_weight=0.43330838927067894 0.56039330363273521 2.1696456139907241 0.81909448141232122 2.1697661634534589 0.40735578536987427 1.0150555507425449 0.21851978544145767 1.8344547532033177 1.3604568508744703 1.133102260995656 0.19095876067876816 0.22502429893938825
leaf_count=20 4 32 24 15 3 99 4 35 36 39 2 46
internal_value=8.42273e-05 0.00127102 -0.00530141 0.00345682 -0.00948801 -0.038546 0.00795927 -0.00154426 0.0145639 -0.0239313 -0.0826534 -0.0791182
internal_weight=12.5371 12.1038 6.10477 4.15257 3.59218 1.42241 5.99906 3.82941 3.19491 1.9522 0.634503 0.415983
internal_count=359 339 184 121 117 102 155 123 71 63 52 48
is_linear=0
shrinkage=0.1


Tree=342
num_leaves=8
num_cat=0
split_feature=5 5 5 5 6 6 6
split_gain=0.042376 0.0595441 0.101632 0.0807524 0.113836 0.220365 0.193274
threshold=31.450000000000003 31.150000000000002 30.650000000000002 30.350000000000005 63.050000000000004 61.100000000000001 64.050000000000011
decision_type=2 2 2 2 2 2 2
left_child=1 2 3 4 5 -1 -6
right_child=-2 -3 -4 -5 6 -7 -8
leaf_value=-0.0051223582497337827 0.025116332449998103 -0.031005397549196567 0.036263592036769161 -0.0329353686962994 -0.078822234305826633 0.059878148620789565 -0.0026892904465219336
leaf_weight=1.4156995017692646 0.6085873811971404 0.6625437425682329 0.71255084632139176 0.81703613337595005 0.36157688185630821 0.82580319326370943 4.2862436020641326
leaf_count=57 17 8 30 18 21 25 183
internal_value=-0.000429109 -0.00214102 0.000130523 -0.00321044 0.000314776 0.0188248 -0.00861205
internal_weight=9.69004 9.08145 8.41891 7.70636 6.88932 2.2415 4.64782
internal_count=359 342 334 304 286 82 204
is_linear=0
shrinkage=0.1


Tree=343
num_leaves=15
num_cat=0
split_feature=4 6 1 8 2 6 5 0 6 6 5 6 5 5
split_gain=0.0233621 0.0435283 0.0841208 0.036019 0.137532 0.0372518 0.0840232 0.0305671 0.053353 4.99497e-06 9.23595e-07 5.10351e-07 1.60458e-07 2.72558e-09
threshold=1.0000000180025095e-35 71.750000000000014 -0.9159756150367534 1.0000000180025095e-35 0.87837969732492682 75.250000000000014 23.650000000000002 -0.91597561503675329 59.250000000000007 83.700000000000003 31.750000000000004 62.050000000000004 27.150000000000002 27.650000000000002
decision_type=2 2 2 2 2 2 2 2 2 2 2 2 2 2
left_child=3 2 -2 4 9 6 -5 -8 -9 11 12 -1 -4 -14
right_child=1 -3 10 5 -6 -7 7 8 -10 -11 -12 -13 13 -15
leaf_value=-0.076969725958640878 0.042949854195995042 0.043881998534280313 -0.075421682745472715 0.061196693901728487 0.056258907405226544 -0.016118712002080465 -0.075905157437129944 -0.077786501570982297 0.035916054398478163 -0.077624488678391779 -0.075970315795161336 -0.076484047748449621 -0.075142280059764935 -0.075066719201848209
leaf_weight=0.034675257939397741 0.12958601661375724 0.33487734568188898 0.058585885759384948 0.28401643410325039 0.1174296281747047 0.42160833701564115 0.066258048223516997 0.058432764634062662 0.14049073455544203 0.13295454485341907 0.032632208429276943 0.057534568000392028 0.0076863955109729423 0.012598187874459654
leaf_count=12 35 24 24 4 18 25 37 26 40 4 2 40 5 63
internal_value=0.00376457 0.0205564 -0.0118434 -0.00359916 -0.031476 0.00623847 0.0234016 -0.0170779 0.00251651 -0.0772322 -0.0755229 -0.0766667 -0.0753378 -0.0750954
internal_weight=1.88937 0.575966 0.241089 1.3134 0.342594 0.970806 0.549198 0.265182 0.198923 0.225164 0.111503 0.0922098 0.0788705 0.0202846
internal_count=359 153 129 206 74 132 107 103 66 56 94 52 92 68
is_linear=0
shrinkage=0.1


Tree=344
num_leaves=14
num_cat=0
split_feature=5 0 5 1 5 5 5 3 6 0 2 5 1
split_gain=0.0501296 0.117962 0.105098 0.133837 0.279039 0.102043 0.133293 0.0886379 0.0874337 5.83327e-05 7.35459e-07 2.78949e-07 1.68352e-08
threshold=27.950000000000003 0.91597561503675362 26.750000000000004 -0.12940952255126037 25.350000000000005 24.450000000000003 24.950000000000003 -0.56174490092936669 72.15000000000002 -0.91597561503675329 0.87837969732492682 28.250000000000004 -0.9159756150367534
decision_type=2 2 2 2 2 2 2 2 2 2 2 2 2
left_child=2 9 3 -1 5 8 -7 -6 -5 -2 11 -11 -13
right_child=1 -3 -4 4 7 6 -8 -9 -10 10 -12 12 -14
leaf_value=-0.03474254377261881 -0.078354828649706915 -0.0041807320226728119 0.027215807405667383 0.020529975741754056 0.022405684587468336 0.001306215156635402 -0.055725946472075585 0.08218808059477839 -0.0087101610444495006 -0.075549287416498287 -0.075631800374118568 -0.075147498509677071 -0.075043720213758047
leaf_weight=1.090913698077199 0.11195083287020668 1.2389783996623007 1.4329423202725582 1.6913288412615664 0.50056181446416304 0.84092244238127001 0.799317981232889 0.49156842580123328 2.5865413771243766 0.018584765959531957 0.070887081790715456 0.05083979351002188 0.022571846994651534
leaf_count=8 5 17 36 23 22 18 26 32 28 3 13 55 73
internal_value=-0.000435515 -0.0173281 0.0022751 -0.00219158 0.00294721 -0.0052805 -0.0264866 0.0520259 0.00285042 -0.0765975 -0.0753897 -0.0752032 -0.0751156
internal_weight=10.9479 1.51381 9.4341 8.00115 6.91024 5.91811 1.64024 0.99213 4.27787 0.274834 0.162883 0.0919964 0.0734116
internal_count=359 166 193 157 149 95 44 54 51 149 144 131 128
is_linear=0
shrinkage=0.1


Tree=345
num_leaves=12
num_cat=0
split_feature=9 6 1 6 5 6 5 3 5 2 5
split_gain=0.0443452 0.0569339 0.111934 0.362572 0.119057 0.108871 0.125049 0.175738 0.0847186 0.0815177 0.112534
threshold=1.0000000180025095e-35 69.050000000000011 -0.12940952255126037 65.450000000000017 26.750000000000004 70.550000000000011 24.650000000000002 1.0000000180025095e-35 24.250000000000004 0.87837969732492682 28.350000000000005
decision_type=2 2 2 2 2 2 2 2 2 2 2
left_child=1 2 4 -4 -1 -3 8 -8 -7 10 -6
right_child=-2 5 3 -5 9 6 7 -9 -10 -11 -12
leaf_value=0.037762341757036862 -0.022225815484325267 0.053242147357862084 0.0091631530286007176 -0.081340438063855394 -0.028434111691244865 -0.0043871880430376153 -0.080368285299311892 0.029374302682610282 0.041037444428768791 0.023726913793027795 0.0040431842738044583
leaf_weight=0.892566278576849 0.83131767481973007 0.56613252263923586 1.2207177009549921 0.69448267662664864 1.6208302443847058 0.81662989879259862 0.35184492063126516 0.24932132684625685 0.82573392588528804 1.0508768726140258 3.1218473431799794
leaf_count=6 36 17 36 26 23 28 31 18 13 15 110
internal_value=7.23767e-05 0.00169685 -0.00234023 -0.0236549 0.00376523 0.0140557 0.00416744 -0.0348548 0.018451 -0.00147243 -0.00705607
internal_weight=12.2423 11.411 8.60132 1.9152 6.68612 2.80966 2.24353 0.601166 1.64236 5.79355 4.74268
internal_count=359 323 216 62 154 107 90 49 41 148 133
is_linear=0
shrinkage=0.1


Tree=346
num_leaves=7
num_cat=0
split_feature=3 6 6 6 6 5
split_gain=0.0399646 0.0569064 0.0501806 0.118168 0.189478 0.369749
threshold=0.81174490092936691 56.650000000000013 59.45000000000001 61.800000000000004 62.150000000000013 29.850000000000005
decision_type=2 2 2 2 2 2
left_child=1 -1 -3 -4 -5 -6
right_child=-2 2 3 4 5 -7
leaf_value=0.02550093888679953 -0.022181188179202112 -0.015243453737457634 0.043473258980925723 -0.065997272005156982 -0.0054565335762568742 0.083651734057759261
leaf_weight=0.89606760125024987 0.76706572352304725 1.9018369109398916 0.65538487097364839 0.41991617259918701 4.3939129644895729 0.52086236304603506
leaf_count=37 35 38 35 9 183 22
internal_value=-0.000291001 0.0016197 -0.00109183 0.00340128 -0.0015217 0.00398706
internal_weight=9.55505 8.78798 7.89191 5.99008 5.33469 4.91478
internal_count=359 324 287 249 214 205
is_linear=0
shrinkage=0.1


Tree=347
num_leaves=10
num_cat=0
split_feature=6 6 6 6 8 5 2 5 2
split_gain=0.0201957 0.0864305 0.0532136 0.0789725 0.0791835 0.0548647 4.86793e-06 3.93099e-06 9.22538e-07
threshold=82.600000000000009 75.250000000000014 71.750000000000014 66.050000000000011 1.0000000180025095e-35 23.950000000000003 0.87837969732492682 24.250000000000004 0.6078576107927941
decision_type=2 2 2 2 2 2 2 2 2
left_child=1 2 3 4 7 -6 8 -1 -5
right_child=-2 -3 -4 6 5 -7 -8 -9 -10
leaf_value=-0.076583687359798244 0.019183376873272484 -0.056291701334708434 0.042614005363827728 -0.075343900416405832 0.079503330996176375 0.0041240748628340925 -0.076995512767108407 -0.075247959694292793 -0.075987547676266518
leaf_weight=0.048463298007845657 0.57386158336885285 0.24831966148440177 0.3284382482570436 0.041726381061835127 0.1392785981297493 0.31480335415437821 0.041708518320774601 0.040399018587550017 0.047752960773323139
leaf_count=2 12 37 31 61 2 143 12 50 9
internal_value=0.00365116 -0.00347445 0.00960749 -0.00647334 0.0103509 0.0272448 -0.0761033 -0.0759764 -0.0756874
internal_weight=1.82475 1.25089 1.00257 0.674132 0.542944 0.454082 0.131188 0.0888623 0.0894793
internal_count=359 347 310 279 197 145 82 52 70
is_linear=0
shrinkage=0.1


Tree=348
num_leaves=13
num_cat=0
split_feature=5 1 2 6 1 8 0 6 2 0 5 6
split_gain=0.0496891 0.0869697 0.0794874 0.215709 0.100986 0.101106 0.167044 0.0717385 0.324956 0.0626804 0.114139 0.0885767
threshold=27.050000000000004 0.1294095225512602 0.6078576107927941 69.350000000000009 -0.12940952255126037 1.0000000180025095e-35 0.91597561503675362 61.45000000000001 -1.0000000180025095e-35 -0.78656609248549303 24.050000000000004 69.15000000000002
decision_type=2 2 2 2 2 2 2 2 2 2 2 2
left_child=1 7 3 4 5 -2 -7 -1 -9 10 -3 -12
right_child=2 9 -4 -5 -6 6 -8 8 -10 -11 11 -13
leaf_value=-0.0030198116557223573 -0.080717226363733463 -0.028660210407111114 0.009559877899485314 0.069149682839806548 0.0046011231743652691 -0.077019656101007528 0.078789471914274933 -0.020215023507723948 0.082852831256248469 0.0162598258286617 -0.012512916659348037 0.02055431252312544
leaf_weight=0.74659791809972187 0.66311617976680193 1.7156913876533497 0.94269804847863259 0.19925883726682503 0.33315575122833452 0.15769444951547484 0.12207614630460739 0.55840910377446551 0.67647513133124437 1.3854790897748905 1.7020065637771042 1.5457960313651709
leaf_count=10 23 24 37 14 8 106 2 18 34 35 19 29
internal_value=-0.00050167 0.00316145 -0.0131218 -0.0276151 -0.0427253 -0.0594474 -0.00903332 0.0214511 0.036246 -0.00254667 -0.0077962 0.00322548
internal_weight=10.7485 8.33046 2.418 1.4753 1.27604 0.942887 0.279771 1.98148 1.23488 6.34897 4.96349 3.2478
internal_count=359 169 190 153 139 131 108 62 52 107 72 48
is_linear=0
shrinkage=0.1


Tree=349
num_leaves=12
num_cat=0
split_feature=7 5 6 6 6 5 6 2 6 4 5
split_gain=0.0431341 0.20349 0.085517 0.2478 0.155313 0.173536 0.146707 0.100997 0.0932311 0.0692238 0.154749
threshold=1.0000000180025095e-35 28.650000000000002 61.100000000000001 59.650000000000013 62.150000000000013 28.450000000000003 68.050000000000011 -0.8783796973249266 66.600000000000009 1.0000000180025095e-35 29.950000000000003
decision_type=2 2 2 2 2 2 2 2 2 2 2
left_child=1 -1 3 9 -4 6 -6 -8 -7 -2 -11
right_child=2 -3 4 -5 5 8 7 -9 -10 10 -12
leaf_value=-0.032309377618214001 0.011585043678942565 0.078826396450860536 0.043085871082149896 -0.06293625519250011 0.022505279683607368 -0.083771108254151155 0.012702861967290119 -0.023499775150827143 -0.012600746703344975 0.021996291895112319 -0.052874770438935549
leaf_weight=0.31928091122972446 1.8551096667360985 0.34041223197709769 0.93229269646690216 0.80078143716673356 2.6798314739135094 0.3486602328630396 1.2759005581028751 1.9457552953390413 0.38988650401006453 0.49335912315291353 0.62675863264303189
leaf_count=38 34 8 17 25 38 24 17 95 19 17 27
internal_value=0.000180268 0.0250385 -0.00126477 -0.0135578 0.00486525 -0.000501109 0.00521786 -0.00916213 -0.0461995 -0.000267583 -0.0198976
internal_weight=12.008 0.659693 11.3483 3.77601 7.57233 6.64003 5.90149 3.22166 0.738547 2.97523 1.12012
internal_count=359 46 313 103 210 193 150 112 43 78 44
is_linear=0
shrinkage=0.1


Tree=350
num_leaves=12
num_cat=0
split_feature=0 6 2 5 6 6 6 5 6 6 6
split_gain=0.038097 0.112386 0.0707133 0.247268 0.170406 0.11262 0.29373 0.236841 0.104102 0.0373816 0.000950202
threshold=0.91597561503675362 61.100000000000001 0.6078576107927941 23.050000000000004 51.050000000000004 58.95000000000001 62.150000000000013 30.650000000000002 71.050000000000011 63.250000000000007 69.15000000000002
decision_type=2 2 2 2 2 2 2 2 2 2 2
left_child=2 -2 3 -1 -5 7 -7 -6 -4 -3 -11
right_child=1 9 8 4 5 6 -8 -9 -10 10 -12
leaf_value=-0.084400884844297697 -0.047468839655368564 0.025614672515749382 0.035864723550894866 -0.066082930826200925 -0.015368060991486963 -0.044681946727829956 0.018801568625297138 0.076618433190816251 -0.0040254927409310746 -0.015903525526977529 -0.0076529276592211329
leaf_weight=0.3568643545731901 0.6261223630135645 0.50588991079712264 1.3198838823591361 0.34221808111760754 0.51689906915998995 1.0884690002130812 2.2058399685338372 0.61048356007086113 1.297210660362907 0.28808853153168457 0.27079467832118098
leaf_count=4 17 12 40 8 26 34 129 21 26 28 14
internal_value=-0.00025107 -0.0138489 0.00272036 -0.00411374 0.00190057 0.00716217 -0.00217395 0.0344431 0.0160924 0.00592071 -0.0119059
internal_weight=9.42876 1.6909 7.73787 5.12077 4.76391 4.42169 3.29431 1.12738 2.61709 1.06477 0.558883
internal_count=359 71 288 222 218 210 163 47 66 54 42
is_linear=0
shrinkage=0.1


Tree=351
num_leaves=12
num_cat=0
split_feature=4 5 6 8 5 6 6 5 6 6 5
split_gain=0.0230228 0.0397014 0.0909588 0.0396702 0.0511264 0.0599503 0.0252688 0.0631003 0.0288336 1.57369e-06 7.09538e-08
threshold=1.0000000180025095e-35 23.950000000000003 83.700000000000003 1.0000000180025095e-35 31.750000000000004 79.850000000000009 59.250000000000007 32.20000000000001 73.750000000000014 73.100000000000009 24.250000000000004
decision_type=2 2 2 2 2 2 2 2 2 2 2
left_child=1 -1 6 -2 5 9 -3 8 -8 10 -5
right_child=3 2 -4 4 -6 -7 7 -9 -10 -11 -12
leaf_value=-0.017513260929683101 0.049095027426199658 -0.077602617278722627 0.075918636740064382 -0.075428101511932549 0.042992672275967647 0.064043118927373507 -0.076015064735094381 0.079088931097816562 0.021323658672205814 -0.075986523794319444 -0.075195464007183382
leaf_weight=0.80469609936699249 0.2544349574673106 0.055576794580588285 0.17379614384844899 0.020016511902213208 0.12648924812674522 0.040697616641409695 0.084655431462010711 0.065370015799999237 0.04751088553439331 0.067258164832310285 0.037998990904043239
leaf_count=18 29 34 3 3 4 3 118 1 32 11 103
internal_value=0.0031458 -0.00443594 0.020214 0.0202198 -0.00490104 -0.0414016 -0.0180348 -0.0012754 -0.0410239 -0.0756573 -0.0752757
internal_weight=1.7785 1.23161 0.426909 0.546895 0.292461 0.165971 0.253113 0.197536 0.132166 0.125274 0.0580155
internal_count=359 206 188 153 124 120 185 151 150 117 106
is_linear=0
shrinkage=0.1


Tree=352
num_leaves=12
num_cat=0
split_feature=5 6 2 1 5 6 5 5 5 0 2
split_gain=0.0474047 0.0865016 0.127689 0.0912637 0.120892 0.14743 0.0761104 0.0857085 0.0622263 0.113298 3.78639e-07
threshold=27.050000000000004 69.050000000000011 1.0000000180025095e-35 0.60355339059327384 24.050000000000004 71.450000000000017 27.150000000000002 28.250000000000004 29.050000000000004 0.91597561503675362 0.87837969732492682
decision_type=2 2 2 2 2 2 2 2 2 2 2
left_child=1 2 -1 4 -3 -6 -2 -8 -9 10 -10
right_child=6 3 -4 -5 5 -7 7 8 9 -11 -12
leaf_value=0.029720302672869594 -0.061963149338916147 -0.040756622358706841 -0.0088991336959259419 0.015555191843116663 -0.030688552114721542 0.023617513998142631 0.0043122330118499736 -0.07910987222250275 -0.07510386300318779 0.080685797927186609 -0.075499032775405955
leaf_weight=2.2056597781484002 0.27984063187614205 1.1750712823122742 1.3992645240214185 1.376135822443757 0.89746402337914366 1.128506605804432 1.6026691662846135 0.24449780265695142 0.058335515138423943 0.08733675628900528 0.041493704164167866
leaf_count=33 5 18 33 35 23 27 35 29 110 1 10
internal_value=-0.000429927 0.00314411 0.01473 -0.00598081 -0.0152392 -0.000438975 -0.0130665 -0.00634027 -0.0458906 -0.00249576 -0.0752681
internal_weight=10.4963 8.1821 3.60492 4.57718 3.20104 2.02597 2.31417 2.03433 0.431664 0.187166 0.0998292
internal_count=359 169 66 103 68 50 190 185 150 121 120
is_linear=0
shrinkage=0.1


Tree=353
num_leaves=12
num_cat=0
split_feature=9 6 5 6 6 1 5 5 6 6 5
split_gain=0.0405646 0.0604921 0.10203 0.0906053 0.109671 0.0797721 0.162076 0.102528 0.171007 0.0614753 0.0165428
threshold=1.0000000180025095e-35 69.050000000000011 25.250000000000004 71.450000000000017 74.750000000000014 -0.12940952255126037 25.550000000000004 28.050000000000004 62.050000000000004 75.850000000000009 25.950000000000003
decision_type=2 2 2 2 2 2 2 2 2 2 2
left_child=1 2 -1 -3 -5 7 -7 -4 -9 -6 -8
right_child=-2 3 5 4 9 6 10 8 -10 -11 -12
leaf_value=-0.032129885262684621 -0.021606991901830647 0.034607747564899552 0.023967860246539366 -0.026375877335704675 0.064594945853301652 0.025045197819359266 -0.042186719492430434 0.0059806950084041544 -0.048152377670847152 0.0025033936837501446 -0.075796979269765474
leaf_weight=1.015621269820256 0.79258212084096236 1.2454173901060124 2.0874303882010254 0.82063227866456123 0.27421915024751797 0.39147519320249813 0.31113651834311895 3.4351895819127094 0.70298638602253039 0.38099943249835633 0.2766534143302124
leaf_count=18 36 32 20 27 8 3 8 95 38 40 34
internal_value=0.000238692 0.00182112 -0.0024569 0.0147443 -0.00201777 0.00172589 -0.0248051 0.00589912 -0.00321534 0.0284897 -0.058006
internal_weight=11.7343 10.9418 8.22049 2.72127 1.47585 7.20487 0.979265 6.22561 4.13818 0.655219 0.58779
internal_count=359 323 216 107 75 198 45 153 133 48 42
is_linear=0
shrinkage=0.1


Tree=354
num_leaves=9
num_cat=0
split_feature=5 5 6 5 6 6 6 6
split_gain=0.0345182 0.0543614 0.0904207 0.206001 0.166286 0.110456 0.18291 0.123958
threshold=31.450000000000003 31.150000000000002 58.95000000000001 30.450000000000003 57.100000000000009 63.050000000000004 64.050000000000011 61.800000000000004
decision_type=2 2 2 2 2 2 2 2
left_child=1 2 4 5 -1 7 -7 -4
right_child=-2 -3 3 -5 -6 6 -8 -9
leaf_value=-0.011032457527866427 0.023374309547338469 -0.030844232497913085 0.0017345361729287198 -0.058763349474398242 0.051753436953911373 -0.076625552042669104 -0.00047249921632179612 0.069685514248634547
leaf_weight=0.83445460347865796 0.56916674308013249 0.60942799565964456 0.67134936116053701 0.64802089487784531 0.85304777923738584 0.34080689910479112 4.2308253590344975 0.44735053728800267
leaf_count=38 17 8 37 18 18 22 184 17
internal_value=-0.000478737 -0.00205093 0.00013543 -0.00534131 0.0207064 0.000742444 -0.00614957 0.0289071
internal_weight=9.20445 8.63528 8.02586 6.33835 1.6875 5.69033 4.57163 1.1187
internal_count=359 342 334 278 56 260 206 54
is_linear=0
shrinkage=0.1


Tree=355
num_leaves=13
num_cat=0
split_feature=4 5 6 6 5 0 5 5 6 5 6 6
split_gain=0.0204906 0.0362919 0.0817607 0.0353067 0.0667957 0.0593557 0.029523 0.0400562 0.0237673 0.0574534 0.0272463 6.78044e-10
threshold=1.0000000180025095e-35 23.950000000000003 83.700000000000003 79.850000000000009 23.750000000000004 0.37940952255126054 24.150000000000002 31.750000000000004 59.250000000000007 32.20000000000001 73.750000000000014 63.250000000000007
decision_type=2 2 2 2 2 2 2 2 2 2 2 2
left_child=1 -1 8 4 -2 6 -6 -8 -3 10 -10 -7
right_child=3 2 -4 -5 5 11 7 -9 9 -11 -12 -13
leaf_value=-0.016098588968231849 -0.07581838914645285 -0.077410433851537438 0.074125392543000226 0.066675935049910387 0.082843542660492861 -0.075259084158837142 -0.075184297052443352 0.043554532644996001 -0.075931100643190363 0.078804927398041846 0.020463038338986744 -0.075282662392846728
leaf_weight=0.79509357374627121 0.080605813069269172 0.051234865692208587 0.16769343370106071 0.12379355693701655 0.11428649723529816 0.022338455764838727 0.036841497283717217 0.12415361497551203 0.07749414411023281 0.061268854886293411 0.047172235395919415 0.026863805786433659
leaf_count=18 7 34 3 5 1 23 95 4 118 1 32 18
internal_value=0.00353893 -0.00368871 0.0206825 0.0199374 0.00565429 0.0258931 0.0439748 0.0163828 -0.0171048 -0.000487486 -0.0394567 -0.075272
internal_weight=1.72884 1.19996 0.404864 0.528883 0.40509 0.324484 0.275282 0.160995 0.23717 0.185935 0.124666 0.0492023
internal_count=359 206 188 153 148 141 100 99 185 151 150 41
is_linear=0
shrinkage=0.1


Tree=356
num_leaves=7
num_cat=0
split_feature=5 6 1 5 5 5
split_gain=0.102296 0.37772 0.549879 0.190999 0.0772185 0.295927
threshold=22.700000000000003 86.450000000000003 0.60355339059327384 24.050000000000004 24.450000000000003 24.650000000000002
decision_type=2 2 2 2 2 2
left_child=-1 2 3 -2 -5 -6
right_child=1 -3 -4 4 5 -7
leaf_value=0.046470118201352488 -0.039947919074595328 -0.082764567280616846 0.080918105248262637 0.026764051672171808 -0.086511037933402715 0.0028884056249810892
leaf_weight=0.44965063035488206 1.325111676473165 0.55084815062582571 0.81505157629726532 1.0265068005537612 0.39572776621207584 5.7549169991493727
leaf_count=3 23 5 31 14 4 279
internal_value=-0.000176125 -0.0023016 0.00245545 -0.00506621 0.00137397 -0.00286349
internal_weight=10.3178 9.86816 9.31731 8.50226 7.17715 6.15064
internal_count=359 356 351 320 297 283
is_linear=0
shrinkage=0.1


Tree=357
num_leaves=12
num_cat=0
split_feature=9 6 5 2 5 5 5 2 6 5 2
split_gain=0.0306491 0.0621957 0.0874371 0.0322335 0.131052 0.122339 0.299591 0.0809433 0.183517 0.160418 0.0320216
threshold=1.0000000180025095e-35 72.600000000000009 24.250000000000004 1.0000000180025095e-35 25.150000000000002 26.650000000000002 27.050000000000004 0.6078576107927941 67.550000000000011 28.350000000000005 -0.60785761079279388
decision_type=2 2 2 2 2 2 2 2 2 2 2
left_child=1 3 -3 4 -1 -6 -7 -5 9 -9 -4
right_child=-2 2 10 7 5 6 -8 8 -10 -11 -12
leaf_value=-0.044301561236328633 -0.01881439967249611 -0.019495139539385784 0.060631545015997504 0.027875706039353326 0.028874932241612351 -0.083857878852480083 0.0021418087582642307 -0.053092006888613721 0.032746567526367926 0.0048853659347264621 0.020573364268532374
leaf_weight=0.76944840705254858 0.79323512370319882 0.33097966923378297 0.42034549580421299 1.1731575998419428 1.1330709782050687 0.46358143602265078 3.2096436500141863 0.86145705392118577 0.94808543841645576 1.0700276371935613 0.37991284563031513
leaf_count=14 36 20 10 27 22 7 125 22 19 24 33
internal_value=0.00015535 0.00155385 0.0237349 -0.00105217 -0.00598502 0.000149145 -0.00871183 0.00573444 -0.00328607 -0.020973 0.0416144
internal_weight=11.5529 10.7597 1.13124 9.62847 5.57574 4.8063 3.67323 4.05273 2.87957 1.93148 0.800258
internal_count=359 323 63 260 168 154 132 92 65 46 43
is_linear=0
shrinkage=0.1


Tree=358
num_leaves=8
num_cat=0
split_feature=5 1 6 6 1 6 3
split_gain=0.0314151 0.0509367 0.497728 0.729798 0.310462 0.150462 1.46549e-05
threshold=31.450000000000003 -0.98296291314453399 86.450000000000003 79.850000000000009 -0.37940952255126015 72.15000000000002 0.81174490092936691
decision_type=2 2 2 2 2 2 2
left_child=1 -1 3 4 6 -6 -3
right_child=-2 2 -4 -5 5 -7 -8
leaf_value=-0.014029552793194545 0.022253087249096779 0.075733040852303354 0.10653597242720858 -0.11834901925484023 -0.012939647088475784 0.029745031889700353 0.076967315458148819
leaf_weight=2.5516509898006907 0.55968367436435151 0.44653855367505269 0.42965014203218732 0.51677193865180004 3.3563845639746441 1.095305600634674 0.12260988680645823
leaf_count=19 17 99 5 14 145 51 9
internal_value=-0.000696798 -0.00220458 0.00285188 -0.00519273 0.00645393 -0.0024374 0.0759989
internal_weight=9.0786 8.51891 5.96726 5.53761 5.02084 4.45169 0.569148
internal_count=359 342 323 318 304 196 108
is_linear=0
shrinkage=0.1


Tree=359
num_leaves=13
num_cat=0
split_feature=4 5 6 6 5 0 5 5 6 5 6 6
split_gain=0.0179319 0.0316516 0.0746632 0.031092 0.0628886 0.0537796 0.0269419 0.0368915 0.0218135 0.0534639 0.0257041 2.06935e-09
threshold=1.0000000180025095e-35 23.950000000000003 83.700000000000003 79.850000000000009 23.750000000000004 0.37940952255126054 24.150000000000002 31.750000000000004 59.250000000000007 32.20000000000001 73.750000000000014 63.550000000000004
decision_type=2 2 2 2 2 2 2 2 2 2 2 2
left_child=1 -1 8 4 -2 6 -6 -8 -3 10 -10 -7
right_child=3 2 -4 -5 5 11 7 -9 9 -11 -12 -13
leaf_value=-0.014433938261283889 -0.075778905755501461 -0.077216722327069998 0.072280767210841187 0.06490893480929405 0.082162272774162326 -0.075225167631066583 -0.075167938744613375 0.042446100474078499 -0.075880817795700994 0.078541912759214141 0.019417456601622175 -0.075268136373142391
leaf_weight=0.7891956557286901 0.075651591876521818 0.047270350988583232 0.16177876340225339 0.11644598271232098 0.10609763115644455 0.022703991261096235 0.034059173264267883 0.12291138432919979 0.072969520599258431 0.057416267693042755 0.046237315829330328 0.022135199671993178
leaf_count=18 7 34 3 5 1 24 95 4 118 1 32 17
internal_value=0.00379039 -0.00295979 0.0205196 0.0196514 0.00591146 0.0259824 0.0432366 0.0169264 -0.0168815 -0.000733722 -0.038917 -0.0752464
internal_weight=1.67487 1.17487 0.385672 0.500005 0.383559 0.307907 0.263068 0.156971 0.223893 0.176623 0.119207 0.0448392
internal_count=359 206 188 153 148 141 100 99 185 151 150 41
is_linear=0
shrinkage=0.1


Tree=360
num_leaves=10
num_cat=0
split_feature=6 1 6 6 6 2 2 5 5
split_gain=0.285914 0.426442 0.0597813 0.0599845 0.107885 0.166832 0.0967643 0.0797906 0.122497
threshold=86.450000000000003 0.60355339059327384 74.450000000000017 68.050000000000011 64.750000000000014 0.6078576107927941 1.0000000180025095e-35 24.050000000000004 25.150000000000002
decision_type=2 2 2 2 2 2 2 2 2
left_child=1 2 3 4 5 -1 -6 -5 -9
right_child=-2 -3 -4 7 6 -7 -8 8 -10
leaf_value=-0.011438729800072253 -0.069683785884051719 0.074509382135063154 -0.023915872546953973 -0.012523274178900715 -0.005461039101092996 0.036388926287128497 -0.057233673899695553 0.050881719333259835 0.00043579988453752309
leaf_weight=2.2982691839738405 0.56044019339606244 0.783191900787643 1.1349140331585656 0.8914034343324605 0.79991883349794057 1.0683537327640804 0.65793406446027802 0.8909466842887922 1.0470802623385678
leaf_count=142 5 31 24 12 25 36 20 21 43
internal_value=-0.000261772 0.00380288 -0.00249794 0.000677892 -0.00610168 0.00373875 -0.0288262 0.0122378 0.0236267
internal_weight=10.1325 9.57201 8.78882 7.65391 4.82448 3.36662 1.45785 2.82943 1.93803
internal_count=359 354 323 299 223 178 45 76 64
is_linear=0
shrinkage=0.1


Tree=361
num_leaves=12
num_cat=0
split_feature=6 0 6 3 6 5 2 3 6 1 6
split_gain=0.0276692 0.102163 0.0852545 0.104173 0.15258 0.0776837 0.09027 0.20842 0.118294 0.188105 0.0365727
threshold=68.050000000000011 -0.91597561503675329 70.350000000000009 -1.0000000180025095e-35 73.100000000000009 26.550000000000004 -1.0000000180025095e-35 -1.0000000180025095e-35 62.050000000000004 -0.98296291314453399 75.250000000000014
decision_type=2 2 2 2 2 2 2 2 2 2 2
left_child=1 -1 -2 4 -4 -3 8 -8 9 -7 -6
right_child=2 5 3 -5 10 6 7 -9 -10 -11 -12
leaf_value=0.029678045672681782 -0.032740975405632984 -0.033309434526530977 -0.051648406594937836 0.03032634620172512 0.031027470574230959 0.023978431426615685 0.038184262446812778 -0.016384587189106247 -0.046606691953744478 -0.031061393295743728 -0.0087568776322556104
leaf_weight=1.2376778726174951 0.95994126841833471 0.69222713446651951 0.61574989627115473 0.86326889886549873 0.49731951410649344 1.4526118040084832 1.6445512668578888 1.2185315220267523 0.67666532930888923 1.0845276216714408 0.43158933985978365
leaf_count=30 35 22 22 36 10 10 32 32 32 65 33
internal_value=6.25387e-05 0.00326127 -0.00754214 0.0025036 -0.0130458 -0.00156883 0.00204679 0.0149597 -0.00945693 0.000451065 0.0125429
internal_weight=11.3747 8.00679 3.36787 2.40793 1.54466 6.76911 6.07689 2.86308 3.2138 2.53714 0.928909
internal_count=359 223 136 101 65 193 171 64 107 75 43
is_linear=0
shrinkage=0.1


Tree=362
num_leaves=7
num_cat=0
split_feature=3 6 6 5 6 6
split_gain=0.0323703 0.0636009 0.0481006 0.0576395 0.40642 0.544873
threshold=0.81174490092936691 56.650000000000013 58.550000000000004 30.550000000000004 86.450000000000003 79.850000000000009
decision_type=2 2 2 2 2 2
left_child=1 -1 -3 4 5 -4
right_child=-2 2 3 -5 -6 -7
leaf_value=0.027119014613159229 -0.020789831599454398 -0.021297635499825059 5.9077300354662952e-05 0.024390635596851142 0.088819976576759746 -0.11361105176176706
leaf_weight=0.85274723345355408 0.72422602283222737 1.0731031857139894 4.4503905353631126 0.94398194606765162 0.4476055402192286 0.46583956744871091
leaf_count=37 35 25 224 20 5 13
internal_value=-0.000520927 0.00126191 -0.00172547 0.0016042 -0.00240598 -0.0107118
internal_weight=8.95789 8.23367 7.38092 6.30782 5.36384 4.91623
internal_count=359 324 287 262 242 237
is_linear=0
shrinkage=0.1


Tree=363
num_leaves=9
num_cat=0
split_feature=5 5 5 3 0 5 5 6
split_gain=0.0154967 0.0897953 1.48353e-07 4.94106e-08 3.76348e-08 6.12596e-08 5.17467e-09 1.19718e-09
threshold=31.750000000000004 24.050000000000004 24.650000000000002 1.0000000180025095e-35 0.91597561503675362 31.550000000000004 24.850000000000005 63.650000000000013
decision_type=2 2 2 2 2 2 2 2
left_child=1 -1 -3 6 5 -5 -4 -8
right_child=-2 2 3 4 -6 -7 7 -9
leaf_value=0.0088041917721072404 0.029169579861496847 -0.075386892570681222 -0.075151533417391975 -0.075068358520684927 -0.075301135972503139 -0.075369965919601253 -0.075067028776683656 -0.075025576366130803
leaf_weight=1.2511472897604106 0.21395196299999963 0.040872258882700296 0.0064129652237170367 0.026171377382183891 0.028090585413792724 0.009067447273992002 0.02034703350068412 0.010595226009627368
leaf_count=33 6 26 6 92 25 4 82 85
internal_value=0.00411254 0.000263194 -0.0752262 -0.075161 -0.0752148 -0.075146 -0.0750698 -0.0750528
internal_weight=1.60666 1.3927 0.141557 0.100685 0.0633294 0.0352388 0.0373552 0.0309423
internal_count=359 353 320 294 121 96 173 167
is_linear=0
shrinkage=0.1


Tree=364
num_leaves=9
num_cat=0
split_feature=6 1 6 3 6 6 1 2
split_gain=0.204995 0.342896 0.049478 0.0489401 0.171679 0.16497 0.0560334 0.0683266
threshold=86.450000000000003 0.60355339059327384 74.450000000000017 -0.56174490092936669 71.90000000000002 68.65000000000002 0.1294095225512602 1.0000000180025095e-35
decision_type=2 2 2 2 2 2 2 2
left_child=1 2 3 6 5 -5 7 -1
right_child=-2 -3 -4 4 -6 -7 -8 -9
leaf_value=0.023743615326308688 -0.059135754446397397 0.067481245005128782 -0.022286069083303398 0.010642171736940504 0.062748793367985098 -0.031828894286186495 -0.03278388096796412 -0.020234163381001882
leaf_weight=0.65197673411966872 0.56386453239247281 0.75697204112657424 1.1228017687826648 3.5840555428103462 0.47619609242246941 1.2279047279298536 0.82964967843145121 0.77113462159468327
leaf_count=21 5 31 24 190 11 34 17 26
internal_value=-0.000567684 0.00293784 -0.00270149 0.000214549 0.00547261 -0.000195495 -0.0121283 -8.64157e-05
internal_weight=9.98456 9.42069 8.66372 7.54092 5.28816 4.81196 2.25276 1.42311
internal_count=359 354 323 299 235 224 64 47
is_linear=0
shrinkage=0.1


Tree=365
num_leaves=10
num_cat=0
split_feature=6 6 6 6 5 6 2 6 5
split_gain=0.0281281 0.179694 0.12309 0.0942081 0.132484 0.0989523 0.087268 0.0801763 0.0812196
threshold=58.95000000000001 59.650000000000013 61.100000000000001 62.150000000000013 28.450000000000003 71.450000000000017 -0.60785761079279388 57.100000000000009 30.550000000000004
decision_type=2 2 2 2 2 2 2 2 2
left_child=7 -2 -3 -4 5 -5 -6 8 -1
right_child=1 2 3 4 6 -7 -8 -9 -10
leaf_value=0.031305947567618779 0.050651935382621666 -0.037331793462856221 0.032583125860990186 0.010875373421562175 -0.008568830303505014 -0.019954981915929017 -0.080475844812462782 -0.028399992435583117 -0.020836167563478905
leaf_weight=0.68058465776266641 0.71911727148108084 0.85758341956534234 0.9226670199423096 4.2817316602158826 0.34772541181882843 1.3754691353460655 0.32795969705330197 1.1541656818590125 0.53244033153896453
leaf_count=20 15 26 19 101 32 80 13 21 32
internal_value=0.000147552 0.00274205 -0.0015045 0.00273017 -0.00161924 0.0033794 -0.0434706 -0.0095328 0.0084189
internal_weight=11.1994 8.83225 8.11314 7.25555 6.33289 5.6572 0.675685 2.36719 1.21302
internal_count=359 286 271 245 226 181 45 73 52
is_linear=0
shrinkage=0.1


Tree=366
num_leaves=11
num_cat=0
split_feature=6 6 6 6 5 6 3 5 6 6
split_gain=0.0312182 0.310938 0.458075 0.246628 0.119682 0.126675 0.0874102 0.132725 0.0722663 0.0151624
threshold=58.95000000000001 86.450000000000003 79.850000000000009 59.45000000000001 31.350000000000005 57.100000000000009 -0.56174490092936669 28.250000000000004 74.450000000000017 54.800000000000004
decision_type=2 2 2 2 2 2 2 2 2 2
left_child=4 2 3 -2 5 9 7 -5 -8 -1
right_child=1 -3 -4 6 -6 -7 8 -9 -10 -11
leaf_value=-0.016394236847903015 -0.072262264843531598 0.075360193839857259 -0.1069039220973038 0.0057835400510324406 -0.02629173700932709 0.051235544457268856 -0.0082049810873518446 0.082029878499967859 0.028793661273487044 0.0098823701878841281
leaf_weight=0.4335938740114218 0.45979589840862889 0.4596040408941916 0.45101102915941726 0.72510840232644003 0.67299793520942319 0.83948733682336751 3.4187273060815651 0.33322316774865612 0.62432254408122378 0.44494766460411483
leaf_count=21 10 5 14 60 15 18 164 8 25 19
internal_value=-0.000309721 -0.00391715 -0.00997754 -0.00211682 0.00945452 0.0234573 0.00420551 0.0297902 -0.0024917 -0.00308614
internal_weight=8.86282 6.47179 6.01219 5.56118 2.39103 1.71803 5.10138 1.05833 4.04305 0.878542
internal_count=359 286 281 267 73 58 257 68 189 40
is_linear=0
shrinkage=0.1


Tree=367
num_leaves=8
num_cat=0
split_feature=6 5 5 5 3 0 5
split_gain=0.0149845 0.0618336 0.081147 8.88667e-08 4.08052e-08 3.81849e-08 4.50929e-09
threshold=56.650000000000013 31.750000000000004 24.050000000000004 24.650000000000002 1.0000000180025095e-35 0.91597561503675362 24.850000000000005
decision_type=2 2 2 2 2 2 2
left_child=-1 2 -2 -4 6 -6 -5
right_child=1 -3 3 4 5 -7 -8
leaf_value=-0.03261915413294985 0.008783972145836233 0.078453414514537065 -0.075341350157538095 -0.075146790084417228 -0.07513545460803811 -0.075301079070765359 -0.075052097627251652
leaf_weight=0.10294594491836062 1.2416373464511705 0.11147866025567044 0.036936784173121739 0.0061660458668484344 0.03135285925691278 0.025035341623834029 0.027270101262956814
leaf_count=42 33 2 26 6 76 24 150
internal_value=0.00427121 0.00683745 0.00100315 -0.0752108 -0.0751571 -0.075209 -0.0750696
internal_weight=1.58282 1.47988 1.3684 0.126761 0.0898243 0.0563882 0.0334361
internal_count=359 317 315 282 256 100 156
is_linear=0
shrinkage=0.1


Tree=368
num_leaves=8
num_cat=0
split_feature=6 1 5 5 6 5 2
split_gain=0.149859 0.270711 0.0479667 0.120936 0.0659503 0.15578 0.124273
threshold=86.450000000000003 0.60355339059327384 23.050000000000004 24.050000000000004 69.15000000000002 24.650000000000002 0.6078576107927941
decision_type=2 2 2 2 2 2 2
left_child=1 2 -1 -4 6 -6 -5
right_child=-2 -3 3 4 5 -7 -8
leaf_value=0.026975081246746982 -0.050397505785905621 0.06112626830139696 -0.033825919836454992 -0.014719766149171554 -0.011430792692715647 0.046105917574023152 0.020815137052529617
leaf_weight=0.52481497917324027 0.56486937776208002 0.72963745775632638 1.1785477162338773 3.6589366599737332 0.95928923645988085 0.92365174266160466 1.3462812528778156
leaf_count=6 5 31 20 184 12 51 50
internal_value=-0.000383553 0.00264733 -0.00231901 -0.00422487 0.000839805 0.0167931 -0.00516175
internal_weight=9.88603 9.32116 8.59152 8.06671 6.88816 1.88294 5.00522
internal_count=359 354 323 317 297 63 234
is_linear=0
shrinkage=0.1


Tree=369
num_leaves=12
num_cat=0
split_feature=1 1 5 6 6 2 3 3 3 5 0
split_gain=0.025678 0.272575 0.0864815 0.0828921 0.0760382 0.12756 0.0995367 9.02725e-06 2.53624e-06 5.27729e-07 2.30555e-07
threshold=-0.98296291314453399 -0.37940952255126015 28.250000000000004 61.100000000000001 68.050000000000011 -0.8783796973249266 -0.56174490092936669 0.81174490092936691 -0.56174490092936669 29.750000000000004 0.12940952255126059
decision_type=2 2 2 2 2 2 2 2 2 2 2
left_child=-1 7 3 -3 6 -6 -5 8 -2 -10 -11
right_child=1 2 -4 4 5 -7 -8 -9 9 10 -12
leaf_value=0.0082230478100742393 -0.076181540838440823 -0.029026871789748311 0.034442060907174631 0.03294561103715387 0.017333879202095098 -0.024905802035793168 -0.0035239071536105945 -0.076692872106123119 -0.075260808015969433 -0.075470930520747687 -0.075675151201497509
leaf_weight=2.8627600632607946 0.075549084431258962 0.95517246873350714 0.7332885049690957 1.4374977911356839 1.1673557041212905 1.8447769702033849 1.561126923013944 0.11118976108264178 0.057730691558389391 0.088709186187770683 0.14669981098268181
leaf_count=23 10 17 10 22 16 106 44 10 37 32 32
internal_value=7.18882e-05 -0.00278109 0.00177647 -0.00166217 0.00268637 -0.00853576 0.0139591 -0.0759031 -0.0756649 -0.0755318 -0.0755982
internal_weight=11.0419 8.1791 7.69922 6.96593 6.01076 3.01213 2.99862 0.479879 0.368689 0.29314 0.235409
internal_count=359 336 215 205 188 122 66 121 111 101 64
is_linear=0
shrinkage=0.1


Tree=370
num_leaves=8
num_cat=0
split_feature=5 6 6 5 6 6 2
split_gain=0.0317437 0.111223 0.190443 0.0782962 0.112389 0.11843 0.0684232
threshold=23.550000000000004 50.000000000000007 56.650000000000013 23.750000000000004 72.600000000000009 62.150000000000013 1.0000000180025095e-35
decision_type=2 2 2 2 2 2 2
left_child=-1 -2 -3 -4 5 -5 -6
right_child=1 2 3 4 6 -7 -8
leaf_value=0.012562037966334922 -0.064752543413690009 0.049451740658488376 -0.038061283357291781 -0.011349866727069134 -0.073945352095955541 0.019667554917245041 -0.00035527063879614638
leaf_weight=1.5457358709536491 0.28235013701487321 0.68180240564106487 0.6870314860716461 2.7752603880944662 0.33056370115627931 2.212219441875277 0.204516552570567
leaf_count=13 6 36 10 89 31 149 25
internal_value=-0.000436319 -0.00323709 -0.000716717 -0.00622513 -0.00226456 0.00240805 -0.045818
internal_weight=8.71948 7.17374 6.89139 6.20959 5.52256 4.98748 0.53508
internal_count=359 346 340 304 294 238 56
is_linear=0
shrinkage=0.1


Tree=371
num_leaves=8
num_cat=0
split_feature=6 5 5 5 3 0 5
split_gain=0.0145732 0.0570522 0.0751774 5.85477e-08 3.25975e-08 3.04191e-08 4.15609e-09
threshold=56.650000000000013 31.750000000000004 24.050000000000004 24.650000000000002 1.0000000180025095e-35 0.91597561503675362 24.850000000000005
decision_type=2 2 2 2 2 2 2
left_child=-1 2 -2 -4 6 -6 -5
right_child=1 -3 3 4 5 -7 -8
leaf_value=-0.032088722596895866 0.0087084485791529484 0.07819676588458209 -0.075303527882636362 -0.075141330068372245 -0.075127365259135798 -0.075280911392726912 -0.07504817488560396
leaf_weight=0.10239333150593677 1.2315033681225029 0.10430693998932827 0.033680611739782651 0.0059211467814748167 0.029103037431468692 0.023177882148729623 0.025054418712670667
leaf_count=42 33 2 26 6 76 24 150
internal_value=0.00437421 0.00694421 0.00143256 -0.0751923 -0.0751473 -0.0751954 -0.075066
internal_weight=1.55514 1.45275 1.34844 0.116937 0.0832565 0.0522809 0.0309756
internal_count=359 317 315 282 256 100 156
is_linear=0
shrinkage=0.1


Tree=372
num_leaves=10
num_cat=0
split_feature=6 1 6 5 5 5 2 5 5
split_gain=0.134025 0.237249 0.0502356 0.0735892 0.10296 0.0837208 0.0614389 0.0734367 0.0443168
threshold=86.450000000000003 0.60355339059327384 72.15000000000002 27.050000000000004 27.150000000000002 28.250000000000004 1.0000000180025095e-35 24.750000000000004 25.150000000000002
decision_type=2 2 2 2 2 2 2 2 2
left_child=1 2 3 6 -5 -6 8 -8 -1
right_child=-2 -3 -4 4 5 -7 7 -9 -10
leaf_value=0.031091204336354206 -0.047814894877884727 0.058005315961034858 -0.018102104064698619 -0.075635905716394336 0.0049312999619938978 -0.046885638138500302 -0.02933939903738227 0.010708156063528946 0.0063283270483263203
leaf_weight=1.332132501644079 0.55730363959446627 0.71510512335226017 1.5727297825942512 0.23921053903177414 1.4816048482898621 0.39492277636327333 0.76760508224833746 1.1348460230656199 1.5797799673891857
leaf_count=18 5 31 38 4 32 148 15 36 32
internal_value=-0.000193765 0.00268534 -0.00196718 0.00169451 -0.01385 -0.00597378 0.00852574 -0.00545032 0.0176568
internal_weight=9.77524 9.21794 8.50283 6.9301 2.11574 1.87653 4.81436 1.90245 2.91191
internal_count=359 354 323 285 184 180 101 51 50
is_linear=0
shrinkage=0.1


Tree=373
num_leaves=13
num_cat=0
split_feature=0 5 5 6 5 5 6 5 2 1 6 2
split_gain=0.0259757 0.409172 0.163012 0.0762566 0.0738729 0.192339 0.126622 0.0900774 0.0379743 0.00199134 5.45218e-05 9.59003e-08
threshold=-0.91597561503675329 25.950000000000003 26.750000000000004 66.950000000000017 28.350000000000005 28.850000000000005 61.800000000000004 29.850000000000005 1.0000000180025095e-35 1.0000000180025095e-35 71.450000000000017 -0.60785761079279388
decision_type=2 2 2 2 2 2 2 2 2 2 2 2
left_child=3 9 -3 -1 6 -6 -4 -7 -5 -2 -11 -12
right_child=1 2 4 8 5 7 -8 -9 -10 10 11 -13
leaf_value=0.027910564494677631 -0.089554757233913609 0.043378166247492377 -0.048002751050064074 -0.01412344488466496 0.057124465995152307 -0.042302961849254889 0.0050456354541030838 0.0029765757578323355 0.010622726270717827 -0.077854173688244405 -0.075523808755605382 -0.075354333303566612
leaf_weight=1.1622228367486971 0.18147951364517201 0.89703135727904726 0.82709672447526805 1.3887924532464242 0.6045722923590805 0.5232111410077781 0.98676698745111935 2.7411619123377022 1.1203850279634933 0.31286738748167409 0.068526023649610579 0.065117826939967927
leaf_count=27 1 23 15 26 16 32 28 96 19 26 13 37
internal_value=-0.000111961 -0.00359933 0.00376138 0.00673457 -0.00249213 0.00531457 -0.0191437 -0.00428079 -0.00307391 -0.080722 -0.077132 -0.0754412
internal_weight=10.8792 7.20783 6.57984 3.6714 5.68281 3.86895 1.81386 3.26437 2.50918 0.627991 0.446511 0.133644
internal_count=359 287 210 72 187 144 43 128 45 77 76 50
is_linear=0
shrinkage=0.1


Tree=374
num_leaves=7
num_cat=0
split_feature=6 6 6 5 5 6
split_gain=0.196895 0.294345 0.0859194 0.0640859 0.295983 0.120297
threshold=86.450000000000003 76.750000000000014 74.450000000000017 23.550000000000004 23.750000000000004 50.000000000000007
decision_type=2 2 2 2 2 2
left_child=1 2 3 -1 -5 -6
right_child=-2 -3 -4 4 5 -7
leaf_value=0.034493995047850265 0.063041375748902992 -0.065942881958586649 0.043730936028737476 -0.083773202709033878 -0.063386777837960914 0.0051290707869168176
leaf_weight=0.47385884076356699 0.46145638258894983 0.70318765011325002 0.45752010780415719 0.42995394719764579 0.26813540095463384 5.7841140141099459
leaf_count=4 5 33 19 6 6 286
internal_value=-0.000498242 -0.00411061 0.00175426 -0.00100667 -0.00360182 0.00209358
internal_weight=8.57823 8.11677 7.41358 6.95606 6.4822 6.05225
internal_count=359 354 321 302 298 292
is_linear=0
shrinkage=0.1


Tree=375
num_leaves=11
num_cat=0
split_feature=2 5 5 5 5 6 5 1 1 6
split_gain=0.0164925 0.0766459 0.12553 0.0271466 0.0584189 0.0593734 0.0762178 0.0644463 7.01765e-07 9.44386e-09
threshold=0.6078576107927941 23.550000000000004 23.650000000000002 23.050000000000004 23.750000000000004 86.450000000000003 24.050000000000004 -0.9159756150367534 0.37940952255126026 71.200000000000003
decision_type=2 2 2 2 2 2 2 2 2 2
left_child=3 -2 -3 -1 -5 6 -6 -8 9 -4
right_child=1 2 8 4 5 -7 7 -9 -10 -11
leaf_value=0.052264680539577696 -0.077030192331874914 0.0795868824224088 -0.075424041425712435 -0.026292956786504951 0.064377021143592505 -0.077758172290341043 0.02651474921913001 -0.075364193825006975 -0.076076815619431526 -0.075529859135831837
leaf_weight=0.13715281058102835 0.12484975717961799 0.13779633119702339 0.012698431070134575 0.38093715161085107 0.32931502908468246 0.053986349841579795 0.19280382837632692 0.091585587574968708 0.04565579292284383 0.02511421865324337
leaf_count=4 5 2 51 11 5 3 50 200 17 11
internal_value=0.0048216 -0.0143837 0.0209649 0.0104274 0.00495538 0.0227835 0.0316279 -0.00629464 -0.0758129 -0.0754943
internal_weight=1.5319 0.346115 0.221265 1.18578 1.04863 0.667691 0.613704 0.284389 0.0834684 0.0378126
internal_count=359 86 81 273 269 258 255 250 79 62
is_linear=0
shrinkage=0.1


Tree=376
num_leaves=9
num_cat=0
split_feature=6 1 6 6 3 6 2 2
split_gain=0.0998126 0.198152 0.0458843 0.0661242 0.0972334 0.0850161 0.142187 0.082884
threshold=86.450000000000003 0.60355339059327384 72.15000000000002 68.050000000000011 1.0000000180025095e-35 64.750000000000014 0.6078576107927941 1.0000000180025095e-35
decision_type=2 2 2 2 2 2 2 2
left_child=1 2 3 5 -5 6 -1 -7
right_child=-2 -3 -4 4 -6 7 -8 -9
leaf_value=-0.010546910779576361 -0.041540012266833924 0.054236825780378285 -0.017331066450324437 0.030242450430401548 -0.014938560801630689 -0.0041224071869759467 0.034697935509414184 -0.053260081268378973
leaf_weight=2.1864037712452924 0.54933818615973073 0.68088548476225774 1.5599899763546998 1.5043854126415683 0.6970182291115633 0.77935631404034189 1.0179652156039081 0.61349342371249804
leaf_count=142 5 31 38 41 21 25 36 20
internal_value=-0.000153192 0.00236192 -0.00186376 0.00168531 0.015937 -0.0051392 0.00382649 -0.0257655
internal_weight=9.58884 9.0395 8.35861 6.79862 2.2014 4.59722 3.20437 1.39285
internal_count=359 354 323 285 62 223 178 45
is_linear=0
shrinkage=0.1


Tree=377
num_leaves=9
num_cat=0
split_feature=5 2 5 5 6 6 6 6
split_gain=0.0248123 0.182368 0.110972 0.127713 0.0578141 0.0916056 0.112561 0.0109356
threshold=30.650000000000002 -0.60785761079279388 29.750000000000004 28.550000000000004 59.650000000000013 63.150000000000013 68.050000000000011 59.650000000000013
decision_type=2 2 2 2 2 2 2 2
left_child=2 -2 3 4 -1 -6 -7 -4
right_child=1 -3 7 -5 5 6 -8 -9
leaf_value=0.029875924996014172 -0.054628987240983598 0.014653671431018079 0.039400308081268709 -0.047113582076694499 -0.024092283107418625 0.021431892271842546 -0.0083983875925527588 0.020821830397366278
leaf_weight=0.6355808407533895 0.61139442525745824 1.0035227509943077 0.57476495602168121 0.59535796245472727 1.4307400348479857 2.2297506257455098 2.9234401051216992 0.70598767364572268
leaf_count=16 28 27 21 37 27 52 126 25
internal_value=-0.000153473 -0.0115762 0.00187461 -0.00259698 0.00107408 -0.00170631 0.00450897 0.0291593
internal_weight=10.7105 1.61492 9.09562 7.81487 7.21951 6.58393 5.15319 1.28075
internal_count=359 55 304 258 221 205 178 46
is_linear=0
shrinkage=0.1


Tree=378
num_leaves=7
num_cat=0
split_feature=5 6 6 6 5 5
split_gain=0.0386996 0.141647 0.168951 0.0725441 0.0511757 0.0722357
threshold=22.700000000000003 86.450000000000003 76.750000000000014 74.450000000000017 23.750000000000004 23.950000000000003
decision_type=2 2 2 2 2 2
left_child=-1 2 3 4 -2 -6
right_child=1 -3 -4 -5 5 -7
leaf_value=-0.030773394688876826 -0.028975134120292963 0.054522894767679408 -0.056154260264083114 0.040961996826936423 0.047009929662714278 -0.00074857872803670304
leaf_weight=0.4041934013366707 0.58867051359265854 0.4647820314276031 0.54187507987080596 0.44310464266891347 0.33546384423971165 5.6625500341197039
leaf_count=3 8 5 32 19 3 289
internal_value=-0.000580622 0.000937924 -0.00235136 0.00179592 -0.000838895 0.00192251
internal_weight=8.44064 8.03645 7.57166 7.02979 6.58668 5.99801
internal_count=359 356 351 319 300 292
is_linear=0
shrinkage=0.1


Tree=379
num_leaves=12
num_cat=0
split_feature=2 5 5 2 1 5 6 6 6 1 6
split_gain=0.0170924 0.0674558 0.113679 0.0248462 0.0893219 0.0426435 0.0339718 0.069009 0.0436292 5.08419e-07 8.20258e-09
threshold=0.6078576107927941 23.550000000000004 23.650000000000002 1.0000000180025095e-35 0.60355339059327384 23.950000000000003 79.850000000000009 71.90000000000002 50.000000000000007 0.37940952255126026 71.200000000000003
decision_type=2 2 2 2 2 2 2 2 2 2 2
left_child=3 -2 -3 4 6 -5 7 8 -1 10 -4
right_child=1 2 9 5 -6 -7 -8 -9 -10 -11 -12
leaf_value=-0.077345059039860151 -0.076836788583495796 0.079106138718141095 -0.075392185076139151 -0.0047791023002070184 -0.078351820947714187 0.059884941565829852 0.077708563636626551 -0.076028126586611733 0.031563477984006168 -0.075976372446800999 -0.075494568008864393
leaf_weight=0.040321250301985634 0.1134925262304024 0.12346994504332542 0.011725643936472352 0.18548040837049484 0.12126214497220644 0.22654317551757686 0.076862668618559837 0.085097242843403365 0.41923649559549858 0.041714486476848833 0.023524399523466855
leaf_count=6 5 2 51 3 19 43 2 22 178 17 11
internal_value=0.00545609 -0.0152343 0.019647 0.0110807 0.000156044 0.0307752 0.0154734 0.00669071 0.0220079 -0.0757401 -0.0754605
internal_weight=1.46873 0.313927 0.200434 1.1548 0.74278 0.412024 0.621518 0.544655 0.459558 0.0769645 0.03525
internal_count=359 86 81 273 227 46 208 206 184 79 62
is_linear=0
shrinkage=0.1


Tree=380
num_leaves=10
num_cat=0
split_feature=6 1 6 5 5 5 1 2 6
split_gain=0.0728402 0.167978 0.0415816 0.0636085 0.0967922 0.0808155 0.053427 0.151008 0.0695374
threshold=86.450000000000003 0.60355339059327384 72.15000000000002 27.050000000000004 27.150000000000002 28.250000000000004 0.1294095225512602 -1.0000000180025095e-35 61.45000000000001
decision_type=2 2 2 2 2 2 2 2 2
left_child=1 2 3 6 -5 -6 8 -8 -1
right_child=-2 -3 -4 4 5 -7 7 -9 -10
leaf_value=-0.0048598420260259441 -0.035774872544331086 0.050869455968599299 -0.016660657129024172 -0.074733720545236998 0.0052528588658176693 -0.046639902149305856 0.023767574936395881 -0.021823194965886014 0.036548815940800415
leaf_weight=0.63252836349419883 0.54294485831633288 0.65077000376186411 1.5501495158387113 0.22712772851809893 1.4468491541920228 0.37865162261232388 1.3725984781049194 1.5434851404279468 1.1301017460064029
leaf_count=10 5 31 38 4 32 148 18 32 41
internal_value=-0.000212217 0.00194945 -0.00189475 0.00150567 -0.0131706 -0.00551092 0.00794437 -0.000363652 0.0216891
internal_weight=9.47521 8.93226 8.28149 6.73134 2.05263 1.8255 4.67871 2.91608 1.76263
internal_count=359 354 323 285 184 180 101 50 51
is_linear=0
shrinkage=0.1


Tree=381
num_leaves=12
num_cat=0
split_feature=7 5 6 6 6 5 6 2 2 4 5
split_gain=0.0318254 0.177596 0.062105 0.17701 0.0982523 0.119584 0.0794623 0.127844 0.0767095 0.0562252 0.0939662
threshold=1.0000000180025095e-35 28.650000000000002 61.100000000000001 59.650000000000013 62.150000000000013 28.450000000000003 68.050000000000011 -0.8783796973249266 -0.60785761079279388 1.0000000180025095e-35 29.950000000000003
decision_type=2 2 2 2 2 2 2 2 2 2 2
left_child=1 -1 3 9 -4 6 -6 -8 -7 -2 -11
right_child=2 -3 4 -5 5 8 7 -9 -10 10 -12
leaf_value=-0.032896930237759019 0.010035343435575736 0.077192470740107974 0.035934066034211253 -0.059704409437288636 0.017700371443031378 -0.0094511912356267918 0.019214167533110213 -0.023962090975487137 -0.079720247372144837 0.014343538516524696 -0.047839209754975187
leaf_weight=0.29156041240639652 1.6407679386757088 0.29459754144772887 0.84048670268384729 0.64678043077583414 2.4044411887880415 0.33563633533776738 1.132089607999659 1.7395868336316209 0.28922453046834551 0.43749902457057022 0.54666762660053791
leaf_count=38 34 8 17 25 38 31 17 95 12 17 27
internal_value=-0.000214839 0.022433 -0.00154061 -0.0128455 0.00394579 -0.000610355 0.00428867 -0.00694089 -0.0419761 -0.00129953 -0.0201966
internal_weight=10.5993 0.586158 10.0132 3.27172 6.74147 5.90098 5.27612 2.87168 0.624861 2.62493 0.984167
internal_count=359 46 313 103 210 193 150 112 43 78 44
is_linear=0
shrinkage=0.1


Tree=382
num_leaves=7
num_cat=0
split_feature=6 6 6 5 5 5
split_gain=0.11309 0.218458 0.0598199 0.06062 0.260215 0.0624638
threshold=86.450000000000003 76.750000000000014 74.450000000000017 23.550000000000004 23.750000000000004 23.950000000000003
decision_type=2 2 2 2 2 2
left_child=1 2 3 -1 -5 -6
right_child=-2 -3 -4 4 5 -7
leaf_value=0.034119068823438937 0.047301704903840114 -0.058595924947246171 0.037638823481241424 -0.082964504001814293 0.044659611358546555 -0.00051421605135732178
leaf_weight=0.4671209156513213 0.46669428329914797 0.65640450640785264 0.43428467075864308 0.3842493463307618 0.32374553382396687 5.6139995064204413
leaf_count=4 5 33 19 6 3 289
internal_value=-0.000528487 -0.00336131 0.00165797 -0.000643646 -0.0032122 0.00194881
internal_weight=8.3465 7.8798 7.2234 6.78912 6.32199 5.93775
internal_count=359 354 321 302 298 292
is_linear=0
shrinkage=0.1


Tree=383
num_leaves=12
num_cat=0
split_feature=2 5 5 2 1 5 6 6 6 1 6
split_gain=0.0171626 0.0617974 0.102907 0.0249909 0.0809589 0.0369146 0.0304963 0.0642038 0.0420264 3.36813e-07 1.01064e-08
threshold=0.6078576107927941 23.550000000000004 23.650000000000002 1.0000000180025095e-35 0.60355339059327384 23.950000000000003 79.850000000000009 71.90000000000002 65.850000000000009 0.37940952255126026 71.200000000000003
decision_type=2 2 2 2 2 2 2 2 2 2 2
left_child=3 -2 -3 4 6 -5 7 8 -1 10 -4
right_child=1 2 9 5 -6 -7 -8 -9 -10 -11 -12
leaf_value=-0.0045932720721610452 -0.076684058952857917 0.078722255834423119 -0.075346038481670791 -0.0019358629490239044 -0.078013652906125164 0.058547087313547054 0.077406975568931849 -0.075963026059974126 0.056886073591553545 -0.075866300180899446 -0.075465124514093596
leaf_weight=0.2640307370065782 0.10518804448656749 0.11262326315045357 0.010539760304311585 0.18260593339800835 0.11101921914450941 0.2255503873507223 0.069108512252569199 0.079737543210285367 0.19207776065536564 0.037472615636033879 0.022005736185178648
leaf_count=132 5 2 51 3 19 43 2 22 52 17 11
internal_value=0.00616092 -0.0156273 0.0195369 0.0117397 0.000482065 0.0314875 0.0148873 0.00682412 0.0212971 -0.0756619 -0.0754266
internal_weight=1.41196 0.287829 0.182641 1.12413 0.715974 0.408156 0.604955 0.535846 0.456108 0.0700181 0.0325455
internal_count=359 86 81 273 227 46 208 206 184 79 62
is_linear=0
shrinkage=0.1


Tree=384
num_leaves=10
num_cat=0
split_feature=5 2 0 2 3 5 5 5 1
split_gain=0.0780205 0.0611278 0.116896 0.114236 0.0634042 0.0741924 0.250742 0.11328 0.0203872
threshold=22.700000000000003 0.87837969732492682 -0.91597561503675329 -1.0000000180025095e-35 0.81174490092936691 27.750000000000004 28.250000000000004 25.950000000000003 0.1294095225512602
decision_type=2 2 2 2 2 2 2 2 2
left_child=-1 2 3 -2 5 7 -7 -4 -3
right_child=1 8 4 -5 -6 6 -8 -9 -10
leaf_value=0.041257810266168933 -0.0068756578243417011 0.0025774046631467356 0.0092171542085665806 -0.050361951660221164 0.035512678611866459 0.058537977928170039 -0.077777918186588815 -0.026621438451321606 0.027307000558942369
leaf_weight=0.43552215397358018 1.6531655742292062 0.56228160123282556 1.99244262263528 0.95192515550297585 0.54794417975790555 0.59441041294485319 0.17456653783847287 1.5824427220504729 0.81885171055910178
leaf_count=3 35 30 50 25 30 12 119 36 19
internal_value=-6.59502e-05 -0.00209314 -0.00565468 -0.022766 0.0034578 -0.000585674 0.0275927 -0.006647 0.0172392
internal_weight=9.31355 8.87803 7.4969 2.60509 4.89181 4.34386 0.768977 3.57489 1.38113
internal_count=359 356 307 60 247 217 131 86 49
is_linear=0
shrinkage=0.1


Tree=385
num_leaves=11
num_cat=0
split_feature=1 1 5 5 2 6 3 3 5 5
split_gain=0.0244806 0.252319 0.0634928 0.0672732 0.192915 0.114445 8.49078e-06 2.45252e-06 4.52891e-07 3.10745e-07
threshold=-0.98296291314453399 -0.37940952255126015 28.250000000000004 27.750000000000004 0.87837969732492682 71.450000000000017 0.81174490092936691 -0.56174490092936669 29.750000000000004 30.550000000000004
decision_type=2 2 2 2 2 2 2 2 2 2
left_child=-1 6 3 4 5 -3 7 -2 -9 -10
right_child=1 2 -4 -5 -6 -7 -8 8 9 -11
leaf_value=0.0079063939873751272 -0.076159015124121432 0.015845834671843681 0.03036377178405264 -0.031853117992815587 -0.042042739946946107 -0.024888057368751697 -0.07666539578546179 -0.075238305623577195 -0.075671404661341257 -0.075430675562304428
leaf_weight=2.72742042504251 0.072373314207652584 4.2282391975822975 0.68460266364854749 0.66254744539037336 0.85965404454327643 0.82418624172714761 0.10621074330992997 0.051988446626637486 0.12333235102414619 0.094870267668738961
leaf_count=23 10 92 10 15 34 64 10 37 25 39
internal_value=-0.000235985 -0.00311711 0.00138145 -0.00163642 0.00174987 0.00920104 -0.0758842 -0.075642 -0.0755035 -0.0755667
internal_weight=10.4354 7.708 7.25923 6.57463 5.91208 5.05243 0.448775 0.342564 0.270191 0.218203
internal_count=359 336 215 205 190 156 121 111 101 64
is_linear=0
shrinkage=0.1


Tree=386
num_leaves=7
num_cat=0
split_feature=6 6 6 5 5 6
split_gain=0.0869481 0.184 0.0490216 0.0521259 0.24 0.0983846
threshold=86.450000000000003 76.750000000000014 74.450000000000017 23.550000000000004 23.750000000000004 50.000000000000007
decision_type=2 2 2 2 2 2
left_child=1 2 3 -1 -5 -6
right_child=-2 -3 -4 4 5 -7
leaf_value=0.031922834448078065 0.041123154786406026 -0.054992145851993759 0.034235203583849856 -0.082598271795371991 -0.059488188784896805 0.0044315005289906045
leaf_weight=0.45432545989751805 0.46765038662124414 0.63187124404066697 0.42536511271464394 0.35845400858670462 0.25159089372027654 5.614633394545308
leaf_count=4 5 33 19 6 6 286
internal_value=-0.000748912 -0.00328005 0.00131929 -0.000777026 -0.00316372 0.00169011
internal_weight=8.20389 7.73624 7.10437 6.679 6.22468 5.86622
internal_count=359 354 321 302 298 292
is_linear=0
shrinkage=0.1


Tree=387
num_leaves=12
num_cat=0
split_feature=2 5 5 2 1 5 6 6 6 1 6
split_gain=0.0169163 0.0550862 0.0931057 0.0247084 0.073435 0.0320965 0.0274266 0.0595816 0.0391362 2.17079e-07 1.28037e-08
threshold=0.6078576107927941 23.550000000000004 23.650000000000002 1.0000000180025095e-35 0.60355339059327384 23.950000000000003 79.850000000000009 71.90000000000002 65.850000000000009 0.37940952255126026 71.200000000000003
decision_type=2 2 2 2 2 2 2 2 2 2 2
left_child=3 -2 -3 4 6 -5 7 8 -1 10 -4
right_child=1 2 9 5 -6 -7 -8 -9 -10 -11 -12
leaf_value=-0.0042517757922727528 -0.076524633313125423 0.078370228274296141 -0.075306383816519135 0.00039573098668733867 -0.077722719028205545 0.057081922279860101 0.077142989036884824 -0.075901611693719298 0.05538913750804856 -0.075771339723961162 -0.075446495644711037
leaf_weight=0.26477306572269277 0.095582345151342563 0.10154019668698311 0.0094953488230657968 0.17986368015408516 0.10168775625152193 0.22463437863132185 0.062117882072925568 0.074624662995574909 0.18825143535309508 0.033725638138093927 0.020828679266855943
leaf_count=132 5 2 51 3 19 43 2 22 52 17 11
internal_value=0.00679438 -0.0160761 0.0188163 0.0122445 0.000760291 0.0318759 0.0142923 0.00689321 0.0205316 -0.0755968 -0.0754026
internal_weight=1.35713 0.261172 0.16559 1.09595 0.691455 0.404498 0.589767 0.527649 0.453025 0.0640497 0.030324
internal_count=359 86 81 273 227 46 208 206 184 79 62
is_linear=0
shrinkage=0.1


Tree=388
num_leaves=9
num_cat=0
split_feature=5 5 1 6 5 2 1 5
split_gain=0.0684745 0.0631352 0.0613684 0.105324 0.176812 0.0656882 0.119263 0.166609
threshold=22.700000000000003 23.550000000000004 0.37940952255126026 71.750000000000014 23.950000000000003 0.87837969732492682 0.1294095225512602 25.950000000000003
decision_type=2 2 2 2 2 2 2 2
left_child=-1 -2 5 -4 -5 6 7 -3
right_child=1 2 3 4 -6 -7 -8 -9
leaf_value=0.039264492595925668 -0.028241311668750449 0.08463898020494777 0.059383578254691462 0.047499156516157583 -0.042285876479474092 0.017884535942343641 -0.025928138756341135 -0.0020583006370549933
leaf_weight=0.42452991008758623 0.82190427649766018 0.23962971345463335 0.45660079200752057 0.41626831237226725 0.46360832685604692 1.2172434430758583 2.1716017853468657 2.9558004827113109
leaf_count=3 10 14 21 6 39 35 25 206
internal_value=4.39093e-05 -0.00186058 0.000876839 0.020414 0.000191287 -0.00308882 -0.00784558 0.00444325
internal_weight=9.16719 8.74266 7.92075 1.33648 0.879877 6.58428 5.36703 3.19543
internal_count=359 356 346 66 45 280 245 220
is_linear=0
shrinkage=0.1


Tree=389
num_leaves=12
num_cat=0
split_feature=6 6 2 6 2 2 2 5 6 0 2
split_gain=0.0239155 0.101059 0.212156 0.0405915 0.175628 0.0471952 0.117327 0.143431 0.107946 0.0859621 0.000196858
threshold=72.600000000000009 75.250000000000014 -0.8783796973249266 69.15000000000002 0.6078576107927941 0.6078576107927941 1.0000000180025095e-35 25.350000000000005 64.050000000000011 0.91597561503675362 0.87837969732492682
decision_type=2 2 2 2 2 2 2 2 2 2 2
left_child=3 -2 -3 5 -5 6 7 -1 -9 -7 -4
right_child=1 2 10 4 -6 9 -8 8 -10 -11 -12
leaf_value=0.035311533970033081 0.039073599874874361 0.05213409708390894 -0.077498296999774063 -0.052702660004706109 0.021875094321236344 -0.030816887419766143 0.035792229257207146 -0.0023236477614751632 -0.046658388328329359 0.011102355220079324 -0.082891205346907609
leaf_weight=0.8637278936803322 0.64412503682251621 0.21929761441424489 0.14876824500242947 0.69738690563099204 0.57706788454379421 1.1482704178633869 1.0124930962629148 3.3294049071191698 0.65766943558264745 0.85229117165727064 0.12419349522679113
leaf_count=11 21 6 33 33 14 36 26 120 32 17 10
internal_value=-0.000677421 0.0130038 -0.0211087 -0.00237874 -0.0189342 0.000304316 0.0048295 -0.00163326 -0.00963668 -0.0129582 -0.079952
internal_weight=10.2747 1.13638 0.492259 9.13831 1.27445 7.86386 5.8633 4.8508 3.98707 2.00056 0.272962
internal_count=359 70 49 289 47 242 189 163 152 53 43
is_linear=0
shrinkage=0.1


Tree=390
num_leaves=10
num_cat=0
split_feature=6 6 6 0 0 6 6 6 2
split_gain=0.0750512 0.157563 0.0396844 0.0483036 0.0781349 0.0692193 0.0603518 0.0567562 0.0490448
threshold=86.450000000000003 76.750000000000014 74.450000000000017 -0.91597561503675329 -1.0000000180025095e-35 71.200000000000003 62.150000000000013 72.15000000000002 1.0000000180025095e-35
decision_type=2 2 2 2 2 2 2 2 2
left_child=1 2 3 5 7 8 -6 -5 -1
right_child=-2 -3 -4 4 6 -7 -8 -9 -10
leaf_value=-0.027348879558017725 0.038576730198149688 -0.051369327924869194 0.031509729461076871 0.016064795454320751 -0.0096674092151194241 -0.053255771189807226 0.015895240553321852 0.073484508520235345 0.026464402005101265
leaf_weight=0.3388023882434934 0.46726033615414042 0.61198117399180763 0.41573124954447838 0.79950307503167894 3.1828336571343252 0.39177171246774378 1.301154944419977 0.21937885055376682 0.33864223147975281
leaf_count=30 5 33 19 86 81 13 68 6 18
internal_value=-0.000322657 -0.00271432 0.0015468 -0.000348564 0.00343043 -0.0197977 -0.00224969 0.028428 -0.0004486
internal_weight=8.06706 7.5998 6.98782 6.57209 5.50287 1.06922 4.48399 1.01888 0.677445
internal_count=359 354 321 302 241 61 149 92 48
is_linear=0
shrinkage=0.1


Tree=391
num_leaves=10
num_cat=0
split_feature=6 6 6 6 8 6 3 2 2
split_gain=0.0165691 0.0666788 0.0455483 0.0520077 0.0568556 0.0433601 3.69112e-06 1.13574e-06 1.85309e-07
threshold=82.600000000000009 75.250000000000014 71.750000000000014 66.050000000000011 1.0000000180025095e-35 50.000000000000007 0.81174490092936691 0.87837969732492682 0.6078576107927941
decision_type=2 2 2 2 2 2 2 2 2
left_child=1 2 3 4 6 -6 -1 8 -5
right_child=-2 -3 -4 7 5 -7 -8 -9 -10
leaf_value=-0.07527856567096991 0.023700829764261033 -0.060168963106565956 0.0464875818181016 -0.075286518275079081 -0.077098474910412884 0.038667134372813272 -0.07678560124811977 -0.076248748328315921 -0.075632960568376595
leaf_weight=0.034590140250429613 0.40909123263554648 0.15525010559986185 0.25146898541083829 0.030949060552075025 0.036301876028119295 0.29752189801570239 0.030655755384941585 0.02585620176125758 0.030809465836682648
leaf_count=48 12 37 31 61 6 139 4 12 9
internal_value=0.00703317 -0.00059898 0.0119299 -0.00592597 0.00939105 0.0260781 -0.0759866 -0.0756923 -0.0754593
internal_weight=1.30249 0.893403 0.738153 0.486684 0.39907 0.333824 0.0652459 0.0876147 0.0617585
internal_count=359 347 310 279 197 145 52 82 70
is_linear=0
shrinkage=0.1


Tree=392
num_leaves=14
num_cat=0
split_feature=5 0 5 1 5 5 5 2 3 0 8 2 6
split_gain=0.0467465 0.0925801 0.0770846 0.0769591 0.267764 0.078465 0.0934047 0.0686466 0.0482781 3.36039e-05 5.01225e-07 3.29321e-07 2.86091e-09
threshold=27.950000000000003 0.91597561503675362 26.750000000000004 -0.12940952255126037 25.350000000000005 24.450000000000003 24.950000000000003 1.0000000180025095e-35 -0.56174490092936669 -0.91597561503675329 1.0000000180025095e-35 0.87837969732492682 60.750000000000007
decision_type=2 2 2 2 2 2 2 2 2 2 2 2 2
left_child=2 9 3 -1 5 7 -7 -5 -6 -2 -11 12 -12
right_child=1 -3 -4 4 8 6 -8 -9 -10 10 11 -13 -14
leaf_value=-0.027752696964144688 -0.077865455591107996 -0.0052382177735047896 0.026975810726254747 0.016810364106526893 0.032093877932809239 -0.00051985988835319972 -0.052553056409233849 -0.011376712919397049 0.080783431749596832 -0.07572257561235779 -0.075091470863854176 -0.075453571702973288 -0.075035250800317116
leaf_weight=0.93044160678982635 0.096409971345565171 1.0479952071327714 1.1482733284938147 1.6902695045573648 0.40920133088366129 0.71022819500649326 0.67085797776235268 1.76749602984637 0.40540497457550362 0.031643473083022289 0.035131693833136635 0.045594043636810966 0.012192971607873915
leaf_count=8 5 17 36 22 22 18 26 29 32 14 76 12 42
internal_value=0.000147883 -0.0176411 0.00306733 -0.00110246 0.00328361 -0.00564578 -0.0257948 0.00240206 0.0563252 -0.0764637 -0.0753788 -0.0752618 -0.075077
internal_weight=9.00114 1.26897 7.73217 6.5839 5.65346 4.83885 1.38109 3.45777 0.814606 0.220972 0.124562 0.0929187 0.0473247
internal_count=359 166 193 157 149 95 44 51 54 149 144 130 118
is_linear=0
shrinkage=0.1


Tree=393
num_leaves=12
num_cat=0
split_feature=1 5 2 6 6 6 2 3 2 6 5
split_gain=0.0252693 0.115177 0.135917 0.0478809 0.0864601 0.0811406 0.104592 0.0575116 2.61555e-05 2.76505e-07 4.31345e-07
threshold=-0.98296291314453399 28.550000000000004 0.6078576107927941 59.650000000000013 63.150000000000013 68.050000000000011 -0.8783796973249266 1.0000000180025095e-35 -1.0000000180025095e-35 51.600000000000009 30.350000000000005
decision_type=2 2 2 2 2 2 2 2 2 2 2
left_child=-1 3 8 -2 -5 7 -7 -6 9 -3 -11
right_child=1 2 -4 4 5 6 -8 -9 -10 10 -12
leaf_value=0.0074920140045109723 0.026883456780299436 -0.075771558720664808 0.022699260919132838 -0.024850095876375981 0.034115755391705783 0.016115821179400556 -0.023757667003840875 0.00091654397583769876 -0.077087657344368093 -0.075223244085395921 -0.075575223108004561
leaf_weight=2.6924319351091981 0.60333470226032648 0.038672934984788299 0.20418175122176763 1.3649488748051224 1.1070350361405874 1.1018676679523194 1.6325408574775795 0.9870220620650797 0.22129295772174362 0.048570520055363886 0.12295619234646438
leaf_count=23 16 6 21 27 30 18 108 22 18 37 33
internal_value=-0.000808316 -0.00381515 -0.0445205 -8.13067e-06 -0.00262779 0.00365419 -0.00769009 0.0184675 -0.0763289 -0.07553 -0.0754756
internal_weight=10.1249 7.43242 0.635674 6.79675 6.19341 4.82847 2.73441 2.09406 0.431493 0.2102 0.171527
internal_count=359 336 115 221 205 178 126 52 94 76 70
is_linear=0
shrinkage=0.1


Tree=394
num_leaves=9
num_cat=0
split_feature=6 6 1 5 5 1 0 5
split_gain=0.0654096 0.142848 0.0372702 0.0727271 0.225194 0.0734671 0.201307 0.000118311
threshold=86.450000000000003 76.750000000000014 0.37940952255126026 27.950000000000003 23.950000000000003 -0.98296291314453399 0.91597561503675362 24.350000000000005
decision_type=2 2 2 2 2 2 2 2
left_child=1 2 3 4 -1 -5 -7 -6
right_child=-2 -3 -4 5 7 6 -8 -9
leaf_value=0.0088138513955848489 0.036265645858643482 -0.049509089132230032 0.021599643068214422 -0.0065594259464954608 -0.078562071385331833 0.060653459330138153 -0.0040671999924712212 -0.075400219601264001
leaf_weight=0.85887116426601984 0.46028857550118107 0.5967552971196709 0.81294837857421942 2.629646996734663 0.21577447977324482 0.73729647693835554 1.3803132316097615 0.26208559301630885
leaf_count=10 5 33 40 23 7 126 17 98
internal_value=-0.000324265 -0.00257174 0.0014895 -0.00119764 -0.0218017 0.00460405 0.0184668 -0.0768279
internal_weight=7.95398 7.49369 6.89694 6.08399 1.33673 4.74726 2.11761 0.47786
internal_count=359 354 321 281 115 166 143 105
is_linear=0
shrinkage=0.1


Tree=395
num_leaves=11
num_cat=0
split_feature=2 5 5 5 5 5 5 1 6 6
split_gain=0.0135256 0.052089 0.0829875 0.0254655 0.0412211 0.0419509 0.0630965 1.5645e-07 3.29245e-08 8.69438e-09
threshold=0.6078576107927941 23.550000000000004 23.650000000000002 23.050000000000004 23.750000000000004 24.050000000000004 31.750000000000004 0.37940952255126026 83.700000000000003 71.200000000000003
decision_type=2 2 2 2 2 2 2 2 2 2
left_child=3 -2 -3 -1 -5 -6 8 9 -7 -4
right_child=1 2 7 4 5 6 -8 -9 -10 -11
leaf_value=0.05464715603809818 -0.076383758538382515 0.078241113844691054 -0.075252250046097938 -0.024212621406589849 0.045195624652893902 -0.075140937874551172 0.026749487914291555 -0.075673777080067173 -0.075315103852570023 -0.075376926476340506
leaf_weight=0.12553895451128461 0.085582926636561862 0.094821255654096603 0.0081355866607850658 0.29317854274995625 0.33404016122221947 0.07924282359016388 0.17952057346701622 0.029700429720833199 0.012576746521517634 0.017899388161822571
leaf_count=4 5 2 51 11 6 243 6 17 3 11
internal_value=0.00748444 -0.0140899 0.0213206 0.0124591 0.00656498 0.0214702 -0.00773758 -0.0755169 -0.0751648 -0.075338
internal_weight=1.26024 0.23614 0.150557 1.0241 0.898559 0.60538 0.27134 0.0557354 0.0918196 0.026035
internal_count=359 86 81 273 269 258 252 79 246 62
is_linear=0
shrinkage=0.1


Tree=396
num_leaves=11
num_cat=0
split_feature=5 6 6 1 2 2 6 1 8 0
split_gain=0.0375212 0.0897502 0.0743927 0.0606805 0.0748359 0.0591135 0.167158 0.0795719 0.0736717 0.124841
threshold=27.050000000000004 69.050000000000011 65.450000000000017 0.60355339059327384 -1.0000000180025095e-35 0.6078576107927941 69.350000000000009 -0.12940952255126037 1.0000000180025095e-35 0.91597561503675362
decision_type=2 2 2 2 2 2 2 2 2 2
left_child=1 2 -1 4 -3 6 7 8 -2 -10
right_child=5 3 -4 -5 -6 -7 -8 -9 9 -11
leaf_value=0.0036569345448782473 -0.078924784051584693 -0.028936811694190202 0.035450360401586438 0.013317272193330336 0.0046211231299648136 0.0096957310815807309 0.067070277942984161 0.0020715715556145226 -0.07679775450653914 0.077823075047832216
leaf_weight=1.843583617024706 0.52002211864782977 1.5585606235545133 1.2249748094327513 1.0881874646293002 1.1584966868540501 0.76580802306125395 0.16683521975937754 0.30578487738966964 0.11907695729360057 0.093001715838909149
leaf_count=39 23 29 27 35 39 37 14 8 106 2
internal_value=0.000136985 0.00362436 0.0163489 -0.00663677 -0.0146284 -0.012028 -0.0258372 -0.0407717 -0.0586665 -0.00899272
internal_weight=8.84433 6.8738 3.06856 3.80524 2.71706 1.97053 1.20472 1.03789 0.732101 0.212079
internal_count=359 169 66 103 68 190 153 139 131 108
is_linear=0
shrinkage=0.1


Tree=397
num_leaves=16
num_cat=0
split_feature=6 6 2 6 3 3 5 6 5 5 6 5 6 5 2
split_gain=0.0253092 0.0914286 0.186959 0.0378714 0.0778941 0.0727939 0.0496308 0.0486073 0.0463136 0.201984 0.159641 0.155771 0.0785054 0.0763996 0.000146915
threshold=72.600000000000009 75.250000000000014 -0.8783796973249266 68.050000000000011 -1.0000000180025095e-35 -0.56174490092936669 26.750000000000004 69.350000000000009 30.350000000000005 30.650000000000002 57.750000000000007 28.850000000000005 60.20000000000001 29.750000000000004 0.87837969732492682
decision_type=2 2 2 2 2 2 2 2 2 2 2 2 2 2 2
left_child=3 -2 -3 5 7 6 -1 -5 11 -10 -11 12 -7 -13 -4
right_child=1 2 14 4 -6 8 -8 -9 9 10 -12 13 -14 -15 -16
leaf_value=0.031051292620235434 0.038296276811186081 0.048632891318420038 -0.077179544908597575 -0.0093720757476616519 0.013847604277920478 0.026394069469626913 0.00053611030792599039 -0.049470554709862238 0.057617265234475301 0.020581929034030989 -0.053317774770040641 -0.089725842787281129 -0.012761893226927088 -0.020048897961743008 -0.082072759051980818
leaf_weight=1.0995712890289717 0.63279764407707328 0.211675806902349 0.13356702158489497 0.58705372015538138 0.60814236812439038 0.70566889166366298 1.0343833801453 0.62324870803422527 0.54609815817093466 0.58981380298064301 0.57955674566619564 0.33922168816206966 1.8660968631011199 0.29354264332505409 0.11349931004951941
leaf_count=19 21 6 33 15 21 18 23 30 16 27 19 25 57 19 10
internal_value=-0.000714491 0.0136544 -0.020337 -0.00248225 -0.01535 0.000834929 0.0162598 -0.0300209 -0.00585531 0.00740527 -0.0160438 -0.012954 -0.00201786 -0.0574023 -0.0794274
internal_weight=9.96394 1.09154 0.458742 8.8724 1.81844 7.05395 2.13395 1.2103 4.92 1.71547 1.16937 3.20453 2.57177 0.632764 0.247066
internal_count=359 70 49 289 66 223 42 45 181 62 46 119 75 44 43
is_linear=0
shrinkage=0.1


Tree=398
num_leaves=9
num_cat=0
split_feature=6 6 6 6 5 5 2 5
split_gain=0.0568198 0.122877 0.0352749 0.0681682 0.0516542 0.225686 0.127899 3.32712e-05
threshold=86.450000000000003 76.750000000000014 56.650000000000013 51.050000000000004 24.050000000000004 27.950000000000003 -0.8783796973249266 24.350000000000005
decision_type=2 2 2 2 2 2 2 2
left_child=1 2 3 -1 -4 7 -7 -6
right_child=-2 -3 4 -5 5 6 -8 -9
leaf_value=-0.0096253646620862755 0.033776545124275296 -0.046428363755507976 0.013399081046461604 0.046709030660409073 -0.077217903005848937 0.039616669443231251 -0.0082070442044346464 -0.075354274519834452
leaf_weight=0.40685223834589113 0.45614482508972276 0.58834077795472683 1.6612577154301105 0.45504216903646011 0.14367539987142652 0.68143191620765753 3.1180851147510111 0.28746628929638973
leaf_count=9 5 33 21 33 10 37 87 124
internal_value=-0.00046949 -0.00259709 0.00122116 0.0201167 -0.00154296 -0.00741027 0.000369995 -0.0759753
internal_weight=7.7983 7.34215 6.75381 0.861894 5.89192 4.23066 3.79952 0.431142
internal_count=359 354 321 42 279 258 124 134
is_linear=0
shrinkage=0.1


Tree=399
num_leaves=11
num_cat=0
split_feature=2 5 5 5 5 6 6 1 1 6
split_gain=0.0123507 0.0485248 0.0767384 0.0219362 0.0379091 0.0355213 0.0531553 0.040043 1.10192e-07 7.83549e-09
threshold=0.6078576107927941 23.550000000000004 23.650000000000002 23.050000000000004 23.750000000000004 50.000000000000007 86.450000000000003 0.37940952255126026 0.37940952255126026 71.200000000000003
decision_type=2 2 2 2 2 2 2 2 2 2
left_child=3 -2 -3 -1 -5 -6 7 -7 9 -4
right_child=1 2 8 4 5 6 -8 -9 -10 -11
leaf_value=0.052406003070995424 -0.076275614759719765 0.078006536176112154 -0.075233591262783756 -0.022581669210100321 -0.076991527407481636 0.0057097570282163106 -0.077148278894776365 0.061910650036085105 -0.075611984143343053 -0.075356628664576236
leaf_weight=0.12127528898417927 0.079130177153274528 0.088747406378388405 0.0074627639716595686 0.28988101752474904 0.034444650472551075 0.22952034652041675 0.044530944083817303 0.2832092703147282 0.027116260578623042 0.016891332020918526
leaf_count=4 5 2 51 11 6 209 3 40 17 11
internal_value=0.00782913 -0.0136653 0.021668 0.0125304 0.00704497 0.0215593 0.0276508 0.0367527 -0.0754733 -0.0753189
internal_weight=1.22221 0.219348 0.140218 1.00286 0.881586 0.591705 0.557261 0.51273 0.0514704 0.0243541
internal_count=359 86 81 273 269 258 252 249 79 62
is_linear=0
shrinkage=0.1


end of trees

feature_importances:
Column_5=1388
Column_6=1116
Column_1=483
Column_2=447
Column_0=362
Column_3=201
Column_8=82
Column_9=46
Column_4=37
Column_7=29

parameters:
[boosting: gbdt]
[objective: multiclass]
[metric: multi_logloss]
[tree_learner: serial]
[device_type: cpu]
[data_sample_strategy: bagging]
[data: ]
[valid: ]
[num_iterations: 100]
[learning_rate: 0.1]
[num_leaves: 31]
[num_threads: 14]
[seed: 42]
[deterministic: 0]
[force_col_wise: 0]
[force_row_wise: 0]
[histogram_pool_size: -1]
[max_depth: 6]
[min_data_in_leaf: 20]
[min_sum_hessian_in_leaf: 0.001]
[bagging_fraction: 1]
[pos_bagging_fraction: 1]
[neg_bagging_fraction: 1]
[bagging_freq: 0]
[bagging_seed: 400]
[bagging_by_query: 0]
[feature_fraction: 1]
[feature_fraction_bynode: 1]
[feature_fraction_seed: 30056]
[extra_trees: 0]
[extra_seed: 12879]
[early_stopping_round: 0]
[early_stopping_min_delta: 0]
[first_metric_only: 0]
[max_delta_step: 0]
[lambda_l1: 0]
[lambda_l2: 0]
[linear_lambda: 0]
[min_gain_to_split: 0]
[drop_rate: 0.1]
[max_drop: 50]
[skip_drop: 0.5]
[xgboost_dart_mode: 0]
[uniform_drop: 0]
[drop_seed: 17869]
[top_rate: 0.2]
[other_rate: 0.1]
[min_data_per_group: 100]
[max_cat_threshold: 32]
[cat_l2: 10]
[cat_smooth: 10]
[max_cat_to_onehot: 4]
[top_k: 20]
[monotone_constraints: ]
[monotone_constraints_method: basic]
[monotone_penalty: 0]
[feature_contri: ]
[forcedsplits_filename: ]
[refit_decay_rate: 0.9]
[cegb_tradeoff: 1]
[cegb_penalty_split: 0]
[cegb_penalty_feature_lazy: ]
[cegb_penalty_feature_coupled: ]
[path_smooth: 0]
[interaction_constraints: ]
[verbosity: -1]
[saved_feature_importance_type: 0]
[use_quantized_grad: 0]
[num_grad_quant_bins: 4]
[quant_train_renew_leaf: 0]
[stochastic_rounding: 1]
[linear_tree: 0]
[max_bin: 255]
[max_bin_by_feature: ]
[min_data_in_bin: 3]
[bin_construct_sample_cnt: 200000]
[data_random_seed: 175]
[is_enable_sparse: 1]
[enable_bundle: 1]
[use_missing: 1]
[zero_as_missing: 0]
[feature_pre_filter: 1]
[pre_partition: 0]
[two_round: 0]
[header: 0]
[label_column: ]
[weight_column: ]
[group_column: ]
[ignore_column: ]
[categorical_feature: ]
[forcedbins_filename: ]
[precise_float_parser: 0]
[parser_config_file: ]
[objective_seed: 16083]
[num_class: 4]
[is_unbalance: 0]
[scale_pos_weight: 1]
[sigmoid: 1]
[boost_from_average: 1]
[reg_sqrt: 0]
[alpha: 0.9]
[fair_c: 1]
[poisson_max_delta_step: 0.7]
[tweedie_variance_power: 1.5]
[lambdarank_truncation_level: 30]
[lambdarank_norm: 1]
[label_gain: ]
[lambdarank_position_bias_regularization: 0]
[eval_at: ]
[multi_error_top_k: 1]
[auc_mu_weights: ]
[num_machines: 1]
[local_listen_port: 12400]
[time_out: 120]
[machine_list_filename: ]
[machines: ]
[gpu_platform_id: -1]
[gpu_device_id: -1]
[gpu_use_dp: 0]
[num_gpu: 1]

end of parameters

pandas_categorical:null
