tree
version=v4
num_class=5
num_tree_per_iteration=5
label_index=0
max_feature_idx=9
objective=multiclass num_class:5
feature_names=Column_0 Column_1 Column_2 Column_3 Column_4 Column_5 Column_6 Column_7 Column_8 Column_9
feature_infos=[-1:0.96592582628906831] [-1:0.96592582628906809] [-0.97492791218182362:0.97492791218182362] [-0.90096886790241903:1] [0:1] [21.199999999999999:33.700000000000003] [46.700000000000003:91.5] none [0:1] [0:1]
tree_sizes=1061 450 654 1285 650 1282 1423 1310 1392 986 1388 1534 1309 1491 1100 1287 1537 1309 1485 1205 1384 1646 1726 1604 981 1386 1503 1519 1602 972 1491 1602 1201 1612 971 1485 1505 1206 1626 987 1618 1504 1202 1826 989 1722 1630 1311 1613 1090 1722 1629 1492 1824 1197 1723 1629 1825 1627 1093 1705 1637 1730 1488 992 1726 1745 1511 1492 875 1728 1771 1406 1496 873 1630 1661 1409 1512 982 1712 1663 1410 1495 977 1632 1664 1522 1506 977 1497 1660 1837 1611 977 1525 1757 1724 1509 1500 1929 1767 1415 1945 1085 1531 1771 1739 1510 1288 2166 1663 1416 1508 1081 1948 1556 1515 2059 1078 1737 1671 1303 1509 1512 2041 1560 1628 1506 1302 1636 1666 1599 1612 1087 1953 1563 1613 2065 1410 2062 1664 1506 1967 1848 1319 1677 1402 1522 1090 1845 1680 1506 880 1631 1840 1567 1517 1957 1294 1642 1688 1510 1509 1952 1314 1687 1508 984 1199 1755 1686 1091 974 1305 1649 1682 1611 1300 1511 1961 1793 1511 976 1416 1848 1331 1620 1194 1207 1745 1223 1298 982 1211 1948 1325 1624 1404 1313 1198 1238 1302 974 892 1841 1531 1512 1299 1417 2079 1131 1508 996 1847 1950 1353 1615 1410 1847 1091 1128 1498 1519 1404 1959 1127 1417 882 891 2072 1132 1732 1515 1404 1090 1127 1410 1094 1428 1299 1127 1301 1205 1091 1746 1652 1315 1096 1969 994 1136 1507 1199 1969 1645 1126 1405 1311 1861 1306 1130 1512 1517 1861 1097 1653 1620 1198 1638 1097 1882 1529 981 1329 1737 1243 1530 883 1327 1951 1775 1425 1197 1437 1944 1239 1528 1299 1001 1961 1887 1088 1088 1418 2084 1664 1529 992 1001 2051 1025 1535 1411 1002 2073 1327 1306 1429 1766 1087 1200 1417 989 1307 2070 1020 1538 1417 1209 1088 1027 1627 1960 1554 2077 1533 1305 993 1218 1089 1335 1641 1202 1332 2070 1206 1419 1092 1311 1102 1135 1847 1094 1420 1853 1332 988 1421 1337 1097 1338 1300 1624 1340 995 1345 994 1735 1773 1743 1347 1532 1944 1328 2080 1024 1100 1630 1210 1314 1022 1100 1093 1555 1647 1344 1100 1414 1771 1648 1026 1755 1747 1438 2182 1024 1641 1642 1551 990 1024 997 1310 1650 1858 1030 1752 1514 1876 1099 1209 1655 1839 1336 2185 1028 1525 1302 1556 1523 1028 1209 891 1442 1637 1023 1525 1000 1882 1538 1027 1413 1520 1776 1439 1333 1557 1102 1343 1631 1034 996 1100 1342 1637 1218 1210 991 1340 2089 1033 1211 1205 1445 1105 1031 1321 999 1336 1739 1037 1527 1208 1778 1639 1040 1745 1430 1443 1543 1237 1647 1004 1336 1749 1028 1425 1970 1779 2074 1034 1105 1110 1349 1963 1343 2063 1110 1554 1107 1344 1765 1537 1663 1753 1037 1102 1112 1550 1098 1034 1669 1002 1337 1655 1238 1667 1203 1563

Tree=0
num_leaves=9
num_cat=0
split_feature=0 1 5 0 1 0 1 5
split_gain=111.18 66.9909 22.7081 18.0547 3.02375 4.62123 1.42109e-14 7.10543e-15
threshold=-0.70710678118654735 -0.12940952255126037 23.950000000000003 0.91597561503675362 0.37940952255126026 -0.98296291314453399 0.60355339059327384 29.150000000000002
decision_type=2 2 2 2 2 2 2 2
left_child=1 -1 -3 7 5 -4 -6 -2
right_child=3 2 4 -5 6 -7 -8 -9
leaf_value=-1.3366126741734756 -1.3366126741734756 -1.1825261293867104 -0.96566358487200366 -1.1750703288325122 -0.9513963122065624 -1.0853846120211412 -0.95139631220656251 -1.3366126741734756
leaf_weight=9.3453977108001691 19.469578564167023 7.7878314256668082 7.0090482831001255 8.0474258065223676 5.7110763788223249 5.9706707596778914 6.4898595213890076 29.853353798389435
leaf_count=36 75 30 27 31 22 23 25 115
internal_value=-1.22325 -1.10028 -1.03329 -1.31395 -0.987138 -1.02074 -0.951396 -1.33661
internal_weight=99.6842 42.3139 32.9685 57.3704 25.1807 12.9797 12.2009 49.3229
internal_count=384 163 127 221 97 50 47 190
is_linear=0
shrinkage=1


Tree=1
num_leaves=3
num_cat=0
split_feature=1 5
split_gain=237.809 26.0216
threshold=0.78656609248549303 24.250000000000004
decision_type=2 2
left_child=-1 -2
right_child=1 -3
leaf_value=-2.2568058594450511 -1.8625384812481767 -1.4682711030513023
leaf_weight=41.722955733537674 2.7899848818778983 4.1849773228168488
leaf_count=329 22 33
internal_value=-2.16645 -1.62598
internal_weight=48.6979 6.97496
internal_count=384 55
is_linear=0
shrinkage=1


Tree=2
num_leaves=5
num_cat=0
split_feature=0 1 0 1
split_gain=46.5287 31.9884 12.0307 17.2575
threshold=0.91597561503675362 -0.98296291314453399 -0.91597561503675329 -1.0000000180025095e-35
decision_type=2 2 2 2
left_child=1 -1 3 -3
right_child=-2 2 -4 -5
leaf_value=-2.0539287658646348 -1.9836740082360855 -2.4282548963542503 -2.4282548963542503 -2.1309959103772025
leaf_weight=2.9386139139533034 3.373964123427867 4.1358269900083542 27.644738301634792 3.7004767805337861
leaf_count=27 31 38 254 34
internal_value=-2.33972 -2.37099 -2.39725 -2.28788
internal_weight=41.7936 38.4197 35.481 7.8363
internal_count=384 353 326 72
is_linear=0
shrinkage=1


Tree=3
num_leaves=11
num_cat=0
split_feature=5 5 1 1 6 5 0 0 2 2
split_gain=189.858 13.3209 12.5265 8.94588 3.85618 0.547562 0.132657 1.42109e-14 1.42109e-14 7.10543e-15
threshold=28.050000000000004 23.950000000000003 -0.98296291314453399 -0.37940952255126015 78.750000000000014 31.450000000000003 0.91597561503675362 0.12940952255126059 0.87837969732492682 -0.60785761079279388
decision_type=2 2 2 2 2 2 2 2 2 2
left_child=1 4 -2 5 -1 7 8 -4 -3 -9
right_child=2 6 3 -5 -6 -7 -8 9 -10 -11
leaf_value=-0.7590596541711776 -0.76076461596333667 -0.92785087159492363 -0.60561309287686294 -0.73170613672306062 -0.86340331585131147 -0.63783687074866902 -0.91250621546549215 -0.60561309287686305 -0.92785087159492363 -0.60561309287686294
leaf_weight=6.5169269442558271 8.3789060711860639 34.446613848209381 21.412759959697723 7.1375866532325736 7.7582463622093201 6.2065970897674552 6.516926944255828 7.4479165077209473 7.1375866532325736 6.2065970897674543
leaf_count=21 27 111 69 23 25 20 21 24 23 20
internal_value=-0.780159 -0.900597 -0.647874 -0.628335 -0.815768 -0.610459 -0.925772 -0.605613 -0.927851 -0.605613
internal_weight=119.167 62.3763 56.7904 48.4115 14.2752 41.2739 48.1011 35.0673 41.5842 13.6545
internal_count=384 201 183 156 46 133 155 113 134 44
is_linear=0
shrinkage=1


Tree=4
num_leaves=5
num_cat=0
split_feature=5 5 6 6
split_gain=33.2682 17.121 13.7594 3.55271e-15
threshold=24.050000000000004 31.550000000000004 80.300000000000026 73.050000000000011
decision_type=2 2 2 2
left_child=2 3 -1 -2
right_child=1 -3 -4 -5
leaf_value=-3.1668809715265573 -3.3946122456063397 -2.939149697446775 -2.6700127371706683 -3.3946122456063397
leaf_weight=1.3173421472311049 10.582648582756514 0.87822809815406877 0.96605090796947468 3.1177097484469423
leaf_count=30 241 20 22 71
internal_value=-3.31159 -3.36717 -2.95667 -3.39461
internal_weight=16.862 14.5786 2.28339 13.7004
internal_count=384 332 52 312
is_linear=0
shrinkage=1


Tree=5
num_leaves=11
num_cat=0
split_feature=0 1 0 5 6 5 5 1 1 5
split_gain=84.7496 46.9593 15.8086 13.7356 2.08212 0.37501 0.0011644 0.000579616 0.000462489 7.42022e-06
threshold=-0.70710678118654735 -0.12940952255126037 0.91597561503675362 23.750000000000004 69.450000000000017 24.650000000000002 24.250000000000004 -0.98296291314453399 0.78656609248549303 31.450000000000003
decision_type=2 2 2 2 2 2 2 2 2 2
left_child=1 -1 6 -3 -5 -6 -2 -8 9 -9
right_child=2 3 -4 4 5 -7 7 8 -10 -11
leaf_value=-0.10800255133859989 -0.10918761687764811 0.021195070664361961 0.042906944560388703 0.1461631099164574 0.18425083326532896 0.21305795279055181 -0.10848254798198101 -0.10722039904487407 -0.10811983043207014 -0.10735893616720862
leaf_weight=8.6345412135124189 5.3814284503459922 6.6096530258655539 8.2185001075267774 11.003473997116091 7.7503032088279751 10.838908761739729 6.5342442244291297 20.836384534835819 7.9380879253149024 4.7470100820064536
leaf_count=36 22 25 31 38 27 37 27 88 33 20
internal_value=7.47963e-05 0.101549 -0.0847215 0.151529 0.18064 0.201048 -0.107807 -0.107621 -0.107453 -0.107246
internal_weight=98.4925 44.8369 53.6557 36.2023 29.5927 18.5892 45.4372 40.0557 33.5215 25.5834
internal_count=384 163 221 127 102 64 190 168 141 108
is_linear=0
shrinkage=0.1


Tree=6
num_leaves=12
num_cat=0
split_feature=1 5 5 1 0 1 0 5 0 0 5
split_gain=130.015 5.10725 6.34552e-05 2.62582e-05 1.27163e-05 7.49654e-06 3.20598e-06 1.48005e-06 3.56961e-06 2.31362e-06 2.5457e-07
threshold=0.78656609248549303 24.250000000000004 28.050000000000004 -0.98296291314453399 -0.70710678118654735 -0.12940952255126037 0.60355339059327384 24.250000000000004 -0.91597561503675329 -0.98296291314453399 31.350000000000005
decision_type=2 2 2 2 2 2 2 2 2 2 2
left_child=2 -2 5 -4 -5 -1 10 -7 9 -9 -6
right_child=1 -3 3 4 6 7 -8 8 -10 -11 -12
leaf_value=-0.089501317644755968 0.20594298674015837 0.35088208739134119 -0.089346806655585184 -0.089181871560256643 -0.089002994204718508 -0.089266164651142885 -0.088893073553043184 -0.089327276961843782 -0.089270782636887078 -0.089458216329675933 -0.089040124828544495
leaf_weight=2.4908300712704685 3.6550523787736875 7.2605885714292526 3.1611228436231604 4.3821374624967602 8.0693029910326022 4.532540760934352 2.9255148991942397 2.8054193258285522 4.653265178203581 2.6001076698303223 2.394369848072528
leaf_count=21 22 33 27 38 71 39 26 24 40 22 21
internal_value=-0.00184922 0.30235 -0.089198 -0.0890812 -0.089034 -0.089341 -0.0889856 -0.0893136 -0.089335 -0.0893903 -0.0890115
internal_weight=48.9303 10.9156 38.0146 20.9324 17.7713 17.0822 13.3892 14.5913 10.0588 5.40553 10.4637
internal_count=384 55 329 183 156 146 118 125 86 46 92
is_linear=0
shrinkage=0.1


Tree=7
num_leaves=11
num_cat=0
split_feature=0 1 0 1 1 5 0 5 0 1
split_gain=28.6603 22.0351 10.731 12.362 4.3785e-05 6.41577e-06 2.38254e-06 1.58583e-07 5.88644e-08 1.77636e-15
threshold=0.91597561503675362 -0.98296291314453399 -0.91597561503675329 -1.0000000180025095e-35 0.37940952255126026 24.250000000000004 -0.60355339059327362 31.450000000000003 -0.60355339059327362 -0.78656609248549325
decision_type=2 2 2 2 2 2 2 2 2 2
left_child=1 -1 3 -3 7 6 -6 9 -7 -4
right_child=-2 2 4 -5 5 8 -8 -9 -10 -11
leaf_value=0.19999015000518883 0.23658768681789033 -0.087767676474915832 -0.087452371618703256 0.15755751979495483 -0.087745419594224855 -0.087670068370041876 -0.087885881309150621 -0.08748327490741889 -0.087651997278841931 -0.08745237161870302
leaf_weight=3.770373970270156 4.556307613849639 3.8294872120022774 5.7491462007164911 4.4303146898746437 2.6144581213593483 3.9916867017745972 2.2441797927021963 1.9554157704114903 3.2867390960454941 5.2619304209947684
leaf_count=27 31 38 59 34 26 40 22 20 33 54
internal_value=-0.000114223 -0.0291575 -0.0550534 0.0438175 -0.0875848 -0.0877213 -0.0878103 -0.087457 -0.0876619 -0.0874524
internal_weight=41.69 37.1337 33.3634 8.2598 25.1036 12.1371 4.85864 12.9665 7.27843 11.0111
internal_count=384 353 326 72 254 121 48 133 73 113
is_linear=0
shrinkage=0.1


Tree=8
num_leaves=12
num_cat=0
split_feature=5 5 1 1 6 5 5 8 0 2 5
split_gain=144.887 10.9112 9.59509 6.53492 3.20634 0.404734 0.110685 0.00158224 0.000797578 6.72384e-05 1.42109e-14
threshold=28.050000000000004 23.950000000000003 -0.98296291314453399 -0.37940952255126015 78.750000000000014 31.450000000000003 26.850000000000005 1.0000000180025095e-35 -0.91597561503675329 -1.0000000180025095e-35 30.350000000000005
decision_type=2 2 2 2 2 2 2 2 2 2 2
left_child=1 4 -2 5 -1 10 7 -3 -9 -10 -4
right_child=2 6 3 -5 -6 -7 -8 8 9 -11 -12
leaf_value=0.021468796712016687 0.016572206441067057 -0.13348333985649283 0.15170636422619677 0.044021586504006789 -0.0740229043173629 0.12408409496593363 -0.1184068502369605 -0.13269742224364259 -0.13186044791053056 -0.13147364819680782 0.15170636422619677
leaf_weight=6.5134139955043775 8.4001901149749738 9.8980003297328931 24.302149951457977 7.1493917107582083 7.6414234936237335 6.2455940246582022 6.6036355495452872 11.072604596614832 7.4549392163753501 11.315603464841852 10.904810875654219
leaf_count=21 27 33 78 23 25 20 22 37 25 38 35
internal_value=0.000860206 -0.106926 0.115259 0.132316 -0.030082 0.147545 -0.130396 -0.132388 -0.132024 -0.131627 0.151706
internal_weight=117.502 60.4996 57.0021 48.6019 14.1548 41.4526 46.3448 39.7411 29.8431 18.7705 35.207
internal_count=384 201 183 156 46 133 155 133 100 63 113
is_linear=0
shrinkage=0.1


Tree=9
num_leaves=8
num_cat=0
split_feature=5 5 8 6 5 5 5
split_gain=20.2532 13.6635 6.60994 1.078 1.49939e-05 8.21008e-06 1.50934e-06
threshold=23.850000000000005 31.650000000000002 1.0000000180025095e-35 83.100000000000009 24.450000000000003 31.050000000000004 28.050000000000004
decision_type=2 2 2 2 2 2 2
left_child=2 3 -1 4 -2 6 -6
right_child=1 -3 -4 -5 5 -7 -8
leaf_value=0.079754380471167619 -0.083160872415852571 0.30173459879457376 0.39550099118021198 0.033578509516213349 -0.082775940882696519 -0.083049168515317393 -0.082699810841674284
leaf_weight=1.2164817601442337 1.0124055072665186 1.0360822118818749 1.4572369754314449 0.85057713091373521 4.7801969870924914 0.90003708377480585 5.7208605483174324
leaf_count=20 23 17 23 17 118 21 145
internal_value=-0.00077754 -0.0480104 0.251843 -0.0753296 -0.0827921 -0.0827593 -0.0827345
internal_weight=16.9739 14.3002 2.67372 13.2641 12.4135 11.4011 10.5011
internal_count=384 341 43 324 307 284 263
is_linear=0
shrinkage=0.1


Tree=10
num_leaves=12
num_cat=0
split_feature=0 1 0 5 0 0 2 5 1 1 5
split_gain=66.2827 34.7811 14.0075 9.3298 1.57967 3.23397 0.096585 0.00328337 0.00155784 0.00128536 3.91663e-05
threshold=-0.70710678118654735 -0.12940952255126037 0.91597561503675362 23.750000000000004 -0.91597561503675329 -0.98296291314453399 1.0000000180025095e-35 24.250000000000004 -0.98296291314453399 0.78656609248549303 31.450000000000003
decision_type=2 2 2 2 2 2 2 2 2 2 2
left_child=1 -1 7 -3 5 -5 -6 -2 -9 10 -10
right_child=2 3 -4 4 6 -7 -8 8 9 -11 -12
leaf_value=-0.10374950631392765 -0.1058465990504651 0.019325228743048307 0.038434039846000204 0.1694509216728195 0.17887489586231275 0.07772446267736767 0.16305393082426956 -0.10459151375011976 -0.10240862965374886 -0.10399142651721299 -0.10274292275458899
leaf_weight=7.9127488732337943 5.0600945055484763 6.6580932736396781 8.3560248613357526 8.3107731938362104 8.9332041442394274 7.1509166359901419 6.792965590953826 6.067897260189052 18.802900776267062 7.3210515677928916 4.3076900988817206
leaf_count=36 22 25 31 27 29 24 22 27 88 33 20
internal_value=-1.29472e-05 0.0869199 -0.079706 0.126785 0.149725 0.127028 0.172041 -0.103459 -0.103128 -0.102837 -0.102471
internal_weight=95.6744 45.7587 49.9157 37.846 31.1879 15.4617 15.7262 41.5596 36.4995 30.4316 23.1106
internal_count=384 163 221 127 102 51 51 190 168 141 108
is_linear=0
shrinkage=0.1


Tree=11
num_leaves=13
num_cat=0
split_feature=1 5 1 1 1 5 6 5 6 5 0 0
split_gain=90.267 2.74624 0.000158451 9.66998e-05 1.45095e-05 1.50577e-05 1.09443e-05 1.59383e-05 7.34102e-06 1.74348e-06 3.82894e-11 6.35048e-13
threshold=0.78656609248549303 24.250000000000004 -0.37940952255126015 -0.98296291314453399 -0.12940952255126037 28.050000000000004 79.250000000000014 24.050000000000004 69.450000000000017 31.450000000000003 0.37940952255126054 -0.70710678118654735
decision_type=2 2 2 2 2 2 2 2 2 2 2 2
left_child=2 -2 3 -1 5 -4 7 -6 -9 10 11 -5
right_child=1 -3 4 9 6 -7 -8 8 -10 -11 -12 -13
leaf_value=-0.088445823101731672 0.15314852158017167 0.24995977773129197 -0.088685918785915321 -0.08779525470718974 -0.088007028089616496 -0.088321716855192967 -0.088485556671767218 -0.088418759742733319 -0.088235127256542978 -0.087895609205422817 -0.08779563179799936 -0.087795194934863582
leaf_weight=2.9142920896410969 4.3500334918498984 8.9767578542232496 2.3191159740090379 2.5282993912696829 2.0656036660075179 2.2236976772546768 2.5966919511556634 3.8730668202042562 4.9712758809328079 2.0433994233608237 2.9329416602849951 5.9667431786656371
leaf_count=27 22 33 21 25 20 21 24 36 47 20 29 59
internal_value=-0.00262512 0.218359 -0.0881487 -0.0879235 -0.088353 -0.0885076 -0.088301 -0.0882571 -0.0883155 -0.0878105 -0.0877953 -0.0877952
internal_weight=47.7619 13.3268 34.4351 16.3857 18.0495 4.54281 13.5066 10.9099 8.84434 13.4714 11.428 8.49504
internal_count=384 55 329 160 169 42 127 103 83 133 113 84
is_linear=0
shrinkage=0.1


Tree=12
num_leaves=11
num_cat=0
split_feature=0 1 0 1 1 5 6 5 5 0
split_gain=19.7569 16.3462 9.80538 9.73248 0.00013503 2.6292e-05 1.12684e-05 9.96131e-07 2.81809e-07 2.95401e-10
threshold=0.91597561503675362 -0.98296291314453399 -0.91597561503675329 -1.0000000180025095e-35 0.37940952255126026 24.250000000000004 79.600000000000009 31.450000000000003 24.650000000000002 -0.70710678118654735
decision_type=2 2 2 2 2 2 2 2 2 2
left_child=1 -1 3 -3 7 6 -6 9 -7 -4
right_child=-2 2 4 -5 5 8 -8 -9 -10 -11
leaf_value=0.15251837817848679 0.17709943148615576 -0.087104476404246012 -0.086479874927563191 0.12985572112546287 -0.086990487790916365 -0.086886010575048911 -0.08730808628415225 -0.086560743375575788 -0.086839847282531524 -0.08647855158078388
leaf_weight=4.447507068514823 5.4814178943634024 3.5516524836421013 2.1660888567566863 4.9481236785650236 2.0283650159835798 1.8242670968174932 2.4867034777998924 1.7507054284214962 4.8068223372101784 7.6233164668083253
leaf_count=27 31 38 25 34 22 20 26 20 53 88
internal_value=0.000356471 -0.0268314 -0.0524089 0.0391984 -0.086731 -0.0869793 -0.0871654 -0.0864913 -0.0868525 -0.0864788
internal_weight=41.115 35.6336 31.186 8.49978 22.6863 11.1462 4.51507 11.5401 6.63109 9.78941
internal_count=384 353 326 72 254 121 48 133 73 113
is_linear=0
shrinkage=0.1


Tree=13
num_leaves=13
num_cat=0
split_feature=5 5 1 1 6 5 2 8 6 5 0 1
split_gain=113.032 9.55119 7.68423 5.17593 2.78525 0.344272 0.104096 0.00460336 0.00137642 0.000296516 3.8367e-07 2.87343e-10
threshold=28.050000000000004 23.950000000000003 -0.98296291314453399 -0.37940952255126015 78.750000000000014 31.450000000000003 0.87837969732492682 1.0000000180025095e-35 69.450000000000017 24.750000000000004 -0.70710678118654735 -0.78656609248549325
decision_type=2 2 2 2 2 2 2 2 2 2 2 2
left_child=1 4 -2 5 -1 10 7 -3 -9 -10 -4 -12
right_child=2 6 3 -5 -6 -7 -8 8 9 -11 11 -13
leaf_value=0.022790365460134559 0.014362000349066126 -0.12408425823712364 0.13583450004569683 0.039502144533165071 -0.066654641211685517 0.1101631504951929 -0.10962251020033804 -0.12254575170457974 -0.12154819053571433 -0.12067516646832784 0.13585978863852255 0.13586048745262932
leaf_weight=6.5010856389999372 8.4122250974178296 10.283131211996077 7.5652360916137651 7.1281272172927848 7.495031476020813 6.15468606352806 7.9082516431808463 9.3484871387481707 6.4620846509933498 9.7758176028728467 17.855394631624222 8.7764000296592766
leaf_count=21 27 36 25 23 25 20 28 33 23 35 59 29
internal_value=0.00106579 -0.0970176 0.102452 0.118059 -0.0251081 0.131936 -0.120008 -0.122297 -0.121579 -0.121023 0.135854 0.13586
internal_weight=113.666 57.7739 55.8921 47.4798 13.9961 40.3517 43.7778 35.8695 25.5864 16.2379 34.197 26.6318
internal_count=384 201 183 156 46 133 155 127 91 58 113 88
is_linear=0
shrinkage=0.1


Tree=14
num_leaves=9
num_cat=0
split_feature=5 5 5 5 6 1 1 0
split_gain=14.2255 15.4985 8.00293 0.000252367 7.30207e-06 4.12465e-06 2.69978e-06 3.97923e-07
threshold=24.050000000000004 31.750000000000004 23.550000000000004 31.450000000000003 80.65000000000002 -0.37940952255126015 -0.98296291314453399 -0.91597561503675329
decision_type=2 2 2 2 2 2 2 2
left_child=2 3 -1 4 5 6 -2 -7
right_child=1 -3 -4 -5 -6 7 -8 -9
leaf_value=0.017522010293032107 -0.082565424491952824 0.3386529229486796 0.30105602622431271 -0.084316891361807172 -0.082755150465580296 -0.082552012028703589 -0.0823586855118566 -0.082497297097735275
leaf_weight=1.9207483232021361 0.75264971703290928 0.94242960214614946 2.0665591172873974 0.80690670758485872 0.91958163306117136 2.2438290193676926 3.9294257387518856 3.2608288079500176
leaf_count=24 20 12 28 15 23 60 113 89
internal_value=-0.000545114 -0.0517272 0.164473 -0.0826093 -0.0824853 -0.0824609 -0.0823919 -0.0825196
internal_weight=16.843 12.8557 3.98731 11.9132 11.1063 10.1867 4.68208 5.50466
internal_count=384 332 52 320 305 282 133 149
is_linear=0
shrinkage=0.1


Tree=15
num_leaves=11
num_cat=0
split_feature=0 1 0 5 6 5 5 1 1 5
split_gain=52.6814 26.7131 12.5326 7.02029 1.24502 0.176659 0.0051059 0.00244703 0.00162825 9.10906e-05
threshold=-0.70710678118654735 -0.12940952255126037 0.91597561503675362 23.950000000000003 69.450000000000017 24.650000000000002 24.250000000000004 -0.98296291314453399 0.78656609248549303 31.450000000000003
decision_type=2 2 2 2 2 2 2 2 2 2
left_child=1 -1 6 -3 -5 -6 -2 -8 9 -9
right_child=2 3 -4 4 5 -7 7 8 -10 -11
leaf_value=-0.10032631899112265 -0.10300700857978617 0.027422717840363642 0.034693618465710015 0.10597781024210602 0.13550536757502277 0.1555392614419735 -0.10139977933291809 -0.098569245925190729 -0.10046448645902493 -0.099106337818622922
leaf_weight=7.2043811827898017 4.742669776082038 8.178304046392439 8.4642558693885785 11.462194949388506 7.1338655650615719 11.492021054029463 5.6154627650976137 16.818765416741382 6.6909319162368766 3.887651875615119
leaf_count=36 22 30 31 37 23 37 27 88 33 20
internal_value=-0.000100622 0.0763206 -0.0752835 0.109578 0.131909 0.147866 -0.0999389 -0.0994981 -0.0991083 -0.0986701
internal_weight=91.6905 45.4708 46.2197 38.2664 30.0881 18.6259 37.7555 33.0128 27.3973 20.7064
internal_count=384 163 221 127 97 60 190 168 141 108
is_linear=0
shrinkage=0.1


Tree=16
num_leaves=13
num_cat=0
split_feature=1 5 1 1 1 6 5 5 6 5 0 1
split_gain=67.7139 2.04859 0.000232856 0.000169396 4.09149e-05 2.16919e-05 1.75709e-05 1.45637e-05 7.31491e-06 4.61095e-06 5.07277e-10 2.55289e-11
threshold=0.78656609248549303 24.250000000000004 -0.37940952255126015 -0.98296291314453399 -0.12940952255126037 79.250000000000014 24.050000000000004 28.050000000000004 69.950000000000017 31.450000000000003 -0.70710678118654735 -0.78656609248549325
decision_type=2 2 2 2 2 2 2 2 2 2 2 2
left_child=2 -2 3 -1 7 6 -6 -4 -8 10 -5 -12
right_child=1 -3 4 9 5 -7 8 -9 -10 -11 11 -13
leaf_value=-0.087633622136515515 0.11971577743527069 0.19871207598553728 -0.087915510301685554 -0.086728991888837384 -0.087028967085171605 -0.087643072017289381 -0.087471228831214207 -0.087542401143656856 -0.087279814116188015 -0.086900322807367078 -0.086727158950691594 -0.086727542091377952
leaf_weight=2.6818810626864424 4.9061874300241461 9.9210796356201154 2.1506143733859089 2.2364612668752653 1.852529577910899 2.3764944374561301 3.8021601289510709 2.037109948694706 4.2037888541817665 1.8261630237102497 5.2768326327204678 2.5938234627246919
leaf_count=27 22 33 21 25 20 24 39 21 44 20 59 29
internal_value=-0.00322458 0.172573 -0.0872058 -0.0869155 -0.0874642 -0.0873719 -0.0873065 -0.087734 -0.0873707 -0.0867541 -0.0867277 -0.0867273
internal_weight=45.8651 14.8273 31.0379 14.6152 16.4227 12.235 9.85848 4.18772 8.00595 11.9333 10.1071 7.87066
internal_count=384 55 329 160 169 127 103 42 83 133 113 88
is_linear=0
shrinkage=0.1


Tree=17
num_leaves=11
num_cat=0
split_feature=0 1 0 5 1 5 6 5 0 0
split_gain=14.3356 12.5926 8.91844 7.72624 0.000201147 5.6287e-05 2.50303e-05 2.67189e-06 1.19914e-06 9.95443e-10
threshold=0.91597561503675362 -0.98296291314453399 -0.91597561503675329 25.950000000000003 0.37940952255126026 24.250000000000004 79.600000000000009 31.450000000000003 -0.60355339059327362 -0.70710678118654735
decision_type=2 2 2 2 2 2 2 2 2 2
left_child=1 -1 3 -3 7 6 -6 9 -7 -4
right_child=-2 2 4 -5 5 8 -8 -9 -10 -11
leaf_value=0.12199008443389198 0.14054188178655214 0.10757626186662968 -0.085612914957434894 -0.087295343376013523 -0.086268380086813576 -0.086023669497408403 -0.086761823091282664 -0.085752950402481543 -0.086113619698477736 -0.085610330910036836
leaf_weight=5.0066034942865363 6.2255893647670737 5.4625103995203954 1.9144738093018521 3.2421204224228859 1.844191387295721 3.255487471818924 2.3227569684386253 1.5635265335440625 2.7206055447459221 6.7362575978040757
leaf_count=27 31 36 25 36 22 40 26 20 33 88
internal_value=0.00101008 -0.0244876 -0.0497218 0.0349945 -0.0859459 -0.0862613 -0.0865434 -0.0856326 -0.0860646 -0.0856109
internal_weight=40.2941 34.0685 29.0619 8.70463 20.3573 10.143 4.16695 10.2143 5.97609 8.65073
internal_count=384 353 326 72 254 121 48 133 73 113
is_linear=0
shrinkage=0.1


Tree=18
num_leaves=13
num_cat=0
split_feature=5 5 1 0 6 9 5 5 0 5 6 2
split_gain=89.5075 9.00239 6.11416 5.78696 2.44763 0.832296 0.0414807 0.0147298 0.00706646 0.00426371 0.00154034 0.000144106
threshold=27.800000000000001 23.950000000000003 -0.98296291314453399 0.78656609248549325 78.750000000000014 1.0000000180025095e-35 28.650000000000002 31.250000000000004 0.91597561503675362 24.350000000000005 69.950000000000017 1.0000000180025095e-35
decision_type=2 2 2 2 2 2 2 2 2 2 2 2
left_child=1 4 -2 5 -1 6 -4 -8 9 -3 -11 -12
right_child=2 8 3 -5 -6 -7 7 -9 -10 10 11 -13
leaf_value=0.023748282093881596 0.012754175601689533 -0.11649638077757206 0.11740522498578823 0.01314436906337358 -0.060564347221589744 0.084176509335881944 0.12529953218489256 0.13080709497403714 -0.11806023293022849 -0.11463299779184953 -0.11285978838237357 -0.1134250970254531
leaf_weight=6.4883444309234601 8.41668853163719 6.1336660534143439 6.0811413526535025 5.9265022277832022 7.3364189267158508 5.8739137947559348 22.165388971567157 6.218275010585784 5.1879890263080588 9.48657473921776 11.865471035242082 7.2735526263713828
leaf_count=21 27 23 21 20 25 20 77 21 19 36 46 28
internal_value=0.00106463 -0.090547 0.0911519 0.105414 -0.0209941 0.11897 0.1249 0.126506 -0.114618 -0.114104 -0.113591 -0.113075
internal_weight=108.454 53.772 54.6819 46.2652 13.8248 40.3387 34.4648 28.3837 39.9473 34.7593 28.6256 19.139
internal_count=384 198 186 159 46 139 119 98 152 133 110 74
is_linear=0
shrinkage=0.1


Tree=19
num_leaves=10
num_cat=0
split_feature=5 5 5 5 1 1 6 1 5
split_gain=11.4465 14.4548 4.40835 0.000938042 9.54219e-06 5.06814e-06 3.94758e-06 1.19053e-06 5.56354e-08
threshold=31.850000000000005 24.050000000000004 23.550000000000004 31.550000000000004 -0.37940952255126015 -0.98296291314453399 80.65000000000002 -0.12940952255126037 30.750000000000004
decision_type=2 2 2 2 2 2 2 2 2
left_child=1 2 -1 4 5 -3 7 -6 -7
right_child=-2 3 -4 -5 6 8 -8 -9 -10
leaf_value=0.014546765753515122 0.34010280640693297 -0.082359041098140212 0.21174868908691541 -0.085781209051045026 -0.082356417930672304 -0.082064596229397421 -0.082514232055546491 -0.0822488453977194 -0.082096228917339545
leaf_weight=1.9719855561852462 0.93422573804855424 0.73035128414630879 2.6662826389074326 0.80213483422994691 1.4479513801634296 2.973689559847116 0.84026798605918873 3.5541243217885481 0.68387204408645619
leaf_count=24 9 21 28 11 42 97 23 107 22
internal_value=5.77424e-05 -0.0202145 0.127907 -0.0824882 -0.08223 -0.0821185 -0.0823137 -0.08228 -0.0820705
internal_weight=16.6049 15.6707 4.63827 11.0324 10.2303 4.38791 5.84234 5.00208 3.65756
internal_count=384 375 52 323 312 140 172 149 119
is_linear=0
shrinkage=0.1


Tree=20
num_leaves=12
num_cat=0
split_feature=0 1 0 5 6 5 5 1 1 5 5
split_gain=42.4392 20.7523 11.3158 5.50748 1.40862 0.198258 0.0061711 0.00289134 0.0016091 4.5015e-05 7.054e-06
threshold=-0.70710678118654735 -0.12940952255126037 0.91597561503675362 23.750000000000004 69.450000000000017 24.650000000000002 24.250000000000004 -0.98296291314453399 -0.5 31.450000000000003 25.450000000000003
decision_type=2 2 2 2 2 2 2 2 2 2 2
left_child=1 -1 6 -3 -5 -6 -2 -8 9 -9 -10
right_child=2 3 -4 4 5 -7 7 8 10 -11 -12
leaf_value=-0.097168653351362835 -0.10057403719507718 0.014766927009725102 0.031514007207359182 0.086840969462025686 0.11901302188786322 0.13942949378161054 -0.098722007704885303 -0.095502844341807946 -0.097441073007555348 -0.095907077044273301 -0.097247109771565601
leaf_weight=6.4754533469676963 4.4331846088170996 6.7674653828144065 8.5544984042644483 11.68009799718857 8.2621436715126055 11.209083437919615 5.1779492050409308 13.596893623471265 3.6738111227750805 3.4547971338033667 3.8293305486440659
leaf_count=36 22 25 31 38 27 37 27 80 20 20 21
internal_value=-0.000189326 0.0682794 -0.0713407 0.0965333 0.114297 0.130766 -0.0970935 -0.0965746 -0.0961217 -0.0955847 -0.0973421
internal_weight=87.1147 44.3942 42.7205 37.9188 31.1513 19.4712 34.166 29.7328 24.5548 17.0517 7.50314
internal_count=384 163 221 127 102 64 190 168 141 100 41
is_linear=0
shrinkage=0.1


Tree=21
num_leaves=14
num_cat=0
split_feature=1 5 1 1 1 6 5 6 1 5 5 5 0
split_gain=52.845 1.78927 0.000229843 0.000213374 4.18158e-05 3.41492e-05 2.66023e-05 1.53931e-05 2.96999e-06 2.5118e-06 2.11836e-06 1.86929e-06 1.39869e-07
threshold=0.78656609248549303 24.250000000000004 -0.37940952255126015 -0.98296291314453399 -0.12940952255126037 79.250000000000014 28.050000000000004 69.450000000000017 -0.60355339059327384 31.450000000000003 24.650000000000002 25.850000000000005 0.12940952255126059
decision_type=2 2 2 2 2 2 2 2 2 2 2 2 2
left_child=2 -2 3 -1 6 7 -4 11 9 12 -9 -6 -5
right_child=1 -3 4 8 5 -7 -8 10 -10 -11 -12 -13 -14
leaf_value=-0.086896130077377912 0.096380543500573665 0.16768757133895407 -0.087172541515443958 -0.085816660535265099 -0.086520482638403215 -0.086890091866866359 -0.086643789145730635 -0.086396878165026642 -0.085953860427103554 -0.085943252337875975 -0.086265619396842477 -0.086658564727107854 -0.085786716719443087
leaf_weight=2.4617141187191018 5.3475086838006964 10.290782302618025 1.9818099141120904 3.4748466610908499 1.8244918137788757 2.1697338446974763 1.8302710503339765 2.3959947228431702 2.6568783819675437 1.6074388548731802 2.5255784243345261 2.1190938428044319 2.8306964039802551
leaf_count=27 22 33 21 44 21 24 21 28 33 20 30 24 36
internal_value=-0.00383012 0.143304 -0.0863641 -0.0860577 -0.0866331 -0.0865345 -0.0869187 -0.0864475 -0.0858624 -0.0858317 -0.0863295 -0.0865947 -0.0858032
internal_weight=43.5168 15.6383 27.8785 13.0316 14.847 11.0349 3.81208 8.86516 10.5699 7.91298 4.92157 3.94359 6.30554
internal_count=384 55 329 160 169 127 42 103 133 100 58 45 80
is_linear=0
shrinkage=0.1


Tree=22
num_leaves=15
num_cat=0
split_feature=0 0 1 5 0 5 5 5 1 6 0 5 6 6
split_gain=10.7225 7.75332 6.439 4.55584 3.0343 5.14819 0.00112488 0.000225146 5.5557e-05 3.34398e-05 1.81768e-06 3.20355e-07 6.54235e-09 8.59206e-10
threshold=1.0000000180025095e-35 -0.91597561503675329 -1.0000000180025095e-35 26.850000000000005 0.12940952255126059 28.850000000000005 30.350000000000005 24.250000000000004 0.37940952255126026 79.600000000000009 -0.60355339059327362 29.950000000000003 60.750000000000007 57.850000000000001
decision_type=2 2 2 2 2 2 2 2 2 2 2 2 2 2
left_child=1 2 -1 -2 -5 -6 -7 9 11 -3 -10 12 -9 -13
right_child=3 7 -4 4 5 6 -8 8 10 -11 -12 13 -14 -15
leaf_value=-0.085811621359367998 0.19480845632257365 -0.085667154587762695 0.095247604303243888 0.10077931202007265 0.074656188953607941 -0.088462465050694897 -0.08487574115590911 -0.084868265092716763 -0.08528718065838177 -0.086260900289629183 -0.085404182269539566 -0.084909943243052177 -0.084858421996768379 -0.084913453062941943
leaf_weight=2.9788860678672791 2.3251479864120475 1.6863889321684866 5.7661171555519086 5.4658941328525534 4.536213278770445 1.6240696683526041 1.894298657774925 1.3517076969146713 2.9058916494250298 2.1680083721876144 2.4450256898999214 1.4295631721615794 1.3493290171027181 1.3619678467512129
leaf_count=38 10 22 34 27 25 20 28 20 40 26 33 21 20 20
internal_value=0.00196533 -0.0409847 0.0335718 0.065508 0.0432719 0.00424692 -0.0865314 -0.0853447 -0.0851113 -0.0860011 -0.0853406 -0.0848879 -0.0848633 -0.0849117
internal_weight=39.2885 23.4429 8.745 15.8456 13.5205 8.05458 3.51837 14.6979 10.8435 3.8544 5.35092 5.49257 2.70104 2.79153
internal_count=384 274 72 110 100 73 48 202 154 48 73 81 40 41
is_linear=0
shrinkage=0.1


Tree=23
num_leaves=14
num_cat=0
split_feature=5 5 1 0 6 9 5 5 8 6 1 0 5
split_gain=71.4989 8.22909 5.08939 4.84159 2.14324 0.776627 0.0444659 0.0103174 0.00739976 0.00197674 0.00115755 0.000806565 0.000178161
threshold=27.800000000000001 23.950000000000003 -0.98296291314453399 0.78656609248549325 78.750000000000014 1.0000000180025095e-35 28.650000000000002 31.250000000000004 1.0000000180025095e-35 69.450000000000017 0.37940952255126026 -0.60355339059327362 24.750000000000004
decision_type=2 2 2 2 2 2 2 2 2 2 2 2 2
left_child=1 4 -2 5 -1 6 -4 -8 10 -10 -3 12 -11
right_child=2 8 3 -5 -6 -7 7 -9 9 11 -12 -13 -14
leaf_value=0.023892462412875005 0.011792293341647702 -0.11199193420980878 0.10778934056694418 0.011906674112764181 -0.055421501886066815 0.075531567054711077 0.11645338530251884 0.12120725234511338 -0.10899944396552437 -0.10715974566585858 -0.10991071525594537 -0.10822062550287884 -0.10638688413923869
leaf_weight=6.4830955862998945 8.4131018221378309 5.0991747677326185 5.7291654348373404 5.8313487768173209 7.1804697811603546 5.6325423121452323 20.640971183776859 5.8618937432765952 8.7847350388765353 5.2009449452161771 5.615401491522789 5.0381496995687511 6.9932978004217148
leaf_count=21 27 20 21 20 25 20 77 21 36 22 23 21 30
internal_value=0.000882206 -0.0840437 0.0830151 0.0967281 -0.0177886 0.109791 0.115778 0.117505 -0.108689 -0.107779 -0.110901 -0.107156 -0.106717
internal_weight=102.504 50.3953 52.109 43.6959 13.6636 37.8646 32.232 26.5029 36.7317 26.0171 10.7146 17.2324 12.1942
internal_count=384 198 186 159 46 139 119 98 152 109 43 73 52
is_linear=0
shrinkage=0.1


Tree=24
num_leaves=8
num_cat=0
split_feature=5 5 5 6 5 5 1
split_gain=8.42098 10.7242 4.5408 1.3421 0.000899718 0.000622943 5.82035e-06
threshold=23.850000000000005 31.850000000000005 23.550000000000004 84.500000000000014 24.250000000000004 31.550000000000004 -0.37940952255126015
decision_type=2 2 2 2 2 2 2
left_child=2 3 -1 4 -2 6 -6
right_child=1 -3 -4 -5 5 -7 -8
leaf_value=0.01230318991624875 -0.085694928128639741 0.24117634704651719 0.21888295853575018 0.064949100578108737 -0.081880625141503557 -0.085048505084298426 -0.082045618789109598
leaf_weight=2.0119159333407906 0.80238030850887021 1.2036810368299473 2.2584691569209099 0.65748717263341028 3.9089814368635389 0.71194586157798845 4.7192415986210099
leaf_count=24 14 9 19 11 140 11 156
internal_value=0.000953859 -0.0419512 0.121557 -0.0735062 -0.0824815 -0.0822055 -0.0819709
internal_weight=16.2741 12.0037 4.27039 10.8 10.1425 9.34017 8.62822
internal_count=384 341 43 332 321 307 296
is_linear=0
shrinkage=0.1


Tree=25
num_leaves=12
num_cat=0
split_feature=0 1 0 5 6 5 5 1 1 5 6
split_gain=34.3631 16.3643 10.2952 4.358 1.31194 0.203057 0.00673542 0.00315065 0.00165967 2.46736e-05 9.84369e-06
threshold=-0.70710678118654735 -0.12940952255126037 0.91597561503675362 23.750000000000004 69.450000000000017 24.650000000000002 24.250000000000004 -0.98296291314453399 -0.5 31.450000000000003 76.950000000000017
decision_type=2 2 2 2 2 2 2 2 2 2 2
left_child=1 -1 6 -3 -5 -6 -2 -8 9 -9 -10
right_child=2 3 -4 4 5 -7 7 8 10 -11 -12
leaf_value=-0.094571984281538818 -0.098494094250192385 0.013761555408384057 0.028828554436169884 0.075835788355567882 0.1068062787469045 0.12782189358149113 -0.096486090167819616 -0.092999584741451369 -0.095068976116447393 -0.093317913002055289 -0.094828241368591068
leaf_weight=5.7902670055627814 4.1362591981887844 6.7803738564252845 8.6341609656810743 11.472798824310305 8.0771564841270465 10.672596424818037 4.7676063776016262 12.02058476209641 3.3338634669780687 3.0534033030271521 3.4628120213747025
leaf_count=36 22 25 31 38 27 37 27 80 20 20 21
internal_value=-0.000292179 0.0617538 -0.0676668 0.0862159 0.102471 0.118769 -0.0947397 -0.0941568 -0.093649 -0.0930641 -0.0949463
internal_weight=82.2019 42.7932 39.4087 37.0029 30.2226 18.7498 30.7745 26.6383 21.8707 15.074 6.79668
internal_count=384 163 221 127 102 64 190 168 141 100 41
is_linear=0
shrinkage=0.1


Tree=26
num_leaves=13
num_cat=0
split_feature=1 5 1 1 1 5 6 5 5 5 0 6
split_gain=42.2266 1.6998 0.000227517 0.000261611 3.28087e-05 5.51384e-05 4.35426e-05 3.85342e-05 4.35207e-06 1.17797e-06 9.5656e-07 2.86668e-07
threshold=0.78656609248549303 24.250000000000004 -0.5 -0.98296291314453399 -0.12940952255126037 23.750000000000004 69.450000000000017 28.150000000000002 24.650000000000002 31.450000000000003 -0.5 60.350000000000001
decision_type=2 2 2 2 2 2 2 2 2 2 2 2
left_child=2 -2 3 -1 7 -6 -7 -4 -8 10 -5 -12
right_child=1 -3 4 9 5 6 8 -9 -10 -11 11 -13
leaf_value=-0.086239681110125879 0.078963320829471995 0.14713011333596757 -0.08643198278705666 -0.085062368923356432 -0.086250058122717868 -0.085964996756765125 -0.08559178855434442 -0.085818634584412357 -0.085399349060619065 -0.085115392656786693 -0.084965866994990549 -0.085016586591715002
leaf_weight=2.2587083354592314 5.6931393146514884 10.233465045690535 2.0614070892333975 2.7272008806467047 2.0692596882581729 3.0534141510725021 2.0583199188113213 2.0359996557235718 2.7390243858098984 1.4097473025321958 2.6138932704925528 1.9424991160631178
leaf_count=27 22 33 24 39 25 38 27 26 37 20 38 28
internal_value=-0.00446852 0.122763 -0.0856223 -0.0852808 -0.0858892 -0.0857908 -0.0856698 -0.0861272 -0.0854819 -0.0850317 -0.0850155 -0.0849875
internal_weight=40.8961 15.9266 24.9695 10.952 14.0174 9.92002 7.85076 4.09741 4.79734 8.69334 7.28359 4.55639
internal_count=384 55 329 152 177 127 102 50 64 125 105 66
is_linear=0
shrinkage=0.1


Tree=27
num_leaves=13
num_cat=0
split_feature=0 0 5 8 0 6 5 1 6 0 2 5
split_gain=8.54862 7.2273 5.52541 3.10823 5.40033 0.466249 0.000282977 4.66126e-05 4.00106e-05 1.77089e-06 4.20889e-07 7.65947e-07
threshold=1.0000000180025095e-35 -0.91597561503675329 25.950000000000003 1.0000000180025095e-35 0.12940952255126059 62.550000000000004 24.250000000000004 0.37940952255126026 79.600000000000009 -0.60355339059327362 1.0000000180025095e-35 29.950000000000003
decision_type=2 2 2 2 2 2 2 2 2 2 2 2
left_child=1 2 -1 -2 -5 -6 8 10 -3 -9 11 -8
right_child=3 6 -4 4 5 -7 7 9 -10 -11 -12 -13
leaf_value=0.085713999848144526 0.11262330152906286 -0.085116405390940272 -0.086285122152948632 0.084888824156438947 -0.087296137886464176 -0.015341390188572111 -0.084211357518375163 -0.084622752659952727 -0.08579378661518676 -0.084745182813457942 -0.084195964007715063 -0.084308685528998839
leaf_weight=6.0440513640642184 6.3223079964518556 1.5346646755933755 2.7029980719089508 5.8512793779373169 2.8202655017375946 1.3229628056287763 1.662396896630524 2.5787631720304489 2.0193763226270676 2.1803843528032303 1.597239729017019 1.574318293482065
leaf_count=36 27 22 36 27 40 16 28 40 26 33 27 26
internal_value=0.00295746 -0.0378751 0.0325631 0.0577474 0.023034 -0.0643205 -0.0847391 -0.0844567 -0.0855013 -0.0846788 -0.084238 -0.0842587
internal_weight=38.211 21.8942 8.74705 16.3168 9.99451 4.14323 13.1471 9.5931 3.55404 4.75915 4.83395 3.23672
internal_count=384 274 72 110 83 56 202 154 48 73 81 54
is_linear=0
shrinkage=0.1


Tree=28
num_leaves=14
num_cat=0
split_feature=5 5 1 1 6 5 8 1 6 0 0 5 0
split_gain=57.2957 7.70663 4.28287 4.34074 1.89271 0.424153 0.0067833 0.00278835 0.00262651 0.000886659 0.000819931 0.000215659 6.73322e-05
threshold=27.800000000000001 23.950000000000003 -0.98296291314453399 -0.37940952255126015 78.750000000000014 31.450000000000003 1.0000000180025095e-35 -0.60355339059327384 69.450000000000017 0.91597561503675362 -0.60355339059327362 24.750000000000004 0.12940952255126059
decision_type=2 2 2 2 2 2 2 2 2 2 2 2 2
left_child=1 4 -2 5 -1 7 9 12 -8 -3 11 -10 -4
right_child=2 6 3 -5 -6 -7 8 -9 10 -11 -12 -13 -14
leaf_value=0.024483745287169845 0.011019953705860076 -0.10539376518703469 0.10942671928349208 0.021131789580352205 -0.05052047916030647 0.079110918688444859 -0.10460150247993856 0.11144486664222696 -0.10242253107236206 -0.10729692103809965 -0.10350434757697252 -0.10152636207261129 0.1090540731552234
leaf_weight=6.4704450964927656 8.4062457680702192 5.3646253198385221 10.807699829339983 7.5830282270908347 7.0088106095790863 5.3239993155002585 8.0912154167890566 8.3155371099710482 4.6998176276683754 4.5026015192270279 4.5741453468799618 6.2645466178655624 8.7941408604383451
leaf_count=21 27 24 44 26 25 20 36 33 22 19 21 30 36
internal_value=0.000635253 -0.0783665 0.0760193 0.0894034 -0.0145162 0.104978 -0.10406 0.10991 -0.10314 -0.106262 -0.10238 -0.101911 0.10926
internal_weight=96.2069 46.9762 49.2307 40.8244 13.4793 33.2414 33.497 27.9174 23.6297 9.86723 15.5385 10.9644 19.6018
internal_count=384 198 186 159 46 133 152 113 109 43 73 52 80
is_linear=0
shrinkage=0.1


Tree=29
num_leaves=8
num_cat=0
split_feature=5 6 6 6 5 5 5
split_gain=6.43898 10.8448 1.19474 1.17921 0.77168 0.000876681 0.000385977
threshold=23.850000000000005 51.45000000000001 80.300000000000026 85.15000000000002 31.850000000000005 24.150000000000002 31.550000000000004
decision_type=2 2 2 2 2 2 2
left_child=2 -2 -1 4 5 -3 -7
right_child=1 3 -4 -5 -6 6 -8
leaf_value=0.047081203130351745 0.34526899596314142 -0.085892188532179892 0.14798229686525757 0.065915166071420783 0.013331394039351739 -0.081768425401158418 -0.084454199090007079
leaf_weight=2.230688303709031 0.68818358518183131 0.60682501085102103 2.4761024713516235 0.650082718580962 0.93383871018886644 7.7173224184662086 0.57494866102933873
leaf_count=26 10 10 17 10 6 295 10
internal_value=0.00205563 -0.0392799 0.100162 -0.0645245 -0.0731483 -0.0822231 -0.0819546
internal_weight=15.878 11.1712 4.70679 10.483 9.83293 8.8991 8.29227
internal_count=384 341 43 331 321 315 305
is_linear=0
shrinkage=0.1


Tree=30
num_leaves=13
num_cat=0
split_feature=0 1 0 5 0 0 5 5 1 1 5 6
split_gain=27.6991 13.1563 9.43772 3.5805 1.12216 2.2179 0.00674959 0.00430568 0.00334218 0.00114232 7.11491e-05 2.53318e-06
threshold=-0.70710678118654735 -0.12940952255126037 0.91597561503675362 23.950000000000003 -0.91597561503675329 -0.98296291314453399 24.250000000000004 24.750000000000004 -0.98296291314453399 -0.5 31.450000000000003 76.950000000000017
decision_type=2 2 2 2 2 2 2 2 2 2 2 2
left_child=1 -1 6 -3 5 -5 -2 -6 -8 10 -10 -11
right_child=2 3 -4 4 7 -7 8 -9 9 11 -12 -13
leaf_value=-0.092696015202536508 -0.09661638622324073 0.020066667458552831 0.026781452556674051 0.1135992436622681 0.11888706886669548 0.036124658428271762 -0.094591703117820988 0.11518035379908659 -0.090897320771343992 -0.092739022213636974 -0.091469577743823444 -0.092609575130760013
leaf_weight=5.1988299041986457 3.8440043479204205 8.3134840875864011 8.6913648843765241 7.6738077700138065 5.757254511117937 7.1267015635967264 4.3852892071008709 6.8769331276416779 10.547693490982061 2.9621690511703447 2.736255705356597 3.0874519795179367
leaf_count=36 22 30 31 27 21 23 27 26 80 20 20 21
internal_value=-0.000420507 0.0559419 -0.0640785 0.0775582 0.0949797 0.0762939 -0.0927292 0.116869 -0.0920993 -0.0915339 -0.0910152 -0.092673
internal_weight=77.2012 40.947 36.2542 35.7482 27.4347 14.8005 27.5629 12.6342 23.7189 19.3336 13.2839 6.04962
internal_count=384 163 221 127 97 50 190 47 168 141 100 41
is_linear=0
shrinkage=0.1


Tree=31
num_leaves=14
num_cat=0
split_feature=1 5 1 1 5 6 5 1 0 5 5 0 6
split_gain=34.3112 1.6541 0.000222731 0.000284007 4.1688e-05 7.94863e-05 2.16307e-05 1.72753e-05 9.02995e-06 4.1896e-06 2.97777e-06 6.06732e-07 1.87403e-07
threshold=0.78656609248549303 24.250000000000004 -0.5 -0.98296291314453399 23.750000000000004 69.450000000000017 27.800000000000001 0.37940952255126026 -0.91597561503675329 31.450000000000003 24.750000000000004 -0.5 60.350000000000001
decision_type=2 2 2 2 2 2 2 2 2 2 2 2 2
left_child=2 -2 3 -1 -4 6 8 -7 -6 11 -9 -5 -13
right_child=1 -3 4 9 5 7 -8 10 -10 -11 -12 12 -14
leaf_value=-0.085652557453267608 0.065875878569575275 0.1326281960420726 -0.085683995283071093 -0.084338825341219448 -0.085430431543953356 -0.085111913404275596 -0.085165063741543326 -0.084825636564888646 -0.085741931842049424 -0.084498652808739153 -0.084624972140283625 -0.084256226080041297 -0.084300149258191182
leaf_weight=2.0718727335333824 5.9489340782165518 9.8729465305805189 1.8986710160970712 2.3775496147572994 2.1542137637734387 1.8901380226016042 2.101821132004261 1.4727896936237814 1.6383871212601673 1.257610250264406 1.4853509441018102 2.2782410718500601 1.6933953277766702
leaf_count=27 22 33 25 39 29 27 30 22 21 20 23 38 28
internal_value=-0.00512132 0.10753 -0.0849756 -0.0846146 -0.085252 -0.0851757 -0.0854224 -0.0848758 -0.085565 -0.0843319 -0.0847249 -0.0842989 -0.084275
internal_weight=38.1419 15.8219 22.32 9.67867 12.6414 10.7427 5.89442 4.84828 3.7926 7.6068 2.95814 6.34919 3.97164
internal_count=384 55 329 152 177 152 80 72 50 125 45 105 66
is_linear=0
shrinkage=0.1


Tree=32
num_leaves=10
num_cat=0
split_feature=1 8 1 5 6 0 5 6 0
split_gain=7.34091 5.45949 4.3692 7.54382 0.690742 0.00750059 0.000167973 3.76785e-05 1.35138e-06
threshold=0.37940952255126026 1.0000000180025095e-35 -0.98296291314453399 25.950000000000003 68.450000000000017 0.60355339059327384 24.250000000000004 79.600000000000009 -0.60355339059327362
decision_type=2 2 2 2 2 2 2 2 2
left_child=1 -1 -3 -4 5 -5 7 -2 -8
right_child=6 2 3 4 -6 -7 8 -9 -10
leaf_value=0.099460461717510995 -0.084646865789348838 0.072514871154083019 0.069444467339012106 -0.08427156372370842 -0.0058072291065101667 -0.091993895736098286 -0.084031419776567209 -0.085332646541794635 -0.08414512115773895
leaf_weight=7.5969022065401104 1.4017688930034631 6.1752253174781826 5.3930993229150763 7.7316470779478532 1.2318590320646752 1.5021229721605776 2.2777497433125973 1.8698714263737199 1.9319116137921808
leaf_count=32 22 27 31 138 18 17 40 26 33
internal_value=0.00401028 0.026358 0.00115362 -0.0266337 -0.0761443 -0.0855278 -0.0845013 -0.0850388 -0.0840836
internal_weight=37.1122 29.6309 22.034 15.8587 10.4656 9.23377 7.4813 3.27164 4.20966
internal_count=384 263 231 204 173 155 121 48 73
is_linear=0
shrinkage=0.1


Tree=33
num_leaves=14
num_cat=0
split_feature=5 5 1 0 6 9 5 5 8 6 0 0 5
split_gain=46.1294 7.26665 3.64386 4.07988 1.61725 0.779355 0.048824 0.00728706 0.0060592 0.00305026 0.000747163 0.000545898 0.000236156
threshold=27.800000000000001 23.950000000000003 -0.98296291314453399 0.78656609248549325 78.750000000000014 1.0000000180025095e-35 28.650000000000002 31.250000000000004 1.0000000180025095e-35 69.450000000000017 -0.60355339059327362 0.91597561503675362 24.750000000000004
decision_type=2 2 2 2 2 2 2 2 2 2 2 2 2
left_child=1 4 -2 5 -1 6 -4 -8 11 -10 12 -3 -11
right_child=2 8 3 -5 -6 -7 7 -9 9 10 -12 -13 -14
leaf_value=0.024121664035629063 0.010392343286975197 -0.10183473277655936 0.094570529216050359 0.004364075903097217 -0.045667383650048972 0.060735471377449328 0.10459661062967907 0.10891447052482917 -0.10109816181862943 -0.09867589422836015 -0.099717401945016465 -0.10339419084643027 -0.097683484426097672
leaf_weight=6.4654030501842481 8.3985710740089399 4.8821251094341296 4.9207373559474972 5.5921630710363379 6.8263794630765915 5.0299176871776572 17.210248008370403 5.0570292025804511 7.4252739399671581 4.2165915966033936 4.1178371608257267 4.1552563309669495 5.5590271949768066
leaf_count=21 27 24 21 20 25 20 77 21 36 22 21 19 30
internal_value=0.000339044 -0.0733824 0.0699751 0.0832099 -0.0117205 0.0968954 0.103585 0.105577 -0.100382 -0.099462 -0.0985875 -0.102552 -0.0981115
internal_weight=89.8566 43.6479 46.2087 37.8101 13.2918 32.2179 27.188 22.2673 30.3561 21.3187 13.8935 9.03738 9.77562
internal_count=384 198 186 159 46 139 119 98 152 109 73 43 52
is_linear=0
shrinkage=0.1


Tree=34
num_leaves=8
num_cat=0
split_feature=5 6 1 5 5 6 1
split_gain=5.13737 8.15405 2.47826 0.758793 0.000265917 2.11108e-05 5.12421e-06
threshold=24.050000000000004 51.45000000000001 0.78656609248549303 31.850000000000005 31.550000000000004 80.65000000000002 -0.5
decision_type=2 2 2 2 2 2 2
left_child=2 -2 -1 4 5 6 -3
right_child=1 3 -4 -5 -6 -7 -8
leaf_value=0.022753730865033864 0.24909374156445405 -0.081456732532888113 0.15428108290661566 0.013819672964119324 -0.083964275864294391 -0.082144389104405927 -0.081636106302009875
leaf_weight=3.5277376435697088 0.87287209555506606 2.7302849423140265 2.4120788425207138 0.92994277179241169 0.51693514361977566 0.68608167394995678 3.8220668882131581
leaf_count=34 10 126 18 6 10 23 157
internal_value=0.00312977 -0.0422572 0.0761652 -0.0715379 -0.0817731 -0.0816166 -0.0815614
internal_weight=15.498 9.55818 5.93982 8.68531 7.75537 7.23843 6.55235
internal_count=384 332 52 322 316 306 283
is_linear=0
shrinkage=0.1


Tree=35
num_leaves=13
num_cat=0
split_feature=0 5 0 5 1 0 5 1 5 1 5 6
split_gain=22.4695 10.3522 8.67337 3.19262 0.918865 2.4299 0.00599026 0.00323318 0.00263688 0.00102188 4.54673e-05 2.95598e-05
threshold=-0.70710678118654735 28.050000000000004 0.91597561503675362 23.950000000000003 0.37940952255126026 -0.98296291314453399 24.250000000000004 -0.98296291314453399 24.750000000000004 -0.5 31.450000000000003 76.950000000000017
decision_type=2 2 2 2 2 2 2 2 2 2 2 2
left_child=1 3 6 -1 5 -5 -2 -8 -6 10 -9 -11
right_child=2 -3 -4 4 8 -7 7 9 -10 11 -12 -13
leaf_value=0.01794313785458777 -0.09486967338247361 -0.079589967938027639 0.024841567421395722 0.11542285725992055 0.11161826639438198 0.031029897643241662 -0.092975481588826736 -0.089197626803204422 0.10859068949482825 -0.091195706396940482 -0.0896859573230879 -0.090728826593170775
leaf_weight=8.3519455790519697 3.5471492409706142 5.2389836013317099 8.7471957206726056 6.5849669724702808 5.304323270916937 7.079938262701039 4.0308119803667095 9.2399530410766655 6.2857206612825394 2.6878446638584093 2.4023827463388434 2.7369991093873978
leaf_count=30 22 38 31 25 21 23 27 80 26 20 20 21
internal_value=-0.000551105 0.0511577 -0.0607048 0.07154 0.0892647 0.0716979 -0.0910674 -0.0904282 0.109976 -0.0898266 -0.0892984 -0.0909602
internal_weight=72.2382 38.8459 33.3923 33.6069 25.2549 13.6649 24.6451 21.098 11.59 17.0672 11.6423 5.42484
internal_count=384 163 221 125 95 48 190 168 47 141 100 41
is_linear=0
shrinkage=0.1


Tree=36
num_leaves=13
num_cat=0
split_feature=1 5 1 1 5 1 6 5 5 5 0 6
split_gain=28.2742 1.58386 0.000197633 0.000288295 5.55872e-05 7.62281e-05 4.71431e-05 2.38464e-05 7.18199e-06 2.63438e-06 1.05921e-06 3.45691e-07
threshold=0.78656609248549303 24.250000000000004 -0.5 -0.98296291314453399 23.750000000000004 -0.12940952255126037 69.450000000000017 28.150000000000002 24.650000000000002 31.450000000000003 -0.5 60.350000000000001
decision_type=2 2 2 2 2 2 2 2 2 2 2 2
left_child=2 -2 3 -1 -4 7 -7 -6 -8 10 -5 -12
right_child=1 -3 4 9 5 6 8 -9 -10 -11 11 -13
leaf_value=-0.085128174475051929 0.056419996337266055 0.12192364121168986 -0.085197484738152307 -0.083759574358802491 -0.085226477369785905 -0.084714467655744197 -0.084309661479766262 -0.084697310781812918 -0.084030388399289405 -0.08387283404033391 -0.083642012275369701 -0.083705925244787788
leaf_weight=1.9002993628382681 6.1180971860885611 9.3063498139381391 1.7470002956688429 2.0868022590875621 1.7209694720804667 2.4787849821150312 1.6336333081126215 1.6858065798878668 2.1104794144630432 1.0983361303806303 1.9781590998172749 1.4790011830627916
leaf_count=27 22 33 25 39 24 38 27 26 37 20 38 28
internal_value=-0.00569975 0.0959417 -0.0844056 -0.0840421 -0.0846785 -0.0845844 -0.0843762 -0.0849646 -0.0841522 -0.0837313 -0.0837033 -0.0836694
internal_weight=35.3437 15.4244 19.9193 8.5426 11.3767 9.62967 6.2229 3.40678 3.74411 6.6423 5.54396 3.45716
internal_count=384 55 329 152 177 152 102 50 64 125 105 66
is_linear=0
shrinkage=0.1


Tree=37
num_leaves=10
num_cat=0
split_feature=1 8 1 1 6 0 5 6 0
split_gain=6.47989 4.03717 3.34584 6.49351 0.646548 0.00971642 0.000189353 3.69758e-05 1.43083e-06
threshold=0.37940952255126026 1.0000000180025095e-35 -0.98296291314453399 1.0000000180025095e-35 68.950000000000017 0.78656609248549325 24.250000000000004 79.600000000000009 -0.60355339059327362
decision_type=2 2 2 2 2 2 2 2 2
left_child=1 -1 -3 4 5 -4 7 -2 -8
right_child=6 2 3 -5 -6 -7 8 -9 -10
leaf_value=0.085737192861186431 -0.084200068446120602 0.06259482580991664 -0.083405729393952133 0.061733907361233548 -0.0077517060544119061 -0.093830779719375271 -0.083482240517656348 -0.084909954372237972 -0.083607070533312011
leaf_weight=7.9673386365175274 1.2745079211890691 6.4476101994514492 7.1037613190710527 5.5931117683649054 1.2607773020863522 1.0227399691939352 1.9928028099238875 1.7292987704277036 1.7028554975986478
leaf_count=32 22 27 148 29 18 9 40 26 33
internal_value=0.00473348 0.024961 0.00236325 -0.0235606 -0.0743807 -0.0847177 -0.0840191 -0.0846088 -0.0835398
internal_weight=36.0948 29.3953 21.428 14.9804 9.38728 8.1265 6.69946 3.00381 3.69566
internal_count=384 263 231 204 175 157 121 48 73
is_linear=0
shrinkage=0.1


Tree=38
num_leaves=14
num_cat=0
split_feature=5 5 1 1 6 5 8 1 6 5 3 0 2
split_gain=37.1997 6.84918 3.11901 3.76404 1.38845 0.510055 0.00533608 0.00281165 0.0020828 0.000669431 0.000469557 6.9901e-05 9.32265e-06
threshold=27.800000000000001 23.950000000000003 -0.98296291314453399 -0.37940952255126015 78.750000000000014 31.450000000000003 1.0000000180025095e-35 -0.60355339059327384 69.450000000000017 24.650000000000002 -0.22252093395631442 -0.25881904510252113 -1.0000000180025095e-35
decision_type=2 2 2 2 2 2 2 2 2 2 2 2 2
left_child=1 4 -2 5 -1 7 10 11 -8 -10 -3 -4 -11
right_child=2 6 3 -5 -6 -7 8 -9 9 12 -12 -13 -14
leaf_value=0.023543343099257204 0.0098616943935115938 -0.10023451812378686 0.10029945157524585 0.013671850002923376 -0.041503762468295423 0.064303173559526972 -0.097849758746926876 0.10242370415821998 -0.096654236232362079 -0.095009541119419727 -0.098723676992783213 0.099861887685940565 -0.095225284644638752
leaf_weight=6.4661107063293439 8.3888089656829816 4.0937220454216003 5.6404517143964776 7.2497970163822201 6.6629128456115723 4.6120536625385276 6.7019226551055935 6.9635588377714148 4.390738070011138 3.9861942380666733 4.1347951292991656 10.350485384464264 4.0256861597299558
leaf_count=21 27 21 28 26 25 20 36 33 25 24 22 52 24
internal_value=7.08442e-05 -0.0688317 0.0645988 0.0777874 -0.00946773 0.0946494 -0.0973463 0.100747 -0.0964294 -0.0956618 -0.0994753 0.100016 -0.0951179
internal_weight=83.6672 40.4621 43.2052 34.8163 13.129 27.5665 27.3331 22.9545 19.1045 12.4026 8.22852 15.9909 8.01188
internal_count=384 198 186 159 46 133 152 113 109 73 43 80 48
is_linear=0
shrinkage=0.1


Tree=39
num_leaves=8
num_cat=0
split_feature=6 5 5 9 5 5 6
split_gain=4.05771 6.42691 2.01014 0.767242 0.00776025 0.000103049 1.76446e-05
threshold=51.45000000000001 24.050000000000004 23.550000000000004 1.0000000180025095e-35 31.850000000000005 31.450000000000003 80.65000000000002
decision_type=2 2 2 2 2 2 2
left_child=-1 2 -2 4 5 6 -3
right_child=1 3 -4 -5 -6 -7 -8
leaf_value=0.19740627244484221 -0.0062396163343317861 -0.081384284247732502 0.1101958293746239 0.0087345532257795816 -0.093427574537089164 -0.082916789128454918 -0.081960209064677797
leaf_weight=1.0147213414311416 2.4001925960183126 5.0262850131839514 3.878862526267767 1.0639276932924984 0.60641238093376149 0.51988451369106758 0.59492620453238476
leaf_count=10 24 245 28 36 4 15 22
internal_value=0.00426871 -0.00964002 0.0656879 -0.0701908 -0.0826355 -0.0815698 -0.0814452
internal_weight=15.1052 14.0905 6.27906 7.81144 6.74751 6.1411 5.62121
internal_count=384 374 52 322 286 282 267
is_linear=0
shrinkage=0.1


Tree=40
num_leaves=14
num_cat=0
split_feature=1 1 6 0 0 5 3 1 5 1 5 0 3
split_gain=18.3035 12.1418 4.73852 4.86865 3.3093 1.61861 0.276695 0.00366643 0.0033025 9.11718e-05 8.28869e-05 5.06392e-06 2.94117e-06
threshold=-0.37940952255126015 0.78656609248549303 69.450000000000017 -0.98296291314453399 -0.91597561503675329 23.850000000000005 -0.22252093395631442 -0.98296291314453399 24.250000000000004 -0.60355339059327384 31.450000000000003 0.12940952255126059 1.0000000180025095e-35
decision_type=2 2 2 2 2 2 2 2 2 2 2 2 2
left_child=7 2 3 -2 -5 -4 -7 -1 -3 10 11 12 -9
right_child=1 8 5 4 -6 6 -8 9 -10 -11 -12 -13 -14
leaf_value=-0.091591556736477481 0.09860769847560498 -0.09346019115465698 0.037920439565395925 -0.073295592258833295 0.02264362044455405 0.084325268187040003 0.1106234000453301 -0.087903442126871845 -0.089131112276549448 -0.088484374843019964 -0.088446394493318481 -0.087659456319747114 -0.087740808174509521
leaf_weight=3.7059836685657528 5.3031593859195736 3.2913294583559027 5.9851625412702587 5.6631354987621316 9.8468927741050685 7.2717985808849361 8.8944582492113096 2.1438132077455503 3.792932890355587 3.5411061719059918 2.1535569354891786 3.5882918462157249 2.3103402704000473
leaf_count=27 21 22 21 24 36 31 36 21 33 33 20 36 23
internal_value=-0.000588476 0.0301552 0.0501555 0.0158947 -0.0123864 0.0823465 0.0987941 -0.0888003 -0.0911424 -0.0880472 -0.0878954 -0.0877479 -0.0878191
internal_weight=67.492 50.0489 42.9646 20.8132 15.51 22.1514 16.1663 17.4431 7.08426 13.7371 10.196 8.04245 4.45415
internal_count=384 224 169 81 60 88 67 160 55 133 100 80 44
is_linear=0
shrinkage=0.1


Tree=41
num_leaves=13
num_cat=0
split_feature=1 5 1 1 5 1 6 5 5 5 0 6
split_gain=23.3354 1.59734 0.000168699 0.000282148 6.13075e-05 8.25973e-05 3.49128e-05 1.83726e-05 7.16461e-06 5.50768e-06 5.87401e-07 2.32198e-07
threshold=0.78656609248549303 24.250000000000004 -0.5 -0.98296291314453399 23.750000000000004 -0.12940952255126037 69.450000000000017 28.150000000000002 24.650000000000002 31.450000000000003 -0.5 60.350000000000001
decision_type=2 2 2 2 2 2 2 2 2 2 2 2
left_child=2 -2 3 -1 -4 7 -7 -6 -8 10 -5 -12
right_child=1 -3 4 9 5 6 8 -9 -10 -11 11 -13
leaf_value=-0.084661376599148325 0.047475752404566231 0.11384091129143321 -0.084738778275687779 -0.08321127295395056 -0.084717951898015148 -0.084140547892243067 -0.083793151884885272 -0.084231096087394403 -0.08349647434097035 -0.083426160450447817 -0.08311498368521697 -0.083171256011244199
leaf_weight=1.7442793101072309 6.2627740800380698 8.6166064143180829 1.6009966135025049 1.8058898486196988 1.5710652768611892 2.2071619257330894 1.452523607760668 1.5299633927643297 1.8516900725662706 0.98185831308364857 1.7133948840200899 1.2818806692957876
leaf_count=27 22 33 25 39 24 38 27 26 37 20 38 28
internal_value=-0.00644682 0.0859076 -0.0839058 -0.0835466 -0.0841705 -0.0840649 -0.0838326 -0.0844778 -0.0836269 -0.0832104 -0.0831662 -0.0831391
internal_weight=32.6201 14.8794 17.7407 7.5273 10.2134 8.6124 5.51138 3.10103 3.30421 5.78302 4.80117 2.99528
internal_count=384 55 329 152 177 152 102 50 64 125 105 66
is_linear=0
shrinkage=0.1


Tree=42
num_leaves=10
num_cat=0
split_feature=1 8 1 5 6 0 5 6 0
split_gain=5.72265 3.03423 2.54715 5.6123 0.737353 0.00686575 0.000202954 3.66592e-05 1.30649e-06
threshold=0.37940952255126026 1.0000000180025095e-35 -0.98296291314453399 25.950000000000003 68.450000000000017 0.78656609248549325 24.250000000000004 79.600000000000009 -0.60355339059327362
decision_type=2 2 2 2 2 2 2 2 2
left_child=1 -1 -3 -4 5 -5 7 -2 -8
right_child=6 2 3 4 -6 -7 8 -9 -10
leaf_value=0.075082680124764545 -0.083797724929847522 0.054345974723871718 0.055010784562247443 -0.083434232196432909 0.0025636306472185044 -0.092614640492334172 -0.082999843069101187 -0.084536571422969997 -0.083127406292170858
leaf_weight=8.2504782676696795 1.1562970727682107 6.6806561201810863 5.8042206019163123 6.3146283477544767 1.1199699416756628 0.93529682606458653 1.7362986542284491 1.6018550284206865 1.493501730263233
leaf_count=32 22 27 31 146 18 9 40 26 33
internal_value=0.00543263 0.0237491 0.00344067 -0.0205524 -0.0729528 -0.0846186 -0.0835968 -0.0842268 -0.0830588
internal_weight=35.0932 29.1053 20.8548 14.1741 8.3699 7.24993 5.98795 2.75815 3.2298
internal_count=384 263 231 204 173 155 121 48 73
is_linear=0
shrinkage=0.1


Tree=43
num_leaves=16
num_cat=0
split_feature=5 5 0 5 6 5 6 9 3 8 6 6 5 3 3
split_gain=29.912 6.47023 2.8825 1.36715 2.31206 2.55392 1.21556 0.240093 0.0493925 0.00476592 0.00184274 0.00131546 0.000599468 0.000438867 9.60658e-06
threshold=27.800000000000001 23.950000000000003 1.0000000180025095e-35 28.950000000000003 59.550000000000004 30.850000000000005 78.750000000000014 1.0000000180025095e-35 -0.56174490092936669 1.0000000180025095e-35 61.850000000000001 69.450000000000017 24.650000000000002 -0.22252093395631442 -0.22252093395631442
decision_type=2 2 2 2 2 2 2 2 2 2 2 2 2 2 2
left_child=1 6 7 -4 5 -5 -1 8 -2 13 -10 -11 -13 -3 -14
right_child=2 9 3 4 -6 -7 -8 -9 10 11 -12 12 14 -15 -16
leaf_value=0.023222705382383749 0.085158876307041054 -0.097720884610044523 -0.010912863103822066 0.06634688382717073 0.10002064505980413 -0.030125173261963945 -0.037982449644620025 0.067469417090478698 0.097293670394667797 -0.095114415800427662 0.10004834579598638 -0.094265267497272195 -0.09261248505899633 -0.096187561228532739 -0.092845449497278548
leaf_weight=6.462691664695738 3.9309469759464273 3.7288905382156372 5.0159002840518978 5.9441908746957797 5.7473781853914252 5.097264289855957 6.5171536654233932 4.1800443679094306 6.5339613407850266 5.9973000138998058 3.8648065775632858 3.9252752214670164 3.6692018657922763 3.7377609908580807 3.4198378622531873
leaf_count=21 20 21 19 25 27 20 25 19 36 36 20 25 25 22 23
internal_value=-0.000244919 -0.0645828 0.0595345 0.034898 0.0485846 0.0218108 -0.00750828 0.0885566 0.0947078 -0.0948471 0.0983175 -0.0939227 -0.0932738 -0.0969533 -0.0927249
internal_weight=77.7726 37.4581 40.3145 21.8047 16.7888 11.0415 12.9798 18.5098 14.3297 24.4783 10.3988 17.0116 11.0143 7.46665 7.08904
internal_count=384 198 186 91 72 45 46 95 76 152 56 109 73 43 48
is_linear=0
shrinkage=0.1


Tree=44
num_leaves=8
num_cat=0
split_feature=5 5 0 5 6 6 1
split_gain=3.61854 6.33699 1.5892 0.000336752 6.42604e-05 1.23495e-05 3.44725e-06
threshold=31.850000000000005 24.050000000000004 -0.60355339059327362 31.650000000000002 53.95000000000001 80.65000000000002 -0.98296291314453399
decision_type=2 2 2 2 2 2 2
left_child=1 2 -1 4 -3 6 -6
right_child=-2 3 -4 -5 5 -7 -8
leaf_value=0.014694122594031876 0.14646567157635132 -0.082469870282358498 0.1140968582737507 -0.084299817141845604 -0.081550094565756584 -0.081756514053034454 -0.081234125590827655
leaf_weight=3.7444556355476379 1.6170715019106872 0.51849606074392784 2.8193385601043683 0.42996917292475689 0.37274665385484596 0.54957135021686543 4.6876467457041153
leaf_count=34 9 19 18 8 16 23 257
internal_value=0.00531997 -0.0120736 0.0573905 -0.0815945 -0.0814047 -0.0813063 -0.0812574
internal_weight=14.7393 13.1222 6.56379 6.55843 6.12846 5.60996 5.06039
internal_count=384 375 52 323 315 296 273
is_linear=0
shrinkage=0.1


Tree=45
num_leaves=15
num_cat=0
split_feature=1 1 6 6 5 2 0 3 5 1 0 5 5 0
split_gain=15.5204 10.1072 4.02213 1.89608 1.5178 1.09683 0.289603 0.209428 0.00301828 0.00277479 0.000111426 3.66925e-05 4.27064e-06 6.3768e-06
threshold=-0.37940952255126015 0.78656609248549303 69.450000000000017 63.250000000000007 23.850000000000005 1.0000000180025095e-35 -0.91597561503675329 -0.22252093395631442 24.250000000000004 -0.98296291314453399 0.37940952255126054 30.850000000000005 29.750000000000004 -0.25881904510252113
decision_type=2 2 2 2 2 2 2 2 2 2 2 2 2 2
left_child=9 2 3 -2 -4 -5 -6 -8 -3 -1 11 12 -11 -14
right_child=1 8 4 5 6 -7 7 -9 -10 10 -12 -13 13 -15
leaf_value=-0.090205638533743374 0.061904962149541158 -0.092127984520560868 0.033718329513241815 -0.033599751472365123 0.074506693176304484 0.021608948480310069 0.088545845511373358 0.11796983036271112 -0.087766301421856263 -0.0865804506579535 -0.087458318448887365 -0.087145132887966867 -0.086870525458523085 -0.086603227290702398
leaf_weight=3.3612278252840033 5.8070066124200848 3.0326771512627593 6.0398901849985149 7.1434159278869611 5.4082454591989508 7.2514843344688416 4.7919950336217854 4.8847848176956186 3.3271274119615555 3.2451871484518033 3.2672274783253661 2.0595922693610191 1.8130348175764068 1.7578383460640923
leaf_count=27 24 22 21 28 21 29 23 23 33 37 34 22 20 20
internal_value=-0.000746985 0.0275115 0.0455718 0.0136701 0.0760795 -0.00578816 0.0930405 0.103399 -0.0898462 -0.0876629 -0.086959 -0.0867752 -0.0866635 -0.0867389
internal_weight=63.1907 47.6866 41.3268 20.2019 21.1249 14.3949 15.085 9.67678 6.3598 15.5041 12.1429 8.87565 6.81606 3.57087
internal_count=384 224 169 81 88 57 67 46 55 160 133 99 77 40
is_linear=0
shrinkage=0.1


Tree=46
num_leaves=14
num_cat=0
split_feature=1 5 1 1 5 6 1 5 1 5 5 2 1
split_gain=19.5007 1.55256 0.000139634 0.0002266 6.10677e-05 7.06847e-05 1.98794e-05 8.06471e-06 1.17448e-05 6.47808e-06 2.64322e-06 5.28858e-07 3.29917e-07
threshold=0.78656609248549303 24.250000000000004 -0.5 -0.98296291314453399 23.750000000000004 69.450000000000017 0.37940952255126026 28.150000000000002 -0.12940952255126037 31.450000000000003 24.750000000000004 0.6078576107927941 -0.78656609248549325
decision_type=2 2 2 2 2 2 2 2 2 2 2 2 2
left_child=2 -2 3 -1 -4 7 -7 8 -6 11 -8 12 -5
right_child=1 -3 4 9 5 6 10 -9 -10 -11 -12 -13 -14
leaf_value=-0.084171818637701706 0.041088110551565638 0.10758612349783106 -0.084317422925353311 -0.082738800129277174 -0.084224873597747218 -0.083563531297624685 -0.083181624365011031 -0.083669920093834782 -0.083818687473265485 -0.083046926798898746 -0.08295128604680814 -0.082682450400987484 -0.082802706535334891
leaf_weight=1.5780366361141203 6.3426768481731397 7.8643554002046585 1.4686896875500695 1.7965692579746244 1.1260270252823819 1.3599654994904995 1.0066218152642248 1.2890976183116434 1.9353887885808956 0.87948251515626896 0.98637085407972347 0.94112902507185925 1.4678297266364091
leaf_count=27 22 33 25 45 19 27 22 25 36 20 23 24 36
internal_value=-0.00716039 0.0778983 -0.0834734 -0.083125 -0.0837265 -0.0836138 -0.0832688 -0.0838797 -0.0839681 -0.0828001 -0.0830676 -0.0827485 -0.0827675
internal_weight=30.0422 14.207 15.8352 6.66305 9.17216 7.70347 3.35296 4.35051 3.06142 5.08501 1.99299 4.20553 3.2644
internal_count=384 55 329 152 177 152 72 80 55 125 45 105 81
is_linear=0
shrinkage=0.1


Tree=47
num_leaves=11
num_cat=0
split_feature=1 8 1 5 6 0 5 6 6 0
split_gain=5.09278 2.30317 2.07208 4.83815 0.871284 0.00516645 0.000194664 3.18292e-05 5.43168e-07 1.30117e-06
threshold=0.37940952255126026 1.0000000180025095e-35 -0.98296291314453399 25.950000000000003 68.950000000000017 0.78656609248549325 24.250000000000004 79.600000000000009 73.550000000000026 -0.60355339059327362
decision_type=2 2 2 2 2 2 2 2 2 2
left_child=1 -1 -3 -4 5 -5 7 -2 -8 -10
right_child=6 2 3 4 -6 -7 8 -9 9 -11
leaf_value=0.066758661313600143 -0.083446750772715308 0.049640873334338982 0.049170295397994536 -0.083147382265599312 0.018346588271253749 -0.09145881185409431 -0.082727159282022816 -0.084166583512809146 -0.082541238103169393 -0.082703437915195466
leaf_weight=8.4693032056093234 1.0532136857509606 6.8150634765625027 5.9779765978455526 5.7208414040505886 0.94716359302401532 0.86037367582321156 0.83034807816147838 1.4739190042018888 0.89419435709714945 1.1066837273538108
leaf_count=32 22 27 31 149 15 9 21 26 24 28
internal_value=0.00628686 0.022947 0.00468767 -0.0179949 -0.071328 -0.0842339 -0.0832286 -0.0838666 -0.0826592 -0.082631
internal_weight=34.1491 28.7907 20.3214 13.5064 7.52838 6.58122 5.35836 2.52713 2.83123 2.00088
internal_count=384 263 231 204 173 158 121 48 73 52
is_linear=0
shrinkage=0.1


Tree=48
num_leaves=14
num_cat=0
split_feature=5 5 5 0 1 6 5 0 8 6 5 3 6
split_gain=24.1799 6.1575 2.7509 2.92646 1.75189 1.00853 0.291545 0.0271939 0.00354442 0.00171144 0.00048679 0.000473691 3.33586e-06
threshold=27.800000000000001 23.950000000000003 31.650000000000002 0.78656609248549325 -0.98296291314453399 78.750000000000014 28.550000000000004 -0.70710678118654735 1.0000000180025095e-35 69.450000000000017 24.650000000000002 -0.22252093395631442 76.550000000000011
decision_type=2 2 2 2 2 2 2 2 2 2 2 2 2
left_child=1 5 3 4 -2 -1 -6 -8 11 -10 -11 -3 -12
right_child=2 8 -4 -5 6 -7 7 -9 9 10 12 -13 -14
leaf_value=0.022135631677668386 0.031827963271183327 -0.095624568623536313 -0.021301455530635432 -0.0044473746384650964 0.067213542241669519 -0.03396286581673947 0.10394700942539088 0.094422877236996716 -0.093446720471171141 -0.092185741271744129 -0.090784969380182545 -0.093947472473750057 -0.090638558543687964
leaf_weight=6.470555901527403 6.5479199290275565 3.3893657773733139 4.2061217725276938 5.2003586739301673 4.21387547254563 6.3493384420871735 3.838662847876555 13.68791258335113 5.4913604110479382 3.477814629673956 3.0007878914475441 3.3474642261862746 3.2325825244188309
leaf_count=21 21 21 17 20 22 25 21 85 36 25 23 22 25
internal_value=-0.000549318 -0.0607085 0.0549248 0.0644987 0.0771733 -0.0056484 0.0908306 0.0965088 -0.0928819 -0.0920357 -0.0912379 -0.0947912 -0.090709
internal_weight=72.4541 34.7593 37.6949 33.4887 28.2884 12.8199 21.7405 17.5266 21.9394 15.2025 9.71119 6.73683 6.23337
internal_count=384 198 186 169 149 46 128 106 152 109 73 43 48
is_linear=0
shrinkage=0.1


Tree=49
num_leaves=9
num_cat=0
split_feature=9 5 2 0 6 5 5 6
split_gain=3.05106 3.76396 2.6493 1.70601 1.34331 0.00908593 4.48426e-05 1.05149e-05
threshold=1.0000000180025095e-35 24.050000000000004 -0.60785761079279388 -0.60355339059327362 50.500000000000007 31.850000000000005 31.450000000000003 80.65000000000002
decision_type=2 2 2 2 2 2 2 2
left_child=1 3 -2 -1 -3 6 7 -6
right_child=2 4 -4 -5 5 -7 -8 -9
leaf_value=-0.0063075827449704559 0.25468246434053626 0.081553386552755666 0.011124881875826451 0.096168203800937463 -0.081117775339738726 -0.094081447070868171 -0.082258562332610641 -0.081615390217576619
leaf_weight=3.4861310124397278 0.86055605113506317 0.54713129252195347 0.92846118845045633 3.042329326272009 4.0174053944647312 0.62311524152755726 0.41354970540851343 0.4748270185664295
leaf_count=32 18 6 22 18 247 4 15 22
internal_value=0.00607402 -0.0112715 0.128281 0.0414472 -0.0679156 -0.0827069 -0.0812621 -0.0811704
internal_weight=14.3935 12.6045 1.78902 6.52846 6.07603 5.5289 4.90578 4.49223
internal_count=384 344 40 50 294 288 284 269
is_linear=0
shrinkage=0.1


Tree=50
num_leaves=15
num_cat=0
split_feature=1 1 6 6 5 1 0 2 5 1 0 5 6 6
split_gain=13.1788 8.41965 3.46175 1.69559 1.47369 0.969864 0.233161 0.289302 0.00270033 0.00225636 0.000128552 7.58481e-05 3.31824e-06 5.02654e-06
threshold=-0.37940952255126015 0.78656609248549303 69.450000000000017 63.250000000000007 23.750000000000004 -0.12940952255126037 -0.91597561503675329 1.0000000180025095e-35 24.250000000000004 -0.98296291314453399 0.37940952255126054 31.050000000000004 56.500000000000007 60.550000000000004
decision_type=2 2 2 2 2 2 2 2 2 2 2 2 2 2
left_child=9 2 3 -2 -4 -5 -6 -8 -3 -1 11 12 -11 -14
right_child=1 8 4 5 6 -7 7 -9 -10 10 -12 -13 13 -15
leaf_value=-0.089091150326633409 0.05719654056081596 -0.090959831654183199 0.024361291129527361 -0.042255686032091164 0.069348565284343258 0.012446125264849575 0.11088305697261001 0.076116511185592595 -0.086605692526718361 -0.085513402070909836 -0.086582056526586321 -0.08641171354928745 -0.085805573949756464 -0.085594829899013222
leaf_weight=3.0718845427036277 5.7911371290683773 2.7933126538991919 5.15811859071255 5.0364811792969713 5.2364993244409552 9.0929510742425883 5.4200118035078031 4.286292091012001 2.9062753319740295 1.5066615343093852 2.9120253846049309 1.6191689968109129 1.9657551646232603 2.6676627174019814
leaf_count=27 24 22 18 20 21 37 28 21 33 20 34 19 25 35
internal_value=-0.000836127 0.0249743 0.0411687 0.0116254 0.0704469 -0.00705251 0.0863552 0.0955302 -0.0887396 -0.086703 -0.0860155 -0.0858029 -0.0856423 -0.0856842
internal_weight=59.4642 45.7211 40.0215 19.9206 20.1009 14.1294 14.9428 9.7063 5.69959 13.7432 10.6713 7.75925 6.14008 4.63342
internal_count=384 224 169 81 88 57 70 49 55 160 133 99 80 60
is_linear=0
shrinkage=0.1


Tree=51
num_leaves=14
num_cat=0
split_feature=1 5 1 1 5 6 1 5 5 3 5 2 1
split_gain=16.3787 1.51051 0.00012403 0.000196296 5.47868e-05 8.05555e-05 1.67487e-05 1.20624e-05 1.00515e-05 2.74912e-06 2.43223e-06 4.02935e-07 2.73595e-07
threshold=0.78656609248549303 24.250000000000004 -0.5 -0.98296291314453399 23.750000000000004 69.450000000000017 0.37940952255126026 27.800000000000001 31.450000000000003 -0.22252093395631442 24.750000000000004 0.6078576107927941 -0.78656609248549325
decision_type=2 2 2 2 2 2 2 2 2 2 2 2 2
left_child=2 -2 3 -1 -4 7 -7 9 11 -6 -8 12 -5
right_child=1 -3 4 8 5 6 10 -9 -10 -11 -12 -13 -14
leaf_value=-0.083767311961881502 0.035647916914123272 0.10266681781374871 -0.08393763137974182 -0.082342489661039339 -0.083746055827185806 -0.083129034408960523 -0.08276032260818067 -0.083296457553253614 -0.082744820266176883 -0.083536444524072606 -0.0825232478737319 -0.082290719849012831 -0.082405056772616517
leaf_weight=1.4399170652031896 6.3928160369396192 7.0959092527627945 1.3460554666817204 1.5510538928210738 1.5361887104809278 1.2065135501325133 0.87969079241156556 1.4006795212626455 0.7977577932178973 1.0556847006082546 0.85175095871090889 0.81126490607857693 1.2721145525574677
leaf_count=27 22 33 25 45 29 27 22 30 20 21 23 24 36
internal_value=-0.00793897 0.070904 -0.0831044 -0.0827529 -0.0833538 -0.0832404 -0.082843 -0.0835329 -0.0824234 -0.0836607 -0.0826437 -0.0823528 -0.0823707
internal_weight=27.6374 13.4887 14.1487 5.87211 8.27656 6.93051 2.93796 3.99255 4.43219 2.59187 1.73144 3.63443 2.82317
internal_count=384 55 329 152 177 152 72 80 125 50 45 105 81
is_linear=0
shrinkage=0.1


Tree=52
num_leaves=13
num_cat=0
split_feature=6 6 6 1 5 6 5 6 6 2 1 5
split_gain=4.64699 6.13026 1.7003 2.46544 4.26904 1.38822 1.35714 0.788523 0.515003 0.550821 0.0469687 0.000153715
threshold=69.450000000000017 68.700000000000003 53.95000000000001 -0.98296291314453399 28.150000000000002 65.500000000000014 23.350000000000005 66.450000000000017 71.600000000000009 -0.8783796973249266 0.37940952255126026 24.250000000000004
decision_type=2 2 2 2 2 2 2 2 2 2 2 2
left_child=1 2 -1 -4 5 -5 -2 -6 -8 -10 -11 -12
right_child=6 -3 3 4 7 -7 8 -9 9 10 11 -13
leaf_value=-0.062401976526382123 0.041729382908776431 0.20544824746220036 0.08733646150737906 0.086183124924260446 -0.086366847452286691 0.0056149179902774196 -0.022452737017711263 0.020574143781953734 -0.019883068158759475 -0.10184670004822648 -0.083705651600595662 -0.082259322421838046
leaf_weight=2.4002121761441293 1.4490432925522316 1.8768747076392163 4.9652752727270189 4.484131762757892 4.1570100933313361 4.088574443012476 2.3678233586251718 0.82658536918461312 1.3571869805455197 2.3439030908048162 1.3361726216971876 1.6327286064624784
leaf_count=25 15 13 19 31 109 27 22 12 19 16 27 49
internal_value=0.00697936 0.0323205 0.0167894 0.0270518 0.00497126 0.0477578 -0.0481128 -0.0686295 -0.0625174 -0.0767402 -0.0912646 -0.0829103
internal_weight=33.2855 22.7987 20.9218 18.5216 13.5563 8.57271 10.4869 4.9836 9.03781 6.66999 5.3128 2.9689
internal_count=384 236 223 198 179 58 148 121 133 111 92 76
is_linear=0
shrinkage=0.1


Tree=53
num_leaves=16
num_cat=0
split_feature=5 5 0 5 6 5 6 9 3 5 6 6 1 3 0
split_gain=19.6595 5.90965 2.5371 1.13847 2.13663 2.08325 0.86044 0.250515 0.0609208 0.00298371 0.00437895 0.00168146 0.000396817 0.000117983 7.4339e-05
threshold=27.800000000000001 23.950000000000003 1.0000000180025095e-35 28.850000000000005 59.550000000000004 30.850000000000005 78.750000000000014 1.0000000180025095e-35 -0.56174490092936669 24.350000000000005 69.450000000000017 62.050000000000004 0.37940952255126026 -0.22252093395631442 -0.60355339059327362
decision_type=2 2 2 2 2 2 2 2 2 2 2 2 2 2 2
left_child=1 6 7 -4 5 -5 -1 8 -2 -3 13 -10 -12 -11 -14
right_child=2 9 3 4 -6 -7 -8 -9 11 10 12 -13 14 -15 -16
leaf_value=0.021721235835934972 0.077280507417138322 -0.094060772181139771 -0.015638600174004921 0.057152277034207992 0.093749826997564664 -0.032786774398472752 -0.030411100716593434 0.058861507432449139 0.092363326452247027 -0.093010781755832161 -0.090465674949377628 0.095326916532980893 -0.088651321073314082 -0.092180498064192054 -0.08930229039077564
leaf_weight=6.4716916680335981 3.2488908171653721 3.2958665341138866 4.6885944902896908 5.4342861175537092 5.0780590623617163 4.8954364955425262 6.1980748176574707 3.6604168564081183 5.2871498018503189 4.0239256769418716 2.3992795273661596 3.0012078285217285 3.5182153731584567 2.9780898466706303 3.4989051744341833
leaf_count=21 20 23 18 25 28 20 25 19 37 27 19 19 32 21 30
internal_value=-0.000802885 -0.057069 0.0508241 0.0275085 0.0406381 0.0145286 -0.00378201 0.0816552 0.0888869 -0.091315 -0.0907638 0.0934364 -0.0893555 -0.0926576 -0.0889759
internal_weight=67.6781 32.384 35.294 20.0964 15.4078 10.3297 12.6698 15.1977 11.5372 19.7143 16.4184 8.28836 9.4164 7.00202 7.01712
internal_count=384 198 186 91 73 45 46 95 76 152 129 56 81 48 62
is_linear=0
shrinkage=0.1


Tree=54
num_leaves=10
num_cat=0
split_feature=6 5 5 2 0 5 5 6 5
split_gain=2.44108 4.11536 1.51037 0.667922 1.63689 0.0112347 6.14605e-05 8.40774e-06 2.85302e-06
threshold=51.45000000000001 24.050000000000004 23.550000000000004 -0.8783796973249266 0.12940952255126059 31.850000000000005 31.450000000000003 80.65000000000002 29.250000000000004
decision_type=2 2 2 2 2 2 2 2 2
left_child=-1 2 -2 4 8 6 7 -5 -3
right_child=1 3 -4 5 -6 -7 -8 -9 -10
leaf_value=0.14383298493630392 -0.014292732196635419 -0.081164805515994087 0.082041493441039101 -0.081013627626516774 0.17075006324759059 -0.094293112434682247 -0.082441329597147756 -0.081514752049916622 -0.081551869331787374
leaf_weight=1.1849140301346786 2.5930248424410802 0.47029909025877603 4.3708579353988171 3.3153881952166571 0.38219915609806776 0.78003501892089833 0.3553171632811426 0.37240955512970675 0.32000804040580988
leaf_count=10 24 29 28 225 14 5 13 19 17
internal_value=0.00644481 -0.00611684 0.0461711 -0.0668487 0.00084566 -0.0833052 -0.0811853 -0.0810642 -0.0813215
internal_weight=14.1445 12.9595 6.96388 5.99566 1.17251 4.82315 4.04311 3.6878 0.790307
internal_count=384 374 52 322 60 262 257 244 46
is_linear=0
shrinkage=0.1


Tree=55
num_leaves=15
num_cat=0
split_feature=1 1 6 6 5 5 0 2 5 1 0 5 6 6
split_gain=11.2561 7.06538 2.78428 1.52074 1.29176 0.875425 0.268172 0.314005 0.00242127 0.00173939 0.00015399 7.35099e-05 2.84784e-06 6.31928e-06
threshold=-0.37940952255126015 0.78656609248549303 69.450000000000017 63.900000000000006 23.750000000000004 25.950000000000003 -0.91597561503675329 1.0000000180025095e-35 24.250000000000004 -0.98296291314453399 0.37940952255126054 31.050000000000004 56.500000000000007 60.550000000000004
decision_type=2 2 2 2 2 2 2 2 2 2 2 2 2 2
left_child=9 2 3 -2 -4 -5 -6 -8 -3 -1 11 12 -11 -14
right_child=1 8 4 5 6 -7 7 -9 -10 10 -12 -13 13 -15
leaf_value=-0.088091985330580297 0.049503359217706308 -0.089968699984907738 0.02191894756417408 -0.041250840693123847 0.061842416716971021 0.011969873190050001 0.10780164931776511 0.07004494561112623 -0.085614514244838291 -0.084698952764682742 -0.085899879693671244 -0.085631907620530745 -0.085013579946481233 -0.084760677521660707
leaf_weight=2.791631191968917 6.6966630741953876 2.5812940597534171 5.1809602081775692 5.1378142237663251 4.9760790616273871 7.7570245489478111 4.8998263180255872 4.0014966875314713 2.5277183130383492 1.3079319223761539 2.6263618096709251 1.4412496238946912 1.7251289337873457 2.3123096004128456
leaf_count=27 28 22 18 20 21 33 28 21 33 20 34 19 25 35
internal_value=-0.000979435 0.0227054 0.0373147 0.0108424 0.0645275 -0.00923537 0.0804348 0.0908285 -0.0878144 -0.0858998 -0.0852497 -0.0849981 -0.0848272 -0.0848687
internal_weight=55.9635 43.7589 38.6499 19.5915 19.0584 12.8948 13.8774 8.90132 5.10901 12.2046 9.41298 6.78662 5.34537 4.03744
internal_count=384 224 169 81 88 53 70 49 55 160 133 99 80 60
is_linear=0
shrinkage=0.1


Tree=56
num_leaves=14
num_cat=0
split_feature=1 5 1 1 5 6 1 5 5 0 5 2 6
split_gain=13.7755 1.49711 0.000101007 0.000158384 4.70198e-05 7.30555e-05 1.91021e-05 1.39868e-05 9.98242e-06 2.85407e-06 1.79869e-06 4.34431e-07 3.08999e-07
threshold=0.78656609248549303 24.250000000000004 -0.5 -0.98296291314453399 23.750000000000004 69.450000000000017 0.37940952255126026 28.050000000000004 31.450000000000003 -0.91597561503675329 24.750000000000004 0.6078576107927941 60.550000000000004
decision_type=2 2 2 2 2 2 2 2 2 2 2 2 2
left_child=2 -2 3 -1 -4 7 -7 9 11 -6 -8 12 -5
right_child=1 -3 4 8 5 6 10 -9 -10 -11 -12 -13 -14
leaf_value=-0.083394214918241505 0.030381591865186131 0.098818538466439565 -0.083580982490283243 -0.082094997339889467 -0.083228280770138205 -0.082816539390326141 -0.082373898800304837 -0.082900596154798278 -0.082459201270734084 -0.083442680471338015 -0.082154621391851701 -0.081976341070275266 -0.082023152463643292
leaf_weight=1.3066017664968965 6.4274694025516492 6.3587929457426071 1.2300594933331028 1.452893938869239 1.3746928479522469 1.0914675854146483 0.76325508952140786 1.1241015959531067 0.71517552062869061 1.1323072351515295 0.73366168513894081 0.70381727069616307 1.0181507505476473
leaf_count=27 22 33 25 47 30 27 22 27 20 23 23 24 34
internal_value=-0.0087765 0.0644163 -0.08278 -0.0824416 -0.0830161 -0.0829043 -0.0824984 -0.0831937 -0.0821217 -0.0833251 -0.0822664 -0.0820457 -0.0820654
internal_weight=25.4324 12.7863 12.6462 5.19664 7.44955 6.21949 2.58838 3.6311 3.89004 2.507 1.49692 3.17486 2.47104
internal_count=384 55 329 152 177 152 72 80 125 53 45 105 81
is_linear=0
shrinkage=0.1


Tree=57
num_leaves=16
num_cat=0
split_feature=1 5 6 0 3 6 6 3 5 5 6 6 6 0 5
split_gain=4.18202 1.72053 3.18551 2.92815 1.90779 1.44006 1.81058 2.81912 0.000724166 0.000196991 2.16087e-05 1.23173e-05 7.6125e-06 7.24926e-07 3.7657e-07
threshold=0.37940952255126026 26.850000000000005 66.65000000000002 1.0000000180025095e-35 -0.22252093395631442 53.95000000000001 56.95000000000001 -0.22252093395631442 28.250000000000004 24.250000000000004 79.600000000000009 61.050000000000004 73.15000000000002 -0.60355339059327362 29.950000000000003
decision_type=2 2 2 2 2 2 2 2 2 2 2 2 2 2 2
left_child=1 2 -1 8 -4 -5 -7 -8 -3 10 -2 14 -11 -14 -10
right_child=9 3 4 5 -6 6 7 -9 11 12 -12 -13 13 -15 -16
leaf_value=0.13734126356676254 -0.083054400959843344 -0.085410368892133826 0.06855709347678636 -0.056098054361503294 -0.031207586796468741 0.11737745977606362 0.080965496679141949 -0.02799770217378483 -0.081684440609140596 -0.082372681992648314 -0.083686358983539502 -0.082198364070771399 -0.081893681582293543 -0.082031082486599571 -0.081794847168082607
leaf_weight=3.1641656197607535 0.9291831068694586 0.80841548182070555 3.7889440059661865 2.0193428192287675 3.879305075854063 2.1904948130249968 4.0333137195557338 5.7728922292590141 0.50371995568275474 0.66710388287901912 1.2953721452504394 1.1781790331006048 0.7040497697889806 0.84465590119361844 0.79885987192392349
leaf_count=18 22 16 21 15 20 17 29 39 20 20 26 38 25 28 30
internal_value=0.00743374 0.0216667 0.0529213 0.00210254 0.018087 0.0220294 0.0351802 0.0168191 -0.0828111 -0.0827576 -0.0834224 -0.0819641 -0.0820903 -0.0819686 -0.0817522
internal_weight=32.578 28.1376 10.8324 17.3052 7.66825 14.016 11.9967 9.80621 3.28917 4.44036 2.22456 2.48076 2.21581 1.54871 1.30258
internal_count=384 263 59 204 41 100 85 68 104 121 48 88 73 53 50
is_linear=0
shrinkage=0.1


Tree=58
num_leaves=14
num_cat=0
split_feature=5 5 0 1 9 8 3 1 5 6 1 3 0
split_gain=15.9043 5.69538 3.68899 3.41706 0.945519 0.818103 0.0645692 0.00492181 0.00257028 0.00390898 0.000466726 5.48885e-05 5.3878e-05
threshold=27.800000000000001 23.950000000000003 0.91597561503675362 -0.98296291314453399 1.0000000180025095e-35 1.0000000180025095e-35 -0.56174490092936669 -0.70710678118654757 24.350000000000005 69.450000000000017 0.37940952255126026 -0.22252093395631442 -0.60355339059327362
decision_type=2 2 2 2 2 2 2 2 2 2 2 2 2
left_child=1 5 3 -2 6 -1 -5 -8 -3 11 -11 -10 -12
right_child=2 8 -4 4 -6 -7 7 -9 9 10 12 -13 -14
leaf_value=0.022969898130012205 0.0038567873141648087 -0.092652477106906661 -0.049709394574346116 0.078465067605613559 0.033897338125959846 -0.028184496308017056 0.091196092668073672 0.09517000056360661 -0.091541794074505897 -0.0892587713772105 -0.087254583611345249 -0.090950642609117838 -0.087849198653206312
leaf_weight=6.4482526481151581 8.2759253680706042 2.9950688034296062 3.5330039709806433 4.2108182236552283 3.7399844229221335 6.0687782019376773 8.4409710988402402 4.9410419091582254 3.6806493327021599 2.1741600111126882 3.0445565879344958 2.739861123263835 3.0508090257644636
leaf_count=23 27 23 12 30 20 23 65 32 27 19 32 21 30
internal_value=-0.000959619 -0.0534492 0.0468743 0.0583989 0.0795582 -0.00183188 0.089265 0.0926634 -0.0899826 -0.0894382 -0.0880009 -0.0912895 -0.0875522
internal_weight=63.3439 30.2021 33.1417 29.6087 21.3328 12.517 17.5928 13.382 17.6851 14.69 8.26953 6.42051 6.09537
internal_count=384 198 186 174 147 46 127 97 152 129 81 48 62
is_linear=0
shrinkage=0.1


Tree=59
num_leaves=9
num_cat=0
split_feature=9 5 0 3 1 5 6 5
split_gain=2.24039 2.87497 1.21051 1.11448 0.00541683 0.00528066 0.000586343 9.07563e-06
threshold=1.0000000180025095e-35 24.050000000000004 -0.60355339059327362 0.81174490092936691 -0.9159756150367534 31.850000000000005 52.95000000000001 31.350000000000005
decision_type=2 2 2 2 2 2 2 2
left_child=1 2 -1 5 -2 6 -3 -8
right_child=4 3 -4 -5 -6 -7 7 -9
leaf_value=-0.0075412991542560502 0.11287965702720817 -0.084776219574798695 0.076840477070890312 0.063387203587405669 0.10223146507417456 -0.091883377402290078 -0.080943926919476439 -0.081517806044243177
leaf_weight=3.5050697848200798 0.88419947586953629 0.4638912342488769 3.3013961240649206 0.59030750952661026 1.0392719693481929 0.55079020559787739 3.2068996028974657 0.3014789493754505
leaf_count=32 8 11 18 21 32 4 242 16
internal_value=0.00698028 -0.00918002 0.0333871 -0.0658416 0.107126 -0.0827074 -0.081435 -0.0809932
internal_weight=13.8433 11.9198 6.80647 5.11337 1.92347 4.52306 3.97227 3.50838
internal_count=384 344 50 294 40 273 269 258
is_linear=0
shrinkage=0.1


Tree=60
num_leaves=15
num_cat=0
split_feature=5 1 0 6 0 3 3 2 0 5 5 1 5 0
split_gain=9.62399 6.0437 2.75351 3.67657 1.91492 0.95127 1.06074 0.699519 0.185788 0.022375 0.00206771 0.00137891 5.12093e-05 4.25721e-05
threshold=28.550000000000004 0.78656609248549303 -0.98296291314453399 69.450000000000017 -0.91597561503675329 -0.56174490092936669 -1.0000000180025095e-35 1.0000000180025095e-35 0.60355339059327384 29.150000000000002 24.250000000000004 -0.98296291314453399 31.450000000000003 -0.5
decision_type=2 2 2 2 2 2 2 2 2 2 2 2 2 2
left_child=1 2 -1 4 -4 -5 -7 -6 9 -2 -3 -11 13 -13
right_child=8 10 3 5 7 6 -8 -9 -10 11 -12 12 -14 -15
leaf_value=0.10376944819967987 -0.09857400812252283 -0.089035685091598982 -0.065641329230918227 0.016308593266909345 -0.014738920651308468 0.10135370952635608 0.043339643966767233 0.039511651215180778 -0.053172272016883106 -0.08731333400100727 -0.084775854079288795 -0.084739124239241514 -0.085003259244159649 -0.08407843934744734
leaf_weight=5.0274544358253435 1.5000946484506101 2.3720426782965651 4.7256794497370711 4.6840542107820502 4.7784591801464611 5.6496085897088042 7.1282187774777439 4.7289627827703953 1.9042813181877143 2.3744889050722096 2.1928990110754967 1.4357918091118307 1.3001706488430498 3.0409051105380094
leaf_count=26 16 22 19 24 26 29 33 20 16 25 33 23 19 53
internal_value=-0.00105146 0.0215259 0.0350154 0.0241096 -0.0136147 0.0548586 0.0689901 0.0122451 -0.081718 -0.0873502 -0.0869894 -0.0852846 -0.0844508 -0.0842903
internal_weight=52.8431 41.2874 36.7224 31.695 14.2331 17.4619 12.7778 9.50742 11.5557 9.65145 4.56494 8.15136 5.77687 4.4767
internal_count=384 232 177 151 65 86 62 46 152 136 55 120 95 76
is_linear=0
shrinkage=0.1


Tree=61
num_leaves=14
num_cat=0
split_feature=1 5 1 1 5 6 5 1 5 0 5 2 5
split_gain=11.6793 2.51059 8.28627e-05 0.000147687 4.21034e-05 6.93547e-05 1.68553e-05 1.63999e-05 6.69603e-06 2.51903e-06 1.39969e-06 4.75751e-07 2.39516e-07
threshold=0.78656609248549303 24.150000000000002 -0.5 -0.98296291314453399 23.750000000000004 69.450000000000017 28.050000000000004 0.37940952255126026 31.450000000000003 -0.91597561503675329 24.750000000000004 0.6078576107927941 29.750000000000004
decision_type=2 2 2 2 2 2 2 2 2 2 2 2 2
left_child=2 -2 3 -1 -4 6 9 -7 11 -6 -9 12 -5
right_child=1 -3 4 8 5 7 -8 10 -10 -11 -12 -13 -14
leaf_value=-0.08311831345714997 0.0093498864363284091 0.10087826139151579 -0.083276137795800467 -0.081748136077054723 -0.082953180784578445 -0.082492144595739642 -0.082556922669836899 -0.082050263262861522 -0.082125315906197149 -0.083162962703836607 -0.081842284786613637 -0.081683773905896581 -0.081815174030489435
leaf_weight=1.2069812379777429 5.5264908969402295 6.5471519082784653 1.1345881186425701 0.98923337459564331 1.2630088329315188 0.97298519872128997 1.0007092356681822 0.66356772743165471 0.62283665500581253 1.0468113794922831 0.63158656097948551 0.60390672646462906 1.1554867364466188
leaf_count=27 19 36 25 38 30 27 27 22 20 23 23 24 43
internal_value=-0.00938978 0.0589828 -0.0824971 -0.0821691 -0.0827208 -0.0826079 -0.0828997 -0.0821819 -0.0818293 -0.0830483 -0.0819488 -0.0817622 -0.0817843
internal_weight=23.3653 12.0736 11.2917 4.57844 6.71326 5.57867 3.31053 2.26814 3.37146 2.30982 1.29515 2.74863 2.14472
internal_count=384 55 329 152 177 152 80 72 125 53 45 105 81
is_linear=0
shrinkage=0.1


Tree=62
num_leaves=15
num_cat=0
split_feature=1 5 5 0 6 6 3 1 5 6 6 6 0 0
split_gain=3.67289 1.34662 2.5797 2.52779 1.22128 1.40419 2.29475 0.000664518 0.000168904 2.17368e-05 1.59577e-05 8.78875e-06 4.49752e-06 4.95652e-07
threshold=0.37940952255126026 26.850000000000005 25.350000000000005 1.0000000180025095e-35 53.95000000000001 56.95000000000001 -0.22252093395631442 -0.12940952255126037 24.250000000000004 67.250000000000014 79.600000000000009 73.15000000000002 -0.70710678118654735 -0.60355339059327362
decision_type=2 2 2 2 2 2 2 2 2 2 2 2 2 2
left_child=1 2 -1 7 -5 -6 -7 9 10 12 -2 -10 -3 -13
right_child=8 3 -4 4 5 6 -8 -9 11 -11 -12 13 -14 -15
leaf_value=0.0015833020690590926 -0.08280655326973968 -0.081850649628631506 0.098411518013665197 -0.053391613711555978 0.10229132675595382 0.071978979344032828 -0.025900209903349066 -0.085652645233051716 -0.082151664304386529 -0.082402775889953581 -0.083373878625029277 -0.081622595955156849 -0.081529644469247944 -0.081744880006032014
leaf_weight=5.8055426478385979 0.85198219679296006 0.70791130140424341 5.2303148284554482 1.9478931613266457 2.2976602986454955 4.1472582425922138 5.6700480617582798 0.55738491378724297 0.59398615732789029 0.48865829221904267 1.185932971537113 0.6066492646932603 1.1382682528346779 0.7307198271155354
leaf_count=30 22 27 29 15 17 29 39 12 20 15 26 25 50 28
internal_value=0.00752121 0.0202869 0.0474739 0.0025913 0.0201019 0.0319184 0.0154482 -0.0825503 -0.0825017 -0.0818097 -0.0831367 -0.0818316 -0.0816527 -0.0816894
internal_weight=31.9602 27.9909 11.0359 16.9551 14.0629 12.115 9.81731 2.89222 3.96927 2.33484 2.03792 1.93136 1.84618 1.33737
internal_count=384 263 59 204 100 85 68 104 121 92 48 73 77 53
is_linear=0
shrinkage=0.1


Tree=63
num_leaves=13
num_cat=0
split_feature=5 5 0 5 5 1 5 1 5 6 1 6
split_gain=12.9386 8.5344 3.03772 3.1791 1.79635 1.64573 0.467044 0.0481745 0.00222012 0.00353674 0.000437899 4.74222e-05
threshold=27.800000000000001 22.950000000000003 0.91597561503675362 31.650000000000002 23.950000000000003 -0.98296291314453399 28.450000000000003 -0.5 24.350000000000005 69.450000000000017 0.37940952255126026 65.700000000000003
decision_type=2 2 2 2 2 2 2 2 2 2 2 2
left_child=1 -1 3 5 -3 -2 -7 -8 -6 11 -11 -10
right_child=2 4 -4 -5 8 6 7 -9 9 10 -12 -13
leaf_value=0.11663536213627664 0.025375094587664605 -0.034175616874244828 -0.044568663392612957 -0.029733397655774669 -0.091463028739854194 0.047097815861822712 0.08904717237368881 0.10415419847257466 -0.089814374999251628 -0.088124662951421961 -0.086372362268749447 -0.090387823409029566
leaf_weight=2.7703104615211513 6.4911999702453675 9.6645233184099215 3.4812589138746253 3.8474672287702552 2.7267101258039466 2.7986714020371499 11.819224581122407 2.5698167085647468 2.5074847117066366 1.953644201159477 5.2815469428896904 3.3940804079174995
leaf_count=10 21 36 12 17 23 17 105 14 21 19 62 27
internal_value=-0.00117703 -0.0500703 0.0434441 0.0545751 -0.0681613 0.0682739 0.0844753 0.0917452 -0.0888664 -0.0883274 -0.0868455 -0.0901442
internal_weight=59.3059 28.2983 31.0076 27.5264 25.528 23.6789 17.1877 14.389 15.8635 13.1368 7.23519 5.90157
internal_count=384 198 186 174 188 157 136 119 152 129 81 48
is_linear=0
shrinkage=0.1


Tree=64
num_leaves=8
num_cat=0
split_feature=5 5 8 6 5 9 5
split_gain=2.0132 3.9972 1.13242 0.000485228 5.38527e-05 1.1677e-05 6.22074e-06
threshold=31.850000000000005 24.050000000000004 1.0000000180025095e-35 50.500000000000007 31.550000000000004 1.0000000180025095e-35 24.350000000000005
decision_type=2 2 2 2 2 2 2
left_child=1 2 -1 -3 5 6 -5
right_child=-2 3 -4 4 -6 -7 -8
leaf_value=-0.0047094392341555085 0.10556680763276408 -0.085229888544446686 0.074788052151595438 -0.081349165330154891 -0.082379485955036191 -0.081347984843538057 -0.080839100882690237
leaf_weight=3.2863802313804626 1.8197654113173491 0.29747860506176937 3.9401610828936082 0.25954461004585105 0.28455184586346138 0.633694453164935 3.0364551227539778
leaf_count=26 9 5 26 16 10 33 259
internal_value=0.00769903 -0.00747326 0.0386354 -0.0813266 -0.081051 -0.0809549 -0.0808793
internal_weight=13.558 11.7383 7.22654 4.51172 4.21425 3.92969 3.296
internal_count=384 375 52 323 318 308 275
is_linear=0
shrinkage=0.1


Tree=65
num_leaves=15
num_cat=0
split_feature=1 1 6 6 5 5 0 3 5 1 0 5 0 3
split_gain=8.31144 5.01474 1.90539 1.43322 1.16745 0.597063 0.404903 0.215249 0.00170315 0.00127312 9.15649e-05 5.88711e-05 6.24528e-06 1.68231e-06
threshold=-0.37940952255126015 0.78656609248549303 69.450000000000017 63.900000000000006 23.850000000000005 25.950000000000003 -0.91597561503675329 -0.22252093395631442 24.250000000000004 -0.98296291314453399 0.37940952255126054 31.250000000000004 -0.70710678118654735 -1.0000000180025095e-35
decision_type=2 2 2 2 2 2 2 2 2 2 2 2 2 2
left_child=9 2 3 -2 -4 -5 -6 -8 -3 -1 11 12 -11 -14
right_child=1 8 4 5 6 -7 7 -9 -10 10 -12 -13 13 -15
leaf_value=-0.086639091865375273 0.046757331655444719 -0.0881455483209337 0.019745401650188264 -0.03803780812338603 0.050908880303573427 0.0068583982686931892 0.071272655014624514 0.10725758222118793 -0.084044763007886547 -0.083747211062110805 -0.084532249524697789 -0.084395618480332862 -0.083554425213484274 -0.083398182672278443
leaf_weight=2.3617110177874565 6.4956799075007465 2.1825580745935431 6.1501435637474087 4.976131319999693 4.5229750573635084 7.3185939490795135 3.2481357380747777 3.4045927003026026 1.8896631784737108 1.324409265071153 2.0428672023117542 1.0888909623026846 1.5147214271128175 1.2643856070935715
leaf_count=27 28 22 21 20 21 33 23 23 33 25 34 18 30 26
internal_value=-0.00101083 0.0189557 0.0308172 0.00876157 0.0547372 -0.0113128 0.0739937 0.0896883 -0.0862426 -0.0846231 -0.0839651 -0.083742 -0.0835685 -0.0834833
internal_weight=49.7855 40.1885 36.1163 18.7904 17.3258 12.2947 11.1757 6.65273 4.07222 9.59699 7.23527 5.19241 4.10352 2.77911
internal_count=384 224 169 81 88 53 67 46 55 160 133 99 81 56
is_linear=0
shrinkage=0.1


Tree=66
num_leaves=15
num_cat=0
split_feature=1 5 5 1 1 5 6 1 0 1 5 5 2 1
split_gain=9.88611 3.03654 0.00101538 6.31985e-05 0.000125584 3.33594e-05 5.74593e-05 1.67387e-05 1.02439e-05 1.00613e-05 8.19536e-06 9.80871e-07 3.24474e-07 1.55712e-07
threshold=0.78656609248549303 23.850000000000005 24.950000000000003 -0.5 -0.98296291314453399 23.750000000000004 69.450000000000017 1.0000000180025095e-35 0.91597561503675362 0.37940952255126026 31.450000000000003 24.750000000000004 0.6078576107927941 -0.78656609248549325
decision_type=2 2 2 2 2 2 2 2 2 2 2 2 2 2
left_child=3 -2 -3 4 -1 -5 7 8 -7 -8 12 -11 13 -6
right_child=1 2 -4 5 10 6 9 -9 -10 11 -12 -13 -14 -15
leaf_value=-0.08284069104229054 -0.012180902916078165 0.095439400894528348 0.093011083540204292 -0.082960393231649249 -0.081501233190283018 -0.08227918889227083 -0.08218294813952115 -0.083028948602361458 -0.082707058956164758 -0.081820419425780888 -0.081931741365534605 -0.081635964706428921 -0.081438200502649244 -0.081559549035354326
leaf_weight=1.105179628357291 4.3108435273170453 4.0281666815280914 3.0076439827680588 1.0344321262091414 1.0089228656142952 1.1959934439510111 0.85566797293722663 0.73557613044977177 1.0514996126294136 0.59084917046129681 0.56574560329318035 0.56299031153321266 0.51887766271829594 0.83833764493465457
leaf_count=27 15 20 20 25 45 36 27 17 27 22 20 23 24 36
internal_value=-0.0100872 0.0539084 0.0944014 -0.0822384 -0.0819323 -0.0824435 -0.0823364 -0.0826149 -0.0824794 -0.0819231 -0.0815898 -0.0817304 -0.0815081 -0.0815277
internal_weight=21.4107 11.3467 7.03581 10.0641 4.03706 6.02701 4.99258 2.98307 2.24749 2.00951 2.93188 1.15384 2.36614 1.84726
internal_count=384 55 40 329 152 177 152 80 63 72 125 45 105 81
is_linear=0
shrinkage=0.1


Tree=67
num_leaves=13
num_cat=0
split_feature=1 2 8 6 6 6 1 1 5 6 6 3
split_gain=3.2509 1.23359 3.8287 1.7744 1.43868 2.73838 2.68772 0.0385153 0.000134781 1.14678e-05 7.65739e-06 1.97298e-07
threshold=0.37940952255126026 0.6078576107927941 1.0000000180025095e-35 59.95000000000001 64.40000000000002 69.450000000000017 -0.98296291314453399 -1.0000000180025095e-35 24.250000000000004 79.600000000000009 73.15000000000002 -0.22252093395631442
decision_type=2 2 2 2 2 2 2 2 2 2 2 2
left_child=1 2 -1 -3 6 -6 -4 -8 9 -2 -10 -12
right_child=8 3 4 -5 5 -7 7 -9 10 -11 11 -13
leaf_value=0.10080220165084755 -0.082553506288287296 0.056031335680595241 0.025869435371986362 -0.050002398880759913 0.10445019117951414 -0.028944939990282192 -0.083167237676700673 -0.10966144485007839 -0.081931044740532574 -0.083057215277436522 -0.081504577723355412 -0.081420177520623679
leaf_weight=5.7782412171363911 0.77609807997941915 2.3191875647753468 4.9156037867069298 4.9396326169371605 3.2558653261512527 2.9182454235851765 2.8842629399150668 0.67760145664213833 0.52751959674060334 1.0822771713137624 0.7230616733431815 0.44893892295658577
leaf_count=20 22 24 19 39 30 24 104 3 20 26 32 21
internal_value=0.00772358 0.0192859 0.0318675 -0.0161247 0.00468129 0.0413999 -0.0220607 -0.0882074 -0.0822583 -0.0828469 -0.0816147 -0.0814722
internal_weight=31.2465 27.6886 20.4298 7.25882 14.6516 6.17411 8.47747 3.56186 3.5579 1.85838 1.69952 1.172
internal_count=384 263 200 63 180 54 126 107 121 48 73 53
is_linear=0
shrinkage=0.1


Tree=68
num_leaves=13
num_cat=0
split_feature=5 5 0 5 5 1 5 1 5 6 1 3
split_gain=10.4522 7.35605 2.59635 4.96511 1.83001 1.41318 0.526076 0.030965 0.00171747 0.00278009 0.000315361 2.5493e-05
threshold=27.800000000000001 22.950000000000003 0.91597561503675362 31.750000000000004 23.950000000000003 -0.98296291314453399 28.350000000000005 -0.5 24.350000000000005 69.450000000000017 0.37940952255126026 -0.22252093395631442
decision_type=2 2 2 2 2 2 2 2 2 2 2 2
left_child=1 -1 3 5 -3 -2 -7 -8 -6 11 -11 -10
right_child=2 4 -4 -5 8 6 7 -9 9 10 -12 -13
leaf_value=0.10563456027094256 0.028245233642908998 -0.031113532811051815 -0.041595753793207783 -0.073127678277449731 -0.090223018243262079 0.039171772363714996 0.088143098393583155 0.10080926275049147 -0.089192878956392843 -0.08705861139190238 -0.08547691762595086 -0.088750166862557822
leaf_weight=2.8279081284999874 6.7618910670280519 9.5195609778165835 3.4359800666570655 2.8637740910053244 2.4612827077507964 2.3602189347148004 11.326145514845857 2.3265819475054625 3.0517763718962669 1.7312404215335844 4.6365152299404144 2.2668756172060949
leaf_count=10 22 36 12 12 23 14 112 14 27 19 62 21
internal_value=-0.00136727 -0.0467989 0.0400337 0.0509734 -0.0650125 0.0665782 0.0827653 0.0903016 -0.0878222 -0.0873165 -0.0859069 -0.0890042
internal_weight=55.5698 26.4952 29.0746 25.6386 23.6673 22.7748 16.0129 13.6527 14.1477 11.6864 6.36776 5.31865
internal_count=384 198 186 174 188 162 140 126 152 129 81 48
is_linear=0
shrinkage=0.1


Tree=69
num_leaves=7
num_cat=0
split_feature=5 5 5 6 5 6
split_gain=1.74822 3.28825 3.32905 1.18755 0.00575281 0.000413446
threshold=23.150000000000002 23.850000000000005 31.850000000000005 85.15000000000002 24.050000000000004 50.500000000000007
decision_type=2 2 2 2 2 2
left_child=-1 -2 3 4 -3 -6
right_child=1 2 -4 -5 5 -7
leaf_value=-0.092796869117584446 0.084948018172787784 -0.091714503254720747 0.089564138761282427 0.066059946623207924 -0.084961121088497571 -0.08094302001569742
leaf_weight=1.5350914187729365 4.7489865757524949 0.60404781997203816 1.9188349470496175 0.60984427016228426 0.27555056475102935 3.6242461237125099
leaf_count=14 29 6 9 10 5 311
internal_value=0.00758016 0.0206589 -0.0227548 -0.0649007 -0.0826335 -0.0812269
internal_weight=13.3166 11.7815 7.03252 5.11369 4.50384 3.8998
internal_count=384 370 341 332 322 316
is_linear=0
shrinkage=0.1


Tree=70
num_leaves=15
num_cat=0
split_feature=5 1 0 6 0 3 3 2 0 5 5 1 5 1
split_gain=7.14528 4.33345 2.52026 2.50923 1.61487 0.851873 0.968832 0.493658 0.231165 0.0147211 0.00132127 0.000949006 8.30097e-05 3.25788e-05
threshold=28.550000000000004 0.78656609248549303 -0.98296291314453399 69.450000000000017 -0.91597561503675329 -0.56174490092936669 -1.0000000180025095e-35 1.0000000180025095e-35 0.78656609248549325 28.950000000000003 24.250000000000004 -0.98296291314453399 31.450000000000003 -0.70710678118654757
decision_type=2 2 2 2 2 2 2 2 2 2 2 2 2 2
left_child=1 2 -1 4 -4 -5 -7 -6 9 -2 -3 -11 13 -13
right_child=8 10 3 5 7 6 -8 -9 -10 11 -12 12 -14 -15
leaf_value=0.10059334029448677 -0.096176260656382337 -0.087275479356505717 -0.060620843470958953 0.0081524682739437249 -0.011395183840082822 0.093637783356159354 0.035228923511810915 0.034853798953623387 -0.040947900294268036 -0.085944118181522547 -0.083438706657091397 -0.082944733006882376 -0.084095506170320897 -0.083635197778708481
leaf_weight=4.3410993367433504 1.1873180903494338 1.9975227415561669 4.5897794440388671 4.3132763803005174 4.5708926618099266 4.9609382301568941 6.6418644301593366 4.6616955399513245 1.3352760709822176 1.9884187206625927 1.6299419254064558 2.7632517293095584 1.130426727235317 0.90788966789841818
leaf_count=26 15 22 19 24 26 29 33 20 8 25 33 65 20 19
internal_value=-0.0010159 0.018357 0.0294171 0.0190271 -0.012143 0.0460968 0.0602024 0.0119567 -0.0794575 -0.0859034 -0.0855515 -0.084107 -0.0833462 -0.0831155
internal_weight=47.0196 37.707 34.0795 29.7384 13.8224 15.9161 11.6028 9.23259 9.31258 7.9773 3.62746 6.78999 4.80157 3.67114
internal_count=384 232 177 151 65 86 62 46 152 144 55 129 104 84
is_linear=0
shrinkage=0.1


Tree=71
num_leaves=15
num_cat=0
split_feature=1 5 2 1 1 5 6 1 1 0 5 1 5 3
split_gain=8.39092 2.60126 0.171025 5.1948e-05 9.77255e-05 2.53902e-05 5.66579e-05 1.67217e-05 7.34883e-06 6.69333e-06 6.21523e-06 2.83581e-06 8.51931e-07 1.18018e-07
threshold=0.78656609248549303 23.850000000000005 -1.0000000180025095e-35 -0.37940952255126015 -0.98296291314453399 23.750000000000004 69.450000000000017 -1.0000000180025095e-35 0.37940952255126026 0.91597561503675362 31.450000000000003 -0.60355339059327384 24.750000000000004 -0.22252093395631442
decision_type=2 2 2 2 2 2 2 2 2 2 2 2 2 2
left_child=3 -2 -3 4 -1 -5 7 9 -8 -7 11 13 -10 -6
right_child=1 2 -4 5 10 6 8 -9 12 -11 -12 -13 -14 -15
leaf_value=-0.082578072936828506 -0.011001721413007327 0.10658969604537616 0.073790303751941996 -0.082691457767623544 -0.081311741879417254 -0.082065111850288502 -0.081919505970693349 -0.082835791103162887 -0.081586828313039067 -0.082444856097361907 -0.081744197891268411 -0.081520795688173248 -0.081402134738107812 -0.081256035698424225
leaf_weight=1.0090716425329449 4.2852244079112989 3.1033800542354584 3.2594466507434845 0.94465550035238433 0.68760783225297994 0.90389314666390397 0.70144653692841508 0.69267559424042735 0.51519873738288879 0.95406915806233883 0.50998104736208905 0.72519319504499424 0.48472007550299168 0.85100071877241135
leaf_count=27 15 19 21 25 35 30 25 17 22 27 20 33 23 45
internal_value=-0.0108173 0.0492258 0.0897878 -0.0820173 -0.0817354 -0.0822225 -0.0821183 -0.0824164 -0.0816714 -0.0822601 -0.0814288 -0.0813578 -0.0814973 -0.0812809
internal_weight=19.6276 10.6481 6.36283 8.97951 3.78285 5.19666 4.252 2.55064 1.70137 1.85796 2.77378 2.2638 0.999919 1.53861
internal_count=384 55 40 329 160 169 144 74 70 57 133 113 45 80
is_linear=0
shrinkage=0.1


Tree=72
num_leaves=12
num_cat=0
split_feature=1 6 6 2 6 8 5 5 0 0 0
split_gain=2.87898 1.14361 1.64962 2.56875 3.93047 2.89136 0.721947 0.000107078 8.64429e-06 7.45787e-06 1.5712e-07
threshold=0.37940952255126026 53.95000000000001 56.500000000000007 0.6078576107927941 59.250000000000007 1.0000000180025095e-35 26.850000000000005 24.250000000000004 -0.78656609248549303 -0.60355339059327362 -0.60355339059327362
decision_type=2 2 2 2 2 2 2 2 2 2 2
left_child=1 -1 -3 4 -4 -6 -5 9 -9 -2 -10
right_child=7 2 3 6 5 -7 -8 8 10 -11 -12
leaf_value=-0.053318879500735744 -0.082378206748008775 0.10667000399540144 -0.077212028449897996 -0.0042197634583917331 0.11504777807385579 0.022573906005333606 -0.074991461894825556 -0.08180613338108228 -0.081223476965614855 -0.08279758039624921 -0.081302835876582324
leaf_weight=2.0486541790887776 0.83964819461107254 2.2212036801502135 2.6154121998697581 2.7522797472774974 5.2819136083126219 9.3956419052555979 3.0263411309570074 0.42591592669486988 0.40574613213539112 0.85670551098883085 0.64779804833233345
leaf_count=25 26 26 30 14 18 113 37 18 22 22 33
internal_value=0.0080741 0.0185421 0.0243627 0.0164386 0.0357271 0.0558519 -0.0412838 -0.0820477 -0.081426 -0.08259 -0.0812723
internal_weight=30.5173 27.3414 25.2928 23.0716 17.293 14.6776 5.77862 3.17581 1.47946 1.69635 1.05354
internal_count=384 263 238 212 161 131 51 121 73 48 55
is_linear=0
shrinkage=0.1


Tree=73
num_leaves=13
num_cat=0
split_feature=5 5 5 0 5 1 5 1 6 5 1 1
split_gain=8.53138 6.15914 3.38301 2.91869 1.87232 1.39096 0.538491 0.0260176 0.00129471 0.00225069 0.000270765 0.000255137
threshold=27.800000000000001 22.950000000000003 31.750000000000004 0.91597561503675362 23.950000000000003 -0.98296291314453399 28.350000000000005 -0.5 69.450000000000017 24.350000000000005 0.37940952255126026 1.0000000180025095e-35
decision_type=2 2 2 2 2 2 2 2 2 2 2 2
left_child=1 -1 3 5 -3 -2 -7 -8 11 -10 -11 -6
right_child=2 4 -4 -5 8 6 7 -9 9 10 -12 -13
leaf_value=0.093484261139705829 0.025562047607950153 -0.027959433111439363 -0.066230614604324362 -0.037117006487649998 -0.087596220873918204 0.035828713426531281 0.086936455328249396 0.099096374835771606 -0.089077323679944503 -0.086197530362465802 -0.084641961996702694 -0.08903873939297606
leaf_weight=2.8886813968420055 6.7287426888942781 9.3761859238147753 2.8343836069107047 3.3759979307651511 3.2202397212386114 2.2527911141514805 9.9001656100153976 2.1398921087384144 1.8824298270046709 1.5528051927685735 4.0049457997083664 1.980006471276283
leaf_count=10 22 36 12 12 33 14 112 14 20 19 62 18
internal_value=-0.00150708 -0.043806 0.0371778 0.0491913 -0.0618191 0.0630521 0.0807016 0.0890977 -0.0869349 -0.0860888 -0.0850766 -0.0881455
internal_weight=52.1373 24.9053 27.232 24.3976 22.0166 21.0216 14.2928 12.0401 12.6404 7.44018 5.55775 5.20025
internal_count=384 198 186 174 188 162 140 126 152 101 81 51
is_linear=0
shrinkage=0.1


Tree=74
num_leaves=7
num_cat=0
split_feature=5 5 5 6 5 6
split_gain=1.5369 2.5056 2.63922 1.14493 0.00416962 0.000274772
threshold=23.150000000000002 23.850000000000005 31.850000000000005 85.15000000000002 24.050000000000004 50.500000000000007
decision_type=2 2 2 2 2 2
left_child=-1 -2 3 4 -3 -6
right_child=1 2 -4 -5 5 -7
leaf_value=-0.091594491782816242 0.072286076846396111 -0.090458559567256652 0.074046552269182872 0.064148236344339679 -0.084332893332775619 -0.080857515386351553
leaf_weight=1.4091727882623679 5.0211649611592275 0.55245109647512425 2.0208946019411087 0.61484962329268444 0.24480629526078734 3.2166638127528131
leaf_count=14 29 6 9 10 5 311
internal_value=0.00705344 0.0189645 -0.0212986 -0.0629258 -0.0823909 -0.0811033
internal_weight=13.08 11.6708 6.64967 4.62877 4.01392 3.46147
internal_count=384 370 341 332 322 316
is_linear=0
shrinkage=0.1


Tree=75
num_leaves=14
num_cat=0
split_feature=1 1 0 6 0 5 2 5 1 5 5 1 5
split_gain=6.23167 3.61352 1.64814 2.32437 1.75185 0.901245 0.391592 0.00100626 0.00083111 0.000131938 9.85021e-05 7.60237e-06 8.7153e-07
threshold=-0.37940952255126015 0.78656609248549303 -0.98296291314453399 69.450000000000017 -0.91597561503675329 24.650000000000002 1.0000000180025095e-35 24.250000000000004 -0.98296291314453399 28.550000000000004 31.450000000000003 -0.60355339059327384 29.950000000000003
decision_type=2 2 2 2 2 2 2 2 2 2 2 2 2
left_child=8 2 -2 4 -4 6 -5 -3 -1 -10 11 12 -11
right_child=1 7 3 5 -6 -7 -8 -9 9 10 -12 -13 -14
leaf_value=-0.085447042682069763 0.084333884089258626 -0.08649284958115519 -0.059657345765220464 0.046371176047881636 0.013856153794119206 0.077948310720470065 0.0061757141897129351 -0.082933420062775542 -0.084118278287690237 -0.082427046644738489 -0.083706125658305985 -0.082868683905349572 -0.082549812022177191
leaf_weight=1.9883361011743543 4.2060774937272027 1.8234506584703916 4.9276680871844283 4.9694022089242917 9.4740035533905083 5.3312560319900504 4.7312739342451096 1.4071404933929441 0.97861466929316421 0.81922527775168452 1.0182559862732885 0.77012344077229533 1.9660606794059274
leaf_count=27 27 22 24 22 36 38 22 33 18 23 20 19 53
internal_value=-0.000861815 0.0160785 0.0257801 0.0174128 -0.0112972 0.0449189 0.0267668 -0.0849425 -0.0836927 -0.0830644 -0.082839 -0.0825906 -0.0825137
internal_weight=44.4109 36.8703 33.6397 29.4336 14.4017 15.0319 9.70068 3.23059 7.54062 5.55228 4.57367 3.55541 2.78529
internal_count=384 224 169 142 60 82 44 55 160 133 115 95 76
is_linear=0
shrinkage=0.1


Tree=76
num_leaves=14
num_cat=0
split_feature=1 5 1 1 5 6 1 0 5 1 5 3 1
split_gain=7.1362 2.23798 4.00082e-05 8.49036e-05 1.86745e-05 4.73065e-05 2.12088e-05 8.43764e-06 6.63621e-06 4.42041e-06 2.14414e-06 6.00728e-07 4.04652e-07
threshold=0.78656609248549303 24.050000000000004 -0.37940952255126015 -0.98296291314453399 23.750000000000004 69.450000000000017 -1.0000000180025095e-35 0.91597561503675362 31.450000000000003 0.37940952255126026 28.650000000000002 -0.22252093395631442 -0.70710678118654757
decision_type=2 2 2 2 2 2 2 2 2 2 2 2 2
left_child=2 -2 3 -1 -4 6 7 -6 10 -7 -5 -11 -12
right_child=1 -3 4 8 5 9 -8 -9 -10 11 12 -13 -14
leaf_value=-0.082368762619813324 -0.00081348589954223093 0.093869202664814397 -0.082432614631689355 -0.081371310681246867 -0.081771271231431797 -0.081687219802640654 -0.082682459592543001 -0.082224082277358432 -0.081585583184751939 -0.081414936957424508 -0.081078509261923781 -0.081250468806856962 -0.081192884082974259
leaf_weight=0.9303013198077682 5.1753994524478895 4.8226781636476517 0.85785804688930678 0.39369030110538039 0.78014422394335292 0.61684747785329797 0.65544297546148333 0.8709110040217638 0.4591531716287135 0.48233344219624996 1.1239079441875222 0.41159465350210667 0.42679456621408407
leaf_count=27 18 37 25 20 30 25 17 27 20 23 69 22 24
internal_value=-0.0114856 0.0448577 -0.0818223 -0.0815576 -0.082011 -0.0819163 -0.0822012 -0.0820101 -0.0812436 -0.0814813 -0.0811629 -0.0813392 -0.08111
internal_weight=18.0071 9.99808 8.00898 3.33385 4.67513 3.81727 2.3065 1.65106 2.40355 1.51078 1.94439 0.893928 1.5507
internal_count=384 55 329 160 169 144 74 57 133 70 113 45 93
is_linear=0
shrinkage=0.1


Tree=77
num_leaves=12
num_cat=0
split_feature=1 6 6 2 6 8 5 5 1 0 6
split_gain=2.55186 0.977236 1.324 2.10937 3.34733 2.29111 0.659356 8.11873e-05 8.10309e-06 5.57623e-06 4.50279e-08
threshold=0.37940952255126026 53.95000000000001 56.500000000000007 0.6078576107927941 59.250000000000007 1.0000000180025095e-35 26.850000000000005 24.250000000000004 0.60355339059327384 -0.60355339059327362 77.750000000000014
decision_type=2 2 2 2 2 2 2 2 2 2 2
left_child=1 -1 -3 4 -4 -6 -5 9 -9 -2 -10
right_child=7 2 3 6 5 -7 -8 8 10 -11 -12
leaf_value=-0.05021703442106859 -0.082148856494000971 0.095475506312122288 -0.073712902620429482 -0.0024646399081314123 0.10363233800876902 0.021475848279216378 -0.071341395640291891 -0.081655740225142104 -0.081134249171119846 -0.082529383007074852 -0.081089781104486627
leaf_weight=1.9659182690084041 0.75910666398704052 2.2902791891247061 2.5093881934881272 2.7080791033804408 5.3247757554054411 9.3631165800615967 2.8553038109093904 0.38504205737262942 0.4100376246497035 0.78161187842488222 0.51210568100214005
leaf_count=25 26 26 30 14 18 113 37 18 24 22 31
internal_value=0.00818327 0.0176739 0.0230017 0.0157091 0.0330241 0.0512599 -0.0378144 -0.0818501 -0.0812704 -0.0823419 -0.0811096
internal_weight=29.8648 27.0169 25.0509 22.7607 17.1973 14.6879 5.56338 2.8479 1.30719 1.54072 0.922143
internal_count=384 263 238 212 161 131 51 121 73 48 55
is_linear=0
shrinkage=0.1


Tree=78
num_leaves=13
num_cat=0
split_feature=1 5 5 1 5 5 6 5 5 5 1 1
split_gain=6.81689 4.35952 3.48601 1.73895 1.60926 1.91788 0.00110398 0.00149695 0.00107171 0.00067496 0.000403793 8.38623e-05
threshold=-0.37940952255126015 22.950000000000003 31.750000000000004 -0.98296291314453399 27.800000000000001 23.950000000000003 69.450000000000017 24.350000000000005 28.550000000000004 31.250000000000004 1.0000000180025095e-35 -0.60355339059327384
decision_type=2 2 2 2 2 2 2 2 2 2 2 2
left_child=2 -2 3 -1 5 -3 10 -8 -5 11 -7 -10
right_child=1 4 -4 8 -6 6 7 -9 9 -11 -12 -13
leaf_value=0.02096068869442691 0.083445901416036916 -0.024618435580467973 -0.059645760546142138 0.088743581161937812 0.00090412875610287001 -0.086558287759511007 -0.08788703652858125 -0.084420368060324241 0.085449151122763287 0.087916628237463268 -0.088455562941371177 0.086285232780651269
leaf_weight=6.6609988808631941 2.926905125379565 9.2169825583696419 2.8016758561134329 1.8213031738996512 5.8820903822779647 2.8277529999613744 1.6703870408236978 4.8982020244002342 5.3126451522111919 1.6036949455738065 1.8593514934182165 1.5496248900890304
leaf_count=22 10 36 12 18 26 33 20 81 72 17 18 19
internal_value=-0.00171518 -0.0323376 0.0436863 0.0607679 -0.0451963 -0.0584416 -0.0861385 -0.0853019 0.086543 0.0860696 -0.0873109 0.085638
internal_weight=49.0316 29.2817 19.7499 16.9483 26.3548 20.4727 11.2557 6.56859 10.2873 8.46596 4.6871 6.86227
internal_count=384 224 160 148 214 188 152 101 126 108 51 91
is_linear=0
shrinkage=0.1


Tree=79
num_leaves=8
num_cat=0
split_feature=9 6 3 5 6 5 5
split_gain=1.36306 1.96037 1.64798 1.00735 0.0214031 0.00794429 0.00806317
threshold=1.0000000180025095e-35 80.300000000000026 0.81174490092936691 23.550000000000004 83.90000000000002 23.850000000000005 31.850000000000005
decision_type=2 2 2 2 2 2 2
left_child=1 2 3 -1 -3 -5 -7
right_child=-2 4 -4 5 -6 6 -8
leaf_value=0.032468159822760911 0.082615497958092587 0.035242803710202497 0.066709961543421223 -0.093834704693410195 0.0490225434604529 -0.081645869546840069 -0.094238989848940857
leaf_weight=0.84692552685737421 1.9929859777912504 2.0806605280376971 1.1159719154238699 1.1671431064605711 2.4597119865939021 2.5254403776489203 0.63660514354705799
leaf_count=13 40 24 24 8 20 251 4
internal_value=0.00661204 -0.00737128 -0.0435084 -0.0672715 0.0427079 -0.0867838 -0.0841812
internal_weight=12.8254 10.8325 6.29209 5.17611 4.54037 4.32919 3.16205
internal_count=384 344 300 276 44 263 255
is_linear=0
shrinkage=0.1


Tree=80
num_leaves=15
num_cat=0
split_feature=5 1 0 6 0 2 6 2 0 1 1 5 5 2
split_gain=5.42723 3.1625 2.10804 1.68818 0.962302 1.08861 0.854869 0.861832 0.272665 0.0159754 0.000796627 0.000779075 0.000109008 8.9057e-07
threshold=28.550000000000004 0.78656609248549303 -0.98296291314453399 71.750000000000014 -0.91597561503675329 0.6078576107927941 75.850000000000009 -1.0000000180025095e-35 0.91597561503675362 -0.5 -0.98296291314453399 24.250000000000004 31.450000000000003 0.6078576107927941
decision_type=2 2 2 2 2 2 2 2 2 2 2 2 2 2
left_child=1 2 -1 4 -4 -6 -5 -8 9 10 -2 -3 13 -12
right_child=8 11 3 6 5 -7 7 -9 -10 -11 12 -13 -14 -15
leaf_value=0.097317536559728676 -0.084986239759422155 -0.085822705793867846 -0.038304445262358891 0.081882357228450053 -0.012282005822640638 0.052991694192601607 -0.012083578882832851 0.055802963122602557 -0.031173065685984581 -0.097914809856096574 -0.082175686142944154 -0.082485356808800675 -0.083395881002818417 -0.082045738283576294
leaf_weight=3.5902216657996204 1.8356750905513757 1.6669824942946427 5.6130539551377341 4.0910716354846937 6.6676088906824589 4.1423730850219727 3.4122899323701859 4.1376313120126724 1.0905898511409757 0.85954244434833427 2.1710896417498602 1.2051899619400499 0.91851630806922901 0.69660175405442704
leaf_count=26 27 22 24 23 41 19 21 23 4 10 68 33 20 23
internal_value=-0.000763773 0.0160508 0.0251673 0.0159372 -0.00471199 0.0127308 0.0450688 0.0251207 -0.0774339 -0.0852179 -0.0832767 -0.0844223 -0.0824478 -0.0821441
internal_weight=42.0984 34.5264 31.6543 28.064 16.423 10.81 11.641 7.54992 7.57202 6.48143 5.62188 2.87217 3.78621 2.86769
internal_count=384 232 177 151 84 60 67 44 152 148 138 55 111 91
is_linear=0
shrinkage=0.1


Tree=81
num_leaves=14
num_cat=0
split_feature=1 5 1 1 6 5 1 0 5 1 5 5 1
split_gain=6.11541 2.00368 3.12736e-05 7.31687e-05 1.63838e-05 3.96809e-05 1.78743e-05 7.60487e-06 7.21066e-06 3.10994e-06 1.36036e-06 8.23612e-07 2.5434e-07
threshold=0.78656609248549303 24.050000000000004 -0.37940952255126015 -0.98296291314453399 69.450000000000017 23.750000000000004 1.0000000180025095e-35 0.91597561503675362 31.450000000000003 0.37940952255126026 28.650000000000002 24.750000000000004 -0.70710678118654757
decision_type=2 2 2 2 2 2 2 2 2 2 2 2 2
left_child=2 -2 3 -1 6 -6 7 -4 10 -7 -5 -11 -12
right_child=1 -3 4 8 5 9 -8 -9 -10 11 12 -13 -14
leaf_value=-0.082181949644362859 -0.00087897872777464327 0.091866322213721707 -0.081561058018468219 -0.081171085199520154 -0.082304048338087951 -0.081498598770299982 -0.082385856134138888 -0.082015402960758155 -0.081458089422487959 -0.081285538160478454 -0.080919192336896387 -0.081081288065834478 -0.081017202333083294
leaf_weight=0.85883067734539542 5.1581778824329358 4.2476057633757591 0.69080158416182003 0.33730537816882256 0.58257768116891373 0.54807092063128926 0.81787322275340546 0.78936401009559631 0.41408967692404974 0.41653471533209085 0.9615518664941195 0.37530479766428471 0.36538522597402279
leaf_count=27 18 37 30 20 18 25 24 27 20 22 69 23 24
internal_value=-0.0120018 0.0410043 -0.0816561 -0.0814055 -0.0818305 -0.081615 -0.0820107 -0.0818034 -0.0810847 -0.0813155 -0.0809918 -0.0811887 -0.0809462
internal_weight=16.5635 9.40578 7.15769 2.93716 4.22053 1.92249 2.29804 1.48017 2.07833 1.33991 1.66424 0.79184 1.32694
internal_count=384 55 329 160 169 88 81 57 133 70 113 45 93
is_linear=0
shrinkage=0.1


Tree=82
num_leaves=12
num_cat=0
split_feature=1 6 6 2 6 8 5 5 0 0 3
split_gain=2.26107 0.832189 1.0467 1.80661 2.85761 1.87585 0.575489 6.32111e-05 7.55084e-06 3.99704e-06 3.9347e-08
threshold=0.37940952255126026 53.95000000000001 56.500000000000007 0.6078576107927941 59.250000000000007 1.0000000180025095e-35 26.850000000000005 24.250000000000004 -0.78656609248549303 -0.60355339059327362 -0.56174490092936669
decision_type=2 2 2 2 2 2 2 2 2 2 2
left_child=1 -1 -3 4 -4 -6 -5 9 -9 -2 -10
right_child=7 2 3 6 5 -7 -8 8 10 -11 -12
leaf_value=-0.04712570339362767 -0.081953623606165954 0.085393511212405959 -0.069996712432722014 -0.0025906799688933599 0.095009277699408035 0.02062853817432236 -0.067859526851357294 -0.081512495544928842 -0.080982016581306465 -0.08229077299588311 -0.080936032194482949
leaf_weight=1.8856154466047943 0.69289943668991327 2.3427055962383774 2.4011993305757704 2.7009942494332781 5.3303813338279875 9.3171248491853298 2.7026278786361217 0.34678670670837164 0.29735246859490871 0.7139600254595273 0.49723166134208419
leaf_count=25 26 26 30 14 18 113 37 18 20 22 35
internal_value=0.00832133 0.0169169 0.0217872 0.0151504 0.0311202 0.0476965 -0.035235 -0.0816761 -0.0811232 -0.0821247 -0.0809532
internal_weight=29.2289 26.6806 24.795 22.4523 17.0487 14.6475 5.40362 2.54823 1.14137 1.40686 0.794584
internal_count=384 263 238 212 161 131 51 121 73 48 55
is_linear=0
shrinkage=0.1


Tree=83
num_leaves=13
num_cat=0
split_feature=5 5 5 0 5 1 5 1 6 5 1 1
split_gain=5.41194 4.46627 2.30656 2.30304 1.9022 1.55594 0.501366 0.0210102 0.00096769 0.001098 0.000493355 0.000146394
threshold=27.800000000000001 22.950000000000003 31.750000000000004 0.91597561503675362 23.950000000000003 -0.98296291314453399 28.350000000000005 -0.5 69.450000000000017 24.350000000000005 1.0000000180025095e-35 0.37940952255126026
decision_type=2 2 2 2 2 2 2 2 2 2 2 2
left_child=1 -1 3 5 -3 -2 -7 -8 10 -10 -6 -11
right_child=2 4 -4 -5 8 6 7 -9 9 11 -12 -13
leaf_value=0.076947049901058592 0.016945533359798978 -0.022306910052227017 -0.055606616591950923 -0.034720598820894552 -0.085722988926782942 0.032949251915841381 0.085196107711309102 0.097097561027117196 -0.086952461773935785 -0.084742390868152551 -0.087914892689155588 -0.083445262428194389
leaf_weight=2.9414865374565151 6.5835607349872651 9.0940663814544695 2.7453942149877539 3.329354688525199 2.4951638467609865 2.0475975573062923 7.6841139160096699 1.8381324335932658 1.5108379833400247 1.2175111398100851 1.7450304850935934 3.0489688031375408
leaf_count=10 22 36 12 12 33 14 112 14 20 19 18 62
internal_value=-0.0019207 -0.0377633 0.0307041 0.0417342 -0.0554185 0.0557561 0.0778404 0.0874935 -0.0854778 -0.0846358 -0.0866251 -0.0838154
internal_weight=46.2812 22.0531 24.2282 21.4828 19.1116 18.1534 11.5698 9.52225 10.0175 5.77732 4.24019 4.26648
internal_count=384 198 186 174 188 162 140 126 152 101 51 81
is_linear=0
shrinkage=0.1


Tree=84
num_leaves=8
num_cat=0
split_feature=5 5 6 6 0 9 5
split_gain=1.36296 1.82515 2.15897 0.813245 0.645251 1.78592 0.0158338
threshold=23.150000000000002 23.850000000000005 51.45000000000001 85.15000000000002 0.37940952255126054 1.0000000180025095e-35 32.45000000000001
decision_type=2 2 2 2 2 2 2
left_child=-1 -2 -3 4 6 -6 -4
right_child=1 2 3 -5 5 -7 -8
leaf_value=-0.090768164141513841 0.060284598677903527 0.10185383043569332 -0.082943451715144598 0.055867190236321133 -0.083571342011082975 0.21266104711152437 -0.10135542681152974
leaf_weight=1.3036672733724124 5.2649348266422731 1.1701850909739731 2.7379341986961667 0.63896202575415362 0.66463215509429563 0.29333746433258057 0.56314149498939503
leaf_count=14 29 10 253 10 64 1 3
internal_value=0.00606277 0.0172014 -0.0201788 -0.0493337 -0.0651164 0.00713723 -0.0860844
internal_weight=12.6368 11.3331 6.06819 4.89801 4.25905 0.95797 3.30108
internal_count=384 370 341 331 321 65 256
is_linear=0
shrinkage=0.1


Tree=85
num_leaves=14
num_cat=0
split_feature=1 0 6 1 0 5 2 5 1 5 5 0 5
split_gain=4.72244 1.71493 0.675925 3.16389 1.38105 0.856359 0.404407 0.000583006 0.000578391 9.2865e-05 0.000118824 1.94502e-06 8.75011e-07
threshold=-0.37940952255126015 -0.98296291314453399 69.450000000000017 0.78656609248549303 -0.91597561503675329 24.650000000000002 1.0000000180025095e-35 24.250000000000004 -0.98296291314453399 28.550000000000004 31.550000000000004 0.37940952255126054 29.750000000000004
decision_type=2 2 2 2 2 2 2 2 2 2 2 2 2
left_child=8 -2 4 5 -3 6 -4 -5 -1 -10 11 12 -11
right_child=1 2 3 7 -6 -7 -8 -9 9 10 -12 -13 -14
leaf_value=-0.084579182252810262 0.079887625752811109 -0.054077374211634111 0.040884642009005559 -0.0852450338295382 0.01230685878796775 0.072966572184113634 -0.00074570788855821059 -0.082107740233451076 -0.083365354010263404 -0.081741895778443263 -0.08340627170412411 -0.082027459910418737 -0.081882135820961377
leaf_weight=1.6963655911386011 3.5124821513891176 4.7232211865484706 4.8087024763226527 1.5238346643745893 9.3131669405847841 4.7133979126811019 4.5332246869802475 0.96898048371076573 0.7975543737411489 0.64908403716981533 0.63162888959050167 0.73505860939621914 1.4143723435699938
leaf_count=27 27 24 22 22 38 38 22 31 18 25 14 25 51
internal_value=-0.000607913 0.0137104 0.00611023 0.0198017 -0.0100313 0.0382163 0.0206833 -0.0840255 -0.0830193 -0.0823934 -0.0821674 -0.0818878 -0.081838
internal_weight=40.0211 34.097 30.5845 16.5481 14.0364 14.0553 9.34193 2.49282 5.92406 4.2277 3.43014 2.79851 2.06346
internal_count=384 224 197 135 62 82 44 53 160 133 115 101 76
is_linear=0
shrinkage=0.1


Tree=86
num_leaves=14
num_cat=0
split_feature=1 5 1 1 6 5 1 5 0 1 5 5 1
split_gain=5.23968 1.79321 2.32344e-05 6.21106e-05 1.46074e-05 2.93245e-05 1.87917e-05 8.80597e-06 8.17453e-06 2.24518e-06 1.00623e-06 5.43653e-07 9.47235e-08
threshold=0.78656609248549303 24.050000000000004 -0.37940952255126015 -0.98296291314453399 69.450000000000017 23.750000000000004 1.0000000180025095e-35 31.550000000000004 0.91597561503675362 0.37940952255126026 28.650000000000002 24.750000000000004 -0.70710678118654757
decision_type=2 2 2 2 2 2 2 2 2 2 2 2 2
left_child=2 -2 3 -1 6 -6 8 10 -4 -7 -5 -11 -12
right_child=1 -3 4 7 5 9 -8 -9 -10 11 12 -13 -14
leaf_value=-0.082015058666061277 -0.001057721754756504 0.090127397900183037 -0.081340762413663406 -0.081023336579395033 -0.082074351994539815 -0.081343134607344311 -0.082238073701512773 -0.081463182468778414 -0.081841584417197202 -0.081148103438831137 -0.080801047972281548 -0.080973007454574419 -0.080864902497152488
leaf_weight=0.79368774220347438 5.1335015296936017 3.7191367372870445 0.59490322228521353 0.29431165847927232 0.52489745989441861 0.48916953243315198 0.76629159785807122 0.28504079952836026 0.72077302448451519 0.37266047764569521 0.90948685351759184 0.33829902205616236 0.31201165169477452
leaf_count=27 18 37 30 20 18 25 24 14 27 22 75 23 24
internal_value=-0.0125877 0.0372506 -0.0815088 -0.0812781 -0.0816661 -0.0814509 -0.0818444 -0.0809532 -0.0816151 -0.0811782 -0.0808574 -0.0810648 -0.0808174
internal_weight=15.2542 8.85264 6.40153 2.59454 3.80699 1.72503 2.08197 1.80085 1.31568 1.20013 1.51581 0.710959 1.2215
internal_count=384 55 329 160 169 88 81 133 57 70 119 45 99
is_linear=0
shrinkage=0.1


Tree=87
num_leaves=13
num_cat=0
split_feature=1 6 1 1 2 6 0 5 5 0 0 0
split_gain=2.00067 0.695281 0.885827 2.0146 1.25076 0.960778 4.79137e-05 4.7566e-05 1.316e-05 7.20081e-06 3.17912e-06 4.421e-08
threshold=0.37940952255126026 53.95000000000001 -0.98296291314453399 -0.37940952255126015 0.6078576107927941 64.40000000000002 0.60355339059327384 24.250000000000004 31.450000000000003 -0.78656609248549303 -0.60355339059327362 -0.60355339059327362
decision_type=2 2 2 2 2 2 2 2 2 2 2 2
left_child=1 -1 -3 6 5 -5 8 10 -4 -9 -2 -11
right_child=7 2 3 4 -6 -7 -8 9 -10 11 -12 -13
leaf_value=-0.043935569986485852 -0.081769003324781153 0.055724396126968001 -0.081181049891113716 -0.01062087638063719 -0.023383232245506563 0.054051345809485708 -0.082574066259346268 -0.081408004599600917 -0.081858970067249112 -0.080861809515079777 -0.082084118498573028 -0.080810545391772015
leaf_weight=1.8075837884098351 0.62853563111275434 5.4877050071954789 1.4017380457371573 3.0482117459177891 4.5134839341044417 9.322920583188532 0.36804204341024149 0.31523224152624607 0.35986538045108307 0.28624686226248741 0.65255762264132433 0.40801403298974015
leaf_count=25 26 20 88 22 28 52 13 18 15 22 22 33
internal_value=0.00811185 0.0159159 0.0203313 0.0101165 0.0216766 0.0381163 -0.0815363 -0.081525 -0.0813195 -0.0810116 -0.0819295 -0.0808317
internal_weight=28.6001 26.3096 24.502 19.0143 16.8846 12.3711 2.12965 2.29059 1.7616 1.00949 1.28109 0.694261
internal_count=384 263 238 218 102 74 116 121 103 73 48 55
is_linear=0
shrinkage=0.1


Tree=88
num_leaves=13
num_cat=0
split_feature=1 5 5 1 4 5 5 5 5 5 5 1
split_gain=4.31116 3.35384 3.1279 1.90428 1.40908 1.89213 1.81585 0.406651 0.00109446 0.000984998 0.000678583 3.44057e-05
threshold=-0.37940952255126015 31.850000000000005 22.950000000000003 -0.98296291314453399 1.0000000180025095e-35 23.950000000000003 27.800000000000001 25.550000000000004 31.450000000000003 28.550000000000004 24.250000000000004 -0.60355339059327384
decision_type=2 2 2 2 2 2 2 2 2 2 2 2
left_child=1 3 -2 -1 5 -4 10 -6 9 -5 -7 -11
right_child=2 -3 4 8 7 6 -8 -9 -10 11 -12 -13
leaf_value=0.013413302979936323 0.069813629153888349 -0.076033054380077361 0.01692947001769873 0.087108846594222938 -0.10557944022133786 -0.087382033963258943 -0.0063052497353244686 -0.046385339420619759 0.087864645714568881 0.084090305502926566 -0.084670217705952219 0.084694749341160322
leaf_weight=6.5021946132183084 2.9462716877460506 2.2812390327453604 6.4893077462911668 1.502424757927656 3.4267821349203578 1.1089142635464648 5.2427576333284378 1.7548818700015543 1.4391227848827837 4.3318808041512957 5.4963813982903957 1.2033016830682761
leaf_count=22 10 9 26 18 30 13 23 26 16 76 96 19
internal_value=-0.00196024 0.0369215 -0.0273182 0.0541241 -0.0394861 -0.0264747 -0.0502476 -0.0855321 0.0853519 0.0848381 -0.0851255 0.0842217
internal_weight=43.7255 17.2602 26.4653 14.9789 23.519 18.3374 11.8481 5.18166 8.47673 7.03761 6.6053 5.53518
internal_count=384 160 224 151 214 158 132 56 129 113 109 95
is_linear=0
shrinkage=0.1


Tree=89
num_leaves=8
num_cat=0
split_feature=5 5 6 6 0 9 5
split_gain=1.19725 1.49224 1.79821 0.740398 0.587906 1.43019 0.0124921
threshold=23.150000000000002 23.850000000000005 51.45000000000001 85.15000000000002 0.37940952255126054 1.0000000180025095e-35 31.850000000000005
decision_type=2 2 2 2 2 2 2
left_child=-1 -2 -3 4 6 -6 -4
right_child=1 2 3 -5 5 -7 -8
leaf_value=-0.089701002340904848 0.053448995888732302 0.091063873383449415 -0.082418958988123306 0.05038502311174349 -0.083641982284884342 0.18107816560450382 -0.097970374915288691
leaf_weight=1.1894136443734176 5.4228530637919885 1.1670813951641319 2.3384770459961155 0.65500121191143978 0.60391892679035653 0.30826568603515625 0.66296572983264912
leaf_count=14 29 10 252 10 64 1 4
internal_value=0.00567356 0.0158397 -0.0197181 -0.048018 -0.0644871 0.00581813 -0.085854
internal_weight=12.348 11.1586 5.73571 4.56863 3.91363 0.912185 3.00144
internal_count=384 370 341 331 321 65 256
is_linear=0
shrinkage=0.1


Tree=90
num_leaves=13
num_cat=0
split_feature=5 0 6 6 6 3 1 0 1 1 5 5
split_gain=4.13965 2.16272 0.670915 1.07388 1.38257 0.942478 0.309066 0.256869 0.0137306 0.000523756 0.000100834 1.0342e-06
threshold=28.550000000000004 -0.98296291314453399 82.050000000000026 77.750000000000014 71.750000000000014 -0.56174490092936669 0.37940952255126026 0.91597561503675362 -0.5 -0.98296291314453399 31.550000000000004 30.750000000000004
decision_type=2 2 2 2 2 2 2 2 2 2 2 2
left_child=1 -1 3 4 5 -3 -6 8 9 -2 11 -11
right_child=7 2 -4 -5 6 -7 -8 -9 -10 10 -12 -13
leaf_value=0.094947425856090437 -0.084156816088596292 0.026212756254461962 0.048524595958991223 -0.04597290209375901 0.072653413406904122 -0.024209572953825673 0.025076178223400487 -0.031176842374339642 -0.097477469656286564 -0.081535364287547984 -0.08306955382572645 -0.081693102509460935
leaf_weight=2.983671315014365 1.5517053976655 5.8457057941705068 3.2263156399130812 4.2207005992531768 3.1625986322760573 10.132500395178795 2.4026726707816124 1.0825117677450178 0.73183972388505836 1.7194327116012584 0.56221240945160378 0.54816259630024422
leaf_count=26 27 28 31 37 15 61 34 4 10 75 14 22
internal_value=-0.000618037 0.0138788 0.00553526 0.000151921 0.00918849 -0.00576231 0.0521131 -0.0754297 -0.0847982 -0.0826803 -0.0818707 -0.0815735
internal_weight=38.17 31.9742 28.9905 25.7642 21.5435 15.9782 5.56527 6.19586 5.11335 4.38151 2.82981 2.2676
internal_count=384 232 206 175 138 89 49 152 148 138 111 97
is_linear=0
shrinkage=0.1


Tree=91
num_leaves=14
num_cat=0
split_feature=1 5 1 1 6 5 1 5 0 1 5 5 1
split_gain=4.5092 1.59937 1.93897e-05 5.04921e-05 1.35622e-05 2.23066e-05 1.7699e-05 7.38354e-06 7.23188e-06 1.66675e-06 9.34829e-07 6.46741e-07 5.99931e-08
threshold=0.78656609248549303 24.050000000000004 -0.37940952255126015 -0.98296291314453399 69.450000000000017 23.750000000000004 -1.0000000180025095e-35 31.550000000000004 0.91597561503675362 0.37940952255126026 24.650000000000002 28.650000000000002 -0.70710678118654757
decision_type=2 2 2 2 2 2 2 2 2 2 2 2 2
left_child=2 -2 3 -1 6 -6 8 11 -4 -7 -11 -5 -13
right_child=1 -3 4 7 5 9 -8 -9 -10 10 -12 12 -14
leaf_value=-0.081839033047932025 -0.0011127242660716045 0.08865363771355747 -0.081193224214582749 -0.080875687957586845 -0.081876376688938796 -0.081202848670703431 -0.082097791315084517 -0.081322019572623194 -0.081689085174962983 -0.081075262183484653 -0.080831709744994748 -0.080683238826166098 -0.080738173449970557
leaf_weight=0.72577969543635878 5.0972430258989316 3.2505646571516991 0.52934027090668656 0.25223035924136539 0.47493723221123207 0.43672118708491303 0.71620034240186425 0.25352189224213351 0.66191087290644646 0.30339814908802509 0.3279427969828248 0.77789462357759465 0.26704066619276989
leaf_count=27 18 37 30 20 18 25 24 14 27 19 26 75 24
internal_value=-0.0130402 0.0338415 -0.0813772 -0.0811506 -0.0815266 -0.0813062 -0.0817049 -0.0808284 -0.0814687 -0.0810526 -0.0809488 -0.080732 -0.0806973
internal_weight=14.0747 8.34781 5.72692 2.27647 3.45045 1.543 1.90745 1.55069 1.19125 1.06806 0.631341 1.29717 1.04494
internal_count=384 55 329 160 169 88 81 133 57 70 45 119 99
is_linear=0
shrinkage=0.1


Tree=92
num_leaves=16
num_cat=0
split_feature=1 4 6 6 2 6 6 3 5 0 6 5 0 0 0
split_gain=1.7678 0.654963 1.66079 3.10748 0.850978 0.870126 3.25994 2.14467 0.798544 0.54801 0.452658 3.66775e-05 6.40775e-06 2.50678e-06 5.91993e-08
threshold=0.37940952255126026 1.0000000180025095e-35 62.900000000000006 54.750000000000007 -1.0000000180025095e-35 59.750000000000007 55.350000000000001 -0.22252093395631442 26.850000000000005 1.0000000180025095e-35 59.250000000000007 24.250000000000004 -0.78656609248549303 -0.60355339059327362 -0.60355339059327362
decision_type=2 2 2 2 2 2 2 2 2 2 2 2 2 2 2
left_child=1 4 3 -3 -1 6 -6 -7 -9 -4 -5 13 -13 -2 -14
right_child=11 2 9 10 5 7 -8 8 -10 -11 -12 12 14 -15 -16
leaf_value=-0.042312675078586943 -0.081606971734997799 0.11713455650517984 0.042976209176727495 -0.11010674114113679 -0.050776144369241966 0.058373627994626809 0.14891308689888128 -0.0038960957158445178 -0.074429864817604829 0.10887860393847267 -0.026752620912298339 -0.081292944757399399 -0.080753909999675091 -0.08190001894103191 -0.080690157135957161
leaf_weight=3.2731155324727359 0.57235746737569571 1.2612719666212782 2.6153061175718904 1.4874362545087936 1.4850201876834064 3.9550528600812003 1.8187929270789025 3.6414258852600989 2.8703238302841783 2.4380561914294958 1.1592623237520454 0.28489913791418087 0.25025348272174608 0.59572879038751059 0.3484658487141129
leaf_count=31 26 15 27 27 17 29 25 19 34 16 23 18 22 22 33
internal_value=0.00797671 0.0150273 0.0369138 -0.0120399 0.00351976 0.0144136 0.0591554 0.00029098 -0.0349868 0.0747716 -0.0735974 -0.0813887 -0.0809026 -0.0817564 -0.0807168
internal_weight=28.0568 26.0051 8.96133 3.90797 17.0437 13.7706 3.30381 10.4668 6.51175 5.05336 2.6467 2.0517 0.883618 1.16809 0.598719
internal_count=384 263 108 65 155 124 42 82 53 43 50 121 73 48 55
is_linear=0
shrinkage=0.1


Tree=93
num_leaves=14
num_cat=0
split_feature=5 5 5 0 1 8 5 1 6 5 1 1 3
split_gain=3.50939 3.66306 1.60337 1.7868 1.47262 1.21439 0.456621 0.0175048 0.000779554 0.000554025 0.000501589 9.23925e-05 5.12955e-06
threshold=27.800000000000001 23.950000000000003 31.750000000000004 0.91597561503675362 -0.98296291314453399 1.0000000180025095e-35 28.350000000000005 -0.5 69.450000000000017 24.350000000000005 1.0000000180025095e-35 0.37940952255126026 -0.56174490092936669
decision_type=2 2 2 2 2 2 2 2 2 2 2 2 2
left_child=1 5 3 4 -2 -1 -6 -8 10 -10 -3 -11 -13
right_child=2 8 -4 -5 6 -7 7 -9 9 11 -12 12 -14
leaf_value=0.034873538030256106 0.013261706701729735 -0.084528996281048915 -0.048408356559039432 -0.031400663908445273 0.03103152551543685 -0.029387697323854569 0.083897101923529505 0.095755431577870684 -0.08541627058360457 -0.083737772160957291 -0.086936857411284069 -0.082759310197576597 -0.082454759291765822
leaf_weight=5.9627282619476318 6.4834285080432918 1.9832087531685814 2.5570754036307326 3.2664887011051169 1.8607804998755471 5.8024992197752017 5.8653429560363319 1.5802000164985628 1.2156775668263433 0.96844580024480853 1.5345591530203817 0.91219239681959186 1.4046625755727289
leaf_count=23 22 33 12 12 14 23 112 14 20 19 18 23 39
internal_value=-0.00191095 -0.0323432 0.0259455 0.0359227 0.0498502 0.0031805 0.0753403 0.0864138 -0.0844641 -0.0835924 -0.0855794 -0.0829175 -0.0825747
internal_weight=41.3973 19.784 21.6133 19.0562 15.7898 11.7652 9.30632 7.44554 8.01875 4.50098 3.51777 3.2853 2.31685
internal_count=384 198 186 174 162 46 140 126 152 101 51 81 62
is_linear=0
shrinkage=0.1


Tree=94
num_leaves=8
num_cat=0
split_feature=5 5 6 6 0 9 5
split_gain=1.05053 1.24125 1.49268 0.683752 0.522079 1.16902 0.00987852
threshold=23.150000000000002 23.850000000000005 51.45000000000001 85.15000000000002 0.37940952255126054 1.0000000180025095e-35 31.850000000000005
decision_type=2 2 2 2 2 2 2
left_child=-1 -2 -3 4 6 -6 -4
right_child=1 2 3 -5 5 -7 -8
leaf_value=-0.088729616189091698 0.047615352273483007 0.081389530355164066 -0.082381227791351375 0.046007877734998724 -0.08384894123755629 0.1580846874555577 -0.096654616235667928
leaf_weight=1.0842092968523509 5.5646585673093778 1.1512331347912548 2.0969260314013818 0.66745019983500231 0.55356732197105873 0.31245413422584534 0.63073143362998951
leaf_count=14 29 10 252 10 64 1 4
internal_value=0.00517656 0.0144518 -0.019645 -0.0469416 -0.064205 0.00343892 -0.0856817
internal_weight=12.0612 10.977 5.41236 4.26113 3.59368 0.866021 2.72766
internal_count=384 370 341 331 321 65 256
is_linear=0
shrinkage=0.1


Tree=95
num_leaves=13
num_cat=0
split_feature=1 0 6 5 0 0 6 1 0 5 5 5
split_gain=3.545 1.36232 0.887319 1.38305 0.830038 1.2124 1.14388 0.000354759 6.27516e-05 5.11918e-05 1.85475e-05 4.84928e-07
threshold=-0.37940952255126015 -0.98296291314453399 61.45000000000001 27.500000000000004 -0.60355339059327362 0.91597561503675362 71.750000000000014 -0.98296291314453399 0.60355339059327384 31.550000000000004 28.850000000000005 30.750000000000004
decision_type=2 2 2 2 2 2 2 2 2 2 2 2
left_child=7 -2 -3 4 6 -6 -4 -1 9 10 -9 -12
right_child=1 2 3 -5 5 -7 -8 8 -10 -11 11 -13
leaf_value=-0.083791050559752653 0.075958113456109658 0.055264814145227638 -0.011560479385194701 -0.059627138752724934 -0.083586135273072862 0.014354665334723038 0.040283779171169917 -0.082016797959893181 -0.082890911715694959 -0.082668695587237953 -0.081308915951575939 -0.081432371861911407
leaf_weight=1.4210967421531675 2.9433448985218957 3.0879221782088342 7.4293419830501177 3.5302205868065348 2.2078865803778163 2.9562231451272964 9.9628387205302698 0.53083561919629607 0.52691189199686039 0.45119334198534478 1.2765665035694835 0.42378887347877015
leaf_count=27 27 11 37 20 55 11 63 19 16 13 65 20
internal_value=-0.000675583 0.0111175 0.00457584 -0.00142434 0.00768482 -0.0275194 0.0181377 -0.0824757 -0.0818932 -0.0816972 -0.0815008 -0.0813397
internal_weight=36.7482 32.1178 29.1744 26.0865 22.5563 5.16411 17.3922 4.63039 3.2093 2.68238 2.23119 1.70036
internal_count=384 224 197 186 166 66 100 160 133 117 104 85
is_linear=0
shrinkage=0.1


Tree=96
num_leaves=15
num_cat=0
split_feature=1 5 6 1 1 6 5 1 5 0 1 5 5 5
split_gain=3.97702 1.3305 0.114134 1.50546e-05 4.01e-05 1.09142e-05 1.73652e-05 1.43492e-05 8.78324e-06 7.87505e-06 1.14424e-06 6.8318e-07 5.28503e-07 4.75329e-08
threshold=0.78656609248549303 23.850000000000005 81.15000000000002 -0.37940952255126015 -0.98296291314453399 69.450000000000017 23.750000000000004 -1.0000000180025095e-35 31.650000000000002 0.91597561503675362 0.37940952255126026 24.550000000000004 28.650000000000002 30.850000000000005
decision_type=2 2 2 2 2 2 2 2 2 2 2 2 2 2
left_child=3 -2 -3 4 -1 7 -7 9 12 -5 -8 -12 -6 -14
right_child=1 2 -4 5 8 6 10 -9 -10 -11 11 -13 13 -15
leaf_value=-0.081685275677721353 -0.0073697925157414669 0.090431314125366702 0.055581978095147061 -0.081026679951624353 -0.080766885166910884 -0.08171816096430666 -0.081090725329529323 -0.081934102000800479 -0.081340452738767013 -0.081575517386309554 -0.080987953737902796 -0.080770254382471346 -0.080583029658619632 -0.080639870367119809
leaf_weight=0.66458310000598464 4.1850066334009171 2.049200396984816 1.735846936702728 0.455186025239527 0.22006523981690385 0.43592697475105502 0.39180347416549921 0.6627316847443584 0.20376144349575032 0.61420593969523907 0.26514739636331797 0.31589237321168184 0.73663721233606339 0.18383725360035896
leaf_count=27 15 25 15 30 20 18 25 24 11 27 18 27 83 19
internal_value=-0.0127699 0.0314867 0.0744492 -0.0812636 -0.0810498 -0.0814004 -0.0811937 -0.0815685 -0.0807357 -0.0813419 -0.0809587 -0.0808696 -0.0806277 -0.0805944
internal_weight=13.1198 7.97005 3.78505 5.14978 2.00888 3.14089 1.40877 1.73212 1.3443 1.06939 0.972843 0.58104 1.14054 0.920474
internal_count=384 55 40 329 160 169 88 81 133 57 70 45 122 102
is_linear=0
shrinkage=0.1


Tree=97
num_leaves=15
num_cat=0
split_feature=1 4 6 6 5 6 6 2 2 0 5 0 5 0
split_gain=1.57877 0.570363 1.37747 2.61928 0.825056 0.97104 0.892146 1.48683 0.466213 0.449188 2.77321e-05 5.69316e-06 2.30902e-06 1.4124e-07
threshold=0.37940952255126026 1.0000000180025095e-35 62.900000000000006 54.750000000000007 24.350000000000005 55.350000000000001 59.050000000000004 0.6078576107927941 -0.8783796973249266 1.0000000180025095e-35 24.250000000000004 -0.78656609248549303 23.550000000000004 -0.60355339059327362
decision_type=2 2 2 2 2 2 2 2 2 2 2 2 2 2
left_child=1 4 3 -3 -1 -6 -7 -8 -5 -4 12 -12 -2 -13
right_child=10 2 9 8 5 6 7 -9 -10 -11 11 13 -14 -15
leaf_value=-0.056925133998969896 -0.081780315058634784 0.10391305699882517 0.040410381888284184 -0.020065367114363186 -0.058371620984249063 0.085047023266557664 0.037684881984315743 -0.037860678654560255 -0.10728299930172563 0.10017569654877422 -0.081201541050746145 -0.080691186414507954 -0.081481318189055935 -0.080586827539252268
leaf_weight=2.0035362914204695 0.43555851094424614 1.3118114527314886 2.630483522079885 1.0613751914352181 1.7572590075433243 1.8549793418496836 7.1607273789122683 4.0950667061842978 1.4503958877176044 2.4094609888270497 0.26363356970250595 0.23018669243901957 0.63458812329918146 0.29704229813069116
leaf_count=10 17 15 27 19 19 26 62 38 31 16 18 22 31 33
internal_value=0.00767429 0.0141063 0.0346457 -0.0106145 0.00331587 0.0114336 0.0207897 0.0102 -0.0704283 0.0689826 -0.0812712 -0.0808221 -0.081603 -0.0806324
internal_weight=27.5961 25.7351 8.86353 3.82358 16.8716 14.868 13.1108 11.2558 2.51177 5.03994 1.86101 0.790863 1.07015 0.527229
internal_count=384 263 108 65 155 145 126 100 50 43 121 73 48 55
is_linear=0
shrinkage=0.1


Tree=98
num_leaves=13
num_cat=0
split_feature=1 5 5 1 4 5 5 5 5 5 6 1
split_gain=2.88889 2.5015 2.44007 1.68776 1.36917 1.58867 1.58833 0.380827 0.000723096 0.000668009 0.000447117 1.21722e-05
threshold=-0.37940952255126015 22.950000000000003 31.850000000000005 -0.98296291314453399 1.0000000180025095e-35 23.950000000000003 27.800000000000001 25.250000000000004 31.450000000000003 28.550000000000004 69.450000000000017 -0.60355339059327384
decision_type=2 2 2 2 2 2 2 2 2 2 2 2
left_child=2 -2 3 -1 5 -3 10 -6 9 -5 -7 -11
right_child=1 4 -4 8 7 6 -8 -9 -10 11 -12 -13
leaf_value=0.012166148319477835 0.063386683113599282 0.017108729421607495 -0.066924084924273083 0.085781401410845406 -0.10451495189976745 -0.085287891685057737 -0.0061068591381943085 -0.043793572904845236 0.086477816032968863 0.083038207554687632 -0.083427766631721134 0.083450810390347754
leaf_weight=6.4223246276378623 2.9342792928218868 6.4486671537160936 2.1255166679620734 1.2256486639380444 2.9974119756370774 2.2011154368519765 5.0937293022871017 1.5759034901857374 1.1602350249886511 3.2863853126764284 3.1294438969343901 0.91381300985813263
leaf_count=22 10 26 9 18 27 34 23 29 16 76 75 19
internal_value=-0.00190742 -0.0232105 0.0324115 0.0486425 -0.0350587 -0.0219042 -0.0460384 -0.0835912 0.0842119 0.0837274 -0.0841959 0.083128
internal_weight=39.5145 24.3806 15.1339 13.0084 21.4463 16.873 10.4243 4.57332 6.58608 5.42585 5.33056 4.2002
internal_count=384 224 160 151 214 158 132 56 129 113 109 95
is_linear=0
shrinkage=0.1


Tree=99
num_leaves=13
num_cat=0
split_feature=2 5 5 5 1 8 5 6 2 5 6 5
split_gain=0.955418 1.12924 1.64031 0.970367 1.48018 1.18199 1.84313 1.31575 0.470365 0.0030213 2.61467e-05 1.29995e-06
threshold=-0.8783796973249266 23.750000000000004 31.850000000000005 23.350000000000005 0.78656609248549303 1.0000000180025095e-35 23.950000000000003 51.45000000000001 0.6078576107927941 24.150000000000002 56.95000000000001 25.850000000000005
decision_type=2 2 2 2 2 2 2 2 2 2 2 2
left_child=1 -1 9 -2 5 -5 -7 -8 -6 -3 -11 -12
right_child=3 2 -4 4 8 6 7 -9 -10 10 11 -13
leaf_value=0.16549913433903315 -0.093364259496092949 -0.093978191278917711 0.13519800693538242 -0.097085971237418259 0.024983803136642686 0.092389688638823353 0.066473426375812869 -0.08604052801953524 0.11089836747510871 -0.082199986637223332 -0.080847775236087577 -0.080408151814436502
leaf_weight=0.73858490586280945 1.182299444451927 0.31581245362758614 0.59924501180648804 1.6121809433680008 1.3003364056348803 1.5111355185508726 0.7789973393082622 2.0655022065620869 1.2496245426591484 0.15198103687725961 0.10875775525346398 0.17628305195830762
leaf_count=4 15 2 2 40 28 8 8 203 14 12 14 34
internal_value=0.00474569 0.0660614 0.0117426 -0.00846972 0.00331396 -0.0239352 0.00314054 -0.0442729 0.0670868 -0.086526 -0.0811407 -0.0805759
internal_weight=11.7907 2.09066 1.35208 9.70008 8.51778 5.96782 4.35564 2.8445 2.54996 0.752834 0.437022 0.285041
internal_count=384 68 64 316 301 259 219 211 42 62 60 48
is_linear=0
shrinkage=0.1


Tree=100
num_leaves=17
num_cat=0
split_feature=5 5 0 5 6 5 6 2 1 6 1 1 1 5 6 1
split_gain=3.13028 0.675021 1.56177 0.694831 1.47922 0.946882 0.407437 0.31141 0.572996 0.269254 0.0758908 0.000199046 0.000131087 4.89826e-05 3.50976e-06 4.89628e-07
threshold=28.550000000000004 23.550000000000004 -0.98296291314453399 25.350000000000005 59.95000000000001 24.650000000000002 66.100000000000009 1.0000000180025095e-35 -0.5 74.100000000000009 -0.37940952255126015 -0.98296291314453399 -0.98296291314453399 31.450000000000003 58.350000000000009 -0.78656609248549325
decision_type=2 2 2 2 2 2 2 2 2 2 2 2 2 2 2 2
left_child=1 -1 -3 5 -5 9 -6 10 12 -4 11 -2 -9 15 -14 -13
right_child=7 2 3 4 6 -7 -8 8 -10 -11 -12 13 14 -15 -16 -17
leaf_value=-0.024427846023914766 -0.08347430085829205 0.093218129617694628 0.028580258491162205 0.074616374577091124 -0.050403215954342988 0.08186292828561588 -0.0079180339753417983 -0.083470957298369272 0.032957466280969391 -0.006344728196541677 -0.11586102223649919 -0.081101165170430728 -0.081546982678037006 -0.082443446635666343 -0.081104550357817828 -0.081239171706465829
leaf_weight=4.4876892715692547 0.82202623784542117 2.4689802564680603 4.6303742192685622 1.8513672165572632 3.4668979663401824 2.4784169215708962 6.4696067180484533 0.48374955728650082 0.6734829656779765 4.2185796741396189 0.95033915340900366 0.5815552892163397 0.3900218168273567 0.41803801059722889 0.33186828345060349 0.46076124534010854
leaf_count=24 17 26 25 14 19 33 51 10 5 40 6 35 20 14 20 25
internal_value=-0.000952891 0.0113449 0.0176198 0.009545 -0.00745063 0.0272316 -0.0227413 -0.0732985 -0.0409254 0.0119304 -0.0921164 -0.0822296 -0.0821972 -0.0815289 -0.0813436 -0.0811622
internal_weight=35.1838 30.0719 25.5842 23.1152 11.7879 11.3274 9.9365 5.11184 1.87912 8.84895 3.23272 2.28238 1.20564 1.46035 0.72189 1.04232
internal_count=384 232 208 182 84 98 70 152 55 65 97 91 50 74 40 60
is_linear=0
shrinkage=0.1


Tree=101
num_leaves=15
num_cat=0
split_feature=1 5 6 1 1 6 5 1 5 0 1 5 5 5
split_gain=3.49173 1.09923 0.134583 1.17703e-05 3.28042e-05 9.36217e-06 1.28017e-05 1.22191e-05 7.40342e-06 6.59223e-06 9.9006e-07 5.28578e-07 3.30962e-07 2.84304e-08
threshold=0.78656609248549303 23.850000000000005 81.65000000000002 -0.37940952255126015 -0.98296291314453399 69.450000000000017 23.750000000000004 1.0000000180025095e-35 31.650000000000002 0.91597561503675362 0.37940952255126026 24.550000000000004 28.650000000000002 30.850000000000005
decision_type=2 2 2 2 2 2 2 2 2 2 2 2 2 2
left_child=3 -2 -3 4 -1 7 -7 9 12 -5 -8 -12 -6 -14
right_child=1 2 -4 5 8 6 10 -9 -10 -11 11 -13 13 -15
leaf_value=-0.081550437968655631 -0.0055300387719537788 0.089202231262650408 0.049401553153114675 -0.08091939601775136 -0.080654112710885781 -0.081557232990913095 -0.081000789018103883 -0.081796377665574044 -0.081229765402623763 -0.081448498653471757 -0.080894056151930835 -0.080692559853362877 -0.080496909440791853 -0.080544501249870587
leaf_weight=0.6106151621788739 4.1419912278652191 1.8622455745935442 1.5623689629137514 0.40561166033148788 0.18798269098624565 0.39513003919273593 0.3563413368538022 0.61611991003155708 0.18199497181922197 0.56140426453202963 0.2400588383898139 0.28445579577237368 0.62906681513413787 0.15681103151291609
leaf_count=27 15 26 14 30 20 18 25 24 11 27 18 27 83 19
internal_value=-0.0127148 0.0291273 0.0710445 -0.0811605 -0.0809575 -0.0812859 -0.0810843 -0.0814483 -0.0806443 -0.0812266 -0.0808722 -0.0807848 -0.0805349 -0.0805064
internal_weight=12.1922 7.56661 3.42461 4.62559 1.76647 2.85912 1.27599 1.58314 1.15586 0.967016 0.880856 0.524515 0.973861 0.785878
internal_count=384 55 40 329 160 169 88 81 133 57 70 45 122 102
is_linear=0
shrinkage=0.1


Tree=102
num_leaves=12
num_cat=0
split_feature=1 6 6 2 6 8 5 5 0 5 0
split_gain=1.40277 0.515565 0.707594 0.978392 2.03979 1.28211 0.525394 2.01802e-05 5.19756e-06 2.11522e-06 1.4315e-07
threshold=0.37940952255126026 53.95000000000001 56.500000000000007 0.6078576107927941 59.250000000000007 1.0000000180025095e-35 26.850000000000005 24.250000000000004 -0.78656609248549303 23.550000000000004 -0.60355339059327362
decision_type=2 2 2 2 2 2 2 2 2 2 2
left_child=1 -1 -3 4 -4 -6 -5 9 -9 -2 -10
right_child=7 2 3 6 5 -7 -8 8 10 -11 -12
leaf_value=-0.040104438581090376 -0.081631111182181415 0.070578850865713347 -0.065592923801697373 0.0040153289910773594 0.077048116241954248 0.014651388463727461 -0.061250149181158078 -0.081124803113893848 -0.080615848346784119 -0.081331120462847906 -0.080503732709469755
leaf_weight=1.6884508426301241 0.39819450024515279 2.2394410930573967 2.2387351212091806 2.550492361187934 5.1379878222942468 9.171090420335517 2.3885752358473837 0.24354751501232386 0.20543726067990065 0.57363064214587212 0.25554026151075959
leaf_count=25 17 26 30 14 18 113 37 18 22 31 33
internal_value=0.00744263 0.0132867 0.0170863 0.0115111 0.023169 0.0370563 -0.0275476 -0.0811586 -0.0807511 -0.081454 -0.0805537
internal_weight=27.0911 25.4148 23.7263 21.4869 16.5478 14.3091 4.93907 1.67635 0.704525 0.971825 0.460978
internal_count=384 263 238 212 161 131 51 121 73 48 55
is_linear=0
shrinkage=0.1


Tree=103
num_leaves=17
num_cat=0
split_feature=5 5 0 8 6 2 2 5 1 6 5 6 1 5 1 0
split_gain=2.37375 3.15883 1.41066 1.14073 0.745717 1.03649 0.538581 0.372914 0.219042 0.0075934 0.000865154 0.000555182 0.000349247 0.000230312 6.5851e-05 8.41736e-06
threshold=27.800000000000001 23.950000000000003 1.0000000180025095e-35 1.0000000180025095e-35 59.550000000000004 -1.0000000180025095e-35 -1.0000000180025095e-35 28.350000000000005 -0.9159756150367534 64.750000000000014 30.250000000000004 69.450000000000017 1.0000000180025095e-35 24.350000000000005 0.37940952255126026 -0.60355339059327362
decision_type=2 2 2 2 2 2 2 2 2 2 2 2 2 2 2 2
left_child=1 3 7 -1 5 -4 -6 -2 -9 10 -10 12 -3 -13 -15 -16
right_child=2 11 4 -5 6 -7 -8 8 9 -11 -12 13 -14 14 15 -17
leaf_value=0.034384747133851791 0.017757911069892742 -0.083689681141530969 0.016823380709010009 -0.028375653858207318 0.0032097092969899255 -0.05441957488556446 0.066791101953973822 0.037345331689406423 0.08398563361231004 0.095798836771687199 0.087773027018248906 -0.084146196680612864 -0.085891297915969472 -0.083102732034750784 -0.082200683914590178 -0.081766824931510579
leaf_weight=5.8785693496465683 1.406023316085341 1.5824402570724481 4.7048458792269221 5.7082570195198077 2.7690458595752716 3.6082528941333285 2.5676232539117327 1.0845760330557825 1.3418223783373835 1.0683649629354475 1.0955838821828363 0.97252307645976577 1.322853051126003 0.7952639572322372 1.0274495314806711 0.79178395122289513
leaf_count=23 11 33 29 23 23 22 17 22 29 15 18 20 18 19 32 30
internal_value=-0.00167444 -0.0278232 0.0223887 0.0034658 0.00462821 -0.0140992 0.0338005 0.0628174 0.0766191 0.0887692 0.085688 -0.0836646 -0.0846921 -0.0828324 -0.0823437 -0.0820119
internal_weight=37.7253 18.0791 19.6461 11.5868 13.6498 8.3131 5.33667 5.99637 4.59035 3.50577 2.43741 6.49231 2.90529 3.58702 2.6145 1.81923
internal_count=384 198 186 46 91 51 40 95 84 62 47 152 51 101 81 62
is_linear=0
shrinkage=0.1


Tree=104
num_leaves=9
num_cat=0
split_feature=5 1 8 5 5 3 6 5
split_gain=0.880757 0.958036 1.64386 1.95841 1.34582 0.406938 0.0107244 0.00189152
threshold=23.150000000000002 0.78656609248549303 1.0000000180025095e-35 23.750000000000004 31.850000000000005 1.0000000180025095e-35 81.15000000000002 23.950000000000003
decision_type=2 2 2 2 2 2 2 2
left_child=-1 2 6 -4 7 -3 -2 -5
right_child=1 5 3 4 -6 -7 -8 -9
leaf_value=-0.087969586338903782 -0.086340645660583762 0.099434248760901234 0.10181758144772124 -0.09320694514256328 0.037847603077706675 0.02772770679137157 -0.10234190485636048 -0.081576091480675114
leaf_weight=0.94762647151947099 0.83351106895133742 1.3639111451338979 1.8764103278517712 0.15202176570892367 1.8226641267538068 1.8855263446457682 0.84195342054590583 1.7429681059438733
leaf_count=14 39 32 9 1 9 18 7 255
internal_value=0.00436804 0.0126865 -0.00749044 0.0185341 -0.0235015 0.0578256 -0.0943816 -0.0825092
internal_weight=11.4666 10.519 7.26953 5.59406 3.71765 3.24944 1.67546 1.89499
internal_count=384 370 320 274 265 50 46 256
is_linear=0
shrinkage=0.1


Tree=105
num_leaves=13
num_cat=0
split_feature=1 6 0 6 3 2 2 1 0 5 5 5
split_gain=2.75371 0.984018 1.23157 0.988938 1.55169 1.27099 1.91287 0.000226641 4.88858e-05 2.16775e-05 1.85554e-05 3.2759e-07
threshold=-0.37940952255126015 60.750000000000007 -0.98296291314453399 69.450000000000017 -0.56174490092936669 0.87837969732492682 1.0000000180025095e-35 -0.98296291314453399 0.60355339059327384 31.550000000000004 28.650000000000002 30.750000000000004
decision_type=2 2 2 2 2 2 2 2 2 2 2 2
left_child=7 -2 -3 4 -4 6 -5 -1 9 10 -9 -12
right_child=1 2 3 5 -6 -7 -8 8 -10 -11 11 -13
leaf_value=-0.083199194853749631 0.072237085831119208 0.072281388313917033 0.016975751258817132 0.032823515066242766 -0.058495683754659827 0.082514340144375684 -0.049200986026944893 -0.081783614582339459 -0.082487701099690558 -0.082045148989968592 -0.080973485979193016 -0.081089417099914615
leaf_weight=1.2066304553300145 2.2878182902932194 2.4136603772640255 4.8993352055549622 7.509028457105158 6.1360471732914466 2.3242171052843323 4.5755946282297373 0.39388075005263079 0.44038913026452053 0.34947210270911444 1.0006788363680241 0.32223002240061749
leaf_count=27 9 26 22 73 32 24 38 16 16 13 68 20
internal_value=-0.000817062 0.00919189 0.00401432 -0.00246155 -0.0249889 0.0147916 0.00176662 -0.0820732 -0.0815311 -0.0813272 -0.0811811 -0.0810017
internal_weight=33.859 30.1457 27.8579 25.4442 11.0354 14.4088 12.0846 3.71328 2.50665 2.06626 1.71679 1.32291
internal_count=384 224 215 189 54 135 111 160 133 117 104 88
is_linear=0
shrinkage=0.1


Tree=106
num_leaves=15
num_cat=0
split_feature=1 5 6 1 1 6 5 1 0 5 1 5 5 0
split_gain=3.1394 0.971457 0.144845 9.02648e-06 2.69748e-05 7.04715e-06 1.08629e-05 1.04148e-05 5.78146e-06 4.96393e-06 7.01692e-07 5.33462e-07 2.78377e-07 3.91629e-08
threshold=0.78656609248549303 23.850000000000005 83.100000000000009 -0.37940952255126015 -0.98296291314453399 69.450000000000017 23.750000000000004 1.0000000180025095e-35 -1.0000000180025095e-35 31.650000000000002 0.37940952255126026 24.550000000000004 28.650000000000002 0.12940952255126059
decision_type=2 2 2 2 2 2 2 2 2 2 2 2 2 2
left_child=3 -2 -3 4 -1 7 -7 8 -5 12 -8 -12 -6 -14
right_child=1 2 -4 5 9 6 10 -9 -10 -11 11 -13 13 -15
leaf_value=-0.081433418016011949 -0.0044335475970371787 0.088049668890350846 0.04507100966561875 -0.080796706855391545 -0.080592987399206076 -0.081447317702312227 -0.080903653609068829 -0.081661894099611138 -0.081324496304350222 -0.081081423326663696 -0.080824685767452872 -0.080611757750977675 -0.080428727477724171 -0.080476563741492396
leaf_weight=0.5642773313447832 4.1142355054616928 1.7825979068875315 1.3999912515282629 0.34948611678555608 0.16801006346940972 0.3667376674711702 0.31809831643477082 0.56786852236837149 0.51102704554796241 0.16151860449463129 0.22141982894390821 0.25109309190884233 0.39277837984263897 0.3032975816167891
leaf_count=27 15 28 12 30 20 18 25 24 27 11 18 27 60 42
internal_value=-0.011914 0.027658 0.0691438 -0.0810656 -0.0808781 -0.0811809 -0.0809975 -0.0813295 -0.0811101 -0.0805726 -0.0807888 -0.0807115 -0.0804775 -0.0804496
internal_weight=11.4724 7.29682 3.18259 4.17561 1.58988 2.58573 1.15735 1.42838 0.860513 1.0256 0.790611 0.472513 0.864086 0.696076
internal_count=384 55 40 329 160 169 88 81 57 133 70 45 122 102
is_linear=0
shrinkage=0.1


Tree=107
num_leaves=15
num_cat=0
split_feature=1 4 6 6 2 5 1 6 2 6 5 0 5 0
split_gain=1.24592 0.522635 1.00367 2.18474 0.782002 0.803926 0.689726 0.904074 0.459329 0.382974 1.54714e-05 4.06697e-06 2.30488e-06 1.39377e-07
threshold=0.37940952255126026 1.0000000180025095e-35 62.900000000000006 54.750000000000007 -1.0000000180025095e-35 24.350000000000005 -1.0000000180025095e-35 61.45000000000001 -0.8783796973249266 68.450000000000017 24.250000000000004 -0.78656609248549303 23.550000000000004 -0.60355339059327362
decision_type=2 2 2 2 2 2 2 2 2 2 2 2 2 2
left_child=1 4 3 -3 -1 -6 7 -7 -5 -4 12 -12 -2 -13
right_child=10 2 9 8 5 6 -8 -9 -10 -11 11 13 -14 -15
leaf_value=-0.042939023204700028 -0.081515711252448997 0.095537306458630414 0.092154522516637569 -0.014623075999954691 -0.050231029073036552 0.041195581137184641 0.067769122632734463 -0.022462903315450342 -0.10402177174310086 0.036297291333753708 -0.08102070424161073 -0.080550592610587168 -0.081188990496046096 -0.080432396937241427
leaf_weight=3.1338420705869856 0.37046825140714534 1.3212325526401385 2.2579180058091879 1.0138462199829521 1.7655041180551077 4.4213489186950063 2.5810704827308593 4.5032378202304244 1.3269358463585375 2.6896325293928385 0.22012240858748555 0.18280069250613451 0.5175869008526206 0.21963895112276077
leaf_count=31 17 15 23 19 9 55 12 48 31 20 18 22 31 33
internal_value=0.00713595 0.0124619 0.0324145 -0.00727162 0.00199049 0.0126001 0.0222413 0.00907428 -0.0653012 0.0617889 -0.0810573 -0.0806751 -0.0813253 -0.0804861
internal_weight=26.5252 25.0146 8.60957 3.66201 16.405 13.2712 11.5057 8.92459 2.34078 4.94755 1.51062 0.622562 0.888055 0.40244
internal_count=384 263 108 65 155 124 115 103 50 43 121 73 48 55
is_linear=0
shrinkage=0.1


Tree=108
num_leaves=13
num_cat=0
split_feature=1 5 1 4 5 5 9 5 5 5 6 0
split_gain=1.96548 2.00991 1.90358 1.2847 1.31925 1.32328 0.91578 0.318948 0.00921128 0.000551289 0.000340464 2.75805e-05
threshold=-0.37940952255126015 22.950000000000003 -0.98296291314453399 1.0000000180025095e-35 23.950000000000003 27.800000000000001 1.0000000180025095e-35 24.750000000000004 31.650000000000002 28.550000000000004 69.250000000000014 0.12940952255126059
decision_type=2 2 2 2 2 2 2 2 2 2 2 2
left_child=2 -2 -1 4 -3 10 8 -5 9 -4 -6 -11
right_child=1 3 6 7 5 -7 -8 -9 -10 11 -12 -13
leaf_value=-0.0068363971531951468 0.057422473160546578 0.016157574322000792 0.085145969364239488 -0.10290297396039916 -0.084520257718526226 -0.007683600236236288 -0.01656245181263832 -0.044022914470562481 0.093843403764866315 0.082218841751299454 -0.082703970426301454 0.082804544134249619
leaf_weight=7.281048372387886 2.9189437627792385 6.4464999586343792 1.0603203140199164 2.5874958336353293 1.7263731714338044 4.9833132028579712 1.0628462508320806 1.4275661762803791 0.99669983237981785 1.5808862596750262 2.5661216005682945 1.636003080755472
leaf_count=27 10 26 18 22 32 23 15 34 9 49 77 42
internal_value=-0.00198164 -0.0200282 0.0280429 -0.0314823 -0.0185896 -0.0427382 0.06812 -0.081968 0.0851859 0.0831685 -0.0834345 0.0825167
internal_weight=36.2741 22.6563 13.6178 19.7374 15.7223 9.27581 6.33676 4.01506 5.27391 4.27721 4.29249 3.21689
internal_count=384 224 160 214 158 132 133 56 118 109 109 91
is_linear=0
shrinkage=0.1


Tree=109
num_leaves=11
num_cat=0
split_feature=5 2 5 5 6 5 6 0 5 6
split_gain=0.812188 0.855382 1.264 1.33218 0.845381 1.05573 0.93296 1.05991 0.00209804 1.3521e-05
threshold=23.150000000000002 -0.8783796973249266 23.750000000000004 31.850000000000005 80.300000000000026 23.550000000000004 51.45000000000001 -0.91597561503675329 24.150000000000002 58.350000000000009
decision_type=2 2 2 2 2 2 2 2 2 2
left_child=-1 2 -2 8 5 -3 -7 -8 -4 -10
right_child=1 4 3 -5 -6 6 7 -9 9 -11
leaf_value=-0.08747674692926799 0.18493274152230316 0.10788344306243532 -0.09244984808341522 0.12412241566783602 0.035284581916166256 0.059073177247644416 0.039589089626750749 -0.092886632544723971 -0.081781402624331034 -0.080488569969460272
leaf_weight=0.89024683088064271 0.65754911303520103 0.50788291171192934 0.29122263193130471 0.56833934783935547 3.6059688343666494 0.72591681405901898 0.76439105742610802 2.8773164541926257 0.12709943926893175 0.22253025695681572
leaf_count=14 3 5 2 2 35 8 54 201 13 47
internal_value=0.00417743 0.0120623 0.0733455 0.0126652 -0.00142584 -0.0285772 -0.0444453 -0.0650801 -0.0861805 -0.0809585
internal_weight=11.2385 10.3482 1.86674 1.20919 8.48148 4.87551 4.36762 3.64171 0.640852 0.34963
internal_count=384 370 67 64 303 268 263 255 62 60
is_linear=0
shrinkage=0.1


Tree=110
num_leaves=19
num_cat=0
split_feature=5 5 0 6 3 1 5 5 2 0 3 1 5 1 1 5 6 1
split_gain=2.48998 0.521975 0.363583 1.26702 0.73463 0.679361 0.838098 0.773226 0.314847 0.624499 0.139601 0.0619328 0.00297317 0.000138982 5.57446e-05 2.06754e-05 1.0316e-05 2.3818e-07
threshold=28.550000000000004 23.550000000000004 -0.70710678118654735 68.050000000000011 -0.22252093395631442 0.37940952255126026 25.950000000000003 23.850000000000005 1.0000000180025095e-35 0.78656609248549325 -0.56174490092936669 -0.37940952255126015 24.650000000000002 -0.98296291314453399 -0.98296291314453399 31.450000000000003 60.850000000000001 -0.78656609248549325
decision_type=2 2 2 2 2 2 2 2 2 2 2 2 2 2 2 2 2 2
left_child=1 -1 5 -4 -5 6 -3 -7 11 14 -8 13 -9 -2 -10 17 -16 -15
right_child=8 2 3 4 -6 7 10 12 9 -11 -12 -13 -14 15 16 -17 -18 -19
leaf_value=-0.021801342423420796 -0.082960592552982063 -0.012926401945178545 0.029479592532127681 -0.097398758989336143 -0.0042108527116299331 0.014441392480690441 0.070002945567651395 0.090820628939838943 -0.082939165668904344 0.047705977457289904 0.028225675030446668 -0.11412732425686854 0.084484825533639035 -0.080848476831662575 -0.081114405041619722 -0.081847779889862332 -0.081920280742075857 -0.080958058515871095
leaf_weight=4.4005328379571464 0.70233819819986809 6.2159885019063967 5.4274810943752509 1.6096745003014805 1.7830212898552416 2.8055723905563346 1.6726112365722667 1.4996702671051028 0.41184444911777962 0.56976224668323983 1.5328891947865475 0.88198120892047827 1.4633985161781309 0.44847654365003087 0.37800537515431631 0.3195717241615057 0.27397732436656952 0.35563778877258301
leaf_count=24 17 29 25 29 27 10 14 19 10 3 26 6 29 35 26 14 16 25
internal_value=-0.000918513 0.00985999 0.0156628 -0.000486204 -0.0484241 0.0250397 0.00849167 0.0520664 -0.0714517 -0.0367797 0.0500248 -0.0923673 0.0876915 -0.0818571 -0.0820284 -0.0811674 -0.0814531 -0.0808969
internal_weight=32.7524 28.4108 24.0103 8.82018 3.3927 15.1901 9.42149 5.76864 4.34159 1.63359 3.2055 2.70801 2.96307 1.82602 1.06383 1.12369 0.651983 0.804114
internal_count=384 232 208 81 56 127 69 58 152 55 40 97 48 91 52 74 42 60
is_linear=0
shrinkage=0.1


Tree=111
num_leaves=14
num_cat=0
split_feature=1 2 1 1 6 1 5 0 5 1 5 5 5
split_gain=2.81106 0.984558 7.26987e-06 2.27903e-05 6.0067e-06 8.43273e-06 8.3908e-06 4.86252e-06 3.12758e-06 4.70383e-07 4.45208e-07 1.54455e-07 1.59346e-08
threshold=0.78656609248549303 0.6078576107927941 -0.37940952255126015 -0.98296291314453399 69.450000000000017 1.0000000180025095e-35 23.750000000000004 0.91597561503675362 31.650000000000002 0.37940952255126026 24.550000000000004 28.650000000000002 30.850000000000005
decision_type=2 2 2 2 2 2 2 2 2 2 2 2 2
left_child=2 -2 3 -1 5 7 -6 -4 11 -8 -11 -5 -13
right_child=1 -3 4 8 6 -7 9 -9 -10 10 -12 12 -14
leaf_value=-0.081327478546670759 -0.0030213672539653545 0.074237744601285544 -0.080718607124776978 -0.080506093464019185 -0.081324639587491379 -0.081541915726141556 -0.080818091651129714 -0.081227453022047591 -0.080930431457015603 -0.08076047206781678 -0.08055666587674358 -0.080382514221043422 -0.080423133766639926
leaf_weight=0.52109049446880817 4.381608322262764 2.6452759392559528 0.31213475950062297 0.14349337760359071 0.33566915243864037 0.52758790925145149 0.28624361101537943 0.47144095040857792 0.13840171694755554 0.2026188662275672 0.22756164940074086 0.4819741640239954 0.12077781418338418
leaf_count=27 38 17 30 20 18 24 25 27 11 18 27 83 19
internal_value=-0.0113083 0.0260629 -0.0809829 -0.0808029 -0.08109 -0.0812329 -0.0809121 -0.0810248 -0.0804938 -0.0807188 -0.0806527 -0.0804129 -0.0803907
internal_weight=10.7959 7.02688 3.76899 1.40574 2.36326 1.31116 1.05209 0.783576 0.884647 0.716424 0.430181 0.746245 0.602752
internal_count=384 55 329 160 169 81 88 57 133 70 45 122 102
is_linear=0
shrinkage=0.1


Tree=112
num_leaves=12
num_cat=0
split_feature=1 6 6 2 6 8 5 5 0 5 0
split_gain=1.11014 0.493207 0.524644 0.792106 1.60244 0.949272 0.416055 1.10685e-05 3.72827e-06 1.78276e-06 1.59403e-07
threshold=0.37940952255126026 53.95000000000001 56.500000000000007 0.6078576107927941 59.250000000000007 1.0000000180025095e-35 26.850000000000005 24.250000000000004 -0.78656609248549303 23.550000000000004 -0.60355339059327362
decision_type=2 2 2 2 2 2 2 2 2 2 2
left_child=1 -1 -3 4 -4 -6 -5 9 -9 -2 -10
right_child=7 2 3 6 5 -7 -8 8 10 -11 -12
leaf_value=-0.040787800967102522 -0.081383489164292722 0.061828358523548912 -0.060348384970693163 0.002421153145042319 0.068317180494125149 0.013929381797225016 -0.05677677035293948 -0.080970989944031374 -0.080505364592162731 -0.081082611615806072 -0.080371176132753352
leaf_weight=1.6790740177966714 0.33775829151272663 2.1971007902175215 2.1025871536694529 2.5305914208292952 4.9810530692339059 9.0212172511964894 2.2365031903609633 0.20338302571326494 0.16679471591487527 0.47231620829552412 0.18865036312490702
leaf_count=25 17 26 30 14 18 113 37 18 22 31 33
internal_value=0.00669004 0.0115389 0.0153475 0.0104547 0.0210535 0.0332769 -0.0253518 -0.0809719 -0.0806295 -0.0812081 -0.0804341
internal_weight=26.117 24.7481 23.0691 20.872 16.1049 14.0023 4.76709 1.3689 0.558828 0.810074 0.355445
internal_count=384 263 238 212 161 131 51 121 73 48 55
is_linear=0
shrinkage=0.1


Tree=113
num_leaves=13
num_cat=0
split_feature=1 5 5 1 1 4 5 5 5 5 5 0
split_gain=1.62924 1.78403 1.66617 1.47112 1.19382 1.1936 1.78559 1.17971 0.2861 0.000273509 0.000389662 3.35228e-06
threshold=-0.37940952255126015 31.850000000000005 22.950000000000003 -0.98296291314453399 0.9159756150367534 1.0000000180025095e-35 23.950000000000003 27.800000000000001 24.650000000000002 31.450000000000003 28.550000000000004 -1.0000000180025095e-35
decision_type=2 2 2 2 2 2 2 2 2 2 2 2
left_child=1 3 -2 -1 5 6 -4 -8 -7 10 -5 -12
right_child=2 -3 4 9 -6 8 7 -9 -10 -11 11 -13
leaf_value=0.0094946165873658929 0.051890635156026078 -0.063551728050689968 0.035722020600635902 0.084563217922811795 -0.10393611121104958 -0.10072194015959511 -0.083157642874208987 -0.0064612481868881397 -0.040402302949162909 0.084749484726384286 0.082139474608881741 0.082353557087603932
leaf_weight=6.2278979420661917 2.9116135239601162 1.8911748081445683 5.5560172200203004 0.93975459411740248 1.9278857596218575 1.8895593527704471 3.3673023190349323 4.9590817764401436 1.3467692434787748 0.86560861766338337 1.7356960494071239 1.264173515141011
leaf_count=22 10 9 22 18 28 16 92 23 33 16 57 38
internal_value=-0.00198265 0.0261872 -0.018563 0.0415692 -0.0293331 -0.0209314 -0.00818206 -0.0374783 -0.0756205 0.08314 0.0827863 0.0822297
internal_weight=34.8825 12.9243 21.9582 11.0331 19.0466 17.1187 13.8824 8.32638 3.23633 4.80523 3.93962 2.99987
internal_count=384 160 224 151 214 186 137 115 49 129 113 95
is_linear=0
shrinkage=0.1


Tree=114
num_leaves=9
num_cat=0
split_feature=5 1 8 5 5 3 6 5
split_gain=0.724884 0.795614 1.4999 1.34967 1.16121 0.341116 0.0088666 0.00109565
threshold=23.150000000000002 0.78656609248549303 1.0000000180025095e-35 23.750000000000004 31.850000000000005 1.0000000180025095e-35 81.15000000000002 24.050000000000004
decision_type=2 2 2 2 2 2 2 2
left_child=-1 2 6 -4 7 -3 -2 -5
right_child=1 5 3 4 -6 -7 -8 -9
leaf_value=-0.0867245811427408 -0.085939089045757977 0.089723872755191558 0.08246003821145409 -0.087768202239884338 0.036039686337669311 0.024380456323973714 -0.10098722042079629 -0.081056953918272653
leaf_weight=0.81109830923378545 0.75713064754381665 1.388729148777202 1.9999709278345097 0.29839098639786277 1.7044063434004781 1.8810367374680934 0.81093254592269659 1.3165027805371208
leaf_count=14 39 32 9 4 9 18 7 252
internal_value=0.00424888 0.0115136 -0.00777049 0.0175669 -0.0215331 0.052133 -0.0937213 -0.082297
internal_weight=10.9682 10.1571 6.88733 5.31927 3.3193 3.26977 1.56806 1.61489
internal_count=384 370 320 274 265 50 46 256
is_linear=0
shrinkage=0.1


Tree=115
num_leaves=17
num_cat=0
split_feature=5 6 6 6 6 6 3 2 0 2 1 1 1 5 6 1
split_gain=2.17575 0.48395 1.41381 0.706405 1.08411 0.84795 0.754652 0.305011 0.585935 0.25992 0.0478199 0.000112501 4.3015e-05 1.69171e-05 7.65731e-06 1.4751e-07
threshold=28.550000000000004 82.050000000000026 77.750000000000014 71.750000000000014 68.050000000000011 69.450000000000017 -0.56174490092936669 1.0000000180025095e-35 0.91597561503675362 1.0000000180025095e-35 -0.37940952255126015 -0.98296291314453399 -0.98296291314453399 31.450000000000003 60.550000000000004 -0.78656609248549325
decision_type=2 2 2 2 2 2 2 2 2 2 2 2 2 2 2 2
left_child=1 2 3 4 6 -6 -1 10 12 -5 11 -2 -9 15 -14 -13
right_child=7 -3 -4 9 5 -7 -8 8 -10 -11 -12 13 14 -15 -16 -17
leaf_value=0.0521993807058896 -0.082732596599553773 0.048171342725608149 -0.052845393659936804 0.069743256708780454 -0.07232167014557804 0.0070384981276058779 -0.00075575872966560792 -0.082708162129191798 0.046785904477571527 0.023189417777973946 -0.11115508750359282 -0.080722120152374427 -0.081030360805957033 -0.081683750543577321 -0.081759744601687528 -0.08081544597977483
leaf_weight=4.8426094427704927 0.64915141463279757 2.850306022912263 3.6459298320114604 2.5917775742709628 2.6542807482182971 2.7323396001011133 6.0571300601586744 0.3799997940659523 0.55803398787975311 2.2322327978909016 0.83731125295162145 0.38284569513052735 0.33586680330336072 0.28165487665683031 0.25187329668551683 0.30372406821697906
leaf_count=25 17 31 37 31 19 24 43 10 2 22 6 35 26 14 17 25
internal_value=-0.000814716 0.00915102 0.00465844 0.0145898 0.00463413 -0.0320666 0.0227715 -0.0699324 -0.0348213 0.0482012 -0.0917566 -0.081714 -0.081879 -0.0810311 -0.0813429 -0.0807634
internal_weight=31.5871 27.6066 24.7563 21.1104 16.2864 5.38662 10.8997 3.98046 1.52577 4.82401 2.45469 1.61738 0.96774 0.968225 0.58774 0.68657
internal_count=384 232 201 164 111 43 68 152 55 53 97 91 53 74 43 60
is_linear=0
shrinkage=0.1


Tree=116
num_leaves=13
num_cat=0
split_feature=1 2 1 1 6 5 1 0 5 1 5 5
split_gain=2.45961 0.845739 6.03345e-06 1.74285e-05 4.09427e-06 7.02775e-06 5.62913e-06 3.66328e-06 2.71341e-06 5.93323e-07 9.49023e-08 9.63556e-09
threshold=0.78656609248549303 0.6078576107927941 -0.98296291314453399 -0.37940952255126015 69.450000000000017 23.750000000000004 -1.0000000180025095e-35 0.91597561503675362 31.650000000000002 0.37940952255126026 28.650000000000002 30.850000000000005
decision_type=2 2 2 2 2 2 2 2 2 2 2 2
left_child=2 -2 -1 8 6 -6 7 -5 10 -7 -4 -12
right_child=1 -3 3 4 5 9 -8 -9 -10 -11 11 -13
leaf_value=-0.081228386887260404 -0.0041683511360595341 0.068035286395485894 -0.080430873565316127 -0.080660792667733391 -0.08122845641375466 -0.08076110541828968 -0.081382915545131385 -0.081123359517252552 -0.080862344623948368 -0.080565311801993514 -0.080326016629598498 -0.080360221372621818
leaf_weight=0.48136269859969649 4.2629676535725594 2.6188351586461067 0.12229306343942958 0.2850731248036027 0.30904960073530663 0.26600840454921126 0.47484648507088401 0.4286308204755187 0.12438875203952193 0.37012213794514537 0.41130717564374208 0.10297730099409819
leaf_count=27 38 17 20 30 18 25 24 27 11 45 83 19
internal_value=-0.0109888 0.0233084 -0.0809006 -0.080846 -0.0809926 -0.0808372 -0.0811161 -0.0809386 -0.0804352 -0.0806472 -0.0803517 -0.0803329
internal_weight=10.2579 6.8818 3.37606 2.8947 2.13373 0.94518 1.18855 0.713704 0.760966 0.636131 0.636578 0.514284
internal_count=384 55 329 302 169 88 81 57 133 70 122 102
is_linear=0
shrinkage=0.1


Tree=117
num_leaves=13
num_cat=0
split_feature=6 6 0 6 3 2 1 6 8 5 5 0
split_gain=0.857969 2.68135 2.76174 0.98061 0.838521 1.38358 0.773789 0.955135 0.546851 0.029235 1.02491e-05 9.24738e-08
threshold=71.600000000000009 75.850000000000009 -0.91597561503675329 68.700000000000003 -0.56174490092936669 -1.0000000180025095e-35 -0.98296291314453399 57.550000000000004 1.0000000180025095e-35 28.450000000000003 24.250000000000004 -0.60355339059327362
decision_type=2 2 2 2 2 2 2 2 2 2 2 2
left_child=3 -2 -3 4 5 -1 -6 9 -9 -8 -4 -12
right_child=1 2 10 -5 6 -7 7 8 -10 -11 11 -13
leaf_value=-0.089720562537031479 -0.1013807740360569 0.15678234051725604 -0.081129004311994699 0.062958691674961265 0.049512491364591259 0.011709160354297409 -0.11748574829766932 0.039040561949325037 -0.023507245161219232 -0.081403632021651046 -0.080449273393322737 -0.080334749363927871
leaf_weight=2.1465705293230712 2.5348485768772653 1.1271858736872671 0.58071390958502878 3.5242542158812276 5.1505470946431222 3.6007592766545775 0.38165328791364572 3.3711518570780843 2.387913830112657 0.54551876662299037 0.14827324077486959 0.13442851044237647
leaf_count=25 35 6 37 35 20 36 5 15 81 41 22 26
internal_value=0.00634314 -0.0331685 0.0536935 0.0148141 0.00516484 -0.0261738 0.0203813 -0.0020591 0.013106 -0.0962562 -0.0808886 -0.0803948
internal_weight=25.6338 4.52545 1.9906 21.1084 17.5841 5.74733 11.8368 6.68624 5.75907 0.927172 0.863416 0.282702
internal_count=384 126 91 258 223 61 162 142 96 46 85 48
is_linear=0
shrinkage=0.1


Tree=118
num_leaves=18
num_cat=0
split_feature=5 5 0 8 6 6 2 2 5 0 5 6 1 5 1 0 0
split_gain=1.27649 2.42659 1.28092 1.08346 0.695753 0.902292 0.900674 0.567707 0.37826 0.00832201 0.00124528 0.000303263 0.000169976 6.24971e-05 3.7249e-05 3.7241e-06 1.69259e-06
threshold=27.800000000000001 23.950000000000003 -0.25881904510252113 1.0000000180025095e-35 59.550000000000004 53.95000000000001 1.0000000180025095e-35 -0.60785761079279388 28.350000000000005 -0.91597561503675329 30.650000000000002 69.450000000000017 1.0000000180025095e-35 24.350000000000005 0.37940952255126026 -0.60355339059327362 -0.70710678118654735
decision_type=2 2 2 2 2 2 2 2 2 2 2 2 2 2 2 2 2
left_child=1 3 8 -1 5 -4 -6 -7 -2 -10 16 12 -3 -13 -15 -16 -11
right_child=2 11 4 -5 6 7 -8 -9 9 10 -12 13 -14 14 15 -17 -18
leaf_value=0.033228548050972938 0.022167319961763802 -0.08276297880728993 0.033348081552339974 -0.028815122654015507 -0.0045194826387535414 -0.0046959552292205765 0.078766935042786923 -0.068371217435010623 0.095643883001724092 0.08204423337226982 0.087478986463652708 -0.082804146811188889 -0.084530005446945999 -0.082334921531846253 -0.081523639861636257 -0.081174348823406961 0.081801869034927699
leaf_weight=5.7232856899499893 1.3022961057722597 1.1538340616971248 2.5082440562546235 5.5381978973746282 3.1439780164510003 2.6168752685189247 2.2119414824992418 3.0115030966699123 0.90570261329412494 0.61948572658002399 0.62192327342927445 0.68480151891708407 1.0306271184235809 0.59736093692481507 0.71584870107471676 0.53216032218188292 0.53873587399721101
leaf_count=23 11 33 17 23 34 22 18 22 8 21 12 20 18 19 32 30 21
internal_value=-0.00206825 -0.0225002 0.0166051 0.00271657 0.00188808 -0.0165356 0.029877 -0.0387658 0.0663951 0.08784 0.0838696 -0.0827335 -0.0835967 -0.0819883 -0.0816855 -0.0813747 0.0819315
internal_weight=33.4568 15.9761 17.4807 11.2615 13.4925 8.13662 5.35592 5.62838 3.98814 2.68585 1.78014 4.71463 2.18446 2.53017 1.84537 1.24801 1.15822
internal_count=384 198 186 46 113 61 52 44 73 62 54 152 51 101 81 62 42
is_linear=0
shrinkage=0.1


Tree=119
num_leaves=9
num_cat=0
split_feature=5 1 8 2 5 6 6 6
split_gain=0.647798 0.671296 1.33438 1.15497 1.5853 1.25828 0.26335 0.00643524
threshold=23.150000000000002 0.78656609248549303 1.0000000180025095e-35 0.87837969732492682 23.750000000000004 56.650000000000013 83.90000000000002 81.15000000000002
decision_type=2 2 2 2 2 2 2 2
left_child=-1 2 7 4 -4 -6 -3 -2
right_child=1 6 3 -5 5 -7 -8 -9
leaf_value=-0.086031311800763857 -0.085500833199690263 0.016447161922949597 0.11285197610510929 -0.092325050417815274 0.051619356754741656 -0.085882286057114898 0.073041047156004887 -0.098849654795550648
leaf_weight=0.74041442666202861 0.69885539484675863 1.4932623838540169 1.6815895438194264 0.8245373147074132 1.461796152754687 1.2217583422316236 1.8297271607443688 0.74733997462317348
leaf_count=14 39 37 7 34 47 186 13 7
internal_value=0.00421095 0.0109202 -0.00745225 0.0162197 0.0367228 -0.0109819 0.0476093 -0.092399
internal_weight=10.6993 9.95887 6.63588 5.18968 4.36514 2.68355 3.32299 1.4462
internal_count=384 370 320 274 240 233 50 46
is_linear=0
shrinkage=0.1


Tree=120
num_leaves=15
num_cat=0
split_feature=1 6 6 6 6 3 5 0 1 5 5 0 6 5
split_gain=1.9083 0.432471 1.08145 0.666379 0.891971 0.527758 0.232498 0.188129 0.000108472 3.22844e-05 2.34017e-05 3.55304e-07 1.05767e-07 3.5203e-08
threshold=-0.37940952255126015 82.050000000000026 77.750000000000014 71.750000000000014 68.050000000000011 -0.22252093395631442 25.350000000000005 -0.91597561503675329 -0.98296291314453399 28.550000000000004 31.650000000000002 -0.25881904510252113 61.250000000000007 29.950000000000003
decision_type=2 2 2 2 2 2 2 2 2 2 2 2 2 2
left_child=8 2 3 4 5 -2 -6 -5 -1 -10 11 13 -13 -11
right_child=1 -3 -4 7 6 -7 -8 -9 9 10 -12 12 -14 -15
leaf_value=-0.082472873272755431 0.037044408291403728 0.043769399189362401 -0.048355703053945709 0.061748627434695884 -0.010323263365993145 -0.0055824634824647662 -0.05171381998079682 0.020508507498757558 -0.081879745853799465 -0.080580757690112831 -0.081769398582394459 -0.080757295127092107 -0.080670571511788053 -0.080640441866022775
leaf_weight=0.93867183849215541 6.3038849700242396 2.8207687027752391 3.5896065570414057 2.694828886538744 2.6358955334871998 5.3860789146274337 2.7973514087498188 1.8763513825833786 0.44096531439572828 0.1937701329588889 0.24570703040808428 0.46230711042881001 0.20210875105112791 0.20168311521410942
leaf_count=27 33 31 37 17 22 31 18 35 18 22 11 41 20 21
internal_value=-0.00106455 0.00663061 0.00248729 0.0108999 0.00184447 0.0174043 -0.0316335 0.0448206 -0.0816059 -0.08114 -0.0808901 -0.0806862 -0.0807309 -0.0806112
internal_weight=30.79 28.1048 25.284 21.6944 17.1232 11.69 5.43325 4.57118 2.68521 1.74654 1.30558 1.05987 0.664416 0.395453
internal_count=384 224 193 156 104 64 40 52 160 133 115 104 61 43
is_linear=0
shrinkage=0.1


Tree=121
num_leaves=14
num_cat=0
split_feature=1 5 2 1 1 6 5 1 0 5 1 5 0
split_gain=2.23441 0.774044 0.284455 4.35992e-06 1.37481e-05 3.25248e-06 5.59632e-06 4.71951e-06 2.93588e-06 1.8707e-06 4.23189e-07 9.44739e-08 2.49782e-08
threshold=0.78656609248549303 23.850000000000005 -1.0000000180025095e-35 -0.98296291314453399 -0.37940952255126015 69.450000000000017 23.750000000000004 1.0000000180025095e-35 0.91597561503675362 31.650000000000002 0.37940952255126026 28.550000000000004 -0.25881904510252113
decision_type=2 2 2 2 2 2 2 2 2 2 2 2 2
left_child=3 -2 -3 -1 9 7 -7 8 -6 11 -8 -5 -13
right_child=1 2 -4 4 5 6 10 -9 -10 -11 -12 12 -14
leaf_value=-0.081118652458206153 -0.0056156452247413859 0.096313454043817151 0.031574094273587101 -0.080405840628526681 -0.080594214490914473 -0.081131271391337287 -0.080690481442994025 -0.081280101935744989 -0.081028518244710079 -0.080768564906393156 -0.080516786550838229 -0.080269994485603791 -0.080317643971994382
leaf_weight=0.43893683049827847 4.0804307907819748 1.3302299641072752 1.385695908218622 0.10220933891832906 0.25771222263574534 0.28401494398713101 0.24025046173483133 0.44150881562381983 0.39302931912243366 0.11029591225087643 0.33705691620707512 0.17623516591265798 0.29277706169523299
leaf_count=27 15 19 21 18 30 18 25 24 27 11 45 43 61
internal_value=-0.0100814 0.0219172 0.0632827 -0.0808269 -0.0807782 -0.0809132 -0.0807679 -0.0810277 -0.0808565 -0.0803915 -0.0805891 -0.0803187 -0.0802997
internal_weight=9.87038 6.79636 2.71593 3.07403 2.63509 1.95357 0.861322 1.09225 0.650742 0.681517 0.577307 0.571222 0.469012
internal_count=384 55 40 329 302 169 88 81 57 133 70 122 104
is_linear=0
shrinkage=0.1


Tree=122
num_leaves=11
num_cat=0
split_feature=6 6 0 5 6 1 1 8 5 0
split_gain=0.709939 2.34689 2.18045 0.856241 0.981747 0.614893 1.07263 1.14724 7.85661e-06 6.85177e-08
threshold=71.600000000000009 75.850000000000009 -0.91597561503675329 24.350000000000005 68.050000000000011 -1.0000000180025095e-35 -0.98296291314453399 1.0000000180025095e-35 24.250000000000004 -0.60355339059327362
decision_type=2 2 2 2 2 2 2 2 2 2
left_child=3 -2 -3 -1 5 6 -5 -8 -4 -10
right_child=1 2 8 4 -6 -7 7 -9 9 -11
leaf_value=-0.057186377305867203 -0.099122828608299268 0.13264244270017156 -0.081032530400092617 0.03019303841516462 0.064399923404034873 0.060606667706747011 0.002054650618785704 -0.083148972425863846 -0.0804092838077302 -0.080306115976920098
leaf_weight=1.5823801876977146 2.3315925514325491 1.213360592722893 0.53212848538532842 6.4157883822917983 3.8664568075910202 1.948119823355223 4.7731038369238412 2.3624671923462275 0.13526119431480776 0.12283538607880462
leaf_count=15 35 6 37 26 38 9 19 151 22 26
internal_value=0.00591806 -0.0309171 0.0484545 0.013541 0.0193201 0.00807456 0.00052264 -0.0261548 -0.0808129 -0.0803602
internal_weight=25.2835 4.33518 2.00359 20.9483 19.3659 15.4995 13.5514 7.13557 0.790225 0.258097
internal_count=384 126 91 258 243 205 196 170 85 48
is_linear=0
shrinkage=0.1


Tree=123
num_leaves=13
num_cat=0
split_feature=1 1 5 1 4 5 5 9 5 5 5 0
split_gain=1.13345 1.46352 1.31871 1.0726 1.10523 1.5623 0.976437 0.795194 0.255348 0.00586082 0.000338559 1.694e-05
threshold=-0.37940952255126015 -0.98296291314453399 22.950000000000003 0.9159756150367534 1.0000000180025095e-35 23.950000000000003 27.800000000000001 1.0000000180025095e-35 24.550000000000004 31.650000000000002 28.550000000000004 0.12940952255126059
decision_type=2 2 2 2 2 2 2 2 2 2 2 2
left_child=1 -1 -2 4 5 -4 -7 9 -6 10 -3 -12
right_child=2 7 3 -5 8 6 -8 -9 -10 -11 11 -13
leaf_value=-0.0064624590615673973 0.046962621348096971 0.084168734904297132 0.034470350959749665 -0.10150281810821599 -0.099500042589233839 -0.082612468923188756 -0.0081376973234449385 -0.020923263271118889 -0.039639384944877128 0.09208450132054935 0.081541024974506812 0.082084208539652925
leaf_weight=6.9980446696281433 2.8540898859500912 0.84138794057071109 5.5444268733263069 1.7123223273083557 1.6705721523612731 2.7744602784514427 4.8168845698237419 0.87685294449329365 1.2426948882639406 0.790613543242216 1.0999139379709961 1.2011025082319973
leaf_count=27 10 18 22 28 14 92 23 15 35 9 49 42
internal_value=-0.00198025 0.0227246 -0.0161305 -0.0262689 -0.018242 -0.00588355 -0.0353565 0.0651899 -0.0739656 0.0843885 0.0824522 0.0818246
internal_weight=32.4234 11.8079 20.6155 17.7614 16.049 13.1358 7.59134 4.80987 2.91327 3.93302 3.1424 2.30102
internal_count=384 160 224 214 186 137 115 133 49 118 109 91
is_linear=0
shrinkage=0.1


Tree=124
num_leaves=13
num_cat=0
split_feature=5 6 6 6 6 3 2 1 8 5 5 5
split_gain=0.592588 0.634063 1.69717 1.5193 0.971263 0.933987 0.689932 0.630975 0.0567891 0.00600995 0.00521727 0.000496088
threshold=23.150000000000002 80.300000000000026 71.750000000000014 65.700000000000003 51.45000000000001 -1.0000000180025095e-35 -0.8783796973249266 0.37940952255126026 1.0000000180025095e-35 23.650000000000002 23.750000000000004 24.150000000000002
decision_type=2 2 2 2 2 2 2 2 2 2 2 2
left_child=-1 2 3 4 -2 7 -6 -5 -3 -4 -11 -12
right_child=1 8 9 5 6 -7 -8 -9 -10 10 11 -13
leaf_value=-0.085558483357670523 0.064499802637599288 0.030045195301824569 -0.10324660862462837 -0.086274740908951542 0.061799660877177455 0.19213913558408757 -0.090469771498016535 0.11270939193552328 0.053991170574308689 -0.099730374360928312 -0.086718753131206028 -0.080227883876739917
leaf_weight=0.68296550679951984 0.94496522378176306 2.0537531683221459 0.71107629314064957 0.28498074889648706 0.37198292312677828 0.69235031784046419 1.4873831510776663 0.3615139281610027 1.9127609587740155 0.3966670036315918 0.36017219536006451 0.17493925476446748
leaf_count=14 10 18 5 35 30 31 142 11 23 2 5 58
internal_value=0.0044906 0.0107967 -0.0103149 0.0237891 -0.0180523 0.11143 -0.0600069 0.0249954 0.0415926 -0.096323 -0.0910393 -0.0845968
internal_weight=10.4355 9.75255 5.78603 4.14318 2.80433 1.33884 1.85937 0.646495 3.96651 1.64285 0.931778 0.535111
internal_count=384 370 329 259 182 77 172 46 41 70 65 63
is_linear=0
shrinkage=0.1


Tree=125
num_leaves=18
num_cat=0
split_feature=5 3 6 5 5 3 6 2 3 2 0 0 1 1 1 5 6
split_gain=1.71986 0.399123 1.18754 1.26233 0.56011 1.23361 0.871771 0.55739 0.537442 0.313851 0.502959 0.0380742 0.00571957 7.00369e-05 2.23158e-05 7.97256e-06 7.44921e-06
threshold=28.550000000000004 0.81174490092936691 75.850000000000009 23.350000000000005 25.350000000000005 -0.22252093395631442 68.050000000000011 1.0000000180025095e-35 -0.22252093395631442 1.0000000180025095e-35 0.91597561503675362 0.91597561503675362 -0.5 -0.98296291314453399 -0.98296291314453399 31.450000000000003 60.850000000000001
decision_type=2 2 2 2 2 2 2 2 2 2 2 2 2 2 2 2 2
left_child=1 2 4 -4 5 -1 7 -6 -5 11 14 12 13 -2 -11 -15 -16
right_child=9 -3 3 8 6 -7 -8 -9 -10 10 -12 -13 -14 15 16 -17 -18
leaf_value=0.092440246264332282 -0.082306031052910719 0.043410068396968572 -0.10865526208588555 -0.040547639223168667 0.053896578738239109 0.0026020398258972191 -0.043583314270049002 0.00032496629531294564 0.026971185404719052 -0.082215079522192591 0.043826241070869174 -0.11729639834311401 -0.095654942472415641 -0.080589296455969697 -0.080777131005113467 -0.081310907715497982 -0.081597447120454483
leaf_weight=2.6702636796981096 0.55039609596133254 2.8060696572065345 1.6521460246294726 2.3784705204889174 3.0764762228354794 3.5745673514902725 2.8983316672965875 5.267646555788815 2.337536559440196 0.31391439400613308 0.54757919907569885 0.4557533562183379 0.36501510068774168 0.5029064049012959 0.26547455089166738 0.22011922113597393 0.18987663043662906
leaf_count=19 17 25 12 41 27 26 27 27 28 10 2 2 7 57 27 14 16
internal_value=-0.000818087 0.00773578 0.00353948 -0.0334335 0.0170035 0.0410165 0.00366508 0.0200768 -0.00708125 -0.0676773 -0.0294248 -0.0917307 -0.0846193 -0.081456 -0.0815664 -0.080809 -0.0811192
internal_weight=30.0725 26.6615 23.8554 6.36815 17.4873 6.24483 11.2425 8.34412 4.71601 3.41103 1.31684 2.09419 1.63844 1.27342 0.769266 0.723026 0.455351
internal_count=384 232 207 81 126 45 81 54 69 152 55 97 95 88 53 71 43
is_linear=0
shrinkage=0.1


Tree=126
num_leaves=13
num_cat=0
split_feature=1 2 1 1 6 5 1 0 5 1 5 0
split_gain=1.99663 0.759646 3.46302e-06 1.10083e-05 2.38815e-06 4.33514e-06 3.30529e-06 2.25124e-06 1.20368e-06 3.0822e-07 5.2309e-08 1.01821e-08
threshold=0.78656609248549303 0.6078576107927941 -0.98296291314453399 -0.37940952255126015 69.450000000000017 23.750000000000004 1.0000000180025095e-35 -1.0000000180025095e-35 31.650000000000002 0.37940952255126026 28.550000000000004 -0.25881904510252113
decision_type=2 2 2 2 2 2 2 2 2 2 2 2
left_child=2 -2 -1 8 6 -6 7 -5 10 -7 -4 -12
right_child=1 -3 3 4 5 9 -8 -9 -10 -11 11 -13
leaf_value=-0.081031007913202849 -0.0068284391789812148 0.06290709264586801 -0.08034685327073908 -0.0805531400761101 -0.081042710427170081 -0.080634763236327012 -0.081161485924181265 -0.080948705308118638 -0.080665191658654822 -0.080480024918539894 -0.080241380788190958 -0.080273960939066871
leaf_weight=0.40416761673986945 4.0259694140404463 2.5524225570261478 0.087297423975542965 0.23896577442064881 0.25933522172272194 0.21924529783427715 0.40309306606650352 0.36156370956450634 0.095061946660280228 0.3117841025814414 0.15503190667368472 0.2515982121694833
leaf_count=27 38 17 18 30 18 25 24 27 11 45 43 61
internal_value=-0.00982499 0.020229 -0.0807603 -0.0807144 -0.0808376 -0.0807076 -0.08094 -0.0807913 -0.0803393 -0.0805439 -0.0802766 -0.0802615
internal_weight=9.36554 6.57839 2.78714 2.38298 1.79399 0.790365 1.00362 0.600529 0.588989 0.531029 0.493928 0.40663
internal_count=384 55 329 302 169 88 81 57 133 70 122 104
is_linear=0
shrinkage=0.1


Tree=127
num_leaves=14
num_cat=0
split_feature=6 6 6 0 6 3 2 1 1 2 0 5 0
split_gain=0.672469 1.82862 1.40575 1.76916 0.719765 0.606955 1.25013 0.491801 0.658112 0.486355 1.91476e-05 6.0575e-06 7.21137e-08
threshold=69.450000000000017 68.700000000000003 75.850000000000009 -0.91597561503675329 71.600000000000009 -0.56174490092936669 -1.0000000180025095e-35 -0.98296291314453399 -0.37940952255126015 0.6078576107927941 0.60355339059327384 24.250000000000004 -0.60355339059327362
decision_type=2 2 2 2 2 2 2 2 2 2 2 2 2
left_child=1 5 4 -4 -2 6 -1 -7 10 -10 -9 -5 -13
right_child=2 -3 3 11 -6 7 -8 8 9 -11 -12 12 -14
leaf_value=-0.08419556670306394 -0.012338168836091271 0.11293192292989163 0.11547898784450546 -0.080947600086058974 -0.097508872398694796 0.040861954069395912 0.013738369766862114 -0.080722859878053554 0.042798174854686108 -0.016761913326280724 -0.081844848163123179 -0.080377842882811357 -0.080265892080753048
leaf_weight=2.0557942967861891 1.8500680453144007 1.7227352610789228 1.2758154347538946 0.48650467675179232 2.1398822469636798 5.1779381260275903 3.5615386101417306 0.68331309617497638 2.6712370691820873 2.8166812648996711 0.19565550656989217 0.12479727109894123 0.10676377918571267
leaf_count=25 22 13 6 37 35 20 36 84 25 20 13 22 26
internal_value=0.00545972 0.0147161 -0.0237533 0.0448111 -0.0580168 0.00485722 -0.0221028 0.0179751 -0.000637875 0.0122289 -0.0809726 -0.0807472 -0.0803262
internal_weight=24.8687 18.8849 5.98383 1.99388 3.98995 17.1622 5.61733 11.5448 6.36689 5.48792 0.878969 0.718066 0.231561
internal_count=384 236 148 91 57 223 61 162 142 45 97 85 48
is_linear=0
shrinkage=0.1


Tree=128
num_leaves=13
num_cat=0
split_feature=1 5 1 5 1 4 5 5 5 5 5 2
split_gain=0.922287 1.33974 1.19487 1.06588 1.00695 1.00133 1.3521 0.94273 0.26379 0.000167044 0.000128843 2.68312e-06
threshold=-0.37940952255126015 31.850000000000005 -0.98296291314453399 22.950000000000003 0.9159756150367534 1.0000000180025095e-35 23.950000000000003 27.800000000000001 24.550000000000004 28.550000000000004 31.450000000000003 -0.8783796973249266
decision_type=2 2 2 2 2 2 2 2 2 2 2 2
left_child=1 2 -1 -2 5 6 -5 -8 -7 -4 11 -11
right_child=3 -3 9 4 -6 8 7 -9 -10 10 -12 -13
leaf_value=0.008764865731318159 0.042211145327870521 -0.061058536731795648 0.083653606133053574 0.03234283583600369 -0.10044269306096819 -0.097967186417514562 -0.082364977582369547 -0.0069509697156233691 -0.035774043572735129 0.081796191560814566 0.083233210730252291 0.081526278294054011
leaf_weight=6.0958588719367972 2.8115576952695873 1.6947292983531941 0.73809128440916838 5.5680246353149396 1.5737645924091346 1.5729684410616767 2.5338646126911044 4.7933462299406528 1.2039927495643494 0.47525887005031098 0.6136117037385701 1.6363251460716135
leaf_count=22 10 9 18 22 28 14 92 23 35 19 16 76
internal_value=-0.00202652 0.0208858 0.0354136 -0.0148822 -0.0241899 -0.0165328 -0.00480289 -0.0330303 -0.0710024 0.0823191 0.0819577 0.081587
internal_weight=31.3114 11.2539 9.55915 20.0575 17.246 15.6722 12.8952 7.32721 2.77696 3.46329 2.7252 2.11158
internal_count=384 160 151 224 214 186 137 115 49 129 111 95
is_linear=0
shrinkage=0.1


Tree=129
num_leaves=11
num_cat=0
split_feature=5 1 6 6 3 5 3 3 6 8
split_gain=0.531126 0.557255 1.23702 1.5685 1.15532 0.92075 0.369426 0.286308 0.00800599 0.00370739
threshold=23.150000000000002 0.78656609248549303 71.750000000000014 65.700000000000003 -1.0000000180025095e-35 31.850000000000005 -0.56174490092936669 1.0000000180025095e-35 65.250000000000014 1.0000000180025095e-35
decision_type=2 2 2 2 2 2 2 2 2 2
left_child=-1 2 3 5 -5 8 -4 -3 -2 -8
right_child=1 7 6 4 -6 -7 9 -9 -10 -11
leaf_value=-0.085031737878897284 -0.082078607113597671 0.077418221582955304 -0.015411580298123518 0.022326997575840044 0.2144150727696495 0.033278018898975505 -0.091062798652066207 0.018007046920532295 -0.10277578913653079 -0.10125815207079653
leaf_weight=0.62415342032909471 0.85707651707343646 1.412483820691705 0.92792134638875756 0.6197385824052617 0.63285469275433548 1.5426983460783956 0.67784413229674112 1.9052863055840132 0.23901106731500477 0.75274657947011259
leaf_count=14 166 32 21 45 28 9 12 18 6 33
internal_value=0.00434614 0.0101768 -0.00740695 0.0272285 0.119377 -0.016513 -0.0645529 0.0433003 -0.0865918 -0.0964274
internal_weight=10.1918 9.56766 6.24989 3.89138 1.25259 2.63879 2.35851 3.31777 1.09609 1.43059
internal_count=384 370 320 254 73 181 66 50 172 45
is_linear=0
shrinkage=0.1


Tree=130
num_leaves=14
num_cat=0
split_feature=1 6 6 3 5 5 6 1 5 5 0 6 5
split_gain=1.46936 0.433918 0.76454 0.445565 1.30885 1.21992 0.981347 6.77943e-05 1.66781e-05 1.34097e-05 9.11704e-08 4.10037e-08 2.57281e-08
threshold=-0.37940952255126015 82.050000000000026 77.750000000000014 1.0000000180025095e-35 25.350000000000005 24.650000000000002 63.250000000000007 -0.98296291314453399 28.550000000000004 31.650000000000002 -0.25881904510252113 61.250000000000007 29.950000000000003
decision_type=2 2 2 2 2 2 2 2 2 2 2 2 2
left_child=7 2 3 4 -2 -5 -6 -1 -9 10 12 -12 -10
right_child=1 -3 -4 5 6 -7 -8 8 9 -11 11 -13 -14
leaf_value=-0.082074919841089389 0.065928757925606707 0.042728929501699965 -0.043295412324626609 -0.059230937678401853 0.042908368989931167 0.024236416325841215 -0.024059382378914994 -0.08149217246758142 -0.080434582099397703 -0.0814422712721216 -0.080554473637259455 -0.080491392180170901 -0.080493497661132063
leaf_weight=0.79047600738704238 4.0843049902469017 2.751462720334529 3.3810465410351744 3.1215491332113734 3.3025117479264718 3.9882781067863107 6.4854107368737459 0.35534214321524149 0.1436702678911389 0.19142558705061674 0.33888168493285764 0.14806526619940996 0.1531186681240797
leaf_count=27 39 31 37 20 15 36 46 18 22 11 41 20 21
internal_value=-0.00118443 0.00508568 0.00083442 0.0079455 0.018378 -0.0124097 -0.00146401 -0.0813414 -0.0809057 -0.0806919 -0.0805087 -0.0805353 -0.080465
internal_weight=29.2355 27.1146 24.3631 20.9821 13.8722 7.10983 9.78792 2.12098 1.3305 0.975161 0.783736 0.486947 0.296789
internal_count=384 224 193 156 100 56 61 160 133 115 104 61 43
is_linear=0
shrinkage=0.1


Tree=131
num_leaves=14
num_cat=0
split_feature=1 5 5 1 1 6 5 1 0 5 1 5 0
split_gain=1.78226 0.656133 0.135197 2.58925e-06 8.36168e-06 1.67792e-06 3.32049e-06 2.19645e-06 1.77546e-06 1.09377e-06 3.5551e-07 3.25084e-08 6.33999e-09
threshold=0.78656609248549303 23.850000000000005 24.250000000000004 -0.98296291314453399 -0.37940952255126015 69.450000000000017 23.850000000000005 1.0000000180025095e-35 0.91597561503675362 31.650000000000002 0.37940952255126026 28.550000000000004 -0.25881904510252113
decision_type=2 2 2 2 2 2 2 2 2 2 2 2 2
left_child=3 -2 -3 -1 9 7 -7 8 -6 11 -8 -5 -13
right_child=1 2 -4 4 5 6 10 -9 -10 -11 -12 12 -14
leaf_value=-0.080943555112752696 -0.0064199473368904197 0.035696273162641977 0.082602472095028773 -0.080295811352843333 -0.080510090554988714 -0.080931363521732844 -0.080588131469808755 -0.08104764581445012 -0.080876885778411345 -0.080627510499478028 -0.080410681094842493 -0.080205754626931358 -0.080233588322502367
leaf_weight=0.36960428999736938 4.0315928310155869 1.2299132347106936 1.2280042339116333 0.074431415647269072 0.21918613417074018 0.27012690342962742 0.20256773568689823 0.36344718653708696 0.33163782395422459 0.08582264045253396 0.25505662732757628 0.13224460533820093 0.21469595516100526
leaf_count=27 15 7 33 18 30 21 25 24 27 11 42 43 61
internal_value=-0.00930357 0.0184077 0.0591312 -0.0806991 -0.080657 -0.0807666 -0.0806533 -0.0808568 -0.0807309 -0.0803021 -0.0804892 -0.0802358 -0.080223
internal_weight=9.00833 6.48951 2.45792 2.51882 2.14922 1.64202 0.727751 0.914271 0.550824 0.507195 0.457624 0.421372 0.346941
internal_count=384 55 40 329 302 169 88 81 57 133 67 122 104
is_linear=0
shrinkage=0.1


Tree=132
num_leaves=14
num_cat=0
split_feature=6 6 5 5 3 2 6 6 0 3 6 2 0
split_gain=0.598901 1.52527 1.30857 0.519846 0.505454 1.27452 0.753591 2.58673 0.55835 0.436858 0.426369 1.05585 0.0149146
threshold=69.450000000000017 68.700000000000003 24.650000000000002 24.350000000000005 -0.56174490092936669 -1.0000000180025095e-35 62.900000000000006 59.550000000000004 0.12940952255126059 -0.56174490092936669 75.850000000000009 -0.60785761079279388 1.0000000180025095e-35
decision_type=2 2 2 2 2 2 2 2 2 2 2 2 2
left_child=1 3 10 -1 5 -5 7 -6 -8 -4 -2 -12 -11
right_child=2 -3 9 4 6 -7 8 -9 -10 12 11 -13 -14
leaf_value=-0.052816954149114005 -0.021389567216210506 0.10533561009842168 -0.0068475420524712607 -0.078146940413906629 0.039972200698499799 0.023533199144028523 0.10227367945136395 -0.1056399752775701 0.02580370612054609 -0.089256625718312957 0.145403068822722 -0.010824674909118925 -0.10689992583535655
leaf_weight=1.4119362384080982 1.3501280294731253 1.6740621807984997 0.70082255708985064 1.9743316578678785 4.7015065129380584 3.2819688851013842 1.6475446154363456 1.6474946257658301 2.270935975946486 0.8691172522958367 0.73173560597933818 1.0582102409098295 1.0677781132981179
leaf_count=10 21 13 23 25 74 35 29 34 16 41 16 39 8
internal_value=0.00554557 0.0142774 -0.0225788 0.00527644 0.0105602 -0.0146591 0.0234709 0.00218747 0.0579559 -0.0745033 0.0210387 0.0530417 -0.0989831
internal_weight=24.3876 18.6098 5.77779 16.9357 15.5238 5.2563 10.2675 6.349 3.91848 2.63772 3.14007 1.78995 1.9369
internal_count=384 236 148 223 213 60 153 108 45 72 76 55 49
is_linear=0
shrinkage=0.1


Tree=133
num_leaves=14
num_cat=0
split_feature=1 5 1 5 4 0 8 0 2 5 5 5 6
split_gain=0.764365 1.11048 1.0854 0.852105 0.874016 1.07998 2.70175 2.28692 0.306798 0.286822 0.000133964 7.83614e-05 2.32615e-06
threshold=-0.37940952255126015 31.850000000000005 -0.98296291314453399 22.950000000000003 1.0000000180025095e-35 -0.37940952255126059 1.0000000180025095e-35 -0.91597561503675329 0.6078576107927941 24.650000000000002 28.550000000000004 31.450000000000003 63.900000000000006
decision_type=2 2 2 2 2 2 2 2 2 2 2 2 2
left_child=1 2 -1 -2 5 6 -5 -8 -7 -6 -4 12 -12
right_child=3 -3 10 4 9 8 7 -9 -10 -11 11 -13 -14
leaf_value=0.0086904896945933906 0.037728576192835671 -0.05647161253898423 0.083277804566037783 0.082165778941286488 -0.09528445412240541 -0.075768530024874742 0.022400857287718692 -0.10418209461193882 -0.024624237635902393 -0.031630776351270859 0.081311232395721744 0.082750209354822857 0.081595832228707782
leaf_weight=6.0667593628168097 2.7557665705680874 1.6334217339754094 0.67366602644324602 3.2169511737301981 1.864914734847843 2.3754118103533939 3.3199125984683677 2.5035354178398821 2.3168920436874032 1.140986976213753 1.4637105427682402 0.52848836220800866 0.3572931783273815
leaf_count=22 10 9 18 20 19 25 45 47 21 37 78 16 17
internal_value=-0.00200201 0.0194422 0.0330836 -0.0137979 -0.022281 -0.0115902 0.00861341 -0.0320179 -0.0505153 -0.0711226 0.0820346 0.0816782 0.0813671
internal_weight=30.2177 10.7233 9.08992 19.4944 16.7386 13.7327 9.0404 5.82345 4.6923 3.0059 3.02316 2.34949 1.821
internal_count=384 160 151 224 214 158 112 92 46 56 129 111 95
is_linear=0
shrinkage=0.1


Tree=134
num_leaves=9
num_cat=0
split_feature=5 6 6 5 6 2 8 2
split_gain=0.475745 0.544018 1.44484 1.11132 0.833939 0.46819 0.063093 0.00285088
threshold=23.150000000000002 80.300000000000026 71.750000000000014 23.850000000000005 51.45000000000001 -0.8783796973249266 1.0000000180025095e-35 -1.0000000180025095e-35
decision_type=2 2 2 2 2 2 2 2
left_child=-1 2 3 -2 -5 -6 -3 -4
right_child=1 6 7 4 5 -7 -8 -9
leaf_value=-0.08454424340952732 0.093557277536390579 0.025959319624483099 -0.089136581522840694 0.062322729403478716 0.037327785002347284 -0.085540950418049821 0.051258260770297173 -0.098043015362322516
leaf_weight=0.56775989197194654 1.3746680915355667 2.071007706457749 0.5999424965120852 0.87438146118074689 0.40282580343773511 1.3476651156670418 1.8811974315904083 0.89635257096961118
leaf_count=14 7 18 38 10 44 198 23 32
internal_value=0.00436213 0.00970476 -0.010644 0.0207174 -0.0174295 -0.0572662 0.0380013 -0.094472
internal_weight=10.0158 9.44804 5.49584 3.99954 2.62487 1.75049 3.95221 1.4963
internal_count=384 370 329 259 252 242 41 70
is_linear=0
shrinkage=0.1


Tree=135
num_leaves=17
num_cat=0
split_feature=5 3 6 5 5 3 8 2 0 5 0 0 1 1 6 5
split_gain=1.38679 0.39 0.989002 0.559308 1.06632 0.619545 0.351738 0.324454 0.425925 0.297739 0.0378114 0.00458843 4.1869e-05 9.54671e-06 1.02517e-05 6.10848e-06
threshold=28.550000000000004 0.81174490092936691 67.350000000000009 26.650000000000002 24.650000000000002 -1.0000000180025095e-35 1.0000000180025095e-35 1.0000000180025095e-35 0.91597561503675362 25.350000000000005 0.91597561503675362 -0.91597561503675329 -0.98296291314453399 -0.98296291314453399 61.45000000000001 31.450000000000003
decision_type=2 2 2 2 2 2 2 2 2 2 2 2 2 2 2 2
left_child=1 2 6 4 5 -4 -1 10 13 -6 11 -2 -13 -9 -15 -14
right_child=7 -3 3 -5 9 -7 -8 8 -10 -11 -12 12 15 14 -16 -17
leaf_value=0.0098738069754019837 -0.095122399830286336 0.042556162776409341 -0.0019355457847922463 -0.063333082129645182 0.075808285023044611 -0.05542337274372694 0.050346766947314762 -0.081854365105029581 0.040341910187552718 0.015951509491549078 -0.11808608179142595 -0.08193835024817589 -0.080437452340696269 -0.080634493218926684 -0.081739187543328609 -0.081151413866964811
leaf_weight=4.5490446090698242 0.30945784412324417 2.6774993017315856 5.2172406325116789 1.9741375939920534 1.4610028350725763 3.7022024057805485 4.0670520877465695 0.26359149720519781 0.53691132366657257 1.9272060636430977 0.44548247754573811 0.4624361954629419 0.39272852754220322 0.21817620377987601 0.13660378800705075 0.17245763121172786
leaf_count=17 4 25 49 19 31 25 39 10 2 27 2 17 60 30 13 14
internal_value=-0.00103062 0.00644395 0.00222127 -0.013921 -0.00599536 -0.0241368 0.0289782 -0.0661004 -0.0248203 0.0417619 -0.0928541 -0.0844474 -0.0812327 -0.0813985 -0.0810598 -0.0806553
internal_weight=28.5132 25.5754 22.8979 14.2818 12.3077 8.91944 8.6161 2.93785 1.15528 3.38821 1.78256 1.33708 1.02762 0.618371 0.35478 0.565186
internal_count=384 232 207 151 132 74 56 152 55 58 97 95 91 53 43 74
is_linear=0
shrinkage=0.1


Tree=136
num_leaves=13
num_cat=0
split_feature=1 2 1 1 6 5 1 5 6 8 5 0
split_gain=1.62149 0.635028 1.95276e-06 6.42434e-06 1.38771e-06 2.31149e-06 1.52269e-06 1.01979e-06 4.72335e-07 3.67115e-07 2.04829e-08 3.92536e-09
threshold=0.78656609248549303 0.6078576107927941 -0.98296291314453399 -0.37940952255126015 68.700000000000003 23.850000000000005 1.0000000180025095e-35 31.650000000000002 71.600000000000009 1.0000000180025095e-35 28.550000000000004 -0.25881904510252113
decision_type=2 2 2 2 2 2 2 2 2 2 2 2
left_child=2 -2 -1 7 6 -6 9 10 -7 -5 -4 -12
right_child=1 -3 3 4 5 8 -8 -9 -10 -11 11 -13
leaf_value=-0.080869547562631428 -0.0078423764634779122 0.057075731867103553 -0.080252579730588677 -0.080786978705387494 -0.080864407469259297 -0.08060735836084601 -0.08098786164334805 -0.080600719574873456 -0.080413949210209196 -0.080606501438987788 -0.080175323848993563 -0.080199042041325164
leaf_weight=0.33947011316195164 3.8256357554346323 2.4859819449484348 0.063542101997882239 0.21424918295815587 0.24893216323107481 0.21530514489859343 0.28287328593432903 0.077641570940613747 0.3053393627051264 0.23781381454318717 0.11274791532196105 0.18308642436750233
leaf_count=27 38 17 18 19 21 26 20 11 52 31 43 61
internal_value=-0.00838762 0.0177272 -0.0806483 -0.0806096 -0.0807076 -0.0806138 -0.0808059 -0.0802721 -0.0804939 -0.080692 -0.0802011 -0.08019
internal_weight=8.59262 6.31162 2.281 1.94153 1.50451 0.769577 0.734936 0.437018 0.520645 0.452063 0.359376 0.295834
internal_count=384 55 329 302 169 99 70 133 78 50 122 104
is_linear=0
shrinkage=0.1


Tree=137
num_leaves=14
num_cat=0
split_feature=6 6 5 6 5 3 6 3 6 6 4 5 0
split_gain=0.490318 1.27251 1.17439 0.527611 0.683518 0.565257 0.623713 0.421477 0.352174 0.906225 0.656885 0.0682853 0.0117104
threshold=69.450000000000017 68.700000000000003 24.650000000000002 66.850000000000009 26.750000000000004 -0.56174490092936669 59.550000000000004 -0.56174490092936669 75.850000000000009 78.300000000000026 1.0000000180025095e-35 28.250000000000004 1.0000000180025095e-35
decision_type=2 2 2 2 2 2 2 2 2 2 2 2 2
left_child=1 3 8 4 -1 11 -7 -4 -2 -10 -11 -6 -9
right_child=2 -3 7 -5 5 6 -8 12 9 10 -12 -13 -14
leaf_value=0.049845572681873423 -0.019068412058158651 0.097656976590558206 -0.0052523944074913242 -0.041432790425932342 -0.018090564424566788 0.036958198165644884 -0.020153990063147272 -0.08836338054223232 0.12707434862438366 -0.092012832082214016 0.071629444229409159 -0.048605786022474756 -0.10465102544603673
leaf_weight=3.5672335098497667 1.315276010660454 1.6266783224418748 0.68456171499565277 2.1341396444477132 1.196591866202658 4.6828775731846619 3.2318426242563874 0.78730318183079351 0.81422193092294015 0.52462656865827739 0.46072003059089184 1.894110676134005 1.0047740191221235
leaf_count=22 21 13 23 25 9 74 54 41 13 29 13 39 8
internal_value=0.00531949 0.0132254 -0.0206027 0.00500466 0.0118053 -0.000524793 0.0136374 -0.0719988 0.0202627 0.0490092 -0.0154984 -0.0367916 -0.0974955
internal_weight=23.925 18.3335 5.59148 16.7068 14.5727 11.0054 7.91472 2.47664 3.11484 1.79957 0.985347 3.0907 1.79208
internal_count=384 236 148 223 198 176 128 72 76 55 42 48 49
is_linear=0
shrinkage=0.1


Tree=138
num_leaves=18
num_cat=0
split_feature=5 5 0 8 6 2 6 5 5 0 5 6 1 8 0 3 5
split_gain=0.715587 1.85523 0.929305 0.868559 0.529293 0.911435 0.833518 0.630868 0.33327 0.00560068 0.00059962 0.000141941 7.14824e-05 1.38092e-05 7.36214e-06 1.32572e-06 4.32334e-07
threshold=27.800000000000001 23.950000000000003 -0.25881904510252113 1.0000000180025095e-35 59.550000000000004 1.0000000180025095e-35 53.95000000000001 30.650000000000002 28.350000000000005 -0.91597561503675329 30.750000000000004 69.450000000000017 1.0000000180025095e-35 1.0000000180025095e-35 -0.91597561503675329 -0.56174490092936669 29.350000000000005
decision_type=2 2 2 2 2 2 2 2 2 2 2 2 2 2 2 2 2
left_child=1 3 8 -1 6 -6 -4 -8 -2 -10 16 12 -3 -13 -15 -16 -11
right_child=2 11 4 -5 5 -7 7 -9 9 10 -12 13 -14 14 15 -17 -18
leaf_value=0.03034548695050936 0.020208483156888776 -0.082094035032761858 0.03403067104815883 -0.026976667874389751 -0.011173315698163145 0.077716826953569379 -0.076055768321224598 -0.005402089838075926 0.093826496299486598 0.08128341172586423 0.086086000843752203 -0.081817508803158981 -0.083406651113948307 -0.08158857732035979 -0.081199888494859151 -0.08094105271559994 0.081128110110729137
leaf_weight=5.4271479398012161 1.1929114498198043 0.88543913699686461 2.2660909797996247 5.1533276513218897 2.7188829239457846 2.0034981044009328 2.4048679145053029 2.6634099669754505 0.81127933785319317 0.32589693553745724 0.38403604086488485 0.59620045777410169 0.78067399747669697 0.38233560603111882 0.35442080814391275 0.44801638741046457 0.39836788177490234
leaf_count=23 11 33 17 23 34 18 22 22 8 18 11 28 18 18 22 33 25
internal_value=-0.00205166 -0.0183317 0.0130031 0.00242615 0.000427239 0.0265389 -0.0163852 -0.0389268 0.0617176 0.0875131 0.0828917 -0.0820456 -0.0827091 -0.081425 -0.0812274 -0.0810554 0.081198
internal_weight=29.1968 14.0276 15.1692 10.5805 12.0567 4.72238 7.33437 5.06828 3.11249 1.91958 1.1083 3.44709 1.66611 1.78097 1.18477 0.802437 0.724265
internal_count=384 198 186 46 113 52 61 44 73 62 54 152 51 101 73 55 43
is_linear=0
shrinkage=0.1


Tree=139
num_leaves=12
num_cat=0
split_feature=5 6 6 6 2 5 6 5 6 1 6
split_gain=0.419442 0.470794 1.29316 1.6473 0.836476 0.537191 0.00842662 0.00578891 0.00264114 0.00103951 0.000936767
threshold=23.150000000000002 80.300000000000026 71.750000000000014 70.350000000000009 0.6078576107927941 23.950000000000003 83.90000000000002 23.850000000000005 78.750000000000014 0.78656609248549303 71.950000000000017
decision_type=2 2 2 2 2 2 2 2 2 2 2
left_child=-1 2 3 4 5 -2 -3 -6 9 10 -4
right_child=1 6 8 -5 7 -7 -8 -9 -10 -11 -12
leaf_value=-0.084114450490358816 0.092886925950297336 0.029528653082315656 -0.091907827109254367 0.24996132302414759 -0.10054690694608232 -0.0025523368929268589 0.038795218705591272 -0.083294070411332355 -0.099889799402319429 -0.093947232633273051 -0.083052921425691942
leaf_weight=0.51766187604516822 0.83351101726293508 1.8190468647517266 0.23055591958109267 0.28492740797810245 0.37301200628280629 2.0166813436080702 2.1308980719186366 0.40633417741628364 0.45180150493979454 0.46813147829379886 0.24796252651140094
leaf_count=14 4 23 7 15 2 181 18 57 9 18 36
internal_value=0.00348563 0.00838123 -0.0110577 0.0184305 0.000254742 0.0253579 0.0345277 -0.0915517 -0.0935992 -0.0905969 -0.0873193
internal_weight=9.78052 9.26286 5.31292 3.91447 3.62954 2.85019 3.94994 0.779346 1.39845 0.94665 0.478518
internal_count=384 370 329 259 244 185 41 59 70 61 43
is_linear=0
shrinkage=0.1


Tree=140
num_leaves=18
num_cat=0
split_feature=5 6 6 6 6 6 2 2 0 5 6 0 1 1 1 6 5
split_gain=1.2091 0.41146 0.658329 0.694187 0.531141 0.491619 0.430678 0.304313 0.379417 0.180188 0.171782 0.0278109 0.00285185 3.30655e-05 8.17536e-06 5.33607e-06 4.65599e-06
threshold=28.550000000000004 82.050000000000026 75.850000000000009 79.600000000000009 71.750000000000014 68.050000000000011 -1.0000000180025095e-35 1.0000000180025095e-35 0.91597561503675362 23.950000000000003 69.850000000000009 0.91597561503675362 -0.37940952255126015 -0.98296291314453399 -0.98296291314453399 61.050000000000004 31.450000000000003
decision_type=2 2 2 2 2 2 2 2 2 2 2 2 2 2 2 2 2
left_child=1 2 4 9 5 6 -1 11 14 -4 -7 12 13 -2 -9 -16 -15
right_child=7 -3 3 -5 -6 10 -8 8 -10 -11 -12 -13 -14 16 15 -17 -18
leaf_value=0.043640469025525937 -0.081788819911294289 0.04253159009754573 0.018265504524423631 -0.089456638582488562 0.04870168768333405 -0.042530662291034034 0.00027913588826632135 -0.081676171386843188 0.037586199148956306 -0.03233262003911893 -0.0041820745430697264 -0.11347806995576858 -0.092780652891930562 -0.080401183427922504 -0.080559284379286264 -0.081408439249916267 -0.081055173734813218
leaf_weight=3.3923127753660163 0.42865795642137516 2.7393456278368822 1.545604940503835 1.4692361671477554 2.9445259990170589 2.4988974551670244 7.0529716461896941 0.23924116231501102 0.52725695073604584 1.2922613555565474 2.193391409702599 0.42426231503486622 0.27089631371200029 0.35841159475967288 0.18584282556548692 0.12296918872743845 0.15634763007983565
leaf_count=29 17 31 10 18 30 22 39 10 2 32 21 2 4 60 29 14 14
internal_value=-0.000899553 0.00594887 0.00147293 -0.0336616 0.00984186 0.00228294 0.0143616 -0.0643108 -0.0229746 -0.00477505 -0.0246048 -0.0914375 -0.0837369 -0.0811401 -0.0812374 -0.0808974 -0.0805998
internal_weight=27.8424 25.1285 22.3892 4.3071 18.0821 15.1376 10.4453 2.71389 1.07531 2.83787 4.69229 1.63858 1.21431 0.943417 0.548053 0.308812 0.514759
internal_count=384 232 201 60 141 111 68 152 55 42 43 97 95 91 53 43 74
is_linear=0
shrinkage=0.1


Tree=141
num_leaves=14
num_cat=0
split_feature=1 6 0 1 1 6 5 1 5 6 8 0 0
split_gain=1.46728 0.596371 1.06492 1.50659e-06 4.96615e-06 1.01445e-06 1.94368e-06 1.06534e-06 7.32015e-07 3.52975e-07 3.03707e-07 2.15651e-08 4.55759e-09
threshold=0.78656609248549303 83.90000000000002 -0.37940952255126059 -0.98296291314453399 -0.37940952255126015 68.700000000000003 23.850000000000005 1.0000000180025095e-35 31.650000000000002 71.600000000000009 1.0000000180025095e-35 0.37940952255126054 -0.25881904510252113
decision_type=2 2 2 2 2 2 2 2 2 2 2 2 2
left_child=3 2 -2 -1 8 7 -7 10 11 -8 -6 12 -5
right_child=1 -3 -4 4 5 6 9 -9 -10 -11 -12 -13 -14
leaf_value=-0.080798496213499563 -0.011812368471973811 -0.020402618303895542 0.095814088380177076 -0.080154038900711488 -0.080727568038685027 -0.080803880156503513 -0.08055254773636536 -0.080897880124979851 -0.080542094357374652 -0.08037665207903405 -0.080555546211778628 -0.080222154982714636 -0.080182918891622754
leaf_weight=0.31227418500930104 1.8284870386123657 2.5815980061888695 1.849007673561573 0.1262541034957394 0.1980297788977623 0.23064607800915837 0.19468872109428048 0.257285978179425 0.069269551197066903 0.27556640654802322 0.21305111004039601 0.10151115013286471 0.096341034164652339
leaf_count=27 18 15 22 55 19 21 26 20 11 52 31 32 35
internal_value=-0.00772009 0.0164386 0.0423011 -0.080596 -0.0805602 -0.0806502 -0.0805661 -0.0807383 -0.080247 -0.0804495 -0.0806384 -0.080184 -0.0801665
internal_weight=8.33401 6.25909 3.67749 2.07492 1.76264 1.36927 0.700901 0.668367 0.393376 0.470255 0.411081 0.324106 0.222595
internal_count=384 55 40 329 302 169 99 70 133 78 50 122 90
is_linear=0
shrinkage=0.1


Tree=142
num_leaves=13
num_cat=0
split_feature=6 6 0 5 1 2 6 6 6 0 5 0
split_gain=0.449669 1.51205 1.25261 0.614424 0.619949 0.565993 1.57461 1.15266 0.548556 0.386175 5.61674e-06 5.91193e-08
threshold=71.600000000000009 75.850000000000009 -0.91597561503675329 24.350000000000005 -1.0000000180025095e-35 0.6078576107927941 59.250000000000007 59.95000000000001 54.750000000000007 0.91597561503675362 24.250000000000004 -0.60355339059327362
decision_type=2 2 2 2 2 2 2 2 2 2 2 2
left_child=3 -2 -3 -1 5 6 8 -7 -5 -8 -4 -12
right_child=1 2 10 4 -6 7 9 -9 -10 -11 11 -13
leaf_value=-0.052022342293144397 -0.093657540222321756 0.089006370060911374 -0.080928595112806978 0.0084918267340359527 0.055241599884295257 0.033829553499698094 0.020562533897182378 -0.073300017998973663 -0.062667312775893297 0.069472575096516095 -0.080332573052322234 -0.080220690821517698
leaf_weight=1.429288946557796 1.7736396640539163 1.3302270397543905 0.45497147482819844 2.1260125001426839 3.3087574471719519 1.8436505016870786 2.7193569790106267 2.2061625081114471 2.2088827306870371 3.9726098999381065 0.10493534663692106 0.08588234754279267
leaf_count=15 35 6 37 25 25 24 81 28 44 16 22 26
internal_value=0.00512477 -0.0266306 0.0335317 0.011134 0.0160438 0.00744139 0.0191835 -0.02453 -0.0277679 0.0495974 -0.0807376 -0.0802822
internal_weight=23.5644 3.74966 1.97602 19.8147 18.3854 15.0767 11.0269 4.04981 4.3349 6.69197 0.645789 0.190818
internal_count=384 126 91 258 243 218 166 52 69 97 85 48
is_linear=0
shrinkage=0.1


Tree=143
num_leaves=17
num_cat=0
split_feature=5 5 0 8 6 2 5 5 0 5 6 1 8 0 3 5
split_gain=0.567739 1.70682 0.837082 0.714052 0.42112 0.808591 0.679204 0.306963 0.00350037 0.000442774 0.000101042 4.70636e-05 1.17185e-05 6.25723e-06 1.18425e-06 3.81704e-07
threshold=27.800000000000001 23.950000000000003 -0.25881904510252113 1.0000000180025095e-35 59.550000000000004 1.0000000180025095e-35 30.850000000000005 28.350000000000005 -0.91597561503675329 30.750000000000004 69.450000000000017 1.0000000180025095e-35 1.0000000180025095e-35 -0.91597561503675329 -0.56174490092936669 29.350000000000005
decision_type=2 2 2 2 2 2 2 2 2 2 2 2 2 2 2 2
left_child=1 3 7 -1 6 -6 -4 -2 -9 15 11 -3 -12 -14 -15 -10
right_child=2 10 4 -5 5 -7 -8 8 9 -11 12 -13 13 14 -16 -17
leaf_value=0.027338991555532322 0.020136701310409483 -0.081927493940806673 0.010623267230151501 -0.024790134868974301 -0.012751156115072274 0.071789458515870055 -0.05134971840503369 0.091766994040336503 0.081151262273427505 0.085497133243246426 -0.081685909045907099 -0.083046769134580672 -0.081466135012402255 -0.081092931449543701 -0.080835143930838779 0.080996770774131269
leaf_weight=5.454235851764679 1.1759917475283157 0.80701045412570172 4.1835193280130589 5.0703997910022753 2.6736276363953948 1.9612684790045021 3.0634430916979909 0.72264837473630905 0.29341775644570567 0.34699745010584593 0.55256956163793702 0.70287025487050414 0.34939880669116874 0.3224955415353169 0.39829191751778392 0.35151781234890223
leaf_count=23 11 33 38 23 34 18 23 8 18 11 28 18 18 22 33 25
internal_value=-0.00236482 -0.0170619 0.0112228 0.00222501 -0.000518247 0.0230224 -0.015574 0.0594852 0.0864733 0.0826168 -0.0818598 -0.0824485 -0.0813119 -0.0811188 -0.0809505 0.0810671
internal_weight=28.4297 13.6573 14.7724 10.5246 11.8819 4.6349 7.24696 2.89057 1.71458 0.991933 3.13264 1.50988 1.62276 1.07019 0.720787 0.644936
internal_count=384 198 186 46 113 52 61 73 62 54 152 51 101 73 55 43
is_linear=0
shrinkage=0.1


Tree=144
num_leaves=16
num_cat=0
split_feature=2 2 5 6 8 2 5 5 1 5 5 5 6 6 5
split_gain=0.410226 0.777075 0.819196 1.09388 1.16576 1.08231 0.422284 0.869338 0.267761 0.00410544 0.00158721 0.000877078 0.000389718 1.3097e-05 5.12162e-07
threshold=-0.8783796973249266 -1.0000000180025095e-35 23.350000000000005 83.90000000000002 1.0000000180025095e-35 0.87837969732492682 23.750000000000004 31.850000000000005 0.9159756150367534 23.750000000000004 24.150000000000002 31.850000000000005 86.100000000000009 54.750000000000007 25.850000000000005
decision_type=2 2 2 2 2 2 2 2 2 2 2 2 2 2 2
left_child=6 8 -3 4 -4 -6 -1 10 9 -2 -8 12 -11 -12 -15
right_child=1 2 3 -5 5 -7 7 -9 -10 11 13 -13 -14 14 -16
leaf_value=0.10384367541240616 -0.095936871094573245 -0.10048897001878504 -0.091893829407771382 0.10980833175561144 0.056122361064148821 -0.091555383389477607 -0.092155238040650234 0.10482678559970199 -0.0072183230799561533 -0.081303012805995584 -0.082104083094477753 -0.091500394436406562 -0.088087438881421967 -0.080643454049399835 -0.080286187852653734
leaf_weight=0.75799292325973489 0.54667387809604384 0.59293858800083388 1.0432987835374659 1.1538340118713675 2.7257008661981676 0.60674257937353093 0.26569804549217224 0.44865971803665161 0.58170027611777175 0.45120064658112824 0.063058302854187787 0.13736212253570557 0.10422766208648682 0.063880483561661094 0.10790513781830668
leaf_count=4 8 9 33 11 103 37 2 2 9 104 6 1 1 14 40
internal_value=0.00371511 -0.00584271 0.0112154 0.0231935 0.000354111 0.0292345 0.0481882 0.0037441 -0.0631897 -0.089458 -0.0868611 -0.0843456 -0.0825761 -0.0808715 -0.080419
internal_weight=9.65087 7.94368 6.12251 5.52958 4.37574 3.33244 1.70719 0.949202 1.82116 1.23946 0.500542 0.69279 0.555428 0.234844 0.171786
internal_count=384 316 193 184 173 140 68 64 123 114 62 106 105 60 54
is_linear=0
shrinkage=0.1


Tree=145
num_leaves=11
num_cat=0
split_feature=1 6 0 1 0 6 6 5 1 5
split_gain=1.10905 1.50066 1.09015 0.906969 0.484989 0.574159 0.402814 0.000145736 2.82015e-05 1.23302e-05
threshold=0.78656609248549303 81.65000000000002 -0.98296291314453399 -0.37940952255126015 -0.91597561503675329 69.450000000000017 66.450000000000017 24.050000000000004 -0.98296291314453399 28.550000000000004
decision_type=2 2 2 2 2 2 2 2 2 2
left_child=1 2 -1 8 5 -5 -6 -2 -4 -10
right_child=7 -3 3 4 6 -7 -8 -9 9 -11
leaf_value=0.073161867376606252 -0.083664948888534332 0.087159811923949448 -0.081622771370232758 -0.049579283665591653 0.031190428273172279 0.0049840604093651306 -0.0053761031741418955 -0.081706714909799291 -0.081293575111591479 -0.080524731182080672
leaf_weight=1.7624952215701437 0.85598225705325492 2.0271836072206488 0.61776365898550556 3.9006228689104345 5.0226426124572665 3.8145311400294304 7.5276335719972849 0.68352269940078259 0.30073921196162656 0.68076387117616832
leaf_count=27 18 13 27 24 19 20 66 37 18 115
internal_value=-0.000356955 0.00459014 -0.00249424 -0.00859281 -0.00287135 -0.022602 0.00925789 -0.0827955 -0.0810935 -0.0807603
internal_weight=27.1939 25.6544 23.6272 21.8647 20.2654 7.71515 12.5503 1.5395 1.59927 0.981503
internal_count=384 329 316 289 129 44 85 55 160 133
is_linear=0
shrinkage=0.1


Tree=146
num_leaves=14
num_cat=0
split_feature=1 2 1 1 6 5 1 5 6 8 0 5 2
split_gain=1.33134 0.544948 1.25936e-06 3.75943e-06 7.79665e-07 1.44836e-06 8.06074e-07 5.92404e-07 2.79876e-07 2.51142e-07 2.06845e-08 6.47513e-09 1.58907e-09
threshold=0.78656609248549303 0.6078576107927941 -0.98296291314453399 -0.37940952255126015 68.700000000000003 23.850000000000005 1.0000000180025095e-35 31.650000000000002 71.600000000000009 1.0000000180025095e-35 -0.25881904510252113 29.550000000000004 1.0000000180025095e-35
decision_type=2 2 2 2 2 2 2 2 2 2 2 2 2
left_child=2 -2 -1 7 6 -6 9 10 -7 -5 12 -12 -4
right_child=1 -3 3 4 5 8 -8 -9 -10 -11 11 -13 -14
leaf_value=-0.080742320424092046 -0.0087605651017546096 0.05236021915267372 -0.080142011963128937 -0.080671136840788568 -0.080735164805951345 -0.080511075125679621 -0.080822514185252436 -0.080506654536336375 -0.080347985291985058 -0.080506641632633338 -0.080215616761391162 -0.080175185605761812 -0.080116806261648452
leaf_weight=0.28885324764996756 3.687996806576848 2.4132773578166962 0.069242804078385234 0.1798681216314435 0.21083031035959721 0.17978050117380917 0.23618963547050953 0.062582974787801504 0.25372575409710407 0.191767972195521 0.058106307173147465 0.1244456049753353 0.03915551002137363
leaf_count=27 38 17 33 19 21 26 20 11 52 31 19 48 22
internal_value=-0.00732323 0.0154149 -0.0805501 -0.0805155 -0.0805968 -0.0805202 -0.0806781 -0.0802275 -0.0804156 -0.0805863 -0.0801675 -0.0801881 -0.0801329
internal_weight=7.99582 6.10127 1.89455 1.6057 1.25216 0.644337 0.607826 0.353533 0.433506 0.371636 0.29095 0.182552 0.108398
internal_count=384 55 329 302 169 99 70 133 78 50 122 67 55
is_linear=0
shrinkage=0.1


Tree=147
num_leaves=12
num_cat=0
split_feature=6 6 6 3 5 6 6 5 1 3 5
split_gain=0.383915 1.32936 1.16176 0.611903 0.526873 0.494341 0.501789 1.87005 0.623417 0.00728186 1.28216e-06
threshold=71.600000000000009 75.850000000000009 80.300000000000026 -0.22252093395631442 24.350000000000005 68.050000000000011 66.65000000000002 26.750000000000004 -0.98296291314453399 0.81174490092936691 23.750000000000004
decision_type=2 2 2 2 2 2 2 2 2 2 2
left_child=4 -2 3 -3 -1 6 7 -6 -9 10 -4
right_child=1 2 9 -5 5 -7 -8 8 -10 -11 -12
leaf_value=-0.048806738011580822 -0.092295010701188521 0.1428634217843989 -0.080877217693495346 0.0096331768089324681 0.092470725172872748 0.048143268599820765 -0.043507988137792421 0.016313565451211095 -0.033194384436464906 -0.10355646264520463 -0.080471291379119833
leaf_weight=1.4032227764837504 1.6221458772197359 0.72602121764793992 0.14778198627755035 0.65639884164556839 2.4293507505208281 3.5700553646311155 1.7560921411495645 5.9084996730089232 4.4660013642860514 0.25041602342389524 0.16434461646713316
leaf_count=15 35 22 12 23 15 38 16 25 149 4 30
internal_value=0.00471809 -0.0254493 0.0303017 0.0796032 0.0102272 0.0147963 0.00661969 0.0134949 -0.00499855 -0.0908543 -0.0806635
internal_weight=23.1003 3.56711 1.94496 1.38242 19.5332 18.13 14.5599 12.8039 10.3745 0.562543 0.312127
internal_count=384 126 91 45 258 243 205 189 174 46 42
is_linear=0
shrinkage=0.1


Tree=148
num_leaves=13
num_cat=0
split_feature=1 1 6 6 2 5 9 0 5 5 5 5
split_gain=0.479475 0.940994 0.681225 1.50105 0.835289 0.726078 0.625547 0.618385 0.015943 0.00462291 9.80538e-05 2.36912e-05
threshold=-0.37940952255126015 -0.98296291314453399 66.450000000000017 68.450000000000017 1.0000000180025095e-35 23.850000000000005 1.0000000180025095e-35 -0.91597561503675329 28.150000000000002 31.750000000000004 28.550000000000004 31.350000000000005
decision_type=2 2 2 2 2 2 2 2 2 2 2 2
left_child=1 -1 4 -4 -2 -5 9 -7 -9 10 -3 -12
right_child=2 6 3 5 -6 7 -8 8 -10 -11 11 -13
leaf_value=-0.0059110254157691434 -0.0038875875253757612 0.082816990582281313 0.073504876166309768 -9.4661911231857826e-05 -0.087994714361987511 0.0097328862382911833 -0.02859631096387797 -0.08382852212264158 -0.10557882439804256 0.09302471717545828 0.081050388452944558 0.082032365299641696
leaf_weight=6.5570257380604744 2.4319690102711347 0.55796020850539507 2.271126637235283 8.0356029793620092 2.2951372009702027 0.93481437768787268 0.62118632718920697 1.640966794919221 0.42410616576671589 0.43749461323022831 1.1542283827438948 0.3121284395456313
leaf_count=27 25 18 19 36 25 26 15 91 2 5 81 14
internal_value=-0.00249099 0.0155123 -0.0121148 -0.000530548 -0.0447239 -0.0157672 0.0610763 -0.0577482 -0.0882954 0.0837033 0.0816887 0.0812594
internal_weight=27.6737 9.64002 18.0337 13.3066 4.72711 11.0355 3.083 2.99989 2.06507 2.46181 2.02432 1.46636
internal_count=384 160 224 174 50 155 133 119 93 118 113 95
is_linear=0
shrinkage=0.1


Tree=149
num_leaves=9
num_cat=0
split_feature=5 1 8 2 5 6 3 6
split_gain=0.359382 0.475167 0.952822 0.735866 0.752376 0.861365 0.252243 0.00406211
threshold=23.150000000000002 0.78656609248549303 1.0000000180025095e-35 0.87837969732492682 23.750000000000004 56.650000000000013 1.0000000180025095e-35 81.15000000000002
decision_type=2 2 2 2 2 2 2 2
left_child=-1 2 7 4 -4 -6 -3 -2
right_child=1 6 3 -5 5 -7 -8 -9
leaf_value=-0.08389774834367511 -0.083816157561431542 0.070597965453159578 0.075391939805390842 -0.090080690744289427 0.042980332790404606 -0.084841332459427432 0.013890036402922527 -0.095752202264737726
leaf_weight=0.4526683213189252 0.50027722533559316 1.3759536172728988 1.7606372833251946 0.62295055988943193 1.2073590525542388 0.93585039919707913 1.8244591266848145 0.66296471143141389
leaf_count=14 39 32 7 34 47 186 18 7
internal_value=0.0030191 0.00744457 -0.00989373 0.01085 0.0269559 -0.0128341 0.0382705 -0.0906188
internal_weight=9.34312 8.89045 5.69004 4.5268 3.90385 2.14321 3.20041 1.16324
internal_count=384 370 320 274 240 233 50 46
is_linear=0
shrinkage=0.1


Tree=150
num_leaves=16
num_cat=0
split_feature=5 1 0 6 5 5 5 2 0 0 1 5 1 1 5
split_gain=1.00778 0.292936 0.885315 0.337495 0.637672 0.469525 0.341352 0.29284 0.304298 0.021967 0.00219681 0.000106714 2.20896e-05 4.51489e-06 2.55266e-06
threshold=28.550000000000004 0.60355339059327384 -0.60355339059327362 74.850000000000009 23.950000000000003 25.350000000000005 26.750000000000004 1.0000000180025095e-35 0.91597561503675362 0.91597561503675362 -0.37940952255126015 24.050000000000004 -0.98296291314453399 -0.98296291314453399 31.450000000000003
decision_type=2 2 2 2 2 2 2 2 2 2 2 2 2 2 2
left_child=1 3 -3 4 -1 -6 -7 9 13 10 12 -4 -2 -9 -14
right_child=7 2 11 -5 5 6 -8 8 -10 -11 -12 -13 14 -15 -16
leaf_value=-0.038384575344070318 -0.081553541935609208 0.018093645168004692 -0.083335479976181515 0.03728571089006491 0.04754790160072471 -0.017949119912516191 0.018410671487632223 -0.081398076863057972 0.032321049868523542 -0.11118927004901824 -0.091903347140743108 -0.081586354423256846 -0.080320941530189371 -0.080753417875485733 -0.080864785833435981
leaf_weight=2.9025980308652057 0.37135086860507727 2.2955169789493088 0.78085901215672382 3.784211875870823 3.0857989890500894 4.4320403896272165 6.1856828033924103 0.19981437176465988 0.5154573917388916 0.40173880755901326 0.24207642488181524 0.63039092253893614 0.28274537366814911 0.23808859894052137 0.12422558874823153
leaf_count=13 17 31 18 21 32 26 54 10 2 2 4 37 60 43 14
internal_value=-0.000491905 0.00563414 -0.0202253 0.0103351 0.00419361 0.0132123 0.0032334 -0.0626346 -0.0197521 -0.0913818 -0.0835835 -0.0825542 -0.0809958 -0.0810476 -0.0804869
internal_weight=26.4726 24.0971 3.70677 20.3903 16.6061 13.7035 10.6177 2.3755 0.95336 1.42214 1.0204 1.41125 0.778322 0.437903 0.406971
internal_count=384 232 86 146 125 112 80 152 55 97 95 55 91 53 74
is_linear=0
shrinkage=0.1


Tree=151
num_leaves=14
num_cat=0
split_feature=1 2 1 1 6 5 1 5 6 8 0 5 3
split_gain=1.18362 0.478826 1.00759e-06 3.01609e-06 6.59427e-07 1.1186e-06 6.70369e-07 3.68502e-07 2.10397e-07 1.98511e-07 1.15052e-08 3.43268e-09 1.03297e-09
threshold=0.78656609248549303 0.6078576107927941 -0.98296291314453399 -0.37940952255126015 68.700000000000003 23.850000000000005 1.0000000180025095e-35 31.650000000000002 71.600000000000009 1.0000000180025095e-35 -0.25881904510252113 29.550000000000004 -0.22252093395631442
decision_type=2 2 2 2 2 2 2 2 2 2 2 2 2
left_child=2 -2 -1 7 6 -6 9 10 -7 -5 12 -12 -4
right_child=1 -3 3 4 5 8 -8 -9 -10 -11 11 -13 -14
leaf_value=-0.080686971948272485 -0.0092553065987944268 0.048438095314001069 -0.080129138608719522 -0.080618373213311348 -0.080673763766053425 -0.080466716887387768 -0.080764910488698063 -0.080434018973043961 -0.080318547019610109 -0.080465196811952189 -0.080184087849346067 -0.080152271680855536 -0.080108252266345284
leaf_weight=0.26708366395905603 3.6257461719214916 2.3847126606851816 0.045304961036890745 0.1655243057757616 0.19273011386394501 0.16355244559235871 0.21800296893343329 0.053805802017450333 0.23145783296786249 0.17306678602471948 0.049597477889619435 0.10721754957921803 0.049606062704697251
leaf_count=27 38 17 24 19 21 26 20 11 52 31 19 48 31
internal_value=-0.00728258 0.0136352 -0.0805085 -0.0804756 -0.0805501 -0.0804763 -0.0806281 -0.0801965 -0.0803799 -0.0805401 -0.0801457 -0.0801623 -0.0801182
internal_weight=7.72741 6.01046 1.71695 1.44987 1.14433 0.58774 0.556594 0.305532 0.39501 0.338591 0.251726 0.156815 0.094911
internal_count=384 55 329 302 169 99 70 133 78 50 122 67 55
is_linear=0
shrinkage=0.1


Tree=152
num_leaves=13
num_cat=0
split_feature=9 4 6 6 6 6 6 6 6 6 5 1
split_gain=0.400538 0.553937 0.750734 1.51567 0.852702 0.641733 0.371271 1.68029 0.766168 0.38124 0.0105303 0.00543953
threshold=1.0000000180025095e-35 1.0000000180025095e-35 54.150000000000013 58.050000000000004 60.750000000000007 62.150000000000013 54.750000000000007 59.250000000000007 68.350000000000009 73.15000000000002 28.450000000000003 -0.98296291314453399
decision_type=2 2 2 2 2 2 2 2 2 2 2 2
left_child=1 2 -1 -4 -5 -6 -3 -8 10 -10 -9 -2
right_child=11 6 3 4 5 -7 7 8 9 -11 -12 -13
leaf_value=-0.09628170304483763 -0.03359250049219157 0.081991987120400081 0.090672173375983434 -0.099005715418247042 0.066541287845488448 -0.01058825075795259 -0.10724883301445619 0.089602080359682992 -0.049375535266983392 0.037850586340534717 0.076545948861135304 -0.044184765460664618
leaf_weight=0.80973051325418666 0.92868939042091359 1.2233563766349096 1.7145664633717377 0.98581652040593226 1.2172620149794955 9.4786273939535004 0.85915447096340347 1.1280245063826444 0.88899485149886492 1.1483276369981466 1.365602502832189 1.0143840287346382
leaf_count=13 4 14 23 18 13 154 21 9 16 32 31 36
internal_value=0.00429898 0.00835146 -0.00277799 0.00287379 -0.0100127 -0.00181041 0.032258 0.0209702 0.045283 -0.000210925 0.0824521 -0.0391222
internal_weight=22.7625 20.8195 14.206 13.3963 11.6817 10.6959 6.61346 5.3901 4.53095 2.03732 2.49363 1.94307
internal_count=384 344 221 208 185 167 123 109 88 48 40 40
is_linear=0
shrinkage=0.1


Tree=153
num_leaves=7
num_cat=0
split_feature=6 6 0 5 5 8
split_gain=0.433356 1.87869 0.501405 0.580697 1.15014 0.666961
threshold=84.500000000000014 81.65000000000002 0.91597561503675362 31.850000000000005 31.350000000000005 1.0000000180025095e-35
decision_type=2 2 2 2 2 2
left_child=1 2 3 4 5 -1
right_child=-2 -3 -4 -5 -6 -7
leaf_value=0.040371353138551558 0.045771263128909875 -0.10886796043300129 -0.033237433607355225 -0.054296165213303493 0.10748589130329729 -0.0051450611634043511
leaf_weight=4.2543313107453438 1.7596678417175997 1.6453797700814892 3.5069461250677696 1.4033000022172917 1.1910850447602559 13.232815140392635
leaf_count=34 17 18 31 9 21 254
internal_value=-0.00220973 -0.00555565 0.00165075 0.00774346 0.0124045 0.00592832
internal_weight=26.9935 25.2339 23.5885 20.0815 18.6782 17.4871
internal_count=384 367 349 318 309 288
is_linear=0
shrinkage=0.1


Tree=154
num_leaves=14
num_cat=0
split_feature=6 6 6 2 8 5 2 1 6 5 5 5 5
split_gain=0.31486 1.13548 1.40022 0.706841 0.39218 0.944755 0.0822999 0.00735573 0.00415126 0.00151258 0.000426217 9.96206e-05 3.31016e-05
threshold=80.300000000000026 71.750000000000014 71.600000000000009 0.6078576107927941 1.0000000180025095e-35 23.950000000000003 1.0000000180025095e-35 0.37940952255126026 79.250000000000014 23.750000000000004 23.850000000000005 23.950000000000003 24.250000000000004
decision_type=2 2 2 2 2 2 2 2 2 2 2 2 2
left_child=1 2 3 4 -1 -6 -2 10 9 -3 -5 -11 -13
right_child=6 8 -4 7 5 -7 -8 -9 -10 11 -12 12 -14
leaf_value=-0.088143545168978293 0.0085968568510592838 -0.091359038022408898 0.22642349582238822 -0.089378598222114192 0.14383562779087933 -0.0020219539643723996 0.037070699505590742 -0.10542416467077842 -0.10055316773028244 -0.084693508495227832 -0.08233911517897663 -0.083081195867574772 -0.080153389590764887
leaf_weight=0.29416442720685276 1.8755237755831329 0.60946735274046637 0.28973064990714181 0.11740074306726445 0.59111312869936261 1.7853191053436601 2.2126615026500076 0.26081156160216779 0.39911657490301877 0.17062138393521309 0.32167583971749991 0.061650475487112999 0.10335165669675916
leaf_count=19 23 9 3 1 3 170 23 8 8 3 57 2 55
internal_value=0.00341928 -0.0133998 0.0154666 -0.00266753 0.0207761 0.0342586 0.0240078 -0.0921225 -0.0920016 -0.0883903 -0.0842213 -0.0829993 -0.0812473
internal_weight=9.09261 5.00442 3.66022 3.37048 2.6706 2.37643 4.08819 0.699888 1.34421 0.945091 0.439077 0.335624 0.165002
internal_count=384 338 261 258 192 173 46 66 77 69 58 60 57
is_linear=0
shrinkage=0.1


Tree=155
num_leaves=16
num_cat=0
split_feature=5 6 6 3 5 5 5 2 5 0 0 5 1 1 1
split_gain=0.923812 0.271916 0.53904 0.44245 0.835269 0.830687 0.828443 0.269809 0.294178 0.645443 0.0183416 0.00182196 1.36007e-05 6.02122e-06 3.44992e-06
threshold=28.550000000000004 82.050000000000026 77.750000000000014 -1.0000000180025095e-35 24.650000000000002 25.350000000000005 26.750000000000004 1.0000000180025095e-35 29.550000000000004 0.91597561503675362 0.91597561503675362 28.850000000000005 -0.98296291314453399 -0.98296291314453399 -0.70710678118654757
decision_type=2 2 2 2 2 2 2 2 2 2 2 2 2 2 2
left_child=1 2 3 5 -5 -1 -7 10 -9 13 11 -2 -13 -10 -14
right_child=7 -3 -4 4 -6 6 -8 8 9 -11 -12 12 14 -15 -16
leaf_value=0.059580293659810261 -0.091452331798397568 0.036071795395990099 -0.037425276193644483 -0.05337153427046059 0.019509703100741436 -0.031454378924327925 0.032333383000956652 -0.09737638062959468 -0.081264830956789505 0.1274108709132997 -0.10925130083491907 -0.081431764449477959 -0.08033765961166979 -0.080372107911979851 -0.080950099230503642
leaf_weight=3.5927681364119151 0.21417848812416129 2.5440838728100053 3.0496423626318565 2.8556033978238728 3.4997448502108455 3.896831223741172 4.2638657703064382 0.32178323157131661 0.16134923323988914 0.29205521941184998 0.38636821508407593 0.3228040160611273 0.25491846003569674 0.14208515477366745 0.14389766380190827
leaf_count=39 7 31 37 20 40 29 36 11 9 1 2 16 54 34 18
internal_value=-0.000617136 0.00518333 0.00146931 0.00801941 -0.0132375 0.0195135 0.00187396 -0.06201 -0.0203372 0.0212922 -0.0909212 -0.0833531 -0.0809492 -0.0808468 -0.0805586
internal_weight=25.942 23.7025 21.1585 18.1088 6.35535 11.7535 8.1607 2.23944 0.917273 0.59549 1.32217 0.935799 0.72162 0.303434 0.398816
internal_count=384 232 201 164 60 104 65 152 55 44 97 95 88 43 72
is_linear=0
shrinkage=0.1


Tree=156
num_leaves=13
num_cat=0
split_feature=1 6 1 1 6 5 1 5 6 8 0 0
split_gain=1.06129 0.433135 7.47867e-07 2.27442e-06 5.72504e-07 8.15472e-07 4.68525e-07 3.31787e-07 1.71016e-07 1.46885e-07 9.16253e-09 3.64038e-09
threshold=0.78656609248549303 83.90000000000002 -0.98296291314453399 -0.37940952255126015 68.700000000000003 23.850000000000005 1.0000000180025095e-35 31.650000000000002 71.600000000000009 1.0000000180025095e-35 0.60355339059327384 -0.25881904510252113
decision_type=2 2 2 2 2 2 2 2 2 2 2 2
left_child=2 -2 -1 7 6 -6 9 10 -7 -5 11 -4
right_child=1 -3 3 4 5 8 -8 -9 -10 -11 -12 -13
leaf_value=-0.080627349392898062 0.035346903590688671 -0.019284914048007234 -0.080109446059771272 -0.080574069081895169 -0.080608559632072863 -0.080426959617555902 -0.080699819842489362 -0.080420846582503314 -0.080286758027735688 -0.080436886621282219 -0.080178130772020684 -0.080137035659476719
leaf_weight=0.24342713598161925 3.4024209026247263 2.5305628851056099 0.087772356462664902 0.15189141593873501 0.17535570031031966 0.14939337293617427 0.19923579040914774 0.048578648013062775 0.20832549827173352 0.16055340669117868 0.038122993428260088 0.105081450892612
leaf_count=27 40 15 55 19 21 26 20 11 52 31 15 52
internal_value=-0.00729085 0.0120451 -0.0804663 -0.0804366 -0.0805044 -0.0804319 -0.08058 -0.0801833 -0.0803453 -0.0805036 -0.0801333 -0.0801245
internal_weight=7.50072 5.93298 1.56774 1.32431 1.04476 0.533075 0.511681 0.279555 0.357719 0.312445 0.230977 0.192854
internal_count=384 55 329 302 169 99 70 133 78 50 122 107
is_linear=0
shrinkage=0.1


Tree=157
num_leaves=13
num_cat=0
split_feature=6 6 5 6 1 6 5 3 5 8 0 0
split_gain=0.815592 0.414024 0.9615 0.7029 0.560005 0.803083 1.17254 0.357763 0.267169 0.0410076 0.00663557 5.30504e-05
threshold=52.150000000000013 69.450000000000017 24.650000000000002 68.450000000000017 -0.98296291314453399 66.850000000000009 28.150000000000002 -0.56174490092936669 24.250000000000004 1.0000000180025095e-35 0.91597561503675362 -0.91597561503675329
decision_type=2 2 2 2 2 2 2 2 2 2 2 2
left_child=-1 3 8 4 -2 6 -6 -4 9 -3 11 -9
right_child=1 2 7 -5 5 -7 -8 10 -10 -11 -12 -13
leaf_value=-0.10116652006107084 0.034479704310712976 0.010920933411445559 -0.0054663758563862361 0.079393508588094325 0.029671052893650435 -0.069184504311707737 -0.058281582052940255 -0.088665300642099626 0.055536425532885819 -0.020169105903287573 -0.10285975006111464 -0.090222734394438009
leaf_weight=0.71051239548251288 5.4174622744321885 0.79451345931738615 0.63752733310684595 1.5531190349720407 5.9859332295600307 1.65132790012285 2.0297159109031782 0.50253221439197671 1.2253199478145687 0.91035982850007646 0.61370116472244263 0.38724637799896267
leaf_count=13 22 27 23 17 43 20 121 8 26 23 3 38
internal_value=0.00426184 0.00771244 -0.0173017 0.0153368 0.00874146 -0.00568248 0.00739976 -0.0682416 0.0199187 -0.00568037 -0.0948604 -0.0893431
internal_weight=22.4193 21.7088 5.0712 16.6376 15.0844 9.66698 8.01565 2.14101 2.93019 1.70487 1.50348 0.889779
internal_count=384 371 148 223 206 184 164 72 76 50 49 46
is_linear=0
shrinkage=0.1


Tree=158
num_leaves=17
num_cat=0
split_feature=5 5 0 8 6 2 6 5 5 5 3 6 1 1 5 1
split_gain=0.399815 1.51085 0.726496 0.529348 0.35164 0.731447 0.667082 0.549696 0.241378 0.00240393 9.59019e-05 7.97385e-05 3.14869e-05 6.07158e-06 1.035e-05 1.11168e-06
threshold=27.800000000000001 23.950000000000003 -0.25881904510252113 1.0000000180025095e-35 59.550000000000004 1.0000000180025095e-35 53.95000000000001 30.650000000000002 28.350000000000005 28.650000000000002 -0.22252093395631442 69.450000000000017 1.0000000180025095e-35 0.37940952255126026 24.350000000000005 0.78656609248549303
decision_type=2 2 2 2 2 2 2 2 2 2 2 2 2 2 2 2
left_child=1 3 8 -1 6 -6 -4 -8 -2 -10 -11 12 -3 -13 -15 -16
right_child=2 11 4 -5 5 -7 7 -9 9 10 -12 13 -14 14 15 -17
leaf_value=0.024626325650576372 0.023522400836609517 -0.081740030875272943 0.031475351579256204 -0.020970943478753182 -0.013926502561408316 0.068667286270582661 -0.072540242057534607 -0.0035765868036310941 0.091082350146146546 0.083566444170574655 0.081445982650566656 -0.081421339170636306 -0.082723336654512328 -0.081459797998845673 -0.080848801823809463 -0.080579598612222178
leaf_weight=5.3522343561053276 1.1056727617979061 0.69004314579069548 2.095652144402262 4.8560149520635623 2.5329651981592178 1.8592844847589729 2.212791571393609 2.4196396069601178 0.54925003647804238 0.4774711006321013 0.38548550521954894 0.42736567743122555 0.61668166657909751 0.29119796259328723 0.38026846013963223 0.25711657200008631
leaf_count=23 11 33 17 23 34 18 22 22 12 22 28 23 18 16 32 30
internal_value=-0.0019204 -0.0145621 0.0100101 0.00293592 -0.000972311 0.0210363 -0.01534 -0.0365187 0.0585143 0.0859108 0.0826192 -0.0816466 -0.0822041 -0.0811094 -0.0809659 -0.0807402
internal_weight=26.5091 12.8709 13.6382 10.2082 11.1203 4.39225 6.72808 4.63243 2.51788 1.41221 0.862957 2.66267 1.30672 1.35595 0.928583 0.637385
internal_count=384 198 186 46 113 52 61 44 73 62 50 152 51 101 78 62
is_linear=0
shrinkage=0.1


Tree=159
num_leaves=11
num_cat=0
split_feature=1 5 8 2 5 2 2 5 6 1
split_gain=0.320308 0.817708 0.811644 0.561361 0.627186 0.415714 0.373802 0.386529 0.00307299 2.59641e-05
threshold=0.78656609248549303 23.650000000000002 1.0000000180025095e-35 0.87837969732492682 23.550000000000004 0.6078576107927941 0.6078576107927941 23.750000000000004 81.15000000000002 0.37940952255126026
decision_type=2 2 2 2 2 2 2 2 2 2
left_child=2 -2 8 4 -4 -3 7 -6 9 -1
right_child=1 5 3 -5 6 -7 -8 -9 -10 -11
leaf_value=-0.082244626564410894 -0.037441262169977001 0.017798325002137721 0.1423962202867981 -0.088962391743725888 0.060848143791789266 0.10502239540182373 -0.099533700676881207 -0.010864774639163412 -0.09381579984273021 -0.083759626041313984
leaf_weight=0.2136311676003968 1.2594078164547684 1.0389385715825485 0.38017382659018073 0.5338505987310781 1.2354534864425666 1.1526117351604623 0.30032301222672675 1.9191098419250918 0.63631024304777384 0.24044158158358186
leaf_count=32 9 32 6 34 5 14 29 205 8 10
internal_value=0.0029244 0.0267716 -0.01215 0.00711271 0.0204866 0.0636725 0.00707175 0.0172209 -0.0893312 -0.0830469
internal_weight=8.91025 3.45096 5.45929 4.36891 3.83506 2.19155 3.45489 3.15456 1.09038 0.454073
internal_count=384 55 329 279 245 46 239 210 50 42
is_linear=0
shrinkage=0.1


Tree=160
num_leaves=14
num_cat=0
split_feature=0 5 6 6 6 0 2 5 0 0 1 1 1
split_gain=0.899889 0.591372 0.312398 0.308919 0.397011 0.722155 0.228241 0.247507 0.544978 0.0150135 1.02161e-05 4.49449e-06 2.97387e-06
threshold=-0.98296291314453399 28.550000000000004 82.050000000000026 77.750000000000014 73.15000000000002 -0.91597561503675329 1.0000000180025095e-35 29.550000000000004 0.91597561503675362 0.91597561503675362 -0.98296291314453399 -0.98296291314453399 -0.70710678118654757
decision_type=2 2 2 2 2 2 2 2 2 2 2 2 2
left_child=-1 2 3 4 5 -2 9 -8 11 10 -3 -9 -12
right_child=1 6 -4 -5 -6 -7 7 8 -10 -11 12 -13 -14
leaf_value=0.072452497928315041 -0.034630989309367803 -0.081299407285710584 0.032257249618641959 -0.034615637930240438 0.038892217437469963 0.011927389503745122 -0.094885267428864078 -0.081144128827799686 0.11895717851136652 -0.1058151432306552 -0.080308979254147053 -0.08032750778400205 -0.08087057638412222
leaf_weight=1.5813201945275093 5.4164100214839097 0.31144611909985531 2.5284948172047725 3.000086127780377 2.2913328474387518 8.6546732825227082 0.28668387467041601 0.14610593393445015 0.27529999613761902 0.36692263931035995 0.23661632160656143 0.12510701944120228 0.15676059876568527
leaf_count=27 30 17 31 37 35 73 11 9 1 2 55 34 22
internal_value=-0.000596377 -0.00545072 -0.000800355 -0.00511725 0.000291341 -0.00599442 -0.0588912 -0.0196332 0.0198417 -0.0894112 -0.0808715 -0.0807674 -0.0805328
internal_weight=25.3773 23.7959 21.891 19.3625 16.3624 14.0711 1.90494 0.833197 0.546513 1.07175 0.704823 0.271213 0.393377
internal_count=384 357 206 175 138 103 151 55 44 96 94 43 77
is_linear=0
shrinkage=0.1


Tree=161
num_leaves=14
num_cat=0
split_feature=1 2 1 1 6 5 1 5 8 6 0 5 2
split_gain=0.980911 0.453007 5.46634e-07 1.7657e-06 4.53666e-07 6.82855e-07 4.01627e-07 2.48934e-07 1.30428e-07 1.20407e-07 1.00315e-08 3.37626e-09 6.50578e-10
threshold=0.78656609248549303 0.6078576107927941 -0.98296291314453399 -0.37940952255126015 68.700000000000003 23.850000000000005 1.0000000180025095e-35 31.650000000000002 1.0000000180025095e-35 71.600000000000009 -0.25881904510252113 29.950000000000003 -1.0000000180025095e-35
decision_type=2 2 2 2 2 2 2 2 2 2 2 2 2
left_child=2 -2 -1 7 6 -6 8 10 -5 -7 12 -12 -4
right_child=1 -3 3 4 5 9 -8 -9 -10 -11 11 -13 -14
leaf_value=-0.080574288607342615 -0.010631112725867413 0.046172481097125129 -0.080102964376145863 -0.080530397704146883 -0.080566053562171405 -0.080386897952997763 -0.080650934487166884 -0.080386014423284358 -0.080394812474765834 -0.080263258853587427 -0.080160476952925386 -0.080127663793680803 -0.080084317329170748
leaf_weight=0.22273257980123151 3.5358455702662468 2.3285280410200357 0.040177939343266189 0.13966525136493146 0.16193870920687914 0.13473242241889238 0.18483596062287688 0.043666316545568407 0.14420225191861402 0.18962068972177804 0.050042186514474118 0.083982121897861362 0.035017172922380269
leaf_count=27 38 17 27 19 21 26 20 11 31 52 22 45 28
internal_value=-0.00618792 0.0119235 -0.0804303 -0.0804038 -0.080466 -0.0803983 -0.0805362 -0.0801688 -0.0804615 -0.0803146 -0.0801235 -0.0801399 -0.0800943
internal_weight=7.29499 5.86437 1.43061 1.20788 0.954995 0.486292 0.468703 0.252886 0.283868 0.324353 0.209219 0.134024 0.0751951
internal_count=384 55 329 302 169 99 70 133 50 78 122 67 55
is_linear=0
shrinkage=0.1


Tree=162
num_leaves=13
num_cat=0
split_feature=9 4 6 6 6 6 6 6 6 6 6 1
split_gain=0.352304 0.446904 0.642245 1.20054 0.76847 0.518867 0.322341 1.47315 0.586796 0.328341 0.107097 0.00428551
threshold=1.0000000180025095e-35 1.0000000180025095e-35 54.150000000000013 58.050000000000004 60.750000000000007 62.150000000000013 54.750000000000007 59.250000000000007 68.350000000000009 73.15000000000002 64.750000000000014 -0.98296291314453399
decision_type=2 2 2 2 2 2 2 2 2 2 2 2
left_child=1 2 -1 -4 -5 -6 -3 -8 10 -10 -9 -2
right_child=11 6 3 4 5 -7 7 8 9 -11 -12 -13
leaf_value=-0.09410949431814046 -0.033036834272001853 0.076535147925921254 0.081551300041261571 -0.097473819762336988 0.060610349305207256 -0.0094558078309863926 -0.10476816495502837 0.054554547581598972 -0.047259218937761915 0.035423681723560516 0.096269545262695322 -0.042665016557596698
leaf_weight=0.72533862828277662 0.90909600257873535 1.1837266397196788 1.6767445937730361 0.90553127299062808 1.1935438886284817 9.2328199424082396 0.8155491828219964 1.3302497582044455 0.82729827146977175 1.1449908595532177 1.145368392113596 0.94059789483435341
leaf_count=13 4 14 23 18 13 154 21 32 16 32 8 36
internal_value=0.00383724 0.00766566 -0.00253013 0.00257617 -0.00910953 -0.00143508 0.029385 0.0187812 0.0414347 0.000741434 0.0738544 -0.0379329
internal_weight=22.0309 20.1812 13.734 13.0086 11.3319 10.4264 6.44718 5.26346 4.44791 1.97229 2.47562 1.84969
internal_count=384 344 221 208 185 167 123 109 88 48 40 40
is_linear=0
shrinkage=0.1


Tree=163
num_leaves=13
num_cat=0
split_feature=5 6 8 6 6 6 2 6 5 0 1 5
split_gain=0.394396 0.863735 0.512745 0.490965 0.926705 0.459981 1.11148 0.977623 0.630694 0.415791 0.33499 0.00424473
threshold=22.950000000000003 76.950000000000017 1.0000000180025095e-35 71.850000000000009 74.850000000000009 62.300000000000004 0.6078576107927941 59.550000000000004 30.850000000000005 -1.0000000180025095e-35 -0.78656609248549325 23.650000000000002
decision_type=2 2 2 2 2 2 2 2 2 2 2 2
left_child=-1 3 -3 5 -5 7 9 8 -2 -7 -9 -4
right_child=1 2 11 4 -6 6 -8 10 -10 -11 -12 -13
leaf_value=0.035040279150449022 0.01819510096706619 -0.017636392338688633 -0.095879434916022591 0.099825991446267345 -0.019815348615293972 -0.029771946698283199 0.027667323155643034 0.10724254060271775 -0.041561667810877362 -0.09241858462912278 0.026639302715156906 -0.085800298811646497
leaf_weight=2.6059454679489162 4.3358753537759274 2.2621429422870278 0.80403576791286402 1.3669762471690767 1.2298959237523375 2.9092271775007248 2.7708512959070504 1.1603831667453053 2.9802029961720109 1.6662383405491699 0.92795082367956627 0.86989181954413652
leaf_count=10 64 25 5 21 22 64 36 21 31 25 23 37
internal_value=-0.00185296 -0.00598211 -0.048684 0.00270515 0.0431631 -0.00356706 -0.0223163 0.011079 -0.00614681 -0.0525859 0.0714265 -0.0906416
internal_weight=25.8896 23.2837 3.93607 19.3476 2.59687 16.7507 7.34632 9.40441 7.31608 4.57547 2.08833 1.67393
internal_count=384 374 67 307 43 264 125 139 95 89 44 42
is_linear=0
shrinkage=0.1


Tree=164
num_leaves=17
num_cat=0
split_feature=2 2 1 8 2 6 5 5 6 1 5 6 5 5 1 5
split_gain=0.32331 0.705392 0.697048 0.851518 0.594708 0.395632 0.337919 0.701382 0.0220421 0.00131829 0.000937107 0.000751623 0.000126783 2.46227e-05 8.83777e-06 5.85598e-07
threshold=-0.8783796973249266 -0.60785761079279388 0.9159756150367534 1.0000000180025095e-35 0.87837969732492682 65.700000000000003 23.750000000000004 31.850000000000005 83.90000000000002 0.9159756150367534 31.850000000000005 81.15000000000002 24.450000000000003 24.650000000000002 -0.98296291314453399 31.050000000000004
decision_type=2 2 2 2 2 2 2 2 2 2 2 2 2 2 2 2
left_child=6 8 3 11 5 -5 -1 9 10 12 13 -3 -8 -2 -14 -15
right_child=1 2 -4 4 -6 -7 7 -9 -10 -11 -12 -13 14 15 -16 -17
leaf_value=0.094740150989556016 -0.082094757130254575 -0.087381823019560989 0.071448292410359646 -0.025298406208236729 -0.087660039072665882 0.046699664156980625 -0.085551905293033248 0.098915351827397635 -0.11949590697148171 -0.093732636144262041 -0.091249199256697777 -0.092650800215292164 -0.081795037615717797 -0.080214676779388178 -0.080366845496508799 -0.080664991368944283
leaf_weight=0.7134360224008558 0.22309017193038005 0.50637624206137821 1.2566924456041304 1.1091683237464169 0.54811319950385939 2.4470159499323927 0.084432352334260941 0.38449223339557648 0.27659609913825989 0.16189479606691748 0.13510251045227051 0.58179931528866291 0.06799598759971559 0.086969121970469132 0.1194320828653872 0.04323373845545575
leaf_count=4 11 34 22 77 36 66 4 2 1 3 1 8 6 51 49 9
internal_value=0.002711 -0.00614833 0.00462126 -0.0115523 0.00929928 0.0242436 0.044438 0.00057916 -0.09694 -0.0865887 -0.0841658 -0.0901989 -0.0823344 -0.081457 -0.080885 -0.0803642
internal_weight=8.74584 7.21416 6.44917 5.19247 4.1043 3.55618 1.53168 0.818247 0.764992 0.433755 0.488396 1.08818 0.27186 0.353293 0.187428 0.130203
internal_count=384 316 243 221 179 143 68 64 73 62 72 42 59 71 55 60
is_linear=0
shrinkage=0.1


Tree=165
num_leaves=11
num_cat=0
split_feature=1 6 0 5 0 5 2 6 0 6
split_gain=0.919379 0.904031 0.816069 0.515717 0.339245 0.433934 0.207671 0.300019 0.0113255 9.83584e-05
threshold=0.78656609248549303 81.65000000000002 -0.98296291314453399 28.550000000000004 -0.91597561503675329 26.150000000000002 1.0000000180025095e-35 58.350000000000009 0.91597561503675362 83.100000000000009
decision_type=2 2 2 2 2 2 2 2 2 2
left_child=1 2 -1 4 -4 -6 8 -8 -5 -2
right_child=9 -3 3 6 5 -7 7 -9 -10 -11
leaf_value=0.069440397739780516 -0.081531372420897294 0.071055320762985361 -0.018972377431350995 -0.080809413437155642 0.031095313649186121 -0.0083984451881895707 0.033747483228711267 -0.091770323287948985 -0.10315623994733146 -0.083277150465719485
leaf_weight=1.5023457594215965 0.60575082898139843 1.8543727388605464 7.2005242109298733 0.64904480124823638 4.9264474883675593 6.3914323505014181 0.44711789977736771 0.33170935185626149 0.34859739989042282 0.69072051905095577
leaf_count=27 36 13 39 94 53 46 28 27 2 19
internal_value=-0.000468294 0.00402619 -0.00167623 -0.0069407 -0.0020034 0.0087924 -0.0584085 -0.0197117 -0.0886179 -0.0824615
internal_weight=24.9481 23.6516 21.7972 20.2949 18.5184 11.3179 1.77647 0.778827 0.997642 1.29647
internal_count=384 329 316 289 138 99 151 55 96 55
is_linear=0
shrinkage=0.1


Tree=166
num_leaves=14
num_cat=0
split_feature=1 2 1 1 6 5 1 5 8 6 0 5 2
split_gain=0.909355 0.404568 3.86528e-07 1.37397e-06 3.52159e-07 5.63569e-07 3.36687e-07 2.27861e-07 1.03964e-07 9.97766e-08 8.12189e-09 2.82315e-09 5.24146e-10
threshold=0.78656609248549303 0.6078576107927941 -0.98296291314453399 -0.37940952255126015 68.700000000000003 23.850000000000005 1.0000000180025095e-35 31.650000000000002 1.0000000180025095e-35 71.600000000000009 -0.25881904510252113 29.950000000000003 -1.0000000180025095e-35
decision_type=2 2 2 2 2 2 2 2 2 2 2 2 2
left_child=2 -2 -1 7 6 -6 8 10 -5 -7 12 -12 -4
right_child=1 -3 3 4 5 9 -8 -9 -10 -11 11 -13 -14
leaf_value=-0.080525566797690115 -0.0095504469417413817 0.044329650460586428 -0.080094208407982273 -0.08048915523064494 -0.080529258648996932 -0.080359411679544884 -0.080606207734185864 -0.080373046256447159 -0.080361857673666923 -0.080242067558139674 -0.080148565084038226 -0.080117261012898899 -0.080076705314493332
leaf_weight=0.20233075646683563 3.5146723426878452 2.3092046361416578 0.036812676640693098 0.12755156867206097 0.14923425670713186 0.12458634958602488 0.1711567691527307 0.041105484589934349 0.12908467766828846 0.17319303343538195 0.046056841965764428 0.076930801500566304 0.031964673660695553
leaf_count=27 38 17 27 19 21 26 20 11 31 52 22 45 28
internal_value=-0.00511966 0.0118134 -0.0803985 -0.0803753 -0.0804327 -0.0803707 -0.0804976 -0.0801594 -0.0804251 -0.0802912 -0.0801136 -0.080129 -0.0800861
internal_weight=7.13388 5.82388 1.31001 1.10768 0.874807 0.447014 0.427793 0.23287 0.256636 0.297779 0.191765 0.122988 0.0687774
internal_count=384 55 329 302 169 99 70 133 50 78 122 67 55
is_linear=0
shrinkage=0.1


Tree=167
num_leaves=13
num_cat=0
split_feature=9 4 6 6 6 6 6 6 6 6 6 1
split_gain=0.288421 0.372638 0.622584 1.97696 0.671533 0.487083 0.268831 1.29958 0.49088 0.267905 0.100259 0.0051563
threshold=1.0000000180025095e-35 1.0000000180025095e-35 55.350000000000001 58.050000000000004 60.750000000000007 62.150000000000013 54.750000000000007 59.250000000000007 68.350000000000009 73.15000000000002 64.750000000000014 -0.98296291314453399
decision_type=2 2 2 2 2 2 2 2 2 2 2 2
left_child=1 2 -1 -4 -5 -6 -3 -8 10 -10 -9 -2
right_child=11 6 3 4 5 -7 7 8 9 -11 -12 -13
leaf_value=-0.071089017622172943 -0.029777513775961568 0.069411497303420208 0.13010943480446971 -0.095527146817713016 0.058687898458535087 -0.0095708318657581337 -0.10281729032984673 0.049322905950245542 -0.043573673804543279 0.031597596225907729 0.090109105046041971 -0.040504013132365138
leaf_weight=1.2116444777930215 0.88895852863788605 1.1947424064856011 1.1296493671834458 0.82512337807565828 1.1800244067562733 9.1640446609817428 0.77264527534134675 1.328334015561268 0.8081244024215265 1.1470652464777229 1.1032677474431691 0.90375974355265387
leaf_count=18 4 14 18 18 13 154 21 32 16 32 8 36
internal_value=0.00322945 0.00669622 -0.00269662 0.00404119 -0.00870932 -0.00178405 0.0266676 0.0167697 0.0378325 0.000527599 0.0678284 -0.035185
internal_weight=21.6574 19.8647 13.5105 12.2988 11.1692 10.3441 6.35418 5.15944 4.38679 1.95519 2.4316 1.79272
internal_count=384 344 221 203 185 167 123 109 88 48 40 40
is_linear=0
shrinkage=0.1


Tree=168
num_leaves=8
num_cat=0
split_feature=6 6 0 5 1 8 1
split_gain=0.442106 1.59895 0.41828 0.47085 0.729826 1.29089 1.14149
threshold=84.500000000000014 81.65000000000002 0.91597561503675362 31.850000000000005 -0.12940952255126037 1.0000000180025095e-35 -0.98296291314453399
decision_type=2 2 2 2 2 2 2
left_child=1 2 3 4 6 -6 -1
right_child=-2 -3 -4 -5 5 -7 -8
leaf_value=0.0065489725131374441 0.047492317306552484 -0.10536458476517861 -0.031259356404039332 -0.050891061851846969 0.033440143098498118 -0.041813206258682706 0.084890395252237016
leaf_weight=5.4566306322813132 1.7125133182853449 1.4907839503139246 3.2877970039844504 1.2901340052485455 4.1719523956999183 5.0251371259801108 2.8216509949415949
leaf_count=22 17 18 31 9 33 114 140
internal_value=-0.00156455 -0.00513278 0.0016428 0.0074074 0.0117113 -0.00767704 0.0332516
internal_weight=25.2566 23.5441 22.0533 18.7655 17.4754 9.19709 8.27828
internal_count=384 367 349 318 309 147 162
is_linear=0
shrinkage=0.1


Tree=169
num_leaves=10
num_cat=0
split_feature=5 6 6 6 2 5 6 1 3
split_gain=0.309689 0.377728 0.98621 0.864948 0.541612 0.352397 0.00528078 0.00442635 0.000262715
threshold=23.150000000000002 80.300000000000026 71.750000000000014 71.600000000000009 0.6078576107927941 23.950000000000003 78.750000000000014 0.37940952255126026 -0.56174490092936669
decision_type=2 2 2 2 2 2 2 2 2
left_child=-1 2 3 4 5 -2 8 -6 -4
right_child=1 -3 6 -5 7 -7 -8 -9 -10
leaf_value=-0.083745322673654046 0.075916481437075856 0.030184347498186926 -0.090734843434921691 0.17000926678365511 -0.083210980441562388 -0.0069260959525554713 -0.10308489273964364 -0.10117898923710274 -0.08695662276820762
leaf_weight=0.40057180775329548 0.73418260365724508 3.6503193975659087 0.35308803973020986 0.32198589108884323 0.33163187585887488 1.7081471669080199 0.39574580820044503 0.23373135749716312 0.38439691433450185
leaf_count=14 4 41 22 3 58 186 9 8 39
internal_value=0.00208838 0.00632622 -0.0131879 0.0142363 -0.00243986 0.017977 -0.0937661 -0.0906393 -0.0887655
internal_weight=8.5138 8.11323 4.46291 3.32968 3.00769 2.44233 1.13323 0.565363 0.737485
internal_count=384 370 329 259 256 190 70 66 61
is_linear=0
shrinkage=0.1


Tree=170
num_leaves=15
num_cat=0
split_feature=5 1 0 6 6 2 3 2 6 1 6 1 5 0
split_gain=0.710471 0.305327 0.632421 0.249979 0.380062 0.42153 0.404682 0.21696 0.267823 0.00810245 7.81287e-05 7.23337e-06 1.54201e-06 7.30735e-09
threshold=28.550000000000004 0.60355339059327384 -0.60355339059327362 73.15000000000002 68.050000000000011 -1.0000000180025095e-35 -0.22252093395631442 1.0000000180025095e-35 58.350000000000009 -0.37940952255126015 83.100000000000009 -0.98296291314453399 31.450000000000003 0.12940952255126059
decision_type=2 2 2 2 2 2 2 2 2 2 2 2 2 2
left_child=1 3 -3 4 5 -1 -6 9 -9 11 -4 -2 13 -13
right_child=7 2 10 -5 6 -7 -8 8 -10 -11 -12 12 -14 -15
leaf_value=0.045285133445788467 -0.081111464831815694 0.0089249692976939802 -0.081393019908673411 0.029894199019895304 -0.050702671079022335 0.00030254093386653934 0.0054570614195812604 0.030810033772447145 -0.091315432988864575 -0.098086142562798656 -0.083016894037540964 -0.080195183442893767 -0.080729997183086544 -0.080234856037202429
leaf_weight=3.0462060444988364 0.26284267939627159 2.1077249944210057 0.55641923751681932 4.3968684403225771 2.2715850761160254 6.5900523965247011 2.9486756846308699 0.43818930070847262 0.30425465025473386 0.5439058905467381 0.63373300805687904 0.09744027943816036 0.08411836507730186 0.088683244539424777
leaf_count=29 17 31 36 28 21 38 30 28 27 6 19 35 14 25
internal_value=-0.000716515 0.00413326 -0.0239814 0.00894898 0.00275012 0.0145224 -0.0189807 -0.0608279 -0.0192372 -0.0894992 -0.0822577 -0.080738 -0.0803747 -0.0802141
internal_weight=24.3707 22.5513 3.29788 19.2534 14.8565 9.63626 5.22026 1.81943 0.742444 1.07699 1.19015 0.533085 0.270242 0.186124
internal_count=384 232 86 146 118 67 51 152 55 97 55 91 74 60
is_linear=0
shrinkage=0.1


Tree=171
num_leaves=14
num_cat=0
split_feature=1 2 1 1 6 5 5 1 6 8 0 5 2
split_gain=0.808581 0.332835 2.94889e-07 1.024e-06 3.21003e-07 3.95326e-07 2.7036e-07 2.57782e-07 8.61652e-08 8.29982e-08 5.40148e-09 1.46417e-09 3.21855e-10
threshold=0.78656609248549303 0.6078576107927941 -0.98296291314453399 -0.37940952255126015 68.700000000000003 23.850000000000005 31.750000000000004 1.0000000180025095e-35 71.600000000000009 1.0000000180025095e-35 -0.25881904510252113 29.950000000000003 -1.0000000180025095e-35
decision_type=2 2 2 2 2 2 2 2 2 2 2 2 2
left_child=2 -2 -1 6 7 -6 10 9 -7 -5 12 -12 -4
right_child=1 -3 3 4 5 8 -8 -9 -10 -11 11 -13 -14
leaf_value=-0.080486017587931058 -0.0090800738939439806 0.040152436962083732 -0.080079977711749767 -0.080456128888624898 -0.080476914758178683 -0.080333223439888454 -0.080422205373394992 -0.080562686050108689 -0.080218958717543032 -0.080336580682819181 -0.080126184087394109 -0.08010219069376194 -0.080065091028051497
leaf_weight=0.18549205758608855 3.4585465267300606 2.2773765120655298 0.031255453359335661 0.11783430725336075 0.1350729304831475 0.11456064041703939 0.030238619074225426 0.15827022888697684 0.15567155880853534 0.11450980463996552 0.039126449963077681 0.072674428462050855 0.027129259950015694
leaf_count=27 38 17 27 19 21 26 7 20 52 31 22 49 28
internal_value=-0.00505165 0.0104671 -0.0803702 -0.0803487 -0.0803996 -0.0803372 -0.0801467 -0.0804643 -0.0802674 -0.0803972 -0.0800977 -0.0801106 -0.0800731
internal_weight=6.91776 5.73592 1.18184 0.996344 0.795919 0.405305 0.200424 0.390614 0.270232 0.232344 0.170186 0.111801 0.0583847
internal_count=384 55 329 302 169 99 133 70 78 50 126 71 55
is_linear=0
shrinkage=0.1


Tree=172
num_leaves=9
num_cat=0
split_feature=6 6 5 5 6 6 2 6
split_gain=0.705454 0.35933 0.281354 1.32266 0.402983 0.954884 0.526121 0.00333783
threshold=52.150000000000013 54.150000000000013 23.350000000000005 24.250000000000004 71.600000000000009 76.750000000000014 -1.0000000180025095e-35 68.350000000000009
decision_type=2 2 2 2 2 2 2 2
left_child=-1 -2 -3 7 6 -6 -5 -4
right_child=1 2 3 4 5 -7 -8 -9
leaf_value=-0.1007288236030553 0.056962165567642831 0.044645096283489727 -0.099353400345293594 -0.010216782566615236 -0.088684052872644845 0.082549549892650842 0.027922715382732551 -0.089539495200683855
leaf_weight=0.63901111984160053 1.2945429701358104 1.4676091792061949 0.61008085124194866 6.1616278145229542 1.1569880730239663 0.45324450766202051 8.7576914993114681 0.80233463644981384
leaf_count=13 16 17 6 110 38 41 105 38
internal_value=0.00275666 0.00595063 0.00254836 -0.000895052 0.00704165 -0.0404856 0.0121712 -0.0937785
internal_weight=21.3431 20.7041 19.4096 17.942 16.5296 1.61023 14.9193 1.41242
internal_count=384 371 355 338 294 79 215 44
is_linear=0
shrinkage=0.1


Tree=173
num_leaves=8
num_cat=0
split_feature=6 6 0 5 6 6 6
split_gain=0.397466 1.40894 0.395589 0.428075 0.638292 0.954188 0.732041
threshold=84.500000000000014 81.65000000000002 0.91597561503675362 31.850000000000005 62.300000000000004 59.550000000000004 67.250000000000014
decision_type=2 2 2 2 2 2 2
left_child=1 2 3 4 5 -1 -6
right_child=-2 -3 -4 -5 6 -7 -8
leaf_value=0.014089350461692128 0.045552589896612386 -0.1024505075739882 -0.030320489901891963 -0.048503283860397137 -0.049029061028918207 0.10381397837852696 0.011817619082175691
leaf_weight=4.5377678307704796 1.710314456373452 1.3778725923039008 3.2416379172354928 1.2658142074942578 2.6049102223478249 1.6042861931491641 8.2059537000022811
leaf_count=80 17 18 31 9 53 39 137
internal_value=-0.00094501 -0.00442713 0.0018665 0.0075935 0.011782 0.0375252 -0.00284357
internal_weight=24.5486 22.8382 21.4604 18.2187 16.9529 6.14205 10.8109
internal_count=384 367 349 318 309 119 190
is_linear=0
shrinkage=0.1


Tree=174
num_leaves=11
num_cat=0
split_feature=5 6 6 6 2 5 6 1 5 6
split_gain=0.280002 0.347034 0.869964 0.716071 0.477554 0.310132 0.00632661 0.00339627 0.00115123 4.21292e-05
threshold=23.150000000000002 80.300000000000026 71.750000000000014 71.600000000000009 0.6078576107927941 23.950000000000003 79.250000000000014 0.37940952255126026 23.750000000000004 77.500000000000014
decision_type=2 2 2 2 2 2 2 2 2 2
left_child=-1 2 3 4 5 -2 8 -6 -4 -10
right_child=1 -3 6 -5 7 -7 -8 -9 9 -11
leaf_value=-0.083398788057651038 0.06969605796037201 0.028665036443780406 -0.090559718898040834 0.15214800634364584 -0.083107144536147592 -0.0083352844358794125 -0.1049820264375535 -0.09940959576342763 -0.081040582644846981 -0.083582766820988835
leaf_weight=0.36688093561679114 0.73105923086404923 3.6453367351787165 0.49066250398755051 0.32873893971554924 0.30418092754553061 1.6794220312731338 0.29524830274749547 0.22037010884378105 0.12771252368111163 0.13315387017792091
leaf_count=14 4 41 5 3 58 186 5 8 46 14
internal_value=0.00201507 0.00595388 -0.0132525 0.0121896 -0.00348651 0.0153303 -0.0925787 -0.089956 -0.0877059 -0.0823382
internal_weight=8.32277 7.95589 4.31055 3.26377 2.93503 2.41048 1.04678 0.524551 0.751529 0.260866
internal_count=384 370 329 259 256 190 70 66 65 60
is_linear=0
shrinkage=0.1


Tree=175
num_leaves=14
num_cat=0
split_feature=0 5 3 6 3 5 2 0 6 0 1 1 1
split_gain=0.650706 0.437303 0.249326 0.611806 0.393026 0.575317 0.189013 0.191873 0.0990408 0.00762916 4.43815e-06 2.41504e-06 1.72107e-06
threshold=-0.98296291314453399 28.550000000000004 0.81174490092936691 67.350000000000009 -1.0000000180025095e-35 26.350000000000005 1.0000000180025095e-35 0.91597561503675362 64.40000000000002 0.91597561503675362 -0.98296291314453399 -0.98296291314453399 -0.70710678118654757
decision_type=2 2 2 2 2 2 2 2 2 2 2 2 2
left_child=-1 2 3 8 5 -5 9 11 -2 10 -3 -8 -12
right_child=1 6 -4 4 -6 -7 7 -9 -10 -11 12 -13 -14
leaf_value=0.065879727222846712 0.0081133330750469742 -0.081012255589869298 0.031342652373111984 0.0089476817403603276 -0.044910491751781446 -0.053776642857265647 -0.081024448753066317 0.024759091820376583 0.032030085391922612 -0.10034384446404809 -0.080221332966356126 -0.080447780034607633 -0.080719865381193134
leaf_weight=1.3807661235332513 3.9105958458967605 0.23970538331195712 2.1348242117092004 6.1372256060130965 3.8291112529113791 1.9196935668587682 0.14137812983244658 0.42380890250205994 3.107179397251457 0.31694025546312332 0.16666232352145016 0.14932904520537704 0.11847632285207399
leaf_count=27 28 17 22 88 38 16 10 2 14 2 55 43 22
internal_value=-0.000762929 -0.00483543 -0.00105167 -0.00470999 -0.0185334 -0.00599742 -0.0559857 -0.0181594 0.0187027 -0.088093 -0.0806951 -0.0807282 -0.0804285
internal_weight=23.9757 22.5949 21.0386 18.9038 11.886 8.05692 1.5563 0.714516 7.01778 0.841784 0.524844 0.290707 0.285139
internal_count=384 357 206 184 142 104 151 55 42 96 94 53 77
is_linear=0
shrinkage=0.1


Tree=176
num_leaves=14
num_cat=0
split_feature=1 2 1 1 6 5 5 1 6 8 0 5 2
split_gain=0.727752 0.278257 2.07782e-07 7.60076e-07 2.5486e-07 2.87554e-07 2.46615e-07 1.90496e-07 7.36242e-08 5.27228e-08 4.15584e-09 1.36752e-09 2.13612e-10
threshold=0.78656609248549303 0.6078576107927941 -0.98296291314453399 -0.37940952255126015 68.700000000000003 23.850000000000005 31.750000000000004 1.0000000180025095e-35 71.600000000000009 1.0000000180025095e-35 -0.25881904510252113 29.450000000000003 -1.0000000180025095e-35
decision_type=2 2 2 2 2 2 2 2 2 2 2 2 2
left_child=2 -2 -1 6 7 -6 10 9 -7 -5 12 -12 -4
right_child=1 -3 3 4 5 8 -8 -9 -10 -11 11 -13 -14
leaf_value=-0.080442248627875981 -0.0088014689184727577 0.03649406574615903 -0.080071957020098186 -0.080416266466241282 -0.080434197420423459 -0.080310175740068393 -0.080408493986011909 -0.080515746816855555 -0.080200314782501267 -0.08031672065189438 -0.080119464465890328 -0.080093462744987659 -0.080059186852608738
leaf_weight=0.16864294093102195 3.4140992686152458 2.2500591315329075 0.028032452857587487 0.10775217576883733 0.12305608042515814 0.1066802655113861 0.028613403672352433 0.1449493037071079 0.14246077719144523 0.10510101530235283 0.027926802635192649 0.073360984970349818 0.024588365049567074
leaf_count=27 38 17 27 19 21 26 7 20 52 31 17 54 28
internal_value=-0.00515859 0.00919196 -0.0803403 -0.0803214 -0.0803671 -0.0803091 -0.0801389 -0.0804273 -0.0802474 -0.0803671 -0.0800888 -0.0801006 -0.080066
internal_weight=6.74532 5.66416 1.08116 0.912522 0.73 0.372197 0.182522 0.357802 0.249141 0.212853 0.153909 0.101288 0.0526208
internal_count=384 55 329 302 169 99 133 70 78 50 126 71 55
is_linear=0
shrinkage=0.1


Tree=177
num_leaves=14
num_cat=0
split_feature=2 6 5 6 8 0 5 5 6 5 5 1 5
split_gain=0.243841 0.845341 0.773171 0.714675 0.570143 0.520771 1.12149 1.1079 1.02586 0.608056 0.526585 0.0140425 0.000104153
threshold=0.6078576107927941 58.050000000000004 26.850000000000005 52.150000000000013 1.0000000180025095e-35 -1.0000000180025095e-35 25.850000000000005 25.350000000000005 75.850000000000009 30.650000000000002 28.550000000000004 1.0000000180025095e-35 26.250000000000004
decision_type=2 2 2 2 2 2 2 2 2 2 2 2 2
left_child=3 -2 4 -1 -3 6 7 8 -5 10 -7 12 -8
right_child=1 2 -4 5 -6 9 11 -9 -10 -11 -12 -13 -14
leaf_value=-0.099108323572234577 0.057336585532427022 -0.051805655620484739 -0.095429546118154879 -0.049270120460436127 0.044396972693004987 0.021023162594089359 -0.0834393850031597 0.10304247986063833 0.054960361363155685 -0.012475144440103406 0.079623508651446281 -0.10291056269920221 -0.080979023627703012
leaf_weight=0.58924819680396723 1.2026790711097408 1.2416906291618943 1.4846090781502423 2.5674822088330993 1.2226231640670453 3.6621328173205221 0.23444941174238898 1.0795097843511028 1.4935833194758741 2.5303560134489089 2.6380948714213446 0.4787641866132617 0.64654560532653704
leaf_count=10 17 13 33 34 34 22 7 13 53 22 32 14 80
internal_value=0.00284496 -0.0160657 -0.038421 0.00896425 -0.00407652 0.013118 -0.00836353 0.0129991 -0.0109361 0.028931 0.0455609 -0.0891252 -0.0816338
internal_weight=21.0718 5.1516 3.94892 15.9202 2.46431 15.3309 6.50033 5.14058 4.06107 8.83058 6.30023 1.35976 0.880995
internal_count=384 97 80 287 47 277 201 100 87 76 54 101 87
is_linear=0
shrinkage=0.1


Tree=178
num_leaves=11
num_cat=0
split_feature=5 5 0 8 8 1 0 2 6 5
split_gain=0.370564 1.3066 0.424439 1.09967 1.00976 2.35083 0.726027 0.402583 0.346986 0.0327827
threshold=22.950000000000003 23.350000000000005 -0.37940952255126059 1.0000000180025095e-35 1.0000000180025095e-35 0.37940952255126026 -0.98296291314453399 0.6078576107927941 57.850000000000001 23.650000000000002
decision_type=2 2 2 2 2 2 2 2 2 2
left_child=-1 -2 4 -4 -3 6 -6 8 -5 -7
right_child=1 2 3 7 5 9 -8 -9 -10 -11
leaf_value=0.035594290580889996 -0.10321657311061135 0.062180460741418225 -0.067605311135135848 0.018951196527949188 -0.047463871967113221 -0.10987745390401166 0.061786196884542115 0.053014983934670315 -0.024714862926490447 -0.083994762014187554
leaf_weight=2.5110557079315212 1.2744048312306429 3.229331559967255 2.6813639560714355 3.4476639418862689 0.76797195477411673 0.94047562032937992 2.9254643195308714 1.4852846777066586 3.8541799453087151 1.0201935674995182
leaf_count=10 7 27 40 34 27 5 95 26 59 54
internal_value=-0.000767895 -0.00498995 0.00116085 -0.0115491 0.0175693 -0.00791029 0.03907 0.00555633 -0.00409734 -0.0964099
internal_weight=24.1374 21.6263 20.3519 11.4685 8.88344 5.65411 3.69344 8.78713 7.30184 1.96067
internal_count=384 374 367 159 208 181 122 119 93 59
is_linear=0
shrinkage=0.1


Tree=179
num_leaves=13
num_cat=0
split_feature=1 5 6 6 2 5 6 2 3 1 8 5
split_gain=0.263323 0.702029 0.624808 0.586175 0.459453 0.463111 0.566482 0.394433 0.232011 0.00285823 0.00148828 0.00015889
threshold=0.78656609248549303 23.650000000000002 71.750000000000014 71.600000000000009 0.6078576107927941 23.950000000000003 56.650000000000013 0.6078576107927941 -0.56174490092936669 0.37940952255126026 1.0000000180025095e-35 23.850000000000005
decision_type=2 2 2 2 2 2 2 2 2 2 2 2
left_child=2 -2 3 4 5 -1 -7 -3 -4 11 -10 -6
right_child=1 7 8 -5 9 6 -8 -9 10 -11 -12 -13
leaf_value=0.09231992627097968 -0.037476278486782581 0.011683117488871126 -0.017935508259175337 0.13953117377480914 -0.086462036126025196 0.03568149592922866 -0.085413509430313658 0.098408536277239889 -0.087000426571675588 -0.09840282800329514 -0.09467052560825584 -0.081303550681299519
leaf_weight=0.60712175723165396 1.2134436084888878 0.98185351537540588 0.73751998879015435 0.33097911998629559 0.086440779268741497 1.0271727812069 0.61917117139091704 1.1256401346763594 0.44359093089587975 0.2069254411617294 0.58872474322561164 0.19309469196014106
leaf_count=5 9 32 23 3 1 41 143 14 14 6 36 57
internal_value=0.00143043 0.0231165 -0.013447 0.0138271 -0.0013578 0.0176683 -0.00986095 0.0580043 -0.0607713 -0.0894937 -0.0913746 -0.0828987
internal_weight=8.16168 3.32094 4.84074 3.07091 2.73993 2.25347 1.64634 2.10749 1.76984 0.486461 1.03232 0.279535
internal_count=384 55 329 256 253 189 184 46 73 64 50 58
is_linear=0
shrinkage=0.1


Tree=180
num_leaves=17
num_cat=0
split_feature=5 1 0 6 6 3 2 5 0 6 5 1 6 1 5 0
split_gain=0.578489 0.244868 0.589268 0.243423 0.2847 0.409075 0.211713 0.195618 0.406562 0.183883 0.119692 0.00578563 6.21784e-05 4.189e-06 1.02348e-06 6.98532e-09
threshold=28.550000000000004 0.60355339059327384 -0.60355339059327362 71.950000000000017 68.050000000000011 -0.56174490092936669 1.0000000180025095e-35 29.550000000000004 0.91597561503675362 69.850000000000009 27.050000000000004 -0.37940952255126015 83.100000000000009 -0.98296291314453399 31.450000000000003 0.12940952255126059
decision_type=2 2 2 2 2 2 2 2 2 2 2 2 2 2 2 2
left_child=1 3 -3 4 5 -1 11 -8 -9 -6 -7 13 -4 -2 15 -15
right_child=6 2 12 -5 9 10 7 8 -10 -11 -12 -13 -14 14 -16 -17
leaf_value=0.034090697029585511 -0.080937950151927035 0.0088506601673592894 -0.081254760491542108 0.027594231805011943 -0.041830945907505954 0.0069601100566726139 -0.092417519593581257 -0.080664557986495647 0.10928929944020363 -0.0015447043684421763 -0.023539830092176292 -0.09628664052400944 -0.08277287032766377 -0.080159205036141823 -0.080639771964327214 -0.08020181871894444
leaf_weight=4.2680177963338846 0.22107857698574662 2.0841200528666382 0.50701218657195457 4.6690141344442955 2.0118535170331588 2.6640103813260829 0.22276827273890376 0.20846195868216455 0.24521878361701965 2.5936286044307053 2.4886203468777239 0.50157132279127725 0.57663955539464951 0.078390208538621664 0.070687271188944578 0.075530846370384097
leaf_count=25 17 31 36 33 21 21 11 43 1 25 21 6 19 35 14 25
internal_value=-0.000816684 0.00346029 -0.0222495 0.00781666 0.0012331 0.0111945 -0.0584054 -0.0156751 0.0220073 -0.0191433 -0.00777077 -0.0889197 -0.0820626 -0.0806289 -0.0803248 -0.0801801
internal_weight=23.4866 21.8629 3.16777 18.6951 14.0261 9.42065 1.62371 0.676449 0.453681 4.60548 5.15263 0.947258 1.08365 0.445687 0.224608 0.153921
internal_count=384 232 86 146 113 67 152 55 44 46 42 97 55 91 74 60
is_linear=0
shrinkage=0.1


Tree=181
num_leaves=15
num_cat=0
split_feature=1 6 2 1 1 6 5 5 1 6 8 0 5 2
split_gain=0.674979 0.272012 0.202491 1.55426e-07 6.09407e-07 2.10652e-07 2.32135e-07 1.7915e-07 1.46961e-07 5.68397e-08 4.68351e-08 3.87048e-09 1.29791e-09 1.4015e-10
threshold=0.78656609248549303 83.90000000000002 1.0000000180025095e-35 -0.98296291314453399 -0.37940952255126015 68.700000000000003 23.850000000000005 31.750000000000004 1.0000000180025095e-35 71.600000000000009 1.0000000180025095e-35 -0.25881904510252113 29.350000000000005 -1.0000000180025095e-35
decision_type=2 2 2 2 2 2 2 2 2 2 2 2 2 2
left_child=3 2 -2 -1 7 8 -7 11 10 -8 -6 13 -13 -5
right_child=1 -3 -4 4 5 6 9 -9 -10 -11 -12 12 -14 -15
leaf_value=-0.08040739583949813 0.0025647680284957871 -0.015613193866278623 0.053192889133113368 -0.080062498097831114 -0.080390002401681496 -0.080402574478676533 -0.080285327454670513 -0.080369514294364217 -0.080478849686611315 -0.080184416643795303 -0.080291482794109567 -0.080112349660012516 -0.080085711962626274 -0.08005139917649523
leaf_weight=0.15416757902130473 1.5278174895793202 2.4556856565177441 1.635837967507541 0.024350533029064536 0.099680596496909857 0.1134412745013833 0.097458580508828163 0.025491946609690785 0.13316000928170979 0.13064181851223111 0.09352827852126222 0.024949863262008765 0.068541513232048601 0.021354218886699528
leaf_count=27 23 15 17 27 19 21 26 7 20 52 31 16 55 28
internal_value=-0.00403565 0.00935917 0.0287432 -0.0803152 -0.0802981 -0.0803406 -0.0802857 -0.0801258 -0.080398 -0.0802275 -0.0803423 -0.0800812 -0.0800928 -0.0800573
internal_weight=6.60611 5.61934 3.16366 0.986766 0.832599 0.667911 0.341542 0.164688 0.326369 0.2281 0.193209 0.139196 0.0934914 0.0457048
internal_count=384 55 40 329 302 169 99 133 70 78 50 126 71 55
is_linear=0
shrinkage=0.1


Tree=182
num_leaves=13
num_cat=0
split_feature=9 4 6 6 6 6 6 6 6 6 5 0
split_gain=0.231944 0.356612 0.583959 1.54971 0.570344 0.4685 0.253597 1.15508 0.465328 0.227754 0.0361959 0.00442112
threshold=1.0000000180025095e-35 1.0000000180025095e-35 55.350000000000001 58.050000000000004 60.750000000000007 62.150000000000013 54.750000000000007 59.250000000000007 68.350000000000009 73.15000000000002 28.450000000000003 1.0000000180025095e-35
decision_type=2 2 2 2 2 2 2 2 2 2 2 2
left_child=1 2 -1 -4 -5 -6 -3 -8 10 -10 -9 -2
right_child=11 6 3 4 5 -7 7 8 9 -11 -12 -13
leaf_value=-0.072052202129300455 -0.038539474667823065 0.068413640709970372 0.11542363625148962 -0.093525989329797957 0.058074076988802695 -0.010179683982289016 -0.10090822311139445 0.080021127383727034 -0.043610843658461219 0.02761950635474112 0.054907538146060302 -0.028201410380099143
leaf_weight=1.1365991678321794 0.80757413094397523 1.1350544486194838 1.1106928407680232 0.73764994065277179 1.1351583983050648 8.8163522487739083 0.7215301357791758 1.0090447980910542 0.75480191514361639 1.1075606390368191 1.3308413070626555 0.84809633158147335
leaf_count=18 35 14 18 18 13 154 21 9 16 32 31 5
internal_value=0.00265298 0.00578184 -0.00359512 0.00299888 -0.00868299 -0.00239405 0.0258029 0.0159801 0.0360499 -0.00124963 0.0657374 -0.0332439
internal_weight=20.651 18.9953 12.9365 11.7999 10.6892 9.95151 6.05883 4.92378 4.20225 1.86236 2.33989 1.65567
internal_count=384 344 221 203 185 167 123 109 88 48 40 40
is_linear=0
shrinkage=0.1


Tree=183
num_leaves=8
num_cat=0
split_feature=6 6 5 0 6 6 6
split_gain=0.338366 1.25591 0.3126 0.340465 0.515343 0.863657 0.592153
threshold=84.500000000000014 81.65000000000002 31.850000000000005 0.91597561503675362 62.300000000000004 59.550000000000004 67.250000000000014
decision_type=2 2 2 2 2 2 2
left_child=1 2 3 4 5 -1 -6
right_child=-2 -3 -4 -5 6 -7 -8
leaf_value=0.012379939368047951 0.042248518685536113 -0.10068476612814642 -0.047233680512433256 -0.025638831571155398 -0.045231437857588354 0.10144821478380789 0.010719498654285904
leaf_weight=4.3810223056934943 1.6954894196242083 1.268722251523285 1.2210238054394711 3.0636485107243052 2.4834945010952634 1.4486508043482897 7.9361003185622394
leaf_count=80 17 18 9 31 53 39 137
internal_value=-0.000782703 -0.00412904 0.00183681 0.0049392 0.0107044 0.0345131 -0.00261632
internal_weight=23.4982 21.8027 20.5339 19.3129 16.2493 5.82967 10.4196
internal_count=384 367 349 340 309 119 190
is_linear=0
shrinkage=0.1


Tree=184
num_leaves=12
num_cat=0
split_feature=6 6 6 2 6 0 2 5 6 3 1
split_gain=0.264139 0.744275 0.492044 0.382734 0.339367 0.55636 0.0780185 0.0725749 0.00227556 0.000166849 0.000379623
threshold=80.300000000000026 71.750000000000014 71.600000000000009 -0.8783796973249266 51.45000000000001 -0.91597561503675329 1.0000000180025095e-35 31.850000000000005 79.250000000000014 -0.56174490092936669 0.9159756150367534
decision_type=2 2 2 2 2 2 2 2 2 2 2
left_child=1 2 3 7 -5 -6 -2 -1 9 -3 -11
right_child=6 8 -4 4 5 -7 -8 -9 -10 10 -12
leaf_value=0.028065589142766946 0.0046868868379090784 -0.088665717543693956 0.12425554599865729 0.049964463767224396 0.033812670913130574 -0.089002958303271942 0.033359343661801016 0.094698792943080576 -0.097161772630350321 -0.082568220412939125 -0.088708495378330809
leaf_weight=0.32809358893428031 1.76194255030714 0.31348869728390127 0.32650858513079573 0.45654909918084818 0.55734940856928061 1.0905964314297298 2.0568473148159683 0.32574476301670074 0.31254577561048791 0.20464220116264165 0.19821179448626935
leaf_count=45 23 24 3 8 44 159 23 2 8 35 10
internal_value=0.00119086 -0.0163906 0.00817438 -0.00556634 -0.0263292 -0.0474657 0.0201302 0.0612625 -0.090042 -0.0869356 -0.0855894
internal_weight=7.93252 4.11373 3.08484 2.75833 2.10449 1.64795 3.81879 0.653838 1.02889 0.716343 0.402854
internal_count=384 338 261 258 211 203 46 47 77 69 45
is_linear=0
shrinkage=0.1


Tree=185
num_leaves=16
num_cat=0
split_feature=5 1 0 6 0 5 5 2 5 0 1 6 1 5 0
split_gain=0.540121 0.198191 0.554282 0.20533 0.254344 0.544595 0.45054 0.190047 0.174784 0.357469 0.0048348 5.0281e-05 3.09089e-06 9.54105e-07 6.14753e-09
threshold=28.550000000000004 0.60355339059327384 -0.60355339059327362 71.950000000000017 -0.91597561503675329 24.650000000000002 26.650000000000002 1.0000000180025095e-35 29.550000000000004 0.91597561503675362 -0.37940952255126015 83.100000000000009 -0.98296291314453399 31.450000000000003 0.12940952255126059
decision_type=2 2 2 2 2 2 2 2 2 2 2 2 2 2 2
left_child=1 3 -3 4 5 -1 -6 10 -9 -10 12 -4 -2 14 -14
right_child=7 2 11 -5 6 -7 -8 8 9 -11 -12 -13 13 -15 -16
leaf_value=-0.053041082379508199 -0.080864398250882263 0.00890356052361084 -0.081137055994969842 0.025169920799621423 0.042195933304612805 0.0096735615062091031 -0.006308317630392881 -0.09170612825113697 -0.080615511394450223 0.10518515390924797 -0.095415880775387193 -0.082563478333701937 -0.080144162804716743 -0.080628201072419928 -0.080186161360532388
leaf_weight=2.2912122756242814 0.20140211423859 2.0769373718649153 0.46035944996401568 4.6346587780863038 3.107593936845662 3.4994215779006481 4.9901412194594741 0.20704164181370288 0.18995980906765908 0.2276332676410675 0.47936319466680177 0.53350335452705622 0.070571394287981093 0.065253430278971791 0.068858896964229643
leaf_count=13 17 31 36 33 25 37 38 11 43 1 6 19 35 14 25
internal_value=-0.000999957 0.00304337 -0.0204859 0.00694411 0.000862011 -0.0151411 0.0123057 -0.0588185 -0.016581 0.0206659 -0.0886147 -0.0819028 -0.0805863 -0.0803126 -0.0801649
internal_weight=23.1039 21.5938 3.0708 18.523 13.8884 5.79063 8.09774 1.51008 0.624635 0.417593 0.885449 0.993863 0.406086 0.204684 0.13943
internal_count=384 232 86 146 113 50 63 152 55 44 97 55 91 74 60
is_linear=0
shrinkage=0.1


Tree=186
num_leaves=11
num_cat=0
split_feature=1 3 0 1 1 6 5 5 6 1
split_gain=0.607155 0.242522 1.3099e-07 1.84812e-07 5.05824e-07 2.5407e-07 1.668e-07 1.07464e-07 4.0665e-08 3.75554e-08
threshold=0.78656609248549303 -0.22252093395631442 0.91597561503675362 1.0000000180025095e-35 -0.98296291314453399 68.950000000000017 23.850000000000005 31.650000000000002 71.600000000000009 -0.5
decision_type=2 2 2 2 2 2 2 2 2 2
left_child=2 -2 3 4 -1 -5 -7 9 -8 -6
right_child=1 -3 -4 5 7 6 8 -9 -10 -11
leaf_value=-0.080375078811473336 -0.016857752006622258 0.02564097182652865 -0.080377098792800417 -0.080442779736450476 -0.080067789531451272 -0.080366619924709878 -0.080275281230624357 -0.080313242824756451 -0.080166879326690907 -0.080154284499947201
leaf_weight=0.13990848138928402 2.2898745331913233 3.2464590910822153 0.15196381183341146 0.12257372797466815 0.10757518117316056 0.10335109382867813 0.051783374161459506 0.029254143941216171 0.10432105720974505 0.094116809021215997
leaf_count=27 27 28 31 20 114 21 14 11 45 46
internal_value=-0.00434892 0.00806314 -0.0802924 -0.0802753 -0.080225 -0.0803241 -0.0802681 -0.0801341 -0.0802028 -0.0801082
internal_weight=6.44118 5.53633 0.904848 0.752884 0.370855 0.382029 0.259456 0.230946 0.156104 0.201692
internal_count=384 55 329 298 198 100 80 171 59 160
is_linear=0
shrinkage=0.1


Tree=187
num_leaves=14
num_cat=0
split_feature=2 6 0 6 0 5 5 5 6 3 6 1 5
split_gain=0.212604 0.657543 0.713821 0.478623 0.669537 0.921933 1.01629 0.906125 0.436916 0.351064 0.320222 0.00822218 6.94629e-05
threshold=0.6078576107927941 58.050000000000004 -0.91597561503675329 59.250000000000007 -1.0000000180025095e-35 25.850000000000005 25.350000000000005 24.450000000000003 67.350000000000009 -1.0000000180025095e-35 66.100000000000009 -1.0000000180025095e-35 26.250000000000004
decision_type=2 2 2 2 2 2 2 2 2 2 2 2 2
left_child=3 -2 -3 9 5 6 7 -5 -4 -1 -6 12 -7
right_child=1 2 8 4 10 11 -8 -9 -10 -11 -12 -13 -14
leaf_value=-0.04539974368581743 0.050012397882467009 0.018667626359962237 -0.10693179517187551 0.017111361567428748 0.066080561889520925 -0.083123847126984035 0.10053247289140076 -0.094369682154907542 -0.018695308932023025 0.021445491962212994 0.018785215273039738 -0.099466270465443596 -0.080912457443748337
leaf_weight=2.3995912511600186 1.1793942610966031 1.4828411298803987 1.3493817524285989 2.9946619111578916 2.9105441649444384 0.21509140403941274 1.052419818472117 0.9637355952290817 0.96072511089732859 1.1681606383062924 2.8172848131507635 0.43941185087896861 0.41825296671595424
leaf_count=38 17 18 24 50 29 7 13 37 38 31 16 14 52
internal_value=0.00277361 -0.0152016 -0.0354795 0.00858529 0.0182809 -0.00482119 0.013191 -0.0100305 -0.0702361 -0.0235131 0.0428179 -0.0889557 -0.0816635
internal_weight=20.3515 4.97234 3.79295 15.3792 11.8114 6.08357 5.01082 3.9584 2.31011 3.56775 5.72783 1.07276 0.633344
internal_count=384 97 80 287 218 173 100 87 62 69 45 73 59
is_linear=0
shrinkage=0.1


Tree=188
num_leaves=10
num_cat=0
split_feature=5 5 5 5 5 0 2 5 6
split_gain=0.324098 1.16687 0.373873 0.487043 1.03574 0.558669 0.284046 0.160242 3.84779e-05
threshold=22.950000000000003 23.350000000000005 23.550000000000004 27.800000000000001 23.950000000000003 -0.25881904510252113 0.6078576107927941 28.350000000000005 71.600000000000009
decision_type=2 2 2 2 2 2 2 2 2
left_child=-1 -2 -3 4 -4 7 -7 -5 -6
right_child=1 2 3 5 8 6 -8 -9 -10
leaf_value=0.034084329598825278 -0.10077818586882679 0.048304338196685115 0.0041651655247343889 0.027747057465101102 -0.081760746282043217 -0.0095914889801753181 0.031168217028028716 0.086240158086539925 -0.080900357268347822
leaf_weight=2.4335106164217022 1.1864451244473482 1.5613584443926836 4.1298586130142239 0.86929393559695256 1.272160890279338 7.4594988846219952 2.2181177416350693 1.0154170291498301 0.87887591053731728
leaf_count=10 7 7 22 11 68 88 25 62 84
internal_value=-0.000427298 -0.00450599 0.00138034 -0.00272571 -0.0251417 0.00945114 -0.000249331 0.0592611 -0.0814092
internal_weight=23.0245 20.591 19.4046 17.8432 6.2809 11.5623 9.67762 1.88471 2.15104
internal_count=384 374 367 360 174 186 113 73 152
is_linear=0
shrinkage=0.1


Tree=189
num_leaves=10
num_cat=0
split_feature=5 6 5 9 6 5 5 6 5
split_gain=0.244951 0.53083 0.428135 0.422711 0.133238 0.00218835 8.70577e-05 5.13161e-05 2.53573e-06
threshold=24.050000000000004 56.650000000000013 23.650000000000002 1.0000000180025095e-35 50.500000000000007 32.45000000000001 31.850000000000005 85.15000000000002 25.150000000000002
decision_type=2 2 2 2 2 2 2 2 2
left_child=2 3 -1 4 -2 6 7 8 -3
right_child=1 5 -4 -5 -6 -7 -8 -9 -10
leaf_value=-0.014563608675448758 0.0097107656929234232 -0.080685544785425167 0.040177827426267403 0.091559068295946719 -0.086159767729319811 -0.094002323833625265 -0.084650044122214607 -0.082501491913494068 -0.080254147853541874
leaf_weight=3.0494874236173928 0.29863236518576719 0.2144867164606693 2.6881607165560126 0.45951012533623725 0.28171219516661949 0.15846121311187744 0.064893797039985657 0.1468092470895499 0.37356014319811948
leaf_count=31 6 56 21 5 43 1 1 7 213
internal_value=0.000582523 -0.0295719 0.0110834 0.0199066 -0.0368269 -0.0832663 -0.0811391 -0.080829 -0.0804115
internal_weight=7.73571 1.99807 5.73765 1.03985 0.580345 0.958211 0.79975 0.734856 0.588047
internal_count=384 332 52 54 49 278 277 276 269
is_linear=0
shrinkage=0.1


Tree=190
num_leaves=15
num_cat=0
split_feature=5 6 6 5 3 6 3 6 2 6 1 1 5 0
split_gain=0.482658 0.190146 0.47107 0.759717 1.08558 0.325009 0.450117 0.620096 0.172692 0.195015 0.00359257 2.39419e-06 1.00459e-06 5.76749e-09
threshold=28.550000000000004 82.050000000000026 75.850000000000009 23.350000000000005 -0.22252093395631442 71.750000000000014 -0.56174490092936669 66.100000000000009 1.0000000180025095e-35 58.350000000000009 -0.37940952255126015 -0.98296291314453399 31.550000000000004 0.12940952255126059
decision_type=2 2 2 2 2 2 2 2 2 2 2 2 2 2
left_child=1 2 5 -4 -5 6 -1 -8 10 -10 11 -2 13 -13
right_child=8 -3 3 4 -6 -7 7 -9 9 -11 -12 12 -14 -15
leaf_value=0.023955839490899401 -0.080800540238314456 0.030661629777691709 -0.10110466346394456 -0.063507753683066992 0.071394901437227584 0.040646298937534749 0.02092977561339894 -0.036668493290132033 0.030473255478352952 -0.089173747433567999 -0.093909041854419908 -0.080132838002461737 -0.080678727136280451 -0.080173974160329967
leaf_weight=5.1261646216735297 0.18613959522917867 2.2109143510460845 1.1252161385491484 1.298424117267132 1.1034523630514739 2.4462618064135304 3.0695555852726137 4.7794828922487795 0.35033133113756776 0.22290422877995297 0.43816923536360153 0.069302652031183243 0.049572591669857502 0.067066482966765761
leaf_count=34 17 31 9 29 22 30 31 46 28 27 6 38 10 26
internal_value=-0.000831803 0.00290973 -0.000328362 -0.0332976 -0.00153177 0.00721214 0.000908676 -0.0141433 -0.0580559 -0.0160518 -0.087773 -0.080547 -0.0802932 -0.0801531
internal_weight=22.543 21.1595 18.9486 3.52709 2.40188 15.4215 12.9752 7.84904 1.38349 0.573236 0.810251 0.372081 0.185942 0.136369
internal_count=384 232 201 60 51 141 111 77 152 55 97 91 74 64
is_linear=0
shrinkage=0.1


Tree=191
num_leaves=10
num_cat=0
split_feature=1 3 0 1 1 6 5 5 1
split_gain=0.543814 0.226118 1.11999e-07 1.426e-07 3.90343e-07 2.05398e-07 1.23384e-07 8.67904e-08 2.67094e-08
threshold=0.78656609248549303 -0.22252093395631442 0.91597561503675362 -0.98296291314453399 1.0000000180025095e-35 68.950000000000017 23.850000000000005 31.650000000000002 -0.5
decision_type=2 2 2 2 2 2 2 2 2
left_child=2 -2 3 -1 7 -6 -7 8 -5
right_child=1 -3 -4 4 5 6 -8 -9 -10
leaf_value=-0.080347672823223831 -0.017476182026668095 0.023990038961491874 -0.080351178497991324 -0.080062024620319514 -0.080406898760886442 -0.080331547614112236 -0.080183677499802472 -0.080292758243840481 -0.080138851441398706
leaf_weight=0.12883002148009826 2.2360668312758207 3.1927828434854746 0.13952999212779105 0.0966673140937927 0.11242178035899997 0.093806213699281216 0.14161746529862285 0.02617341186851263 0.085079684795346222
leaf_count=27 27 28 31 114 20 21 59 11 46
internal_value=-0.00457944 0.00691069 -0.0802695 -0.0802529 -0.0802309 -0.0802957 -0.0802426 -0.0801225 -0.080098
internal_weight=6.25298 5.42885 0.824126 0.684596 0.555766 0.347845 0.235424 0.20792 0.181747
internal_count=384 55 329 298 271 100 80 171 160
is_linear=0
shrinkage=0.1


Tree=192
num_leaves=11
num_cat=0
split_feature=5 5 6 6 6 6 5 1 6 6
split_gain=0.222872 1.11368 0.310794 0.876284 0.400851 0.442342 1.28792 0.395985 0.00254472 2.40602e-05
threshold=24.250000000000004 23.350000000000005 71.600000000000009 76.950000000000017 68.050000000000011 66.65000000000002 26.750000000000004 -0.98296291314453399 68.350000000000009 73.050000000000011
decision_type=2 2 2 2 2 2 2 2 2 2
left_child=1 -1 4 9 5 6 -2 -8 -3 -4
right_child=2 8 3 -5 -6 -7 7 -9 -10 -11
leaf_value=0.036524449950986998 0.078523866000373796 -0.097125070575487235 -0.088363308109323455 0.080029512079117238 0.042215814820847491 -0.046847707246392964 0.011353266106319898 -0.031358853405898973 -0.08811818684629015 -0.087397643033741229
leaf_weight=1.4243888556957274 2.1811186857521561 0.54879032634198643 0.50778427498880663 0.4447514897910877 3.2063221433199933 1.5812328320462246 4.9723717048764238 3.8521646298468086 0.73220180859789252 0.52455113775795326
leaf_count=17 15 6 13 38 39 16 25 149 38 28
internal_value=0.00236718 -0.0243206 0.00654781 -0.0373172 0.0106504 0.00260954 0.00971528 -0.00729181 -0.0919768 -0.0878726
internal_weight=19.9757 2.70538 17.2703 1.47709 15.7932 12.5869 11.0057 8.82454 1.28099 1.03234
internal_count=384 61 323 79 244 205 189 174 44 41
is_linear=0
shrinkage=0.1


Tree=193
num_leaves=8
num_cat=0
split_feature=6 6 5 0 1 5 1
split_gain=0.290827 1.1313 0.27227 0.323082 0.414864 1.00833 0.96562
threshold=84.500000000000014 81.65000000000002 31.850000000000005 0.91597561503675362 -0.12940952255126037 23.950000000000003 -0.98296291314453399
decision_type=2 2 2 2 2 2 2
left_child=1 2 3 4 6 -6 -1
right_child=-2 -3 -4 -5 5 -7 -8
leaf_value=0.0041228108788975209 0.039704181707235886 -0.098654258734550776 -0.046093358190611354 -0.025278195883248641 0.01436467540464177 -0.068451065945857287 0.084105127610325625
leaf_weight=4.9494023174047541 1.6737948250956822 1.1815771211404342 1.1062756031751622 2.9644956793636075 6.5356418229639566 1.8969239820726214 2.1717940908856699
leaf_count=22 17 18 9 31 31 116 140
internal_value=-0.000397673 -0.00362376 0.00209795 0.00497689 0.0107434 -0.00426491 0.0285155
internal_weight=22.4799 20.8061 19.6245 18.5183 15.5538 8.43257 7.1212
internal_count=384 367 349 340 309 147 162
is_linear=0
shrinkage=0.1


Tree=194
num_leaves=10
num_cat=0
split_feature=5 6 9 5 6 5 5 6 5
split_gain=0.223415 0.479417 0.376779 0.356992 0.123733 0.00148115 5.14884e-05 4.26425e-05 2.04244e-06
threshold=24.050000000000004 56.650000000000013 1.0000000180025095e-35 23.650000000000002 50.500000000000007 32.45000000000001 31.850000000000005 85.15000000000002 25.150000000000002
decision_type=2 2 2 2 2 2 2 2 2
left_child=3 2 4 -1 -2 6 7 8 -3
right_child=1 5 -4 -5 -6 -7 -8 -9 -10
leaf_value=-0.012648680167066113 0.0086635647640458443 -0.080637018324080934 0.089934340391088566 0.037395284736460581 -0.085827823471606834 -0.09215078673959394 -0.083940589760714002 -0.082360051479400398 -0.080233214385012117
leaf_weight=3.0196294970810413 0.29929249687120296 0.19854696703259833 0.42474704072810709 2.7000605734065175 0.25807419058401138 0.14308902621269226 0.055926408618688583 0.13672491884790361 0.33934031589888036
leaf_count=31 6 56 5 21 43 1 1 7 213
internal_value=0.00119333 -0.0289562 0.0189819 0.0109753 -0.0350882 -0.0828471 -0.0810248 -0.0807831 -0.0803823
internal_weight=7.57543 1.85574 0.982114 5.71969 0.557367 0.873628 0.730539 0.674612 0.537887
internal_count=384 332 54 52 49 278 277 276 269
is_linear=0
shrinkage=0.1


Tree=195
num_leaves=17
num_cat=0
split_feature=5 3 6 5 6 3 6 6 5 0 6 0 6 0 0 0
split_gain=0.255054 1.31719 1.15118 0.863368 0.303779 0.251503 0.60124 0.283065 0.234858 0.455393 1.80214 0.0669152 0.00123837 0.000590396 2.66873e-06 4.29983e-07
threshold=28.050000000000004 -1.0000000180025095e-35 62.550000000000004 28.550000000000004 58.050000000000004 0.81174490092936691 77.750000000000014 81.65000000000002 26.150000000000002 -0.91597561503675329 68.350000000000009 0.91597561503675362 66.100000000000009 -0.91597561503675329 0.60355339059327384 1.0000000180025095e-35
decision_type=2 2 2 2 2 2 2 2 2 2 2 2 2 2 2 2
left_child=5 2 3 -2 -5 6 8 -8 9 -1 -11 13 -10 -3 15 -15
right_child=1 11 -4 4 -6 -7 7 -9 12 10 -12 -13 -14 14 -16 -17
leaf_value=0.0048891937985978103 0.11424882225135727 -0.087039356977307566 -0.089213032899590219 -0.089592407903770266 0.046303679821199824 0.037910357029596664 -0.057274915145130591 -0.0030567968142545757 -0.0051205494245428265 0.15736773969008788 -0.015421801176598297 -0.13035485954063344 -0.0083646426800014564 -0.080273797128991617 -0.081125823777986189 -0.080567554297634306
leaf_weight=5.2483977843076053 1.1151458029635257 0.28569732001051307 0.72264943039044727 0.37245298770721991 0.29459979629609734 1.9682625560089935 2.2445221394300456 1.6864509005099533 2.3319400306791067 1.0379685391671984 1.4424022817984221 0.66442149132490158 2.375254531390965 0.081703582894987248 0.082031857455149293 0.1277199859614484
leaf_count=35 12 5 29 34 28 22 30 31 16 6 37 3 24 37 11 24
internal_value=-0.00072084 -0.0244966 0.0172491 0.0604176 -0.0295747 0.00413725 7.57523e-05 -0.0340145 0.0108516 0.0215764 0.056886 -0.108718 -0.00675752 -0.0838089 -0.0806423 -0.0804529
internal_weight=22.0816 3.74642 2.50485 1.7822 0.667053 18.3352 16.3669 3.93097 12.436 7.72877 2.48037 1.24157 4.70719 0.577153 0.291455 0.209424
internal_count=384 183 103 74 62 201 179 61 118 78 43 80 40 77 72 61
is_linear=0
shrinkage=0.1


Tree=196
num_leaves=11
num_cat=0
split_feature=6 5 5 1 6 1 0 1 1 6
split_gain=0.513908 0.567045 0.0312819 0.165389 0.0149691 0.0250322 9.29333e-08 1.25758e-07 3.02063e-07 4.1392e-08
threshold=73.050000000000011 24.050000000000004 23.550000000000004 0.78656609248549303 80.65000000000002 0.9159756150367534 0.91597561503675362 1.0000000180025095e-35 -0.98296291314453399 68.450000000000017
decision_type=2 2 2 2 2 2 2 2 2 2
left_child=2 -2 -1 6 5 -3 7 8 -4 -9
right_child=1 4 3 -5 -6 -7 -8 9 -10 -11
leaf_value=-0.10436822622112173 -0.0088235218491895216 0.03055537542723857 -0.08032026065878145 0.081277020175062914 0.081629559106137256 0.081262843762757664 -0.080333165294487155 -0.080361743245725481 -0.08011312119284042 -0.080259616267099876
leaf_weight=0.24674402619712044 4.1549613181268796 0.18611118145054184 0.11850683158263553 0.07119297981262207 0.68325361970346421 0.20413890760391951 0.12658255686983466 0.074957271805033088 0.17342350256512884 0.084338445449247956
leaf_count=5 39 37 27 4 23 11 30 15 165 28
internal_value=-0.00407423 0.00791588 -0.0740605 -0.0625377 0.0727052 0.0570803 -0.0802574 -0.0802362 -0.0801972 -0.0803077
internal_weight=6.12421 5.22847 0.895746 0.649002 1.0735 0.39025 0.577809 0.451226 0.29193 0.159296
internal_count=384 110 274 269 71 48 265 235 192 43
is_linear=0
shrinkage=0.1


Tree=197
num_leaves=14
num_cat=0
split_feature=9 4 6 6 2 0 8 6 6 6 6 6 3
split_gain=0.234921 0.285774 0.551872 1.34853 0.299543 0.777413 0.51089 0.236162 0.717607 0.58319 0.717615 0.356237 0.0271443
threshold=1.0000000180025095e-35 1.0000000180025095e-35 55.350000000000001 58.050000000000004 0.6078576107927941 -0.91597561503675329 1.0000000180025095e-35 54.750000000000007 62.900000000000006 68.350000000000009 77.850000000000009 59.250000000000007 1.0000000180025095e-35
decision_type=2 2 2 2 2 2 2 2 2 2 2 2 2
left_child=1 2 -1 -4 6 -6 -5 -3 11 -10 -11 -9 -2
right_child=12 7 3 4 5 -7 -8 8 9 10 -12 -13 -14
leaf_value=-0.071805842308348924 -0.048688616184607715 0.064985166914800996 0.10988106901049118 0.034880019184601034 0.029310902036072756 -0.067966287252636023 -0.020618998298292307 -0.098913398167735977 0.082762845545980221 -0.057765195000640202 0.071689770096089095 0.0041371391215981384 -0.021976922647603803
leaf_weight=1.0720787835889556 0.77385589247569331 1.1175718016456802 1.0736163328401733 3.0262923598056668 1.3119462865870448 2.197816361556761 3.6702726638177383 0.67773791158106156 1.5786699615418913 0.97952747013187014 0.76079311827197671 0.66422946704551578 0.74829822068568319
leaf_count=18 26 14 18 28 15 62 80 21 20 28 20 20 14
internal_value=0.00217639 0.00534431 -0.00324277 0.00327367 -0.0079405 -0.0316042 0.00446196 0.0236998 0.0138007 0.0387509 -0.00117307 -0.0479068 -0.035557
internal_weight=19.6527 18.1306 12.352 11.2799 10.2063 3.50976 6.69657 5.77853 4.66096 3.31899 1.74032 1.34197 1.52215
internal_count=384 344 221 203 185 77 108 123 109 68 48 41 40
is_linear=0
shrinkage=0.1


Tree=198
num_leaves=12
num_cat=0
split_feature=5 5 0 4 8 1 8 5 0 3 6
split_gain=0.279499 1.0574 0.33575 0.93343 1.87301 1.70813 0.874725 0.620238 0.283702 0.939953 0.289976
threshold=22.950000000000003 23.350000000000005 -0.37940952255126059 1.0000000180025095e-35 1.0000000180025095e-35 0.37940952255126026 1.0000000180025095e-35 25.650000000000002 0.12940952255126059 -0.22252093395631442 56.650000000000013
decision_type=2 2 2 2 2 2 2 2 2 2 2
left_child=-1 -2 3 4 -3 -6 -4 -5 10 -10 -8
right_child=1 2 6 7 5 -7 8 -9 9 -11 -12
leaf_value=0.032104469108695556 -0.098922311847621777 0.10180779714595563 -0.063277635779547689 -0.096541040833964031 0.039585507896820006 -0.09737817555523709 -0.033432588148904062 0.037093370288637843 -0.018615593258195437 0.11628368387880922 0.011984018858889963
leaf_weight=2.3486986458301571 1.1160977669060255 2.4756008801050537 2.4149433420971027 1.0524634351022539 2.568104171426969 1.4107733259443191 2.3243043152615357 0.51837895368225861 1.2623108215630057 0.87425102968700219 3.5576259791851044
leaf_count=10 7 18 40 24 81 46 20 39 25 31 43
internal_value=-0.000492 -0.0044031 0.00131194 0.0166896 0.0335142 -0.00897711 -0.0105164 -0.0524416 0.00537378 0.0365833 -0.00596281
internal_weight=21.9236 19.5749 18.4588 8.02532 6.45448 3.97888 10.4334 1.57084 8.01849 2.13656 5.88193
internal_count=384 374 367 208 145 127 159 63 119 56 63
is_linear=0
shrinkage=0.1


Tree=199
num_leaves=11
num_cat=0
split_feature=1 8 5 2 2 5 6 9 5 3
split_gain=0.216176 0.582844 0.551153 0.355989 0.323339 0.329079 0.408112 0.285498 0.000986423 0.000696555
threshold=0.78656609248549303 1.0000000180025095e-35 23.650000000000002 0.6078576107927941 0.87837969732492682 23.750000000000004 56.650000000000013 1.0000000180025095e-35 32.45000000000001 -0.22252093395631442
decision_type=2 2 2 2 2 2 2 2 2 2
left_child=1 9 -2 -4 5 -3 7 -7 -8 -1
right_child=2 4 3 -5 -6 6 8 -9 -10 -11
leaf_value=-0.092513059686379032 -0.034311046908680851 0.046243890014482099 0.0070031194347951985 0.090814649350847265 -0.086792935460757739 -0.027798216757982552 -0.081328710833011394 0.088237031659507109 -0.091095794690922827 -0.086630876001401513
leaf_weight=0.3504518277477473 1.1569986171089115 1.6035555051639683 0.94187671976396847 1.0971041009179314 0.34724936438578868 0.47001959619228706 0.45620755909476429 0.38632875704206526 0.13370940089225769 0.47306839494558506
leaf_count=19 9 12 32 14 34 42 185 5 1 31
internal_value=0.00119775 -0.0136588 0.0208172 0.0520992 0.00463797 0.0150482 -0.0195402 0.0245494 -0.0835425 -0.0891341
internal_weight=7.41657 4.22059 3.19598 2.03898 3.39707 3.04982 1.44627 0.856348 0.589917 0.82352
internal_count=384 329 55 46 279 245 233 47 186 50
is_linear=0
shrinkage=0.1


Tree=200
num_leaves=10
num_cat=0
split_feature=0 6 1 5 5 6 5 0 8
split_gain=0.521025 0.261076 0.178506 0.395165 0.222746 0.731123 0.844337 0.604621 0.0415016
threshold=-0.98296291314453399 82.050000000000026 0.60355339059327384 23.950000000000003 26.150000000000002 66.450000000000017 26.850000000000005 -0.91597561503675329 1.0000000180025095e-35
decision_type=2 2 2 2 2 2 2 2 2
left_child=-1 2 4 -4 7 6 -6 -2 -5
right_child=1 -3 3 8 5 -7 -8 -9 -10
leaf_value=0.065008002872851064 -0.015342245710859416 0.02853776392250449 -0.10312405210969092 -0.018422099885125703 -0.1056889013421734 -0.059272963553923655 0.021324297670034964 0.036367778002983873 0.036159187765891332
leaf_weight=1.1470234924927378 5.8722595199942589 2.1695222700946024 0.59420902421697863 0.23968858132138848 0.59870781749486823 2.7704985441523604 4.159931706439238 3.6770585174672394 0.33264220785349607
leaf_count=27 32 31 10 18 3 37 163 34 29
internal_value=-0.00057221 -0.00425694 -0.00815658 -0.0460033 -0.00557146 -0.018433 0.00534414 0.00456921 0.0133009
internal_weight=21.5615 20.4145 18.245 1.16654 17.0785 7.52914 4.75864 9.54932 0.572331
internal_count=384 357 326 57 269 203 166 66 47
is_linear=0
shrinkage=0.1


Tree=201
num_leaves=10
num_cat=0
split_feature=1 3 0 1 1 6 5 5 0
split_gain=0.471855 0.233439 7.58923e-08 8.54552e-08 2.5721e-07 9.36891e-08 9.57439e-08 5.0082e-08 1.54829e-08
threshold=0.78656609248549303 -0.22252093395631442 0.91597561503675362 -0.98296291314453399 1.0000000180025095e-35 68.950000000000017 23.850000000000005 31.650000000000002 -0.91597561503675329
decision_type=2 2 2 2 2 2 2 2 2
left_child=2 -2 3 -1 7 -6 -7 8 -5
right_child=1 -3 -4 4 5 6 -8 -9 -10
leaf_value=-0.080299492162107744 -0.018119831107356384 0.024886845327021012 -0.08030747644581232 -0.080117336891987842 -0.080339673783679677 -0.080301925822323622 -0.08016485387870638 -0.080245453914001244 -0.080050597985931948
leaf_weight=0.10934911086224008 2.131388096138835 3.0946544343605638 0.1193746761418879 0.060227515292353817 0.092216578079387546 0.084264081902801991 0.12892444618046284 0.02065106580266729 0.082208939420525096
leaf_count=27 27 28 31 38 20 21 59 11 122
internal_value=-0.0029621 0.00734701 -0.0802349 -0.0802199 -0.0802013 -0.0802555 -0.080219 -0.0800999 -0.0800788
internal_weight=5.92326 5.22604 0.697216 0.577842 0.468493 0.305405 0.213189 0.163088 0.142436
internal_count=384 55 329 298 271 100 80 171 160
is_linear=0
shrinkage=0.1


Tree=202
num_leaves=11
num_cat=0
split_feature=5 5 6 6 6 6 6 5 6 3
split_gain=0.221513 0.910046 0.599555 0.326101 0.748046 0.245836 0.492069 0.710669 0.0019308 0.00037923
threshold=24.250000000000004 23.350000000000005 52.150000000000013 71.600000000000009 77.850000000000009 68.050000000000011 66.100000000000009 28.150000000000002 68.350000000000009 1.0000000180025095e-35
decision_type=2 2 2 2 2 2 2 2 2 2
left_child=1 -1 -2 5 9 6 7 -4 -3 -5
right_child=2 8 3 4 -6 -7 -8 -9 -10 -11
leaf_value=0.029704716423210539 -0.099837720556173376 -0.095190756494854936 0.054005142271018304 -0.084344247783740306 0.075422080988018017 0.038498748339482629 -0.030952688551795133 -0.003781872674767121 -0.086965299507768531 -0.088386222312406601
leaf_weight=1.3711462020874052 0.51670010772068309 0.49944377224892356 3.4373058663913998 0.41762967774411552 0.40894857759121805 3.1829715645872048 2.6265932613168834 5.5878104835865088 0.66580929490737617 0.52256863471120596
leaf_count=17 13 6 30 33 30 39 23 139 38 16
internal_value=0.00202059 -0.0255146 0.00620251 0.00958805 -0.037482 0.0138689 0.00714056 0.0182269 -0.0904908 -0.0865908
internal_weight=19.2369 2.5364 16.7005 16.1838 1.34915 14.8347 11.6517 9.02512 1.16525 0.940198
internal_count=384 61 323 310 79 231 192 169 44 49
is_linear=0
shrinkage=0.1


Tree=203
num_leaves=8
num_cat=0
split_feature=6 6 0 5 6 6 6
split_gain=0.259034 1.01723 0.207885 0.294465 0.399742 0.775291 0.509284
threshold=84.500000000000014 81.65000000000002 0.91597561503675362 31.850000000000005 62.300000000000004 59.550000000000004 67.250000000000014
decision_type=2 2 2 2 2 2 2
left_child=1 2 3 4 5 -1 -6
right_child=-2 -3 -4 -5 6 -7 -8
leaf_value=0.010300029793759144 0.03741275372477168 -0.097793014955635346 -0.023362798702267026 -0.04639313682444432 -0.045267800152564437 0.10043478031729867 0.010109303002326868
leaf_weight=3.9866548767313441 1.647140776272862 1.089105667779221 2.8131126146763554 0.99790369719266969 2.1551307491026801 1.254606054513715 7.2392894295044243
leaf_count=80 17 18 31 9 53 39 137
internal_value=-0.000670635 -0.0038816 0.001663 0.00616615 0.00974979 0.0318757 -0.0025945
internal_weight=21.1829 19.5358 18.4467 15.6336 14.6357 5.24126 9.39442
internal_count=384 367 349 318 309 119 190
is_linear=0
shrinkage=0.1


Tree=204
num_leaves=7
num_cat=0
split_feature=5 5 5 6 6 5
split_gain=0.205766 0.240644 0.403888 0.000156795 3.00133e-05 1.29117e-06
threshold=23.150000000000002 24.050000000000004 31.850000000000005 49.800000000000004 85.15000000000002 25.150000000000002
decision_type=2 2 2 2 2 2
left_child=-1 -2 3 -3 5 -5
right_child=1 2 -4 4 -6 -7
leaf_value=-0.082621696871280112 0.014536426665747868 -0.084566061716256746 0.018962739447606625 -0.080556927500944842 -0.082074413723165526 -0.080224568150150943
leaf_weight=0.28440087917260815 5.2591551919467747 0.12093050079420187 0.82904406636953354 0.1713111917488277 0.12073605693876743 0.36793260630656732
leaf_count=14 38 3 9 56 7 257
internal_value=0.000729585 0.00418057 -0.0296484 -0.0812558 -0.0806492 -0.0803302
internal_weight=7.15351 6.86911 1.60995 0.78091 0.65998 0.539244
internal_count=384 370 332 323 320 313
is_linear=0
shrinkage=0.1


Tree=205
num_leaves=16
num_cat=0
split_feature=5 3 6 5 6 5 6 6 0 2 2 0 0 0 0
split_gain=0.253496 1.1033 0.94909 0.7412 0.271278 0.192092 0.386525 0.349445 0.831053 0.465079 0.17066 0.0446884 0.000384551 1.41468e-06 3.65455e-07
threshold=28.050000000000004 -1.0000000180025095e-35 62.550000000000004 28.550000000000004 58.050000000000004 26.850000000000005 65.250000000000014 68.050000000000011 -0.60355339059327362 0.6078576107927941 0.87837969732492682 0.91597561503675362 -0.91597561503675329 0.60355339059327384 -1.0000000180025095e-35
decision_type=2 2 2 2 2 2 2 2 2 2 2 2 2 2 2
left_child=5 2 3 -2 -5 6 -1 -8 9 -9 -10 12 -3 14 -14
right_child=1 11 -4 4 -6 -7 7 8 10 -11 -12 -13 13 -15 -16
leaf_value=-0.042275315273521068 0.10459298062965534 -0.086077936728134533 -0.088252155571940105 -0.089642560695072981 0.041428859816198857 0.02802631408081371 0.040482930580855739 0.025620240545211982 -0.086851019498042858 -0.025645145391494251 -0.022680748871492871 -0.12309694094287704 -0.080246998451236784 -0.080950479399431383 -0.080532465456714927
leaf_weight=1.8827750822529257 1.066356009803713 0.24829679168760777 0.65266652486752708 0.35626256553223346 0.28361103194765747 2.9434327366761854 2.4197383709251872 6.245381114538759 1.1453698095865519 2.4692779569886625 0.64943562890402962 0.63574892282485962 0.073436202248558402 0.069007934886030853 0.11518952960614004
leaf_count=12 12 5 29 34 28 22 18 68 48 23 10 3 37 11 24
internal_value=-0.00015554 -0.0247502 0.0143065 0.0535372 -0.0315478 0.00469343 5.67205e-05 0.00622119 -0.00166736 0.0110943 -0.0636315 -0.105448 -0.0832696 -0.0805631 -0.0804213
internal_weight=21.256 3.50058 2.3589 1.70623 0.639874 17.7554 14.812 12.9292 10.5095 8.71466 1.79481 1.14168 0.50593 0.257634 0.188626
internal_count=384 183 103 74 62 201 179 167 149 91 58 80 77 72 61
is_linear=0
shrinkage=0.1


Tree=206
num_leaves=13
num_cat=0
split_feature=6 3 5 5 6 8 1 1 1 1 5 6
split_gain=0.430999 0.266593 2.02975 1.1588 0.828532 0.026529 0.146527 0.0211049 5.15116e-08 1.51404e-07 6.91282e-08 5.36982e-08
threshold=73.050000000000011 -0.22252093395631442 23.850000000000005 23.550000000000004 83.550000000000011 1.0000000180025095e-35 0.78656609248549303 0.9159756150367534 -0.98296291314453399 -0.37940952255126015 31.750000000000004 68.700000000000003
decision_type=2 2 2 2 2 2 2 2 2 2 2 2
left_child=5 2 -2 -3 -5 -1 8 -4 -7 10 -10 -11
right_child=1 3 7 4 -6 6 -8 -9 9 11 -12 -13
leaf_value=-0.094945432856063577 -0.10845170704738366 0.10006099037193822 0.071348755153144802 0.04332932466385498 -0.099605352423885268 -0.08027509301380506 0.081169231901402614 0.10021939599778505 -0.08004696541451603 -0.080276963032682641 -0.080275284172000402 -0.080166477805021175
leaf_weight=0.31116227025631804 1.1669667226960885 1.2547620770055803 0.54456869419664122 0.81358135188929714 0.80859595409128815 0.10016311274375755 0.065655924379825592 0.4732436016201973 0.076743666490074136 0.13496824621688597 0.016030918224714696 0.065259550116024911
leaf_count=33 12 13 36 32 8 27 4 9 124 48 7 31
internal_value=-0.00270318 0.00789991 -0.0184353 0.0278992 -0.0279184 -0.0724058 -0.0571199 0.0847725 -0.0802132 -0.080192 -0.0800864 -0.080241
internal_weight=5.8317 5.06172 2.18478 2.87694 1.62218 0.769984 0.458821 1.01781 0.393165 0.293002 0.0927746 0.200228
internal_count=384 110 57 53 40 274 241 45 237 210 131 79
is_linear=0
shrinkage=0.1


Tree=207
num_leaves=13
num_cat=0
split_feature=6 2 2 6 6 3 2 6 6 5 2 5
split_gain=0.229009 0.720692 0.805754 0.568704 0.470877 0.291789 0.697644 0.268583 1.21408 0.775892 0.633362 0.000638714
threshold=69.450000000000017 0.87837969732492682 1.0000000180025095e-35 77.850000000000009 68.450000000000017 -0.56174490092936669 1.0000000180025095e-35 62.900000000000006 59.550000000000004 30.850000000000005 0.6078576107927941 24.750000000000004
decision_type=2 2 2 2 2 2 2 2 2 2 2 2
left_child=4 2 3 11 5 6 -1 8 9 -7 -9 -2
right_child=1 -3 -4 -5 -6 7 -8 10 -10 -11 -12 -13
leaf_value=-0.072277737970659214 -0.090992106079264889 -0.098351098180118557 0.061012474862113246 0.015576172894520507 0.066250217841991643 -0.018084126352401569 0.010745712832150598 0.064470749468863303 -0.096854016129564457 0.072588295447829507 -0.016581380014351579 -0.086084949377381745
leaf_weight=1.5780417174100865 0.50037564162630566 0.89908209961140517 1.393449935596436 1.0399878211319444 1.2491072406992305 2.0683532257680803 2.8222427936270833 2.3820934589020908 1.0799156075809149 1.7356876326957715 1.6196010921848936 0.56446045060874894
leaf_count=25 14 25 39 37 17 48 35 31 35 26 19 33
internal_value=0.00150033 -0.0184953 0.00202816 -0.037021 0.00754972 0.00203086 -0.0190284 0.0124597 -0.00327765 0.0232874 0.0316666 -0.0883909
internal_weight=18.9324 4.39736 3.49827 2.10482 14.535 13.2859 4.40028 8.88565 4.88396 3.80404 4.00169 1.06484
internal_count=384 148 123 84 236 219 60 159 109 74 50 47
is_linear=0
shrinkage=0.1


Tree=208
num_leaves=11
num_cat=0
split_feature=6 6 2 6 6 6 2 6 6 0
split_gain=0.326799 0.534886 0.185655 0.941923 0.42227 0.735565 0.818528 0.718339 0.533363 0.0313475
threshold=85.15000000000002 81.65000000000002 -0.8783796973249266 59.250000000000007 66.450000000000017 68.450000000000017 1.0000000180025095e-35 62.900000000000006 59.550000000000004 -1.0000000180025095e-35
decision_type=2 2 2 2 2 2 2 2 2 2
left_child=1 2 3 -1 7 -6 -7 8 -4 -5
right_child=-2 -3 4 9 5 6 -8 -9 -10 -11
leaf_value=0.03935383103895948 0.054394626900678568 -0.058334250077181862 -0.01278970100306694 -0.062939911982591065 0.078714896261006473 0.043858988722004055 -0.031269155957983678 -0.064140429512623651 0.053225371241911006 -0.091929262102100506
leaf_weight=1.3247805889695947 1.0272938394919027 1.6297238515689958 4.1546416599303502 0.80629075481556356 1.785164573928341 2.8266329942271113 2.9781271631363779 1.8940527657978234 1.7349553527310488 0.69415037706494309
leaf_count=18 13 22 76 34 20 53 54 38 45 11
internal_value=-0.000600524 -0.00344976 0.00146521 -0.0220958 0.00579504 0.0225785 0.00531456 -0.0105707 0.006657 -0.0763513
internal_weight=20.8558 19.8285 18.1988 2.82522 15.3736 7.58992 5.80476 7.78365 5.8896 1.50044
internal_count=384 371 349 63 286 127 107 159 121 45
is_linear=0
shrinkage=0.1


Tree=209
num_leaves=12
num_cat=0
split_feature=1 6 6 5 6 6 2 2 3 6 3
split_gain=0.202892 0.534291 0.543378 0.480237 0.755805 0.350715 0.227107 0.169007 0.134006 0.00137486 0.000271731
threshold=0.78656609248549303 71.750000000000014 65.700000000000003 23.650000000000002 83.90000000000002 51.45000000000001 -0.8783796973249266 1.0000000180025095e-35 -1.0000000180025095e-35 65.250000000000014 -0.56174490092936669
decision_type=2 2 2 2 2 2 2 2 2 2 2
left_child=1 2 5 -2 -5 -1 -7 10 -4 -8 -3
right_child=3 7 8 4 -6 6 9 -9 -10 -11 -12
leaf_value=0.04093869919619815 -0.032825335949637581 -0.093284929741716593 0.017391328767956554 -0.023481326406772775 0.10115591178043833 0.045247032663799237 -0.085517513075445431 -0.024305911107040386 0.094214577901408664 -0.095627077780531852 -0.089666650748910351
leaf_weight=0.49212362198159165 1.1235503461211922 0.38921042066067457 0.33612293557962403 0.83788596565136675 1.1602679728530345 0.15531912454753205 0.54585610148205865 0.68452248282846995 0.69977765335352138 0.17851634541875683 0.44470778340473749
leaf_count=10 9 11 45 35 11 30 136 26 29 6 36
internal_value=0.000452586 -0.0146766 0.0146189 0.0194805 0.0488918 -0.0266629 -0.0644811 -0.0611291 0.0692874 -0.0880089 -0.0913554
internal_weight=7.04786 3.92616 2.40772 3.1217 1.99815 1.37182 0.879692 1.51844 1.0359 0.724372 0.833918
internal_count=384 329 256 55 46 182 172 73 74 142 47
is_linear=0
shrinkage=0.1


Tree=210
num_leaves=18
num_cat=0
split_feature=5 8 6 6 5 3 6 3 6 2 0 1 5 0 1 6 1
split_gain=0.224531 0.367454 0.157616 0.265093 0.730143 1.01281 0.251998 0.27623 0.480151 0.146308 0.148805 0.00260255 1.86613e-06 1.41662e-06 8.49594e-07 2.29707e-07 1.17846e-08
threshold=28.450000000000003 1.0000000180025095e-35 82.050000000000026 75.850000000000009 23.350000000000005 -0.22252093395631442 71.750000000000014 -0.56174490092936669 65.700000000000003 1.0000000180025095e-35 0.91597561503675362 -0.37940952255126015 29.450000000000003 1.0000000180025095e-35 -0.98296291314453399 56.650000000000013 -0.78656609248549325
decision_type=2 2 2 2 2 2 2 2 2 2 2 2 2 2 2 2 2
left_child=2 -2 3 6 -5 -6 7 -1 -9 11 12 13 -11 16 -14 -15 -3
right_child=1 9 -4 4 5 -7 -8 8 -10 10 -12 -13 14 15 -16 -17 -18
leaf_value=0.018876113330211677 0.070058218288070226 -0.080114145397020331 0.028518225292818403 -0.097754876142195177 -0.054485247744611311 0.087524873264647363 0.036111673531715786 0.021259665183141215 -0.031995304530299654 -0.081119618982131658 0.02756367268895285 -0.092310504570607896 -0.080721862541142733 -0.08076573531683709 -0.080231716736400158 -0.080567158408247061 -0.080193094438801418
leaf_weight=4.5202588699758106 0.26562976313289244 0.044269524572882801 2.09645847743377 0.99145261617377345 1.1638134173117582 0.8834420365747061 2.2274309098720542 2.6648157080635464 4.6423918392974883 0.076361692335922271 0.29966521263122559 0.42638936825096507 0.081019443925470114 0.089316027937456965 0.062756303406786174 0.167493155982811 0.033001348201651015
leaf_count=31 3 28 31 9 29 21 30 24 47 9 2 6 9 13 37 36 19
internal_value=-0.000313541 -0.0369762 0.00263991 -0.000533961 -0.0273165 0.00679568 0.0052565 -0.000554365 -0.0125741 -0.0591836 -0.0182947 -0.0871323 -0.0807201 -0.0805233 -0.0805079 -0.0806362 -0.0801479
internal_weight=20.736 1.5459 19.1901 17.0936 3.03871 2.04726 14.0549 11.8275 7.30721 1.28027 0.519803 0.760469 0.220137 0.33408 0.143776 0.256809 0.0772709
internal_count=384 162 222 191 59 50 132 102 71 159 57 102 55 96 46 49 47
is_linear=0
shrinkage=0.1


Tree=211
num_leaves=9
num_cat=0
split_feature=1 2 5 0 1 1 6 5
split_gain=0.401536 0.192752 4.52854e-08 6.09626e-08 6.79804e-08 1.00382e-07 1.01153e-07 3.81534e-08
threshold=0.78656609248549303 0.6078576107927941 23.750000000000004 0.91597561503675362 -0.98296291314453399 1.0000000180025095e-35 68.950000000000017 31.650000000000002
decision_type=2 2 2 2 2 2 2 2
left_child=2 -2 -1 4 -4 7 -7 -6
right_child=1 -3 3 -5 5 6 -8 -9
leaf_value=-0.080270611545546586 -0.0097208399229700079 0.0304451748057116 -0.080251422992384941 -0.080262266630756349 -0.080068796424894867 -0.080311603397211634 -0.080151485521878008 -0.080225341548426851
leaf_weight=0.085950806969776639 2.9392220079898834 2.0130499321967363 0.090993377612903603 0.099811403430067003 0.12003189352981292 0.057721957797184587 0.12467036285670474 0.017889087495859712
leaf_count=25 38 17 27 31 160 13 62 11
internal_value=-0.00273384 0.00660625 -0.0802035 -0.0801922 -0.0801751 -0.0801535 -0.0802022 -0.0800891
internal_weight=5.54934 4.95227 0.597069 0.511118 0.411307 0.320313 0.182392 0.137921
internal_count=384 55 329 304 273 246 75 171
is_linear=0
shrinkage=0.1


Tree=212
num_leaves=13
num_cat=0
split_feature=5 5 6 5 6 6 5 1 3 0 6 6
split_gain=0.205895 0.769404 0.243342 0.82402 0.721131 0.342817 0.787825 1.03284 0.220129 0.00521365 0.002004 0.000238618
threshold=24.250000000000004 23.350000000000005 69.450000000000017 24.650000000000002 68.050000000000011 66.100000000000009 28.150000000000002 -0.98296291314453399 -0.56174490092936669 0.91597561503675362 68.350000000000009 71.600000000000009
decision_type=2 2 2 2 2 2 2 2 2 2 2 2
left_child=1 -1 4 -4 5 6 -2 -8 -5 11 -3 -10
right_child=2 10 3 8 -6 -7 7 -9 9 -11 -12 -13
leaf_value=0.024074260162711345 0.050555522221734595 -0.094617984993384863 0.043139382784037263 -0.014187313690037307 0.076058354555119279 -0.029454467686635101 0.011633172213781863 -0.090948278322690146 -0.088773212289676606 -0.099908118548665673 -0.085845488433677897 -0.084569371267027252
leaf_weight=1.3582083946093946 3.3493924977956357 0.46541369613260009 1.1612137004267418 0.5304782218299805 1.5202302795369167 2.565455082920379 4.5960126295685777 1.2480460155347817 0.21344808500725754 0.51858887076377869 0.59117849403992295 0.36749717395287007
leaf_count=17 30 6 26 23 20 23 25 127 9 3 38 37
internal_value=0.00151427 -0.0257117 0.00560536 -0.0212347 0.011247 0.00286802 0.0118877 -0.0102739 -0.0670944 -0.0926199 -0.0897096 -0.0861139
internal_weight=18.4852 2.4148 16.0704 2.79123 13.2791 11.7589 9.19345 5.84406 1.63001 1.09953 1.05659 0.580945
internal_count=384 61 323 98 225 205 182 152 72 49 44 46
is_linear=0
shrinkage=0.1


Tree=213
num_leaves=8
num_cat=0
split_feature=6 6 0 0 8 2 3
split_gain=0.259094 0.467361 0.198208 0.322062 0.337922 0.725136 0.0507517
threshold=85.15000000000002 81.65000000000002 0.91597561503675362 0.12940952255126059 1.0000000180025095e-35 -1.0000000180025095e-35 -0.22252093395631442
decision_type=2 2 2 2 2 2 2
left_child=1 2 3 4 -1 -6 -5
right_child=-2 -3 -4 6 5 -7 -8
leaf_value=0.028229886042254616 0.048597091637132578 -0.055737565611680522 -0.023199150171849144 0.038095122423455995 0.017877176128894903 -0.035043639849811688 0.085588600667422771
leaf_weight=3.7315992312505868 1.0264950469136227 1.5437639404553909 2.7232070295140138 0.41422660043463111 5.5418738902080849 4.859685849165543 0.49253578239586282
leaf_count=33 13 22 31 21 115 118 31
internal_value=-0.000358376 -0.00296121 0.0016255 0.00612038 0.0024138 -0.00684782 0.0638927
internal_weight=20.3334 19.3069 17.7631 15.0399 14.1332 10.4016 0.906762
internal_count=384 371 349 318 266 233 52
is_linear=0
shrinkage=0.1


Tree=214
num_leaves=16
num_cat=0
split_feature=2 2 5 6 6 5 5 6 8 1 1 5 5 6 6
split_gain=0.202544 0.556074 0.511396 0.554723 0.402698 0.395392 0.413251 0.386519 0.133512 0.39095 0.00178621 0.000165366 0.000350369 1.18406e-05 1.20218e-05
threshold=-0.8783796973249266 -1.0000000180025095e-35 23.350000000000005 80.300000000000026 71.750000000000014 23.750000000000004 31.850000000000005 71.600000000000009 1.0000000180025095e-35 0.9159756150367534 0.9159756150367534 31.850000000000005 24.150000000000002 78.750000000000014 51.45000000000001
decision_type=2 2 2 2 2 2 2 2 2 2 2 2 2 2 2
left_child=5 8 -3 4 7 -1 10 -4 -2 11 13 12 -10 14 -7
right_child=1 2 3 -5 -6 6 -8 -9 9 -11 -12 -13 -14 -15 -16
leaf_value=0.094756694747593892 -0.10056874848702627 -0.099382809923380916 -0.012759977333949894 0.060847087918287392 -0.091255683543219598 -0.082447715568302757 0.088306098380343451 0.11136014410742397 -0.087873523760986394 0.091312873233095823 -0.095920831736271056 -0.088887861533240534 -0.081236444013295495 -0.082653807173297622 -0.080197109731027172
leaf_weight=0.59828998893499352 0.61017124002682976 0.39747938374057401 1.3953896846505816 1.7956312763271851 0.51653509306197509 0.036008384078741074 0.21132538467645645 0.30589145515114058 0.15321080107241847 0.17589214048348367 0.1758080399595201 0.11248955875635147 0.1654057925552479 0.068302986852359027 0.069625715288566425
leaf_count=4 25 9 128 22 31 1 2 3 4 4 3 1 89 7 51
internal_value=0.000142621 -0.00769772 0.00881414 0.0195296 -0.0139226 0.0382034 -0.0221014 0.0095569 -0.0675354 -0.0343294 -0.0888125 -0.0855917 -0.084428 -0.0816277 -0.0809643
internal_weight=6.78746 5.6281 4.41093 4.01345 2.21782 1.15936 0.561071 1.70128 1.21717 0.606998 0.349745 0.431106 0.318617 0.173937 0.105634
internal_count=384 316 193 184 162 68 64 131 123 98 62 94 93 59 52
is_linear=0
shrinkage=0.1


Tree=215
num_leaves=17
num_cat=0
split_feature=5 3 6 5 6 5 5 5 6 6 6 8 0 0 0 0
split_gain=0.235795 0.935067 0.8323 0.585518 0.235497 0.157858 0.355528 0.246259 0.831214 0.842992 0.215475 0.357473 0.0297675 0.000269212 6.23696e-07 2.23796e-07
threshold=28.050000000000004 -1.0000000180025095e-35 62.550000000000004 28.550000000000004 58.050000000000004 26.750000000000004 26.150000000000002 24.450000000000003 65.500000000000014 68.950000000000017 71.950000000000017 1.0000000180025095e-35 0.91597561503675362 -0.91597561503675329 0.37940952255126054 1.0000000180025095e-35
decision_type=2 2 2 2 2 2 2 2 2 2 2 2 2 2 2 2
left_child=5 2 3 -2 -5 6 7 10 -9 -10 -1 -12 13 -3 15 -15
right_child=1 12 -4 4 -6 -7 -8 8 9 -11 11 -13 -14 14 -16 -17
leaf_value=-0.028882491269334776 0.096489698447683847 -0.085434638294438217 -0.087565834307457166 -0.088758701971797097 0.039461785209822228 0.025278788887884724 -0.044038584883295817 -0.054860706903330336 0.11673717656598011 0.012485930230289859 -0.016990236550796508 0.034186042018641123 -0.11721280632867215 -0.080227214887913414 -0.080741284859586926 -0.080472996497015642
leaf_weight=2.5240337792784029 1.0046212337911136 0.22282165382057428 0.60456823633285228 0.31212778715416778 0.26473520055878907 3.0163710620254269 1.6175103716086585 1.0170920123346139 1.1763052828609946 2.2772008110769093 2.9852303243242204 2.5146877793595195 0.6047721803188324 0.064150220423470072 0.064031914545921609 0.087686450482578948
leaf_count=20 12 5 29 34 28 26 20 5 9 67 26 28 3 37 17 18
internal_value=-0.000159163 -0.0249442 0.0122316 0.0503821 -0.0299155 0.00451399 7.56334e-05 0.00578654 0.0245947 0.0479951 -0.00469257 0.00640872 -0.102828 -0.0829964 -0.0804795 -0.0803692
internal_weight=20.3579 3.22951 2.18605 1.58148 0.576863 17.1284 14.1121 12.4945 4.4706 3.45351 8.02395 5.49992 1.04346 0.43869 0.215869 0.151837
internal_count=384 183 103 74 62 201 175 155 81 76 74 54 80 77 72 55
is_linear=0
shrinkage=0.1


Tree=216
num_leaves=11
num_cat=0
split_feature=1 2 0 1 1 6 5 5 0 6
split_gain=0.368807 0.16791 3.74228e-08 4.51924e-08 1.13445e-07 3.3011e-08 5.84805e-08 2.51857e-08 9.16677e-09 8.98976e-10
threshold=0.78656609248549303 0.6078576107927941 0.91597561503675362 1.0000000180025095e-35 -0.98296291314453399 68.950000000000017 23.850000000000005 31.650000000000002 -0.91597561503675329 72.40000000000002
decision_type=2 2 2 2 2 2 2 2 2 2
left_child=2 -2 3 4 -1 -5 -7 8 -6 -8
right_child=1 -3 -4 5 7 6 9 -9 -10 -11
leaf_value=-0.080231274346128506 -0.0088745436547376516 0.028904781527315338 -0.080245392433193341 -0.080262395333827771 -0.080097405504720331 -0.080252335153940244 -0.080145247881216242 -0.080198489284536115 -0.08003885998414012 -0.080126460940748406
leaf_weight=0.083908565575256833 2.8997491644695401 1.9795318180695174 0.092003299272619188 0.070403648540377617 0.046708261070307233 0.069686191738583148 0.043329356878530234 0.015926176653010771 0.062571066620876192 0.061796357564162463
leaf_count=27 38 17 31 20 38 21 23 11 122 36
internal_value=-0.00227162 0.00645259 -0.0801872 -0.0801755 -0.0801413 -0.0802046 -0.0801813 -0.080081 -0.0800639 -0.0801342
internal_weight=5.42561 4.87928 0.546333 0.45433 0.209114 0.245216 0.174812 0.125206 0.109279 0.105126
internal_count=384 55 329 298 198 100 80 171 160 59
is_linear=0
shrinkage=0.1


Tree=217
num_leaves=14
num_cat=0
split_feature=9 4 6 6 5 6 6 6 6 6 6 6 6
split_gain=0.191066 0.244589 0.444765 1.02244 0.229182 1.01935 0.745656 0.221888 0.550291 0.426997 0.512355 0.359054 0.0608937
threshold=1.0000000180025095e-35 1.0000000180025095e-35 55.350000000000001 58.050000000000004 27.200000000000006 66.65000000000002 66.65000000000002 54.750000000000007 62.900000000000006 68.350000000000009 77.850000000000009 59.250000000000007 59.550000000000004
decision_type=2 2 2 2 2 2 2 2 2 2 2 2 2
left_child=1 2 -1 -4 6 -6 -5 -3 11 -10 -11 -9 -2
right_child=12 7 3 4 5 -7 -8 8 9 10 -12 -13 -14
leaf_value=-0.068055488846429896 -0.0091214031072839041 0.062184704216140509 0.097825467321382309 0.042797729134926611 -0.0790138157505028 0.04882587282660459 -0.024827979668622643 -0.097436840555546037 0.073592308496826894 -0.058029444590381354 0.05903470023147836 0.010402455145794694 -0.05196856287844738
leaf_weight=0.98708865471417695 0.56015033065341302 1.0952952234074462 1.0098073347471643 2.6861895332112891 1.7204181962006262 0.97845643362961698 4.1486366031458601 0.62797025297186315 1.4577095608692618 0.78699591977056094 0.71222315449267626 0.60736809397349134 0.81323635159060359
leaf_count=18 12 14 18 20 44 16 105 21 20 28 20 20 28
internal_value=0.00137032 0.00429894 -0.00386747 0.00214185 -0.00799294 -0.0326665 0.00174994 0.0221074 0.0116366 0.0350543 -0.00241663 -0.0444164 -0.0344929
internal_weight=18.1915 16.8182 11.5306 10.5435 9.5337 2.69887 6.83483 5.28756 4.19227 2.95693 1.49922 1.23534 1.37339
internal_count=384 344 221 203 185 60 125 123 109 68 48 41 40
is_linear=0
shrinkage=0.1


Tree=218
num_leaves=12
num_cat=0
split_feature=5 5 4 5 5 6 6 0 6 5 5
split_gain=0.249044 0.863329 0.344902 0.955388 0.754107 0.584419 0.451332 0.596863 0.422669 0.00415052 0.00363654
threshold=22.950000000000003 23.350000000000005 1.0000000180025095e-35 28.050000000000004 23.550000000000004 54.750000000000007 54.150000000000013 -0.37940952255126059 59.250000000000007 23.750000000000004 23.950000000000003
decision_type=2 2 2 2 2 2 2 2 2 2 2
left_child=-1 -2 4 9 -3 -5 -6 -8 -7 -4 -11
right_child=1 2 3 5 6 8 7 -9 -10 10 -12
leaf_value=0.031339363817057951 -0.095504360500811722 0.08994003477116333 -0.098168286906379104 -0.052751933328761269 0.068839934267012223 0.080796650447972379 0.020112826699319398 -0.030761271237798628 0.0006889505233965104 -0.094696907375791117 -0.081013296046157257
leaf_weight=2.1796467453241375 0.98415991663933056 1.0899425372481371 0.58862297981977352 1.2460682936944065 0.92947237193584342 1.0238022545818242 4.8127877728547945 4.4277251164894489 1.8466678027762098 0.34832914173603058 0.43897580611519516
leaf_count=10 7 5 4 15 14 25 136 79 43 3 43
internal_value=-0.000559613 -0.00447968 0.000867784 -0.0196766 0.0108891 0.00443566 0.00241703 -0.00426423 0.0292607 -0.0918163 -0.0870674
internal_weight=19.9162 17.7366 16.7524 5.49247 11.2599 4.11654 10.17 9.24051 2.87047 1.37593 0.787305
internal_count=384 374 367 133 234 83 229 215 68 50 46
is_linear=0
shrinkage=0.1


Tree=219
num_leaves=16
num_cat=0
split_feature=2 2 5 6 6 5 5 6 8 1 1 5 5 6 6
split_gain=0.176922 0.503823 0.449949 0.488951 0.345864 0.336593 0.384685 0.330365 0.121836 0.34977 0.00140087 0.000105088 0.000241981 1.14015e-05 8.98506e-06
threshold=-0.8783796973249266 -1.0000000180025095e-35 23.350000000000005 80.300000000000026 71.750000000000014 23.750000000000004 31.850000000000005 71.600000000000009 1.0000000180025095e-35 0.9159756150367534 0.9159756150367534 24.150000000000002 31.850000000000005 78.750000000000014 51.45000000000001
decision_type=2 2 2 2 2 2 2 2 2 2 2 2 2 2 2
left_child=5 8 -3 4 7 -1 10 -4 -2 11 13 -10 -13 14 -7
right_child=1 2 3 -5 -6 6 -8 -9 9 -11 -12 12 -14 -15 -16
leaf_value=0.088420707943206334 -0.099282300157536071 -0.097154786223706491 -0.013108931504784356 0.057083730223928132 -0.08982000340910265 -0.082219861803172367 0.087780269818308665 0.10332395037707343 -0.087073808201550237 0.088971448826903138 -0.09464686158265001 -0.081164429895558721 -0.087527357209054982 -0.082587758167139882 -0.080181292550175517
leaf_weight=0.5897480286657808 0.56935373935266398 0.36913797399029125 1.3845717031945248 1.7797429950442163 0.46799912759161078 0.032837759703397751 0.20002098381519318 0.29574534529820073 0.14037454547360517 0.16432956885546446 0.16608183935750276 0.15258361574524315 0.09825502336025238 0.065584362775553018 0.063294307634350844
leaf_count=4 25 9 128 22 31 1 2 3 4 4 3 89 1 7 51
internal_value=0.000272549 -0.00719481 0.0084014 0.018321 -0.0137914 0.0365019 -0.0215086 0.00738392 -0.0667736 -0.0334568 -0.0881961 -0.0848829 -0.0836568 -0.0815712 -0.0808776
internal_weight=6.53966 5.42209 4.2972 3.92806 2.14832 1.11757 0.527819 1.68032 1.1249 0.555543 0.327798 0.391213 0.250839 0.161716 0.0961321
internal_count=384 316 193 184 162 68 64 131 123 98 62 94 90 59 52
is_linear=0
shrinkage=0.1


Tree=220
num_leaves=9
num_cat=0
split_feature=0 6 6 6 5 3 5 5
split_gain=0.445787 0.230277 0.164504 0.595002 0.579565 0.703761 0.361233 0.528966
threshold=-0.98296291314453399 82.050000000000026 75.850000000000009 73.15000000000002 23.350000000000005 -0.22252093395631442 23.750000000000004 24.550000000000004
decision_type=2 2 2 2 2 2 2 2
left_child=-1 2 3 6 -4 -6 -2 -8
right_child=1 -3 4 -5 5 -7 7 -9
leaf_value=0.063975755520020314 -0.05521298438609093 0.027562785660870642 -0.095598834977524749 0.065158112221830086 -0.052177896050132566 0.066802237524336533 0.052657067346052612 -0.011656285419358207
leaf_weight=1.0255578467622424 1.5140661671757758 2.0913788257166734 0.90643437812104766 1.1698386302450661 1.1187286726199095 0.89473890000954237 1.473601956386118 9.6774743688001745
leaf_count=27 10 31 9 13 29 22 13 230
internal_value=-0.000230519 -0.00372443 -0.00762977 -0.00307767 -0.0291984 0.000694152 -0.00938039 -0.00315735
internal_weight=19.8718 18.8463 16.7549 13.835 2.9199 2.01347 12.6651 11.1511
internal_count=384 357 326 266 60 51 253 243
is_linear=0
shrinkage=0.1


Tree=221
num_leaves=9
num_cat=0
split_feature=1 3 0 5 1 1 6 5
split_gain=0.336519 0.144902 2.99384e-08 3.83359e-08 4.2695e-08 5.59406e-08 5.3772e-08 1.61893e-08
threshold=0.78656609248549303 -0.22252093395631442 0.91597561503675362 23.850000000000005 -0.98296291314453399 1.0000000180025095e-35 68.950000000000017 31.650000000000002
decision_type=2 2 2 2 2 2 2 2
left_child=2 -2 3 -1 -5 7 -7 -6
right_child=1 -3 -4 4 5 6 -8 -9
leaf_value=-0.08022170696563552 -0.015067693829325546 0.020451076511486921 -0.080224803342971773 -0.08021014955856752 -0.08005844136510934 -0.080253662814522397 -0.080123624134517513 -0.080172673891865442
leaf_weight=0.079608912114053854 1.9167345585301516 2.8659671787172556 0.084062688809353858 0.076393755967728683 0.099692239906289726 0.047419556649401784 0.096530899929348379 0.014169900299748406
leaf_count=28 27 28 31 27 160 13 59 11
internal_value=-0.00192852 0.00621643 -0.0801704 -0.0801593 -0.0801445 -0.080125 -0.0801665 -0.0800727
internal_weight=5.28058 4.7827 0.497878 0.413815 0.334206 0.257813 0.14395 0.113862
internal_count=384 55 329 298 270 243 72 171
is_linear=0
shrinkage=0.1


Tree=222
num_leaves=13
num_cat=0
split_feature=5 5 3 9 2 6 6 5 6 6 6 6
split_gain=0.198417 0.676486 0.205754 0.454113 0.205461 0.421435 2.21894 0.948798 0.20292 0.499445 0.0243352 0.00193188
threshold=24.250000000000004 23.350000000000005 0.81174490092936691 1.0000000180025095e-35 -0.60785761079279388 66.100000000000009 68.050000000000011 28.150000000000002 62.900000000000006 54.750000000000007 66.850000000000009 68.350000000000009
decision_type=2 2 2 2 2 2 2 2 2 2 2 2
left_child=1 -1 3 4 8 7 -7 -6 9 -2 -10 -3
right_child=2 11 -4 -5 5 6 -8 -9 10 -11 -12 -13
leaf_value=0.020858281374162697 0.05326202964114693 -0.093961081957005324 0.045444095469991619 -0.06157644594702949 0.055878793830291644 -0.13188713450949671 0.0276358170176213 -0.031260387080661478 0.05989999125928467 -0.040753449535604058 0.037823950360101305 -0.085043683169875373
leaf_weight=1.3041114062070875 1.0889883819036179 0.4440963165834545 1.1765788876218728 1.0434395467164002 2.826441433979193 1.3186132923001426 2.5742482021450996 2.239649114490021 0.93933883169665966 1.1744497560139278 1.0660005240351891 0.53635855717584491
leaf_count=17 14 6 27 32 19 12 59 67 16 41 36 38
internal_value=0.00118213 -0.0263245 0.00525009 0.00193631 0.00694637 -0.00165654 -0.0263987 0.0173558 0.0250014 0.0044794 0.0481648 -0.0890828
internal_weight=17.7323 2.28457 15.4477 14.2712 13.2277 8.95895 3.89286 5.06609 4.26878 2.26344 2.00534 0.980455
internal_count=384 61 323 296 264 157 71 86 107 55 52 44
is_linear=0
shrinkage=0.1


Tree=223
num_leaves=13
num_cat=0
split_feature=5 5 4 5 5 6 2 5 6 6 5 5
split_gain=0.217588 0.778928 0.282696 0.895264 0.660309 0.439536 0.417572 0.472137 0.357082 0.314299 0.00322898 0.00303595
threshold=22.950000000000003 23.350000000000005 1.0000000180025095e-35 28.050000000000004 23.550000000000004 54.750000000000007 -1.0000000180025095e-35 24.050000000000004 59.250000000000007 74.850000000000009 23.750000000000004 23.950000000000003
decision_type=2 2 2 2 2 2 2 2 2 2 2 2
left_child=-1 -2 4 10 -3 -5 7 -6 -7 -8 -4 -12
right_child=1 2 3 5 6 8 9 -9 -10 -11 11 -13
leaf_value=0.029329533624946891 -0.094357325461984359 0.08415918691728215 -0.096914563819169852 -0.044777407130178637 0.099241374847086533 0.07713767523578402 -6.0602442457468687e-05 0.0046182263361518741 0.0011836268077274434 -0.053023774894298784 -0.093889604743921926 -0.080893709125481369
leaf_weight=2.1505385339260128 0.91170142590999859 1.0756986737251306 0.55504798144101986 1.227998723741621 0.83327576145530313 0.9410600045230243 6.3073259821976464 1.4361583513673393 1.8084253781707955 1.3624963264446703 0.32863378897309303 0.39679163158871233
leaf_count=10 7 5 4 15 4 25 139 46 43 40 3 43
internal_value=-0.000657915 -0.00441064 0.000628685 -0.0184483 0.00973503 0.00496421 0.00168031 0.0393613 0.0271802 -0.00946918 -0.0911737 -0.0867811
internal_weight=19.3352 17.1846 16.2729 5.25796 11.015 3.97748 9.93926 2.26943 2.74949 7.66982 1.28047 0.725425
internal_count=384 374 367 133 234 83 229 50 68 179 50 46
is_linear=0
shrinkage=0.1


Tree=224
num_leaves=12
num_cat=0
split_feature=1 6 5 2 6 6 6 6 6 6 6
split_gain=0.167195 0.477717 0.358269 0.27147 0.21607 0.388687 0.381614 0.335493 0.131091 0.000460057 0.000158279
threshold=0.78656609248549303 80.65000000000002 23.650000000000002 0.6078576107927941 80.300000000000026 71.750000000000014 65.700000000000003 56.650000000000013 66.100000000000009 79.250000000000014 71.950000000000017
decision_type=2 2 2 2 2 2 2 2 2 2 2
left_child=1 4 -2 -4 5 6 7 -1 -8 10 -7
right_child=2 -3 3 -5 -6 9 8 -9 -10 -11 -12
leaf_value=0.019339566140048291 -0.028098559386133534 -0.090046094279916333 0.0014909398129080171 0.080180296275561794 0.10030819749096449 -0.086967205633917855 0.11815387697521416 -0.087591326012757417 0.037233819076200089 -0.090748960896843131 -0.082167887277234522
leaf_weight=0.74320691257890004 1.0181469840463253 0.66170095885172475 0.77125575393438328 1.0159118145820683 0.21637757914140809 0.12412550256703969 0.28528971521882329 0.48481033345888136 0.67120635199535172 0.18467279424658045 0.15393956053594593
leaf_count=54 9 16 32 14 2 7 5 128 69 6 42
internal_value=0.00103048 -0.0134665 0.0192483 0.0462217 0.00422877 -0.00362445 0.0140113 -0.0228758 0.0613695 -0.0868799 -0.0843103
internal_weight=6.33064 3.52533 2.80531 1.78717 2.86363 2.64725 2.18451 1.22802 0.956496 0.462738 0.278065
internal_count=384 329 55 46 313 311 256 182 74 55 49
is_linear=0
shrinkage=0.1


Tree=225
num_leaves=17
num_cat=0
split_feature=5 3 6 5 6 1 0 6 5 5 6 0 0 6 0 0
split_gain=0.207155 0.811009 0.726565 0.47869 0.203081 0.142618 0.477445 0.267085 0.338846 0.235651 0.325075 0.0197144 0.00021366 5.29774e-05 4.80423e-07 1.81262e-07
threshold=28.050000000000004 -1.0000000180025095e-35 62.550000000000004 28.550000000000004 58.050000000000004 0.60355339059327384 -0.60355339059327362 74.850000000000009 23.950000000000003 25.350000000000005 66.100000000000009 0.91597561503675362 -0.91597561503675329 83.100000000000009 0.37940952255126054 -1.0000000180025095e-35
decision_type=2 2 2 2 2 2 2 2 2 2 2 2 2 2 2 2
left_child=5 2 3 -2 -5 7 -7 8 -1 -10 -11 12 -3 -8 15 -14
right_child=1 11 -4 4 -6 6 13 -9 9 10 -12 -13 14 -15 -16 -17
leaf_value=-0.032609144192533496 0.090058440605750703 -0.085061229715446385 -0.086869289867122695 -0.087498616461010217 0.035790717673943005 0.011423459580623636 -0.08076379051784649 0.036118892821494462 0.036939301301111727 -0.024485063218554492 0.020947906741682183 -0.11187502118927878 -0.080184541045766916 -0.082428256091909111 -0.080668876103661857 -0.080420308478852134
leaf_weight=2.3256098404526773 0.95517550408840246 0.207442382350564 0.54972308967262495 0.27722641988657415 0.25788772734813392 1.778459473513067 0.31938348361290891 2.7538642250001422 2.4119286723434907 2.8960777716711164 3.452048116363585 0.56632844358682632 0.055989721324294806 0.47654050914570689 0.056792819290421903 0.078089666058075546
leaf_count=13 12 5 29 34 28 31 36 20 32 22 28 3 37 19 17 18
internal_value=-0.000192836 -0.0243334 0.0113924 0.0476382 -0.0280817 0.00422623 -0.0173862 0.00824651 0.00132255 0.0103307 0.000220937 -0.0998859 -0.0828396 -0.0817603 -0.0804251 -0.0803219
internal_weight=19.4186 3.00466 2.04001 1.49029 0.535114 16.4139 2.57438 13.8395 11.0857 8.76005 6.34813 0.964643 0.398315 0.795924 0.190872 0.134079
internal_count=384 183 103 74 62 201 86 115 95 82 50 80 77 55 72 55
is_linear=0
shrinkage=0.1


Tree=226
num_leaves=9
num_cat=0
split_feature=1 2 0 5 1 1 6 5
split_gain=0.310641 0.14107 2.53645e-08 2.849e-08 3.1828e-08 4.57718e-08 4.08372e-08 1.04627e-08
threshold=0.78656609248549303 0.6078576107927941 0.91597561503675362 23.850000000000005 -0.98296291314453399 1.0000000180025095e-35 68.950000000000017 31.650000000000002
decision_type=2 2 2 2 2 2 2 2
left_child=2 -2 3 -1 -5 7 -7 -6
right_child=1 -3 -4 4 5 6 -8 -9
leaf_value=-0.080202371095212555 -0.0078292934205442342 0.027319696341384554 -0.080208847326752514 -0.080191853604926755 -0.080053064801416815 -0.080233619941824957 -0.080115127252942009 -0.080149800423059719
leaf_weight=0.072549903998151311 2.8311920305714011 1.9136351826600728 0.077533351490274072 0.069959845975972601 0.0902203363220907 0.043294032802805305 0.088622805604245514 0.012762316124280915
leaf_count=28 38 17 31 27 160 13 59 11
internal_value=-0.00122179 0.00634664 -0.0801568 -0.0801461 -0.0801326 -0.080115 -0.080154 -0.0800651
internal_weight=5.19977 4.74483 0.454943 0.377409 0.304859 0.234899 0.131917 0.102983
internal_count=384 55 329 298 270 243 72 171
is_linear=0
shrinkage=0.1


Tree=227
num_leaves=12
num_cat=0
split_feature=6 2 2 6 6 3 2 3 5 5 5
split_gain=0.18959 0.642201 0.594328 0.413239 0.400013 0.202749 0.566272 0.310876 0.333935 0.423929 0.000237359
threshold=69.450000000000017 0.87837969732492682 1.0000000180025095e-35 77.850000000000009 68.700000000000003 -0.56174490092936669 1.0000000180025095e-35 0.81174490092936691 25.850000000000005 26.850000000000005 24.750000000000004
decision_type=2 2 2 2 2 2 2 2 2 2 2
left_child=4 2 3 10 5 6 -1 8 -7 -10 -2
right_child=1 -3 -4 -5 -6 7 -8 -9 9 -11 -12
leaf_value=-0.067636923578088398 -0.087996103143567914 -0.097277451756383138 0.051628864066800187 0.0092027951529760066 0.065034483721507386 -0.055740049742606317 0.010415447593450896 0.062352180276801276 0.078180619268656715 0.0011221864262076059 -0.084650917433792272
leaf_weight=1.4226273515378114 0.39678557758452304 0.81719878182047967 1.3772270869230849 0.97096981352660805 1.0776823926717032 0.84607710805721748 2.6815838199108839 1.0164898966322651 0.82101300358772267 5.4734961246140301 0.45573808799963444
leaf_count=25 14 25 39 37 13 12 36 16 9 125 33
internal_value=0.000886962 -0.0181559 0.00204519 -0.0354038 0.00662299 0.00148902 -0.0166396 0.0106104 0.00324472 0.0111732 -0.0862078
internal_weight=17.3569 4.01792 3.20072 1.82349 13.339 12.2613 4.10421 8.15708 7.14059 6.29451 0.852524
internal_count=384 148 123 84 236 223 61 162 146 134 47
is_linear=0
shrinkage=0.1


Tree=228
num_leaves=7
num_cat=0
split_feature=6 6 5 6 6 5
split_gain=0.194544 0.368666 0.178077 0.263006 0.486248 0.554417
threshold=85.15000000000002 81.65000000000002 31.750000000000004 53.95000000000001 55.850000000000001 30.450000000000003
decision_type=2 2 2 2 2 2
left_child=1 2 3 -1 -5 -6
right_child=-2 -3 -4 4 5 -7
leaf_value=0.045627119643427527 0.041750260978205535 -0.051955420843853101 -0.041737823352150066 -0.077394855074051472 -0.0036446663713278087 0.057622689746919226
leaf_weight=1.3619522026274431 1.0229728845879424 1.4211933544138435 0.91526359505951482 0.77498352131806214 11.728214340982957 1.6897959805792186
leaf_count=20 13 22 12 16 264 37
internal_value=-0.000663149 -0.00308821 0.00112848 0.00365076 -0.000377269 0.00407103
internal_weight=18.9144 17.8914 16.4702 15.5549 14.193 13.418
internal_count=384 371 349 337 317 301
is_linear=0
shrinkage=0.1


Tree=229
num_leaves=7
num_cat=0
split_feature=5 5 5 6 6 5
split_gain=0.151113 0.184653 0.371034 0.000124788 2.17098e-05 1.45483e-06
threshold=23.150000000000002 24.050000000000004 31.850000000000005 49.800000000000004 85.15000000000002 25.150000000000002
decision_type=2 2 2 2 2 2
left_child=-1 -2 3 -3 5 -5
right_child=1 2 -4 4 -6 -7
leaf_value=-0.082395712501100865 0.013855351764894367 -0.084319521407470274 0.022512908388619031 -0.080579023904982061 -0.081851541665951599 -0.080196617602198969
leaf_weight=0.20896379416808475 4.5448365623597056 0.11127676535397746 0.7089522946625948 0.15194595795765053 0.11889806517865509 0.28815373305405956
leaf_count=14 38 3 9 56 7 257
internal_value=0.00118143 0.00412951 -0.0279191 -0.0812613 -0.0806526 -0.0803286
internal_weight=6.13303 5.92406 1.37923 0.670275 0.558998 0.4401
internal_count=384 370 332 323 320 313
is_linear=0
shrinkage=0.1


Tree=230
num_leaves=18
num_cat=0
split_feature=5 3 0 5 5 5 6 6 8 1 0 6 0 0 5 0 0
split_gain=0.18273 0.734461 0.652082 0.13828 0.271404 0.171634 0.544176 0.70272 0.164789 0.110006 0.0148766 0.00996665 0.000391474 0.000168494 3.56869e-06 4.10786e-07 1.29546e-07
threshold=28.050000000000004 -1.0000000180025095e-35 0.91597561503675362 26.750000000000004 26.150000000000002 24.450000000000003 65.500000000000014 68.950000000000017 1.0000000180025095e-35 -0.12940952255126037 0.91597561503675362 76.550000000000011 -0.91597561503675329 -0.91597561503675329 28.550000000000004 0.37940952255126054 1.0000000180025095e-35
decision_type=2 2 2 2 2 2 2 2 2 2 2 2 2 2 2 2 2
left_child=3 2 9 4 5 8 -7 -8 -1 12 13 -10 -2 -3 -14 16 -15
right_child=1 10 -4 -5 -6 6 7 -9 11 -11 -12 -13 14 15 -16 -17 -18
leaf_value=-0.020450291699235013 -0.086220026160649513 -0.084672523734926508 0.059562534705450226 0.02335446355966956 -0.040290537426048455 -0.045997750314101263 0.10734314226124285 0.0077140996531118696 0.014089703784519382 -0.0010241670878293214 -0.10872547840727845 0.0041631264275608822 -0.081072515817102148 -0.080171539898145724 -0.080431416460084115 -0.080624476565064787 -0.08037944420690496
leaf_weight=3.4667395234573632 0.19877279945649207 0.19297604635357857 1.1382825411856174 2.9408347653225055 1.5255263191647817 0.94027201319113363 1.0554970540106299 2.1501569242682308 2.0765008786693269 0.2342665269970895 0.53664661198854446 1.9720464898273347 0.1460900129750371 0.052079850982407971 0.21404261025600135 0.052936982188839465 0.070598443009657785
leaf_count=32 6 5 7 26 20 5 9 67 19 2 3 23 12 37 76 17 18
internal_value=-0.000370092 -0.0237755 0.0110597 0.0037467 -0.000626118 0.0045628 0.0208968 0.0405181 -0.00444809 -0.0585469 -0.0981012 0.00925447 -0.0826577 -0.0826329 -0.0806915 -0.0803917 -0.0802912
internal_weight=18.9643 2.83669 1.93145 16.1276 13.1867 11.6612 4.14593 3.20565 7.51529 0.793172 0.905238 4.04855 0.558905 0.368591 0.360133 0.175615 0.122678
internal_count=384 183 103 201 175 155 81 76 74 96 80 42 94 77 88 72 55
is_linear=0
shrinkage=0.1


Tree=231
num_leaves=9
num_cat=0
split_feature=1 3 0 5 1 1 6 5
split_gain=0.27543 0.132889 2.00101e-08 2.21798e-08 2.22112e-08 3.22665e-08 3.10008e-08 9.54051e-09
threshold=0.78656609248549303 -0.22252093395631442 0.91597561503675362 23.850000000000005 -0.98296291314453399 1.0000000180025095e-35 68.950000000000017 31.650000000000002
decision_type=2 2 2 2 2 2 2 2
left_child=2 -2 3 -1 -5 7 -7 -6
right_child=1 -3 -4 4 5 6 -8 -9
leaf_value=-0.080184360470785226 -0.015566204342321499 0.018760974973482263 -0.080190963555998362 -0.080172227813204877 -0.080049079769171208 -0.0802121295892156 -0.080103602346635452 -0.08014401766843085
leaf_weight=0.066619015589821973 1.890804694034159 2.7945003337226808 0.070713803637772799 0.063116378965787479 0.082762296064174845 0.039267046959139407 0.079831481969449669 0.012137360725319013
leaf_count=28 27 28 31 27 160 13 59 11
internal_value=-0.00200401 0.00490788 -0.0801425 -0.0801326 -0.0801201 -0.0801047 -0.0801394 -0.0800612
internal_weight=5.09975 4.68531 0.414447 0.343734 0.277115 0.213998 0.119099 0.0948997
internal_count=384 55 329 298 270 243 72 171
is_linear=0
shrinkage=0.1


Tree=232
num_leaves=15
num_cat=0
split_feature=5 5 6 2 1 2 6 6 5 3 6 6 6 5
split_gain=0.180924 0.56709 0.161011 0.533646 0.212991 0.329323 0.511299 0.404135 0.334594 0.231476 0.00128371 0.000202685 3.66984e-05 6.66665e-05
threshold=24.250000000000004 23.350000000000005 71.600000000000009 -0.8783796973249266 -1.0000000180025095e-35 0.6078576107927941 59.250000000000007 59.95000000000001 26.350000000000005 1.0000000180025095e-35 68.350000000000009 73.050000000000011 75.850000000000009 24.550000000000004
decision_type=2 2 2 2 2 2 2 2 2 2 2 2 2 2
left_child=1 -1 4 -4 5 6 9 -7 -8 -2 -3 -5 -13 -14
right_child=2 10 3 11 -6 7 8 -9 -10 -11 -12 12 13 -15
leaf_value=0.016894629216586254 -0.040327162769276378 -0.091926293473774859 0.061571257306388461 -0.086485790036431975 0.032836379858527019 0.017168224306926241 -0.024146386432037929 -0.058701464384219262 0.043473508643865379 0.01821069446723652 -0.084230255632999879 -0.084015969861459053 -0.083820338848154846 -0.080332289989736197
leaf_weight=1.2713079932145803 1.9818643686012349 0.39573001815006126 0.39162991504417732 0.28250421280972549 2.8030109656974664 1.2049022478167892 0.88663156516849984 1.6824048775015397 4.1893228759872727 1.0248143324279224 0.47917702578706667 0.19227614396368153 0.11263242491986603 0.10670832137111574
leaf_count=17 38 6 15 9 26 24 10 28 87 31 38 14 9 32
internal_value=0.00139223 -0.0257481 0.00531242 -0.031763 0.00823515 0.00194911 0.0123048 -0.0270403 0.0316621 -0.0203748 -0.0877113 -0.0844231 -0.0830075 -0.0821234
internal_weight=17.0049 2.14622 14.8587 1.08575 13.773 10.9699 8.08263 2.88731 5.07595 3.00668 0.874907 0.694121 0.411617 0.219341
internal_count=384 61 323 79 244 218 166 52 97 69 44 64 55 41
is_linear=0
shrinkage=0.1


Tree=233
num_leaves=13
num_cat=0
split_feature=5 5 0 4 8 1 8 5 0 3 5 5
split_gain=0.200193 0.68633 0.257836 0.635746 1.10012 1.28667 0.586694 0.456367 0.290621 0.713038 0.264123 0.149633
threshold=22.950000000000003 23.350000000000005 -0.37940952255126059 1.0000000180025095e-35 1.0000000180025095e-35 0.37940952255126026 1.0000000180025095e-35 25.650000000000002 0.12940952255126059 -0.22252093395631442 28.050000000000004 30.850000000000005
decision_type=2 2 2 2 2 2 2 2 2 2 2 2
left_child=-1 -2 3 4 -3 -6 10 -5 11 -10 -4 -8
right_child=1 2 6 7 5 -7 8 -9 9 -11 -12 -13
leaf_value=0.028470529987086313 -0.09255988774605918 0.081476912524402478 -0.094543152171990344 -0.092673903802590635 0.036830789981983081 -0.093564650489289566 0.0056476396632814379 0.036982823534007982 -0.014133417681776644 0.11567757172990512 -0.0215999005227458 -0.029472301484312725
leaf_weight=2.0858806446194675 0.83835171535611408 2.3378237164579359 1.0155068440362809 0.83164821122772969 2.2081113974563782 1.1512865938711909 2.8246088471496424 0.40303124533966184 1.056674061110243 0.70577259408310045 0.97110378346405912 2.1264967573806643
leaf_count=10 7 18 33 24 81 46 43 39 25 31 7 20
internal_value=-0.000716239 -0.00441257 0.000314793 0.0147028 0.028801 -0.00785654 -0.011149 -0.0503506 0.00297715 0.0378495 -0.0588867 -0.00943635
internal_weight=18.5563 16.4704 15.6321 6.9319 5.69722 3.3594 8.70016 1.23468 6.71355 1.76245 1.98661 4.95111
internal_count=384 374 367 208 145 127 159 63 119 56 40 63
is_linear=0
shrinkage=0.1


Tree=234
num_leaves=12
num_cat=0
split_feature=1 6 5 2 6 6 6 5 6 6 6
split_gain=0.146592 0.422047 0.309214 0.257214 0.184357 0.346645 0.333633 0.311116 0.109538 0.000266871 0.00012483
threshold=0.78656609248549303 80.65000000000002 23.650000000000002 0.6078576107927941 80.300000000000026 71.750000000000014 65.700000000000003 31.850000000000005 66.100000000000009 79.250000000000014 71.950000000000017
decision_type=2 2 2 2 2 2 2 2 2 2 2
left_child=1 4 -2 -4 5 6 7 -1 -8 10 -7
right_child=2 -3 3 -5 -6 9 8 -9 -10 -11 -12
leaf_value=-0.086057961095479696 -0.026682304160345938 -0.089094783106481668 -0.00055599819780788827 0.076412097104244944 0.096926432251551453 -0.086539286974350482 0.11200627219712869 0.019740999057964986 0.036055871990513168 -0.089279910303700416 -0.082126458272715225
leaf_weight=0.46136553180986239 0.98769476544112 0.59822062216699112 0.76441262697335322 1.0050453523290341 0.19687873730435956 0.11706003805738863 0.26959823808283534 0.69912836886942387 0.64227845196728595 0.16389521400560625 0.14170340259443037
leaf_count=173 9 16 32 14 2 7 5 9 69 6 42
internal_value=0.00113349 -0.0131193 0.0181414 0.0431616 0.0037647 -0.00358654 0.0132466 -0.0223204 0.0585108 -0.0861225 -0.0841227
internal_weight=6.04728 3.29013 2.75715 1.76946 2.69191 2.49503 2.07237 1.16049 0.911877 0.422659 0.258763
internal_count=384 329 55 46 313 311 256 182 74 55 49
is_linear=0
shrinkage=0.1


Tree=235
num_leaves=9
num_cat=0
split_feature=0 6 6 6 5 3 1 5
split_gain=0.406562 0.218175 0.184792 0.483325 0.47509 0.542807 0.329587 0.72958
threshold=-0.98296291314453399 82.050000000000026 75.850000000000009 73.15000000000002 23.350000000000005 -0.22252093395631442 0.37940952255126026 23.950000000000003
decision_type=2 2 2 2 2 2 2 2
left_child=-1 2 3 6 -4 -6 7 -2
right_child=1 -3 4 -5 5 -7 -8 -9
leaf_value=0.06334086930854109 -0.10811514402981903 0.027495031850464376 -0.094078868771898638 0.060661065057687716 -0.050503757452140342 0.06053984913917923 0.038513608740959014 -0.0070999064327332663
leaf_weight=0.95610455237329262 0.77188458293676632 1.9961990625597525 0.83537964755669181 1.1011980639304955 1.024721565656364 0.77173770987428691 1.3180522879119951 9.6999582554562931
leaf_count=27 6 31 9 13 29 22 29 218
internal_value=-0.00015888 -0.00362437 -0.00762623 -0.00269631 -0.0317736 -0.00280073 -0.00861401 -0.0145458
internal_weight=18.4752 17.5191 15.5229 12.8911 2.63184 1.79646 11.7899 10.4718
internal_count=384 357 326 266 60 51 253 224
is_linear=0
shrinkage=0.1


Tree=236
num_leaves=9
num_cat=0
split_feature=5 1 2 0 1 1 6 5
split_gain=0.281838 0.604919 0.373102 2.39463e-08 2.03636e-08 2.28616e-08 1.69278e-08 5.42652e-09
threshold=24.050000000000004 0.78656609248549303 0.6078576107927941 0.91597561503675362 -0.98296291314453399 1.0000000180025095e-35 69.250000000000014 31.650000000000002
decision_type=2 2 2 2 2 2 2 2
left_child=2 3 -1 4 -2 7 -7 -6
right_child=1 -3 -4 -5 5 6 -8 -9
leaf_value=-0.043386167692553643 -0.080159696859426283 0.082839683772158501 0.019483344387133752 -0.08017684010787321 -0.080044192056730454 -0.080182111878122048 -0.080094797182687499 -0.080120784127260689
leaf_weight=2.0643066305783582 0.058387492434121446 0.88813539035618305 1.7392586515052242 0.064491040480788797 0.074088861314521637 0.033688690746203065 0.065130217204568908 0.010569946171017364
leaf_count=35 27 37 17 31 160 13 53 11
internal_value=-0.00133032 0.041044 -0.0146378 -0.0801227 -0.0801083 -0.0800919 -0.0801246 -0.0800538
internal_weight=4.99806 1.19449 3.80357 0.306356 0.241865 0.183478 0.0988189 0.0846588
internal_count=384 332 52 295 264 237 66 171
is_linear=0
shrinkage=0.1


Tree=237
num_leaves=12
num_cat=0
split_feature=5 5 9 6 2 2 6 6 1 6 6
split_gain=0.16494 0.501981 0.157809 0.137638 0.315521 0.226122 0.460852 0.287181 0.108437 0.0959455 0.000905267
threshold=24.250000000000004 23.350000000000005 1.0000000180025095e-35 53.95000000000001 -0.8783796973249266 -1.0000000180025095e-35 66.100000000000009 62.050000000000004 -0.98296291314453399 68.700000000000003 68.350000000000009
decision_type=2 2 2 2 2 2 2 2 2 2 2
left_child=1 -1 3 -2 8 7 -7 -6 -5 -10 -3
right_child=2 10 -4 4 5 6 -8 -9 9 -11 -12
leaf_value=0.014318090562366251 -0.026187086320580002 -0.090760686374104518 -0.029728973216169144 0.073537367567427944 -0.060165507872467883 0.039845912147104812 -0.010465673149485911 0.0036408329464607016 -0.01274163579258133 0.051874287464796914 -0.083999911239897515
leaf_weight=1.2538316971622436 1.0713794452021801 0.35864737397059787 1.1956746167270473 0.91826777160167694 1.0671260640665399 3.5555667863081917 3.7312551456270739 2.0808894169167615 0.38990501774242037 0.55961914808722213 0.44230688811512664
leaf_count=17 23 6 38 4 34 61 68 52 24 19 38
internal_value=0.00133723 -0.0251862 0.00507787 0.00818971 0.0111834 0.00440799 0.0140836 -0.0179885 0.0490359 0.0253409 -0.0870272
internal_weight=16.6245 2.05479 14.5697 13.374 12.3026 10.4348 7.28682 3.14802 1.86779 0.949524 0.800954
internal_count=384 61 323 285 262 215 129 86 47 43 44
is_linear=0
shrinkage=0.1


Tree=238
num_leaves=9
num_cat=0
split_feature=5 5 5 6 6 5 6 3
split_gain=0.177375 0.621395 0.252516 0.314378 0.554973 0.483825 0.291937 0.0826009
threshold=22.950000000000003 23.350000000000005 23.550000000000004 76.950000000000017 71.850000000000009 27.800000000000001 81.65000000000002 -0.22252093395631442
decision_type=2 2 2 2 2 2 2 2
left_child=-1 -2 -3 4 5 -4 -5 -6
right_child=1 2 3 6 7 -7 -8 -9
leaf_value=0.026544674297415805 -0.091518264717152686 0.042253391179092006 -0.052450102251088787 -0.005121356773855272 0.072660129939238718 0.0026765316323952536 -0.092795316605018274 0.029842070076985201
leaf_weight=2.0650506541132954 0.78222140297293563 1.2870549783110607 1.9543346216669295 0.79652144364081212 0.95356049481779337 8.5891991959069838 0.72592874325346202 0.85406607412733027
leaf_count=10 7 7 79 32 23 181 26 19
internal_value=-0.00103143 -0.00460331 -0.000118892 -0.00404977 0.00123528 -0.00754166 -0.0469257 0.0524295
internal_weight=18.0079 15.9429 15.1607 13.8736 12.3512 10.5435 1.52245 1.80763
internal_count=384 374 367 360 302 260 58 42
is_linear=0
shrinkage=0.1


Tree=239
num_leaves=12
num_cat=0
split_feature=6 6 6 2 5 6 3 1 2 6 1
split_gain=0.135617 0.466746 0.23936 0.284898 0.14906 0.266981 0.0321923 0.000888039 0.000278714 8.69662e-05 3.64457e-05
threshold=80.300000000000026 71.750000000000014 71.600000000000009 0.6078576107927941 23.950000000000003 56.650000000000013 1.0000000180025095e-35 0.37940952255126026 -1.0000000180025095e-35 71.950000000000017 1.0000000180025095e-35
decision_type=2 2 2 2 2 2 2 2 2 2 2
left_child=1 2 3 4 -1 -6 -2 10 9 -3 -5
right_child=6 8 -4 7 5 -7 -8 -9 -10 -11 -12
leaf_value=0.057864382279651877 0.024843599460339393 -0.085881658247440318 0.09516083048498164 -0.080918039502430747 0.029090646917843702 -0.083086037113372077 0.004335031377215969 -0.092632166202941027 -0.087973357738566238 -0.082062739972326604 -0.083772320688558485
leaf_weight=0.51306190737523205 1.6681146754417571 0.10712661646539345 0.27674818597733963 0.086776553020172176 0.62338378747517709 0.32163147065148223 1.4143258052645249 0.16048979613697156 0.4458118384645785 0.1344965853204485 0.092338546179234982
leaf_count=6 31 5 3 53 41 145 15 8 35 37 5
internal_value=0.00101425 -0.0150788 0.00858618 -0.00474175 0.0144708 -0.00908816 0.0154336 -0.08723 -0.086491 -0.0837559 -0.0823895
internal_weight=5.84431 2.76187 2.07443 1.79768 1.45808 0.945015 3.08244 0.339605 0.687435 0.241623 0.179115
internal_count=384 338 261 258 192 186 46 66 77 42 58
is_linear=0
shrinkage=0.1


Tree=240
num_leaves=11
num_cat=0
split_feature=0 5 0 5 6 6 5 1 0 6
split_gain=0.35409 0.241921 0.277094 0.286391 0.493237 0.821829 0.628709 0.47971 0.373574 0.0397173
threshold=-0.98296291314453399 22.950000000000003 -0.91597561503675329 26.150000000000002 66.450000000000017 68.450000000000017 26.850000000000005 0.60355339059327384 -0.60355339059327362 69.450000000000017
decision_type=2 2 2 2 2 2 2 2 2 2
left_child=-1 -2 9 7 6 -6 -5 -4 -9 -3
right_child=1 2 3 4 5 -7 -8 8 -10 -11
leaf_value=0.060823340099541628 0.041357957390569536 -0.034178980762488854 0.048146915896277363 -0.098666744377604379 -0.11549489954594822 0.009573346918011566 0.025054477876383891 0.010455685508247397 -0.081672805759653383 -0.016735937278706408
leaf_weight=0.90636164229363458 1.1328199491836155 2.5880083702504697 2.7588423807173914 0.47004596889019046 1.0208970365347343 1.082494177680928 3.2550929906137753 1.6563462004996838 0.59942116867750872 2.6338874734938145
leaf_count=27 10 23 32 3 13 27 155 30 45 19
internal_value=-9.57778e-05 -0.00330634 -0.00645582 0.00265818 -0.0124163 -0.0511295 0.00944307 0.0201794 -0.0140255 -0.0253808
internal_weight=18.1042 17.1979 16.065 10.8431 5.82853 2.10339 3.72514 5.01461 2.25577 5.2219
internal_count=384 357 347 305 198 40 158 107 75 42
is_linear=0
shrinkage=0.1


Tree=241
num_leaves=9
num_cat=0
split_feature=5 1 2 0 1 1 6 5
split_gain=0.250426 0.553918 0.304289 1.93143e-08 1.57618e-08 1.83734e-08 1.31118e-08 4.34684e-09
threshold=24.050000000000004 0.78656609248549303 0.6078576107927941 0.91597561503675362 -0.98296291314453399 1.0000000180025095e-35 68.950000000000017 31.650000000000002
decision_type=2 2 2 2 2 2 2 2
left_child=2 3 -1 4 -2 7 -7 -6
right_child=1 -3 -4 -5 5 6 -8 -9
leaf_value=-0.039426237721890946 -0.0801470875729942 0.082604164061081356 0.017819418389925939 -0.080164035752828072 -0.080039736410676909 -0.080173304793243569 -0.080090326291957836 -0.080111321680554293
leaf_weight=2.008616854262073 0.053535666957031713 0.82323187822476029 1.726810999040026 0.059520126902498305 0.067125841713277623 0.027223154786042869 0.063372333970619366 0.0097095181990880519
leaf_count=35 27 37 17 31 160 11 55 11
internal_value=-0.000597175 0.0412529 -0.0129628 -0.0801135 -0.0800999 -0.0800848 -0.0801153 -0.0800488
internal_weight=4.83915 1.10372 3.73543 0.280487 0.220967 0.167431 0.0905955 0.0768354
internal_count=384 332 52 295 264 237 66 171
is_linear=0
shrinkage=0.1


Tree=242
num_leaves=11
num_cat=0
split_feature=5 5 3 9 6 6 5 5 1 6
split_gain=0.162058 0.431575 0.175867 0.328628 0.180221 0.883661 0.481281 0.314325 0.174294 0.000743796
threshold=24.250000000000004 23.350000000000005 0.81174490092936691 1.0000000180025095e-35 71.250000000000014 71.850000000000009 24.350000000000005 25.650000000000002 -0.98296291314453399 68.350000000000009
decision_type=2 2 2 2 2 2 2 2 2 2
left_child=1 -1 3 4 7 -6 -7 -2 -9 -3
right_child=2 9 -4 -5 5 6 -8 8 -10 -11
leaf_value=0.010518958801616376 -0.043675494150441418 -0.089954654408901574 0.043103911247702881 -0.056344721768820209 0.18161631390710084 0.077913260429427589 -0.083596407207514573 0.025311456098766623 -0.002057882508755359 -0.083571783117615844
leaf_weight=1.2157539720647061 1.3307353054406075 0.33262960333377112 1.0963854532456032 0.91653967805905345 0.32836761634098255 0.3210734500316903 0.43375720304902643 3.6920363642275298 6.2922390836756694 0.404677702288609
leaf_count=17 13 6 27 32 6 5 56 21 163 38
internal_value=0.000943366 -0.0260887 0.00460687 0.00143688 0.00570839 0.0446753 -0.0148969 0.00197805 0.00806289 -0.0864514
internal_weight=16.3642 1.95306 14.4111 13.3147 12.3982 1.0832 0.754831 11.315 9.98428 0.737307
internal_count=384 61 323 296 264 67 61 197 184 44
is_linear=0
shrinkage=0.1


Tree=243
num_leaves=10
num_cat=0
split_feature=6 6 6 2 5 5 8 0 6
split_gain=0.195598 0.412112 0.646448 0.592235 0.237701 0.418696 0.381343 0.29106 0.155219
threshold=84.500000000000014 74.850000000000009 71.850000000000009 -1.0000000180025095e-35 23.550000000000004 27.800000000000001 1.0000000180025095e-35 1.0000000180025095e-35 79.250000000000014
decision_type=2 2 2 2 2 2 2 2 2
left_child=1 2 4 8 -1 6 -6 -7 -3
right_child=-2 3 -4 -5 5 7 -8 -9 -10
leaf_value=0.047156900297280292 0.034084328243708543 0.049409830797933985 0.077373355784997863 -0.066191444919676184 0.00094672530118059754 0.047529189408858745 -0.08994221317537579 -0.0048871991961647286 -0.014169197412477753
leaf_weight=0.89095991849899903 1.4684347705915559 0.69660794152878247 1.115889922948553 2.2150042264256617 0.83133876090869296 1.2396697412477786 1.0380360094131891 7.2838529320433736 0.85563555487897247
leaf_count=5 17 23 21 39 23 93 56 88 19
internal_value=-0.000859996 -0.00403396 0.00476636 -0.0329999 -0.00241393 -0.00666353 -0.0495226 0.00273629 0.0143635
internal_weight=17.6354 16.167 12.3997 3.76725 11.2839 10.3929 1.86937 8.52352 1.55224
internal_count=384 367 286 81 265 260 79 181 42
is_linear=0
shrinkage=0.1


Tree=244
num_leaves=9
num_cat=0
split_feature=5 1 6 5 5 5 5 6
split_gain=0.128976 0.155742 0.382565 0.159812 0.281199 0.153582 0.337813 6.68839e-05
threshold=23.150000000000002 0.78656609248549303 80.65000000000002 23.750000000000004 31.850000000000005 23.750000000000004 23.850000000000005 49.800000000000004
decision_type=2 2 2 2 2 2 2 2
left_child=-1 2 3 -2 7 -3 -7 -5
right_child=1 5 -4 4 -6 6 -8 -9
leaf_value=-0.082148329351221072 0.028904616478539643 -0.00091995061749117484 -0.088607516920723717 -0.083614328395180806 0.019828410207376142 0.11056132072330432 0.0018655888638339443 -0.080645387789291784
leaf_weight=0.1816241907654329 1.2862728559412069 1.3884472995996477 0.53568078076932568 0.094810566632076876 0.65516415983438492 0.49898411333560921 0.66963365199626423 0.37999256606417475
leaf_count=14 12 8 14 3 9 2 40 282
internal_value=0.000764901 0.00349844 -0.0121505 0.00479999 -0.022639 0.0215639 0.0482772 -0.0812382
internal_weight=5.69061 5.50899 2.95192 2.41624 1.12997 2.55707 1.16862 0.474803
internal_count=384 370 320 306 294 50 42 285
is_linear=0
shrinkage=0.1


Tree=245
num_leaves=15
num_cat=0
split_feature=5 0 6 6 5 3 3 5 5 5 1 6 5 1
split_gain=0.173565 0.253533 0.111044 0.243687 0.46161 0.551116 0.203472 0.852033 0.63497 0.34002 0.000747985 9.19467e-05 4.51157e-06 1.05391e-06
threshold=28.450000000000003 0.91597561503675362 82.050000000000026 75.850000000000009 23.350000000000005 -0.22252093395631442 -1.0000000180025095e-35 25.350000000000005 24.650000000000002 26.750000000000004 -0.12940952255126037 76.300000000000026 28.550000000000004 -0.98296291314453399
decision_type=2 2 2 2 2 2 2 2 2 2 2 2 2 2
left_child=2 10 3 6 -5 -6 7 -1 -8 -9 11 12 -2 -14
right_child=1 -3 -4 4 5 -7 8 9 -10 -11 -12 -13 13 -15
leaf_value=0.065312998695045546 -0.081181812876852125 0.0097892912109487553 0.025215816857098835 -0.093000085631175344 -0.046796606661955779 0.072624064065749713 -0.05063102138529825 -0.031601421494551897 0.02639785547521975 0.017424608186094887 -0.089835683215192835 -0.084585221343629585 -0.080521573776881752 -0.080165292028960167
leaf_weight=2.3410453307442385 0.081520188949070871 0.58187084645032883 1.891492633614688 0.77805913775227908 0.96985969482921075 0.64241028926335242 2.1585039496421841 2.753062061034143 2.1224131106864661 2.9099101726897061 0.12187279015779384 0.064087271690368652 0.17420173599384725 0.1586333888117224
leaf_count=29 8 5 31 9 29 21 17 24 31 31 1 1 27 120
internal_value=-0.000230261 -0.0372489 0.00241135 -0.000527916 -0.0297412 0.000786657 0.00515623 0.0145682 -0.0124413 -0.00640947 -0.0828418 -0.0810603 -0.0805151 -0.0803518
internal_weight=17.7489 1.18219 16.5668 14.6753 2.39033 1.61227 12.2849 8.00402 4.28092 5.66297 0.600315 0.478443 0.414355 0.332835
internal_count=384 162 222 191 59 50 132 84 48 55 157 156 155 147
is_linear=0
shrinkage=0.1


Tree=246
num_leaves=14
num_cat=0
split_feature=6 5 2 1 5 6 1 2 6 1 3 1 6
split_gain=0.219702 0.206132 0.692519 0.0866985 0.0150344 0.00465816 0.00859128 0.0031029 0.0032812 0.00133605 7.23265e-09 6.43306e-09 5.00487e-09
threshold=73.050000000000011 23.850000000000005 0.87837969732492682 0.9159756150367534 24.050000000000004 80.65000000000002 0.9159756150367534 0.6078576107927941 64.40000000000002 0.78656609248549303 -0.56174490092936669 -0.98296291314453399 59.050000000000004
decision_type=2 2 2 2 2 2 2 2 2 2 2 2 2
left_child=3 -2 4 7 -3 6 -6 9 -9 10 12 -12 -1
right_child=1 2 -4 -5 5 -7 -8 8 -10 -11 11 -13 -14
leaf_value=-0.080165364507914325 -0.0085616733574380068 0.10107437067927294 -0.0826287157520363 0.080875699444561105 0.042904896666321787 0.080444332606146127 0.080843822343709792 -0.038018417856873293 -0.080147671650915298 -0.093058709482333773 -0.080128222745602135 -0.08006995101595682 -0.080110740972436714
leaf_weight=0.024792946976958663 2.898978381883353 0.30186330724973209 0.34404656157130376 0.035679089371114969 0.11261230468517169 0.42569383204681799 0.12700471002608538 0.029982875719724689 0.048216324968961999 0.15079468488693237 0.026669105980545171 0.06541538844612671 0.051860448264051229
leaf_count=18 32 5 11 3 32 20 10 36 35 1 15 112 54
internal_value=-0.000659433 0.00631947 0.0392202 -0.0684533 0.0825647 0.0741666 0.0630137 -0.081849 -0.0639946 -0.0862185 -0.0801057 -0.0800868 -0.0801284
internal_weight=4.64361 4.2102 1.31122 0.433411 0.967174 0.665311 0.239617 0.397732 0.0781992 0.319533 0.168738 0.0920845 0.0766534
internal_count=384 110 78 274 67 62 42 271 71 200 199 127 72
is_linear=0
shrinkage=0.1


Tree=247
num_leaves=11
num_cat=0
split_feature=6 2 2 6 6 6 5 1 2 5
split_gain=0.144077 0.537802 0.457498 0.324734 0.321642 0.19936 0.331136 0.788222 0.0112621 0.000149683
threshold=69.450000000000017 0.87837969732492682 1.0000000180025095e-35 68.050000000000011 77.850000000000009 66.100000000000009 28.150000000000002 -0.98296291314453399 0.87837969732492682 24.750000000000004
decision_type=2 2 2 2 2 2 2 2 2 2
left_child=3 2 4 5 9 6 -1 -8 -9 -2
right_child=1 -3 -4 -5 -6 -7 7 8 -10 -11
leaf_value=0.030321677813760453 -0.086358862840935885 -0.095371118324715801 0.045265348973511664 0.048380571576086134 0.0056759124448153599 -0.026605491358850861 0.0098716478640984099 -0.081713803199887691 -0.10547226908374954 -0.083435884950429182
leaf_weight=3.4744031429872866 0.33118708455003776 0.70683173951692868 1.3250019906554369 1.5496366510633368 0.89003177639096975 2.3125903178006402 4.1353560611605635 0.75701172032859243 0.27092154364800081 0.37195538205560297
leaf_count=36 14 25 39 24 37 24 25 113 14 33
internal_value=0.0004444 -0.0171085 0.00184809 0.00553477 -0.0342609 -0.000528581 0.00645305 -0.00960826 -0.0879756 -0.0848126
internal_weight=16.1249 3.62501 2.91818 12.4999 1.59317 10.9503 8.63769 5.16329 1.02793 0.703142
internal_count=384 148 123 236 84 212 188 152 127 47
is_linear=0
shrinkage=0.1


Tree=248
num_leaves=9
num_cat=0
split_feature=6 6 6 8 3 6 6 5
split_gain=0.156113 0.347424 0.537382 0.517901 0.332844 0.209538 0.370764 0.494788
threshold=84.500000000000014 74.850000000000009 71.850000000000009 1.0000000180025095e-35 1.0000000180025095e-35 68.950000000000017 67.250000000000014 28.050000000000004
decision_type=2 2 2 2 2 2 2 2
left_child=1 2 5 -3 -5 6 7 -1
right_child=-2 3 -4 4 -6 -7 -8 -9
leaf_value=-0.059189542767939508 0.031004079372596107 0.0021091782559751089 0.071260802140277829 -0.11049894521767456 -0.015252145833878445 -0.041605748038625524 0.051789535765278963 0.0059729024930351799
leaf_weight=1.3914617821574227 1.4626727728173126 2.1093157255090773 1.1114610938820977 0.9573096455424086 0.59488635696470737 1.1749061656882975 1.348781018052249 7.1681503290892579
leaf_count=41 17 30 21 37 14 39 25 160
internal_value=-0.000255736 -0.00313932 0.00497166 -0.0301531 -0.0739952 -0.00167598 0.00305876 -0.00461999
internal_weight=17.3189 15.8563 12.1948 3.66151 1.5522 11.0833 9.90839 8.55961
internal_count=384 367 286 81 51 265 226 201
is_linear=0
shrinkage=0.1


Tree=249
num_leaves=17
num_cat=0
split_feature=2 2 5 6 8 1 5 5 6 1 5 0 6 6 5 5
split_gain=0.112318 0.428922 0.323846 0.493357 0.561321 0.310781 0.278357 0.331876 0.00875332 0.00155401 0.000155828 0.000126684 2.75125e-06 3.86856e-06 6.53339e-07 8.35982e-09
threshold=-0.8783796973249266 -0.60785761079279388 23.350000000000005 83.90000000000002 1.0000000180025095e-35 0.60355339059327384 23.750000000000004 31.850000000000005 83.90000000000002 0.9159756150367534 31.850000000000005 -0.60355339059327362 78.750000000000014 51.45000000000001 24.650000000000002 27.500000000000004
decision_type=2 2 2 2 2 2 2 2 2 2 2 2 2 2 2 2
left_child=6 8 -3 4 11 -6 -1 9 10 12 14 -4 13 -8 -2 -16
right_child=1 2 3 -5 5 -7 7 -9 -10 -11 -12 -13 -14 -15 15 -17
leaf_value=0.081675001416902496 -0.08065662250019115 -0.095438649191103606 -0.088883561076822687 0.069980690998868375 -0.0042545051520896278 0.090270258502538281 -0.081690951216199237 0.086508229732406572 -0.11128976071816006 -0.096193838145398836 -0.08622327154611073 -0.086185530946658082 -0.08172893231237241 -0.080114474909375025 -0.080207699553809214 -0.080104378343691038
leaf_weight=0.51919707283377636 0.072373624949250259 0.30172330606728781 0.32070680668402929 1.0646209195256231 1.6043417181572297 0.44411230533296464 0.025338631123304367 0.16772046685218811 0.25263401865959167 0.17676167824538425 0.083708547055721283 0.3805212124934777 0.046306743694003671 0.040359089703997597 0.01142383358819643 0.024899707714212127
leaf_count=4 11 9 8 14 150 28 1 2 1 3 1 34 7 51 14 46
internal_value=0.000796892 -0.00579057 0.00429305 0.0121821 -0.0101963 0.0162388 0.0315915 -0.0253722 -0.0990506 -0.0903543 -0.0829803 -0.0874195 -0.0811386 -0.0807225 -0.0804829 -0.0801369
internal_weight=5.53675 4.56107 4.11603 3.8143 2.74968 2.04845 0.975684 0.456487 0.44504 0.288766 0.192406 0.701228 0.112004 0.0656977 0.108697 0.0363235
internal_count=384 316 243 234 220 178 68 64 73 62 72 42 59 52 71 60
is_linear=0
shrinkage=0.1


Tree=250
num_leaves=8
num_cat=0
split_feature=5 5 0 6 6 8 1
split_gain=0.158268 0.233039 0.312635 0.234834 0.126552 0.381218 0.286777
threshold=22.950000000000003 23.550000000000004 -0.98296291314453399 81.65000000000002 74.100000000000009 1.0000000180025095e-35 0.37940952255126026
decision_type=2 2 2 2 2 2 2
left_child=-1 -2 -3 4 6 -6 -4
right_child=1 2 3 -5 5 -7 -8
leaf_value=0.036282263102296576 -0.039337972740224054 0.060535754157910682 -0.0069831304812128896 0.049178741626429434 -0.083849114518500314 0.0086381384609888427 0.046119281423306915
leaf_weight=1.1184130336623663 1.5613821726292396 0.83994476730004208 10.030285372748031 0.83281202102080065 0.76474478212185193 1.0681384826311848 1.1317380894906808
leaf_count=10 14 27 223 26 17 37 30
internal_value=-0.00010284 -0.00261029 0.00129939 -0.00229883 -0.00559791 -0.0299509 -0.00159898
internal_weight=17.3475 16.229 14.6677 13.8277 12.9949 1.83288 11.162
internal_count=384 374 360 333 307 54 253
is_linear=0
shrinkage=0.1


Tree=251
num_leaves=9
num_cat=0
split_feature=1 3 5 0 1 1 6 5
split_gain=0.206155 0.145537 1.38296e-08 1.08143e-08 7.37496e-09 1.50836e-08 8.74525e-09 2.68639e-09
threshold=0.78656609248549303 -0.22252093395631442 23.850000000000005 0.91597561503675362 -0.98296291314453399 1.0000000180025095e-35 68.950000000000017 31.650000000000002
decision_type=2 2 2 2 2 2 2 2
left_child=2 -2 -1 4 -4 7 -7 -6
right_child=1 -3 3 -5 5 6 -8 -9
leaf_value=-0.080154436078049368 -0.017911964576274416 0.020385793892382303 -0.08012375078532169 -0.080140093892291722 -0.080032742320953504 -0.080150644278463773 -0.080083053642502844 -0.080094651129554592
leaf_weight=0.054635933192912378 1.6311124423518775 2.5334533462300897 0.045184831717051455 0.050610452075488865 0.055512767998152523 0.027985838009044528 0.060579063516343012 0.0080220084491884336
leaf_count=28 27 28 27 31 160 13 59 11
internal_value=-0.000404152 0.00538592 -0.0801089 -0.0800989 -0.0800883 -0.0800777 -0.0801044 -0.0800406
internal_weight=4.4671 4.16457 0.302531 0.247895 0.197285 0.1521 0.0885649 0.0635348
internal_count=384 55 329 301 270 243 72 171
is_linear=0
shrinkage=0.1


Tree=252
num_leaves=13
num_cat=0
split_feature=5 5 3 9 2 6 6 5 6 5 1 6
split_gain=0.157149 0.355582 0.16265 0.291756 0.176022 0.280306 1.72608 0.585053 0.194047 0.42227 0.0260783 0.00064926
threshold=24.250000000000004 23.350000000000005 0.81174490092936691 1.0000000180025095e-35 -0.60785761079279388 66.100000000000009 68.050000000000011 28.150000000000002 62.900000000000006 30.550000000000004 -0.9159756150367534 68.350000000000009
decision_type=2 2 2 2 2 2 2 2 2 2 2 2
left_child=1 -1 3 4 8 7 -7 -6 9 -2 -10 -3
right_child=2 11 -4 -5 5 6 -8 -9 10 -11 -12 -13
leaf_value=0.0058811702532870404 -0.053254055281683338 -0.089154678504567819 0.041636351267424168 -0.055397019764924338 0.044090704947084364 -0.12282631827051345 0.025439366588915931 -0.02762559195638728 0.063322926013160238 0.037676290390075334 0.03794809094111274 -0.082864216690529235
leaf_weight=1.1805918421596295 0.83742605574661499 0.3071513483300804 1.0671572293504148 0.85603029845515344 2.6071594690438342 1.1861843781080099 2.3227484316157643 2.0179782493651146 0.62568269763141859 1.3090159710263831 1.1483965362131128 0.35224989120615646
leaf_count=17 35 6 27 32 19 12 59 67 9 20 43 38
internal_value=0.000499544 -0.0269727 0.00411591 0.00101457 0.00502052 -0.00336876 -0.0246814 0.0128004 0.0224261 0.00220017 0.0468973 -0.0857943
internal_weight=15.8178 1.83999 13.9778 12.9106 12.0546 8.13407 3.50893 4.62514 3.92052 2.14644 1.77408 0.659401
internal_count=384 61 323 296 264 157 71 86 107 55 52 44
is_linear=0
shrinkage=0.1


Tree=253
num_leaves=10
num_cat=0
split_feature=5 6 6 8 6 6 6 5 6
split_gain=0.15697 0.257364 0.492753 0.217293 0.175242 0.220326 0.439936 0.0297187 0.0549539
threshold=22.950000000000003 74.850000000000009 71.850000000000009 1.0000000180025095e-35 68.950000000000017 66.450000000000017 62.900000000000006 23.750000000000004 77.500000000000014
decision_type=2 2 2 2 2 2 2 2 2
left_child=-1 2 4 -3 5 6 -2 -5 -9
right_child=1 3 -4 7 -6 -7 -8 8 -10
leaf_value=0.026524844400228294 0.005496753491504084 -0.012607472562209397 0.066797855335444259 -0.086204819794865606 -0.040749220494150432 0.03271445855305425 -0.05379861110326576 -0.0073147578651826528 -0.081692501323441372
leaf_weight=1.9138958379626299 6.2484567362698709 2.3313648041803394 1.0973071078769852 0.50907168723642726 1.1331700996961434 1.7680354171898214 1.5645679539302362 0.17337186099030077 0.23262560449074954
leaf_count=10 147 32 21 8 39 33 45 18 31
internal_value=-0.000450526 -0.00387915 0.0029748 -0.0288159 -0.0035617 0.000836543 -0.00637722 -0.070111 -0.0499312
internal_weight=16.9719 15.058 11.8115 3.24643 10.7142 9.58106 7.81302 0.915069 0.405997
internal_count=384 374 285 89 264 225 192 57 49
is_linear=0
shrinkage=0.1


Tree=254
num_leaves=17
num_cat=0
split_feature=2 2 5 6 8 1 5 5 6 1 5 0 6 6 5 6
split_gain=0.114461 0.383884 0.289811 0.423075 0.506336 0.270572 0.230584 0.296473 0.00656443 0.000945884 0.000119974 8.3445e-05 2.74315e-06 2.97799e-06 4.81191e-07 5.05293e-09
threshold=-0.8783796973249266 -0.60785761079279388 23.350000000000005 83.90000000000002 1.0000000180025095e-35 0.60355339059327384 23.750000000000004 31.850000000000005 83.90000000000002 0.9159756150367534 31.850000000000005 -0.60355339059327362 78.750000000000014 51.45000000000001 24.650000000000002 60.550000000000004
decision_type=2 2 2 2 2 2 2 2 2 2 2 2 2 2 2 2
left_child=6 8 -3 4 11 -6 -1 9 10 12 14 -4 13 -8 -2 -16
right_child=1 2 3 -5 5 -7 7 -9 -10 -11 -12 -13 -14 -15 15 -17
leaf_value=0.077203721841686224 -0.080592181315453593 -0.094203631213461939 -0.088083455797082474 0.065260902167964097 -0.004184037758893964 0.086295602134672869 -0.081548097265495514 0.085982597730523594 -0.1081298008257323 -0.093419458754568599 -0.085688760582436241 -0.085810291476464892 -0.081701895074969999 -0.080105323230320991 -0.080081288123686867 -0.080159907795109508
leaf_weight=0.51487263292074192 0.065970441413810366 0.2821777549106631 0.2984597614267841 1.0322464648634193 1.5813847978752162 0.41783411290816719 0.023279411718249321 0.1560085117816925 0.24058908224105835 0.15528150773025118 0.077476464211940765 0.35187737748492587 0.043657730537233874 0.037115426748641767 0.014673718287667725 0.018458015802025329
leaf_count=4 11 9 8 14 150 28 1 2 1 3 1 34 7 51 29 31
internal_value=0.000627712 -0.00613659 0.00346616 0.0109517 -0.0102068 0.0147261 0.0324864 -0.0229467 -0.0973831 -0.0884757 -0.0827407 -0.0868535 -0.081098 -0.0806614 -0.080436 -0.0801251
internal_weight=5.31136 4.38115 3.96398 3.6818 2.64956 1.99922 0.930215 0.415343 0.417168 0.259334 0.176579 0.650337 0.104053 0.0603948 0.0991022 0.0331317
internal_count=384 316 243 234 220 178 68 64 73 62 72 42 59 52 71 60
is_linear=0
shrinkage=0.1


Tree=255
num_leaves=14
num_cat=0
split_feature=5 0 1 0 6 5 5 5 1 6 5 5 1
split_gain=0.159656 0.243991 0.0923237 0.383341 0.21747 0.225396 0.212799 0.125511 0.000784216 7.91891e-05 3.2161e-05 3.37352e-06 7.73581e-07
threshold=28.450000000000003 0.91597561503675362 0.60355339059327384 -0.60355339059327362 74.850000000000009 23.950000000000003 25.350000000000005 26.750000000000004 -0.12940952255126037 76.300000000000026 23.950000000000003 28.550000000000004 -0.98296291314453399
decision_type=2 2 2 2 2 2 2 2 2 2 2 2 2
left_child=2 8 4 -4 5 -1 -7 -8 9 11 -5 -2 -13
right_child=1 -3 3 10 -6 6 7 -9 -10 -11 -12 12 -14
leaf_value=-0.029585484182916379 -0.081069271031861803 0.0097342674859297422 0.010023291906521306 -0.082329268433016856 0.033213153444919423 0.03432239584914553 -0.017079944318117924 0.009773202199219325 -0.090025053659523901 -0.084347908300347232 -0.080907506555560504 -0.080472041856378795 -0.080151850907675015
leaf_weight=2.1041799038648632 0.074689320987090468 0.57329099997878075 1.5936136969830843 0.33904698048718174 2.3780137312132856 2.1400912320241314 3.0266713062301278 4.0961933233775198 0.12369725853204616 0.061112705618143082 0.29977630893699825 0.1576347965747118 0.14473518039449118
leaf_count=13 8 5 31 16 20 32 26 45 1 1 39 27 120
internal_value=7.44102e-05 -0.0361632 0.00264898 -0.0162129 0.00571247 -4.0694e-05 0.00667072 -0.00163733 -0.0829936 -0.0810087 -0.0816621 -0.0804674 -0.0803188
internal_weight=17.1127 1.13516 15.9776 2.23244 13.7451 11.3671 9.26296 7.12286 0.561869 0.438172 0.638823 0.377059 0.30237
internal_count=384 162 222 86 136 116 103 71 157 156 55 155 147
is_linear=0
shrinkage=0.1


Tree=256
num_leaves=9
num_cat=0
split_feature=5 1 2 0 1 1 6 5
split_gain=0.231463 0.441788 0.277795 9.0236e-09 6.11174e-09 1.07141e-08 5.18699e-09 2.11908e-09
threshold=24.050000000000004 0.78656609248549303 0.6078576107927941 0.91597561503675362 -0.98296291314453399 1.0000000180025095e-35 68.950000000000017 31.650000000000002
decision_type=2 2 2 2 2 2 2 2
left_child=2 3 -1 4 -2 7 -7 -6
right_child=1 -3 -4 -5 5 6 -8 -9
leaf_value=-0.038300259978493227 -0.080113426641780353 0.0823103127872198 0.018724601918045009 -0.080129505470802109 -0.080030098706629527 -0.080136550209274529 -0.080077818998751299 -0.080087630252962061
leaf_weight=1.8672126380261036 0.041443121270276495 0.71050121309235692 1.5747259159106759 0.046702712454134598 0.050810659420676529 0.021206167177297175 0.051695646485313773 0.0073253130103694266
leaf_count=35 27 37 17 31 160 11 55 11
internal_value=-0.000251981 0.0440225 -0.0122107 -0.0800905 -0.08008 -0.0800694 -0.0800949 -0.0800373
internal_weight=4.37162 0.929685 3.44194 0.219184 0.172481 0.131038 0.0729018 0.058136
internal_count=384 332 52 295 264 237 66 171
is_linear=0
shrinkage=0.1


Tree=257
num_leaves=12
num_cat=0
split_feature=6 2 2 6 6 6 1 5 6 6 2
split_gain=0.146276 0.479951 0.441264 0.324164 0.657771 0.268418 0.163274 0.309557 0.671948 0.369268 0.00724427
threshold=69.450000000000017 0.87837969732492682 0.6078576107927941 75.850000000000009 80.300000000000026 68.050000000000011 -0.98296291314453399 28.150000000000002 66.65000000000002 65.500000000000014 0.87837969732492682
decision_type=2 2 2 2 2 2 2 2 2 2 2
left_child=5 2 3 -2 -5 6 -1 9 10 -8 -9
right_child=1 -3 -4 4 -6 -7 7 8 -10 -11 -12
leaf_value=0.014936544403819621 -0.056992632164451142 -0.094700311271753407 0.089310764856595767 0.066719487996485916 -0.090487866299356068 0.045425090956499964 0.023468736720607963 -0.082807590550859303 0.096093717050247399 -0.031920681679253264 -0.10222442970950472
leaf_weight=4.3168109282851201 1.098926997568926 0.6576727942447177 0.46393739746417839 0.85204007540596627 0.38705599354580045 1.4779762903926883 2.9790819074260071 0.82708843816362765 0.24520796380238596 2.0195691219996661 0.25029795820591971
leaf_count=26 38 25 16 38 31 24 31 115 6 20 14
internal_value=0.000314448 -0.017821 0.00022401 -0.0174536 0.0176127 0.00549288 -5.50211e-05 -0.0102928 -0.053314 0.00109015 -0.0873185
internal_weight=15.5757 3.45963 2.80196 2.33802 1.2391 12.116 10.6381 6.32125 1.32259 4.99865 1.07739
internal_count=384 148 123 107 69 236 212 186 135 51 129
is_linear=0
shrinkage=0.1


Tree=258
num_leaves=11
num_cat=0
split_feature=6 6 6 3 5 6 5 5 8 0
split_gain=0.156945 0.289737 0.550185 0.852413 0.384048 0.375462 0.192967 0.310986 0.345568 0.281776
threshold=84.500000000000014 74.850000000000009 76.750000000000014 -0.56174490092936669 22.950000000000003 71.850000000000009 23.550000000000004 27.800000000000001 1.0000000180025095e-35 -1.0000000180025095e-35
decision_type=2 2 2 2 2 2 2 2 2 2
left_child=1 5 -3 -4 -5 6 -1 8 -8 -9
right_child=-2 2 3 4 -6 -7 7 9 -10 -11
leaf_value=0.044517182944708994 0.031268125118902243 -0.098049458267034373 0.074186933358334886 0.0073808498180015659 -0.087834526715144273 0.059869889003092751 0.0029356261991135804 0.048663121370934675 -0.088248069666187048 -0.0049753446346636442
leaf_weight=0.83490651845932262 1.4261819862294931 0.86267914366908316 0.87997525720857162 0.74527531117200785 0.98149870353518054 1.093187489081173 0.79166801017709076 1.1363971517421267 0.8749875888461236 7.0882596421288344
leaf_count=5 17 19 21 5 36 21 23 93 56 88
internal_value=-0.000458172 -0.00341768 -0.0288264 -0.00591773 -0.0467396 0.00404072 -0.00164924 -0.00554606 -0.0449355 0.00243586
internal_weight=16.715 15.2888 3.46943 2.60675 1.72677 11.8194 10.7262 9.89131 1.66666 8.22466
internal_count=384 367 81 62 41 286 265 260 79 181
is_linear=0
shrinkage=0.1


Tree=259
num_leaves=16
num_cat=0
split_feature=2 2 5 6 8 1 5 5 8 1 1 5 5 6 6
split_gain=0.100752 0.355727 0.290737 0.324481 0.41996 0.235272 0.198971 0.273357 0.0827915 0.231339 0.000754818 2.88704e-05 6.86423e-05 2.05525e-06 2.40591e-06
threshold=-0.8783796973249266 -1.0000000180025095e-35 23.350000000000005 83.90000000000002 1.0000000180025095e-35 0.60355339059327384 23.750000000000004 31.850000000000005 1.0000000180025095e-35 0.9159756150367534 0.9159756150367534 31.850000000000005 24.350000000000005 78.750000000000014 51.45000000000001
decision_type=2 2 2 2 2 2 2 2 2 2 2 2 2 2 2
left_child=6 8 -3 4 -4 -6 -1 10 -2 11 13 12 -10 14 -8
right_child=1 2 3 -5 5 -7 7 -9 9 -11 -12 -13 -14 -15 -16
leaf_value=0.071988512260751189 -0.095674323389441179 -0.093024044290315827 -0.085983989026111277 0.070345068551519702 0.00075490896471834589 0.08840540446056086 -0.08144368169744011 0.085510638628580549 -0.084145723289152527 0.083508418892549355 -0.092415027011105128 -0.085191640860551643 -0.080165599965213385 -0.081559450456397842 -0.080096714918185208
leaf_weight=0.51001704856753338 0.42710682452889159 0.26202069898135993 0.47889872163068603 0.82860391493886698 1.4657911171816516 0.38711892727587849 0.021764930337667465 0.14524096995592117 0.13271316839382041 0.12005872541340068 0.14678630363778211 0.071533650159835815 0.064337116869864985 0.040462907869368792 0.033937878564756829
leaf_count=4 25 9 33 11 120 20 1 2 5 4 3 1 88 7 51
internal_value=0.000504013 -0.00594356 0.00820068 0.0165929 -0.00250779 0.0190673 0.0309267 -0.0230212 -0.065285 -0.031888 -0.0879035 -0.0834709 -0.0828462 -0.081017 -0.080623
internal_weight=5.13639 4.23818 3.42243 3.16041 2.33181 1.85291 0.89821 0.388193 0.815749 0.388643 0.242952 0.268584 0.19705 0.0961657 0.0557028
internal_count=384 316 193 184 173 140 68 64 123 98 62 94 93 59 52
is_linear=0
shrinkage=0.1


Tree=260
num_leaves=11
num_cat=0
split_feature=0 5 0 5 5 6 6 5 1 5
split_gain=0.299184 0.144394 0.183543 0.236541 0.478909 0.436685 0.687349 0.500359 0.179912 0.0198437
threshold=-0.98296291314453399 22.950000000000003 -0.91597561503675329 26.150000000000002 23.850000000000005 66.450000000000017 68.450000000000017 26.850000000000005 0.60355339059327384 24.550000000000004
decision_type=2 2 2 2 2 2 2 2 2 2
left_child=-1 -2 9 4 -4 7 -7 -5 -6 -3
right_child=1 2 3 5 8 6 -8 -9 -10 -11
leaf_value=0.059747528272566387 0.031861287200679454 -0.015086130086176984 -0.0045074603046781035 -0.094739175078789553 0.099979957023925786 -0.11033357677269887 0.0083170320269564408 0.022661736664389309 0.031701293944227181 -0.027919486594543377
leaf_weight=0.79755653534084814 1.1048103806097049 2.3592659831047049 2.9498682469129545 0.41044463217258487 0.73612464475445427 0.95634052477544151 0.99750413501169533 3.1423196455289144 0.81116826238576323 2.4624481475912035
leaf_count=27 10 15 26 3 22 13 27 155 59 27
internal_value=-2.20203e-05 -0.00301441 -0.00561338 0.00211135 0.0191268 -0.0117849 -0.0497584 0.00909862 0.0641849 -0.0216401
internal_weight=16.7279 15.9303 14.8255 10.0038 4.49716 5.50661 1.95384 3.55276 1.54729 4.82171
internal_count=384 357 347 305 107 198 40 158 81 42
is_linear=0
shrinkage=0.1


Tree=261
num_leaves=9
num_cat=0
split_feature=5 1 3 0 1 1 6 5
split_gain=0.202731 0.40029 0.244078 7.23667e-09 4.90502e-09 8.09573e-09 4.13609e-09 1.69719e-09
threshold=24.050000000000004 0.78656609248549303 1.0000000180025095e-35 0.91597561503675362 -0.98296291314453399 1.0000000180025095e-35 68.950000000000017 31.650000000000002
decision_type=2 2 2 2 2 2 2 2
left_child=2 3 -1 4 -2 7 -7 -6
right_child=1 -3 -4 -5 5 6 -8 -9
leaf_value=-0.039329558395546971 -0.080104509780387051 0.0820497982400481 0.014970350055196783 -0.080119608947010035 -0.080027196159450878 -0.080125352330257346 -0.080070440809548449 -0.080081428137270497
leaf_weight=1.6179775857890493 0.038118824129924067 0.63984428811818361 1.6950518602970985 0.042996870499337092 0.045997598084795754 0.019421689561568201 0.046701166109414771 0.0065983535023406139
leaf_count=24 27 37 28 31 160 11 55 11
internal_value=-0.000424573 0.0434639 -0.011548 -0.0800833 -0.0800733 -0.0800633 -0.0800866 -0.080034
internal_weight=4.15271 0.839679 3.31303 0.199835 0.156838 0.118719 0.0661229 0.052596
internal_count=384 332 52 295 264 237 66 171
is_linear=0
shrinkage=0.1


Tree=262
num_leaves=13
num_cat=0
split_feature=5 5 3 6 6 2 5 6 2 5 6 6
split_gain=0.141758 0.316354 0.14142 0.134113 0.530971 0.551916 0.593617 0.498463 0.343414 0.494538 0.335543 0.000652995
threshold=24.250000000000004 23.350000000000005 0.81174490092936691 68.050000000000011 69.450000000000017 0.87837969732492682 24.650000000000002 66.100000000000009 -1.0000000180025095e-35 27.800000000000001 54.750000000000007 67.700000000000003
decision_type=2 2 2 2 2 2 2 2 2 2 2 2
left_child=1 -1 3 7 -5 6 -6 8 10 -10 -2 -3
right_child=2 11 -4 4 5 -7 -8 -9 9 -11 -12 -13
leaf_value=0.0048513263713230855 0.030830081192669185 -0.089510621095763576 0.039124809486786462 0.071856607405608217 0.08381508653166142 -0.093976227480874391 -0.041782898184711016 -0.054708299103587404 0.072678628999143721 -0.0028846128822354539 -0.032929091175168672 -0.082705974057156129
leaf_weight=1.11432787263766 1.1625403173966296 0.22761647100560356 1.050875784421806 1.1834995895624172 0.74270866403821878 0.58931783403386351 0.76278162311064079 1.6685605784878133 1.4708731388673171 2.1065727155510103 2.8461283122160239 0.37070784706156701
leaf_count=17 17 5 27 19 17 19 50 20 12 59 83 39
internal_value=0.000469903 -0.0266416 0.00388813 0.000933572 0.0183141 -0.0119357 0.0201788 -0.00522319 0.00566103 0.0281833 -0.0144385 -0.0852946
internal_weight=15.2965 1.71265 13.5839 12.533 3.27831 2.09481 1.50549 9.25468 7.58611 3.57745 4.00867 0.598324
internal_count=384 61 323 296 105 86 67 191 171 71 100 44
is_linear=0
shrinkage=0.1


Tree=263
num_leaves=13
num_cat=0
split_feature=5 5 2 5 5 6 6 6 6 0 5 5
split_gain=0.147872 0.50932 0.201094 0.678665 0.569512 0.530796 0.408465 0.330385 0.311657 0.0572515 0.00241579 0.00134104
threshold=22.950000000000003 23.350000000000005 -0.60785761079279388 28.050000000000004 23.850000000000005 68.950000000000017 64.750000000000014 54.750000000000007 59.250000000000007 -0.91597561503675329 23.750000000000004 23.850000000000005
decision_type=2 2 2 2 2 2 2 2 2 2 2 2
left_child=-1 -2 3 10 -4 6 -6 -5 -9 -7 -3 -12
right_child=1 2 4 7 5 9 -8 8 -10 -11 11 -13
leaf_value=0.025944862903847035 -0.089771699008045852 -0.094932632988914745 0.042882649533544343 -0.041142932680241377 -0.012802222110605711 -0.032015169336181586 0.051699653337044328 0.076692363690119017 -0.00047138398702326691 -0.085551549339745209 -0.09137108762376589 -0.081000343931179497
leaf_weight=1.8788432404398943 0.65885968133807082 0.47756295464932819 3.1884305793791992 1.1208560643717649 3.6636638919590041 0.2636201495770365 1.3411736693233249 0.77678120927885208 1.6047627595253287 0.82447116955881916 0.20589485764503479 0.31613050505984575
leaf_count=10 7 4 20 15 95 16 33 25 43 70 2 44
internal_value=-0.0004452 -0.00387839 0.000227412 -0.0171156 0.00863978 -0.00927952 0.0044827 0.00362649 0.0246969 -0.0725809 -0.0897928 -0.0850907
internal_weight=16.3211 14.4422 13.7833 4.50199 9.28136 6.09293 5.00484 3.5024 2.38154 1.08809 0.999588 0.522025
internal_count=384 374 367 133 234 214 128 83 68 86 50 46
is_linear=0
shrinkage=0.1


Tree=264
num_leaves=16
num_cat=0
split_feature=1 6 6 6 5 9 3 3 1 6 6 5 6 3 6
split_gain=0.0917792 0.311125 0.249419 0.276906 0.230316 0.149807 0.0947745 0.0940003 0.0847037 0.299357 0.000824996 0.000153742 5.55231e-05 0.000189776 1.79809e-05
threshold=0.78656609248549303 71.750000000000014 65.700000000000003 56.650000000000013 23.650000000000002 1.0000000180025095e-35 -0.56174490092936669 -1.0000000180025095e-35 0.37940952255126026 66.100000000000009 65.250000000000014 32.45000000000001 83.100000000000009 0.81174490092936691 68.050000000000011
decision_type=2 2 2 2 2 2 2 2 2 2 2 2 2 2 2
left_child=1 2 3 5 -2 -1 -3 -6 9 -4 11 -5 13 -8 -11
right_child=4 6 8 10 7 -7 12 -9 -10 14 -12 -13 -14 -15 -16
leaf_value=-0.018393160838623353 -0.026570996734819032 -0.019408502462863908 0.10024723091621585 -0.081422082276984026 0.013207660516684828 0.084526742125730137 -0.081930809031546273 0.064031456295868275 0.089216037795643285 -0.082726695639092906 -0.093031174089378832 -0.086753411348690398 -0.086562605099470086 -0.087524918435540638 -0.080593080712693652
leaf_weight=0.360778342917911 0.84255842468701336 0.35461863660020754 0.21001945127500221 0.13617992253057309 0.71379663483821798 0.23261369386455044 0.12990328672458407 0.74240875686518815 0.37958381304633804 0.08466985281847883 0.15400368795235408 0.089732535183429718 0.30799635130097158 0.11374037270434201 0.074035835001268424
leaf_count=49 9 23 4 121 31 5 35 15 15 23 6 1 7 8 32
internal_value=0.000448525 -0.0123171 0.0126474 -0.0207268 0.0150418 0.0219521 -0.0597421 0.0391189 0.0560565 0.0219205 -0.0873872 -0.0835397 -0.0856703 -0.0845423 -0.0817314
internal_weight=4.92664 2.62788 1.72162 0.973308 2.29876 0.593392 0.906259 1.45621 0.748309 0.368725 0.379916 0.225912 0.55164 0.243644 0.158706
internal_count=384 329 256 182 55 54 73 46 74 59 128 122 50 43 55
is_linear=0
shrinkage=0.1


Tree=265
num_leaves=9
num_cat=0
split_feature=0 5 5 5 8 3 6 2
split_gain=0.268959 0.134958 0.186012 0.139198 0.409817 0.426415 0.277769 0.221603
threshold=-0.98296291314453399 22.950000000000003 23.550000000000004 25.350000000000005 1.0000000180025095e-35 -0.56174490092936669 66.100000000000009 -0.60785761079279388
decision_type=2 2 2 2 2 2 2 2
left_child=-1 -2 -3 6 -5 -6 -4 -8
right_child=1 2 3 4 5 -7 7 -9
leaf_value=0.058157450456054374 0.030830813751759396 -0.039248693213596336 0.058457926588970838 0.0084426968252747092 -0.0094196495131290744 -0.087843707550814804 0.03670223651373599 -0.013359618130354786
leaf_weight=0.75888027902692812 1.107022734126075 1.4591743396595109 0.98891953006386568 4.4915796655695877 1.7988445574301282 1.1281306719465669 1.2047129750717429 3.3237543669529259
leaf_count=27 10 14 6 32 55 148 24 68
internal_value=3.03427e-05 -0.00281517 -0.00540263 -0.0015848 -0.0105307 -0.0396463 0.0104437 -4.16098e-05
internal_weight=16.261 15.5021 14.3951 12.9359 7.41855 2.92698 5.51739 4.52847
internal_count=384 357 347 333 235 203 98 92
is_linear=0
shrinkage=0.1


Tree=266
num_leaves=14
num_cat=0
split_feature=6 3 5 5 6 1 1 2 6 1 3 6 1
split_gain=0.182042 0.155722 1.18988 0.573986 0.43885 0.0670158 0.00869353 0.00337535 0.00344253 0.000929681 3.33262e-09 1.92188e-09 1.91303e-09
threshold=73.050000000000011 -0.22252093395631442 23.850000000000005 23.550000000000004 83.550000000000011 0.9159756150367534 0.9159756150367534 0.6078576107927941 64.40000000000002 0.78656609248549303 -0.56174490092936669 59.050000000000004 -0.98296291314453399
decision_type=2 2 2 2 2 2 2 2 2 2 2 2 2
left_child=5 2 -2 -3 -5 7 -4 9 -9 10 11 -1 -12
right_child=1 3 6 4 -6 -7 -8 8 -10 -11 12 -13 -14
leaf_value=-0.080121090595278777 -0.097247777266097804 0.080314913766212498 0.072230941422885914 0.037639330053823215 -0.08244593648334464 0.08069348597240017 0.095436546075160791 -0.030527878986233083 -0.080113935651014379 -0.092071796234809419 -0.080087778024423018 -0.080081067240877504 -0.080049676624475499
leaf_weight=0.017969607783015706 0.8311961505096408 0.99110142514109645 0.32693559263134375 0.61085215365164891 0.60646077408455312 0.027586775831878185 0.31892253877595067 0.023585219030792359 0.03445404463855084 0.14240279793739319 0.018522369093261548 0.03610179660608992 0.045668319326068851
leaf_count=18 12 13 36 32 8 3 9 36 35 1 15 54 112
internal_value=0.000490205 0.00700367 -0.0181308 0.0238144 -0.0221867 -0.0688306 0.0836898 -0.0817733 -0.0599638 -0.0866294 -0.0800761 -0.0800944 -0.0800607
internal_weight=4.03176 3.68547 1.47705 2.20841 1.21731 0.346291 0.645858 0.318704 0.0580393 0.260665 0.118262 0.0540714 0.0641907
internal_count=384 110 57 53 40 274 45 271 71 200 199 72 127
is_linear=0
shrinkage=0.1


Tree=267
num_leaves=14
num_cat=0
split_feature=5 5 6 2 2 5 5 6 3 3 5 5 6
split_gain=0.124982 0.285877 0.14472 0.194559 0.301725 0.458263 0.54316 0.408097 0.619531 0.404872 0.1817 0.0267845 0.000524784
threshold=24.250000000000004 23.350000000000005 53.95000000000001 -0.8783796973249266 -1.0000000180025095e-35 30.250000000000004 26.150000000000002 66.100000000000009 -0.22252093395631442 -1.0000000180025095e-35 30.650000000000002 26.750000000000004 67.700000000000003
decision_type=2 2 2 2 2 2 2 2 2 2 2 2 2
left_child=1 -1 -2 10 5 6 -5 8 -6 -9 11 -4 -3
right_child=2 12 3 4 7 -7 -8 9 -10 -11 -12 -13 -14
leaf_value=0.0036023898400229962 -0.031486952639749564 -0.088904968724216868 0.040275397626217208 -0.068212626179467703 0.086786490634938554 -0.096541884892102525 0.031122527383851746 -0.041123525223449829 0.001508435097784977 0.027951726939002733 -0.0066009597020868773 0.068481851917971778 -0.082529700241774862
leaf_weight=1.0913366768509156 1.0972218553069968 0.20874175988137711 0.61272497748723009 0.8583207954070512 1.4341120183817113 0.69907128839986388 1.5346495278354266 2.0200958894711194 2.0984073115978417 1.4631271404505271 0.71131580573273812 0.7471981358830817 0.33849009181722067
leaf_count=17 25 5 21 27 25 20 50 45 45 29 12 24 39
internal_value=8.15292e-05 -0.0259753 0.00329749 0.00643126 0.000709802 -0.0253152 -0.00450743 0.0121798 0.0361291 -0.0121085 0.0343523 0.0557732 -0.0849615
internal_weight=14.9148 1.63857 13.2762 12.179 10.1078 3.09204 2.39297 7.01574 3.53252 3.48322 2.07124 1.35992 0.547232
internal_count=384 61 323 298 241 97 77 144 70 74 57 45 44
is_linear=0
shrinkage=0.1


Tree=268
num_leaves=10
num_cat=0
split_feature=6 6 6 2 6 6 6 6 1
split_gain=0.147754 0.288221 0.182664 0.231814 0.435419 0.293645 0.383977 0.293691 0.0171791
threshold=85.15000000000002 81.65000000000002 52.150000000000013 -0.8783796973249266 59.250000000000007 66.450000000000017 62.900000000000006 68.450000000000017 -0.9159756150367534
decision_type=2 2 2 2 2 2 2 2 2
left_child=1 2 -1 4 -4 6 -5 -7 -6
right_child=-2 -3 3 5 8 7 -8 -9 -10
leaf_value=0.05330939085985649 0.038657583791006214 -0.05059625036131115 0.026828469437083821 0.0026158363914933432 -0.083398524996645157 0.059455704857622874 -0.058154514574406874 0.0069505150493369156 -0.059050581986783195
leaf_weight=0.64066739869303901 0.90932229463942427 1.1663932745577756 0.72834662371314784 4.3293739188811742 0.60800128942355502 1.4248500634566879 1.3683554657618513 4.2221982953487895 0.55368030373938371
leaf_count=13 13 22 15 111 11 20 38 107 34
internal_value=-0.000486463 -0.00285283 0.00116056 -0.00136385 -0.0337885 0.00403805 -0.0119787 0.0201985 -0.0717938
internal_weight=15.9512 15.0419 13.8755 13.2348 1.89003 11.3448 5.69773 5.64705 1.16168
internal_count=384 371 349 336 60 276 149 127 45
is_linear=0
shrinkage=0.1


Tree=269
num_leaves=14
num_cat=0
split_feature=1 6 5 8 6 6 6 5 9 3 1 1 3
split_gain=0.0757995 0.28642 0.207462 0.112889 0.125148 0.243829 0.141231 0.164755 0.13565 0.0885827 0.0540019 0.000567437 8.06911e-06
threshold=0.78656609248549303 80.65000000000002 23.650000000000002 1.0000000180025095e-35 65.700000000000003 56.650000000000013 71.750000000000014 23.650000000000002 1.0000000180025095e-35 -1.0000000180025095e-35 0.37940952255126026 0.37940952255126026 1.0000000180025095e-35
decision_type=2 2 2 2 2 2 2 2 2 2 2 2 2
left_child=1 3 -2 12 5 8 10 -8 -5 -4 -6 -7 -1
right_child=2 -3 9 4 6 11 7 -9 -10 -11 -12 -13 -14
leaf_value=-0.082470234265069234 -0.025744603452005688 -0.085664010927390066 0.011779315690168497 -0.015985211137086598 0.030849355712589691 -0.083430763128282473 -0.086087850624986334 0.051033237803483136 0.084032141070631894 0.061542895822921363 0.087435040186851748 -0.091945133945976351 -0.080961489392127578
leaf_weight=0.066830303709139671 0.82717552140820805 0.42756048968294624 0.70124949116143409 0.35696572728920739 0.31583758568740428 0.17548493594586034 0.17421741574071348 0.17629658271471271 0.21867179113905877 0.73015683746780236 0.36190899283974431 0.14129717648029327 0.075489239068701863
leaf_count=23 9 16 31 48 42 115 5 42 5 15 14 1 18
internal_value=0.000857812 -0.011173 0.0141243 0.0042654 0.0106331 -0.0167669 0.0344134 -0.0171206 0.0220091 0.0371636 0.0610655 -0.0872285 -0.08167
internal_weight=4.74914 2.49056 2.25858 2.063 1.92068 0.89242 1.02826 0.350514 0.575638 1.43141 0.677747 0.316782 0.14232
internal_count=384 329 55 313 272 169 103 47 53 46 56 116 41
is_linear=0
shrinkage=0.1


Tree=270
num_leaves=9
num_cat=0
split_feature=0 6 6 6 5 3 6 6
split_gain=0.229481 0.126484 0.187946 0.458169 0.363373 0.358915 0.288693 0.372553
threshold=-0.98296291314453399 82.050000000000026 75.850000000000009 71.950000000000017 23.350000000000005 -0.22252093395631442 71.250000000000014 69.450000000000017
decision_type=2 2 2 2 2 2 2 2
left_child=-1 2 3 6 -4 -6 7 -2
right_child=1 -3 4 -5 5 -7 -8 -9
leaf_value=0.054609269393412797 -0.0096321816359348934 0.022984696969315068 -0.09153652727683384 0.054591539079485434 -0.046213267839885559 0.056635984004260821 -0.058531639891160336 0.053693933512568903
leaf_weight=0.73843728122301477 7.9913060944236332 1.7297610347159196 0.70820720307528917 1.3260156256146718 0.81932031363248836 0.57914629857987132 1.0143543949816365 1.0512215517228467
leaf_count=27 215 31 9 22 29 22 12 17
internal_value=0.000168049 -0.00247342 -0.0057379 -0.000659945 -0.0331754 -0.00362036 -0.00794494 -0.00227033
internal_weight=15.9578 15.2193 13.4896 11.3829 2.10667 1.39847 10.0569 9.04253
internal_count=384 357 326 266 60 51 244 232
is_linear=0
shrinkage=0.1


Tree=271
num_leaves=16
num_cat=0
split_feature=6 5 1 6 5 5 1 2 1 1 0 3 1 6 5
split_gain=0.166963 0.158541 0.203599 0.676048 0.138851 0.246151 0.0599001 0.00330982 0.00346232 0.000707826 4.67698e-09 2.66037e-09 1.54145e-09 1.46532e-09 2.65272e-10
threshold=73.050000000000011 22.950000000000003 0.9159756150367534 85.15000000000002 23.750000000000004 24.150000000000002 0.9159756150367534 0.6078576107927941 1.0000000180025095e-35 0.78656609248549303 0.91597561503675362 -0.56174490092936669 -0.98296291314453399 59.050000000000004 30.550000000000004
decision_type=2 2 2 2 2 2 2 2 2 2 2 2 2 2 2
left_child=6 -2 3 4 -3 -6 7 9 10 11 14 13 -13 -1 -9
right_child=1 2 -4 -5 5 -7 -8 8 -10 -11 -12 12 -14 -15 -16
leaf_value=-0.080111454216416522 -0.035653509161682327 -0.095456672020767408 0.041889611682252109 0.098982883631810695 -0.097675402630527444 0.058364035235236228 0.08062083066859338 -0.080029587028096219 -0.028921935758112707 -0.090961233360758911 -0.080120800143378593 -0.080080956055253283 -0.080045278354003102 -0.080074954618883559 -0.080056924842437482
leaf_weight=0.016432462522061875 0.70087684574537013 0.49004327697912231 1.5466484096832573 0.38387241895543411 0.19392799102934077 0.21119060958153568 0.0248519207816571 0.0069371063800645061 0.022688540571834892 0.13247884809970856 0.017507542623206973 0.017042388499249106 0.041839535399048722 0.033264771802350879 0.0072685426421230659
leaf_count=18 9 13 25 9 5 49 3 26 17 1 10 15 112 54 18
internal_value=0.000641001 0.00691967 0.0174794 -0.0120381 -0.0596473 -0.0163312 -0.0684857 -0.0810275 -0.0587479 -0.0860555 -0.0800862 -0.08007 -0.0800556 -0.080087 -0.0800436
internal_weight=3.84687 3.52656 2.82568 1.27903 0.895162 0.405119 0.320312 0.29546 0.0544017 0.241058 0.0317132 0.108579 0.0588819 0.0496972 0.0142056
internal_count=384 110 101 76 67 54 274 271 71 200 54 199 127 72 44
is_linear=0
shrinkage=0.1


Tree=272
num_leaves=13
num_cat=0
split_feature=6 6 6 5 5 0 2 6 2 0 1 6
split_gain=0.119092 0.382479 0.517572 0.151799 0.289136 0.77861 0.208948 0.502569 0.010795 0.00242661 0.00192796 6.53174e-05
threshold=71.600000000000009 75.850000000000009 80.300000000000026 24.550000000000004 25.950000000000003 -1.0000000180025095e-35 0.6078576107927941 59.250000000000007 -0.60785761079279388 -0.91597561503675329 1.0000000180025095e-35 68.700000000000003
decision_type=2 2 2 2 2 2 2 2 2 2 2 2
left_child=3 -2 8 -1 -5 10 7 -7 -3 -4 11 -6
right_child=1 2 9 4 5 6 -8 -9 -10 -11 -12 -13
leaf_value=-0.030493323577228882 -0.085073403815828896 0.062617197756055884 -0.096814375129217811 0.045431578646201259 -0.080932112358976765 -0.015290242528053414 -0.016472814232921084 0.04096592583909054 0.039928549628255018 -0.080693722542483845 -0.091006953814897887 -0.083267588730785214
leaf_weight=1.1822349734138686 0.65414828671782821 0.47869146772427484 0.17939116060733784 1.683539168559945 0.49066629545995688 2.6227891335147433 2.2520145016605966 4.0250738199101761 0.37318941723788135 0.19474193092901271 0.31794041441753507 0.1584122059866786
leaf_count=18 35 18 1 21 104 37 26 42 27 45 4 6
internal_value=0.000166484 -0.0233264 0.00961909 0.00363555 0.00712878 0.000593371 0.00985303 0.0187711 0.0526778 -0.0884233 -0.0846271 -0.0815021
internal_weight=14.6128 1.88016 1.22601 12.7327 11.5504 9.8669 8.89988 6.64786 0.851881 0.374133 0.967019 0.649079
internal_count=384 126 91 258 240 219 105 79 45 46 114 110
is_linear=0
shrinkage=0.1


Tree=273
num_leaves=8
num_cat=0
split_feature=6 6 6 6 5 5 5
split_gain=0.257411 0.333981 0.177104 0.308567 0.243094 0.394574 0.230696
threshold=86.100000000000009 81.65000000000002 76.750000000000014 73.15000000000002 23.750000000000004 27.800000000000001 23.150000000000002
decision_type=2 2 2 2 2 2 2
left_child=1 2 3 4 -1 -6 -4
right_child=-2 -3 6 -5 5 -7 -8
leaf_value=0.037859175050223286 0.056083344294720644 -0.052894264802676311 0.07680881590295166 -0.049315899837413607 -0.063033447802981951 0.0033280337262358742 0.0018187430895256357
leaf_weight=1.6283136084675778 0.76141843572259027 1.2549380776472379 0.67071480117738147 1.2995747214881692 1.0095763239078204 7.962665255239699 1.0563170321984214
leaf_count=10 9 26 6 28 83 184 38
internal_value=-0.000627627 -0.00352915 0.00101693 -0.00332603 0.0023121 -0.00413911 0.0309421
internal_weight=15.6435 14.8821 13.6272 11.9001 10.6006 8.97224 1.72703
internal_count=384 375 349 305 277 267 44
is_linear=0
shrinkage=0.1


Tree=274
num_leaves=11
num_cat=0
split_feature=6 5 5 2 5 5 6 3 5 5
split_gain=0.0801784 0.254889 0.121147 0.115788 0.0678315 0.000135369 8.63877e-06 1.02109e-06 1.60918e-08 8.77418e-10
threshold=51.45000000000001 24.050000000000004 23.650000000000002 -0.8783796973249266 31.850000000000005 31.850000000000005 85.15000000000002 0.81174490092936691 25.850000000000005 30.450000000000003
decision_type=2 2 2 2 2 2 2 2 2 2
left_child=-1 2 -2 4 8 6 7 -5 -3 -10
right_child=1 3 -4 5 -6 -7 -8 -9 9 -11
leaf_value=0.045595928049359961 -0.010392338540766814 -0.080194149544467769 0.026619281789253005 -0.080177974806110539 0.085433944809152895 -0.083911903115335418 -0.081451268993595519 -0.080721037336760171 -0.080040902486646137 -0.080080178853476777
leaf_weight=0.36266973195597518 1.8840852028806696 0.014034881096449459 1.666707901516929 0.18199340678256715 0.074448235332965851 0.20598048716783524 0.087749376893043518 0.042757381779665593 0.012822700766264461 0.010221993645245675
leaf_count=10 31 14 21 229 1 5 5 23 31 14
internal_value=0.000492565 -0.00341999 0.00698056 -0.0620386 0.0303957 -0.0819217 -0.0806098 -0.0802813 -0.0801097 -0.0800583
internal_weight=4.54347 4.1808 3.55079 0.630008 0.111528 0.518481 0.3125 0.224751 0.0370796 0.0230447
internal_count=384 374 52 322 60 262 257 252 59 45
is_linear=0
shrinkage=0.1


Tree=275
num_leaves=15
num_cat=0
split_feature=5 0 5 5 6 6 8 5 6 6 0 6 5 1
split_gain=0.144265 0.228897 0.0852289 0.219621 0.464525 0.145673 0.256185 0.11878 0.278919 0.164804 0.00084236 7.79819e-05 2.56961e-06 5.49778e-07
threshold=28.450000000000003 0.91597561503675362 24.450000000000003 25.350000000000005 71.250000000000014 71.950000000000017 1.0000000180025095e-35 26.750000000000004 65.700000000000003 66.850000000000009 -0.98296291314453399 76.300000000000026 28.550000000000004 -0.98296291314453399
decision_type=2 2 2 2 2 2 2 2 2 2 2 2 2 2
left_child=2 10 5 4 -4 -1 -7 9 -9 -5 -2 12 -12 -14
right_child=1 -3 3 7 -6 6 -8 8 -10 -11 11 -13 13 -15
leaf_value=-0.029300347065618182 -0.09041920827154272 0.0093812621181563177 0.096541311800903584 -0.042871682053547799 -0.0091188486598646999 -0.01758020154505617 0.032061733312644732 0.035493952693966296 -0.018446627959650342 0.0061303847748197544 -0.080982412474431387 -0.084325505345619556 -0.080419979611803791 -0.080127963171435834
leaf_weight=1.8756427967455227 0.12744222581386566 0.55323655344545841 0.80500462302006581 1.1748703015036883 0.86125068634282798 2.3703808360733087 1.8516538501717152 2.2627643528394406 1.6632634520065037 1.6505721692228688 0.065646926523186933 0.060830164700746536 0.1363053428940475 0.12233781005488709
leaf_count=20 1 5 11 13 40 26 28 26 21 37 8 1 27 120
internal_value=0.000284996 -0.0352255 0.00289237 0.00941411 0.0419279 -0.00611077 0.00419122 0.00138975 0.012642 -0.0142456 -0.083372 -0.08104 -0.0804237 -0.0802819
internal_weight=15.5812 1.0658 14.5154 8.41773 1.66626 6.09768 4.22203 6.75147 3.92603 2.82544 0.512562 0.38512 0.32429 0.258643
internal_count=384 162 222 148 51 74 54 97 47 50 157 156 155 147
is_linear=0
shrinkage=0.1


Tree=276
num_leaves=10
num_cat=0
split_feature=5 1 2 0 1 1 5 5 3
split_gain=0.149133 0.323116 0.205918 2.5518e-09 2.39855e-09 5.05453e-09 2.75389e-09 6.31591e-10 3.59957e-10
threshold=24.050000000000004 0.78656609248549303 0.6078576107927941 0.91597561503675362 1.0000000180025095e-35 -0.98296291314453399 25.650000000000002 31.650000000000002 -0.22252093395631442
decision_type=2 2 2 2 2 2 2 2 2
left_child=2 3 -1 4 5 -2 8 -7 -6
right_child=1 -3 -4 -5 6 7 -8 -9 -10
leaf_value=-0.03363191428396705 -0.080081784391631453 0.081581019068654295 0.018769572039076813 -0.080093791450193894 -0.080072634401587198 -0.080023202319821587 -0.080111187055988492 -0.080061197685256699 -0.080053832048674417
leaf_weight=1.5938476055744111 0.029840735020116305 0.51671713031828403 1.4162576285598332 0.033256388473091647 0.021218924739514478 0.036350364433018978 0.017338714678771794 0.0049735619395505628 0.01957465466693975
leaf_count=35 27 37 17 31 25 160 12 11 29
internal_value=0.000573868 0.0428972 -0.00897696 -0.0800691 -0.0800627 -0.0800504 -0.0800778 -0.0800278 -0.0800636
internal_weight=3.68938 0.67927 3.01011 0.162553 0.129297 0.0711647 0.0581323 0.0413239 0.0407936
internal_count=384 332 52 295 264 198 66 171 54
is_linear=0
shrinkage=0.1


Tree=277
num_leaves=13
num_cat=0
split_feature=6 6 6 5 5 0 2 6 2 0 1 6
split_gain=0.112723 0.334279 0.442794 0.127452 0.239113 0.702438 0.177246 0.422886 0.0100604 0.00178725 0.00155319 4.5335e-05
threshold=71.600000000000009 75.850000000000009 80.300000000000026 24.550000000000004 25.950000000000003 -1.0000000180025095e-35 0.6078576107927941 59.250000000000007 -0.60785761079279388 -0.91597561503675329 1.0000000180025095e-35 68.700000000000003
decision_type=2 2 2 2 2 2 2 2 2 2 2 2
left_child=3 -2 8 -1 -5 10 7 -7 -3 -4 11 -6
right_child=1 2 9 4 5 6 -8 -9 -10 -11 -12 -13
leaf_value=-0.028088333801510941 -0.084512736619374862 0.057425630298093777 -0.095073826832284936 0.041732613581140894 -0.080824744721642527 -0.013885976254049283 -0.01519113585172336 0.037954909483556259 0.035111462198272166 -0.080649998078170332 -0.090180881514839717 -0.082874817978256771
leaf_weight=1.1656198154087167 0.59622249599488064 0.45694319525500759 0.16676372289657582 1.657646522973663 0.44252627958485113 2.6054060310998466 2.2315218747826293 3.9731236274819821 0.36220400914316975 0.17717585162608895 0.2993047097697854 0.14263714384287596
leaf_count=18 35 18 1 21 104 37 26 42 27 45 4 6
internal_value=7.03785e-05 -0.0236313 0.00757782 0.00340152 0.00663484 0.000633546 0.00916244 0.0174235 0.0475589 -0.0876436 -0.0843215 -0.0813245
internal_weight=14.2771 1.75931 1.16309 12.5178 11.3522 9.69452 8.81005 6.57853 0.819147 0.34394 0.884468 0.585163
internal_count=384 126 91 258 240 219 105 79 45 46 114 110
is_linear=0
shrinkage=0.1


Tree=278
num_leaves=7
num_cat=0
split_feature=6 6 5 6 6 2
split_gain=0.170091 0.195266 0.317523 0.27232 0.227078 0.295846
threshold=52.150000000000013 55.850000000000001 30.450000000000003 86.100000000000009 81.65000000000002 0.87837969732492682
decision_type=2 2 2 2 2 2
left_child=-1 -2 3 4 5 -3
right_child=1 2 -4 -5 -6 -7
leaf_value=0.050806798871869112 -0.035784202612256337 -0.0097299411639637443 0.039385933878609003 0.052855334366270615 -0.050257429898934496 0.052045015280076247
leaf_weight=0.61477890494279641 1.6067159423837427 8.449940756545395 1.8634287281893183 0.75439716316759664 1.2015318921767182 0.85355792188784185
leaf_count=13 30 228 42 9 26 36
internal_value=-0.000728164 -0.00287912 0.00114967 -0.00517841 -0.00934599 -0.00406234
internal_weight=15.3444 14.7296 13.1229 11.2594 10.505 9.3035
internal_count=384 371 341 299 290 264
is_linear=0
shrinkage=0.1


Tree=279
num_leaves=11
num_cat=0
split_feature=6 5 2 5 5 5 6 3 5 5
split_gain=0.0675156 0.229349 0.107457 0.0975493 0.061515 0.00010068 5.10479e-06 1.0361e-06 1.02941e-08 7.11987e-10
threshold=51.45000000000001 24.050000000000004 -0.8783796973249266 23.650000000000002 31.850000000000005 31.850000000000005 85.15000000000002 0.81174490092936691 25.850000000000005 30.450000000000003
decision_type=2 2 2 2 2 2 2 2 2 2
left_child=-1 3 4 -2 8 6 7 -4 -3 -10
right_child=1 2 5 -5 -6 -7 -8 -9 9 -11
leaf_value=0.042584331498236733 -0.0090086721314530192 -0.080168134673455599 -0.080159684971705461 0.024457210982631591 0.085001693001284295 -0.083513836171453346 -0.081230939521569484 -0.080725521178620627 -0.080036847845334019 -0.080073849314578838
leaf_weight=0.35587064339779306 1.846770213567652 0.012453815223125053 0.16530054900431435 1.6484887936385346 0.069224774837493896 0.18891542684286833 0.075720585882663727 0.040238541645521764 0.011614215130975936 0.0094168337163864635
leaf_count=10 31 14 229 21 1 5 5 23 31 14
internal_value=0.000816136 -0.00283764 -0.061486 0.00677503 0.0311774 -0.0817283 -0.080529 -0.0802705 -0.0800961 -0.0800534
internal_weight=4.42401 4.06814 0.572885 3.49526 0.10271 0.470175 0.28126 0.205539 0.0334849 0.021031
internal_count=384 374 322 52 60 262 257 252 59 45
is_linear=0
shrinkage=0.1


Tree=280
num_leaves=17
num_cat=0
split_feature=5 3 6 5 6 5 5 5 0 6 8 0 0 0 5 5
split_gain=0.1457 0.559229 0.524815 0.328233 0.19624 0.138698 0.195257 0.187322 0.346647 0.130488 0.215411 0.0893025 0.00758544 6.73515e-05 3.74052e-07 3.11263e-08
threshold=28.050000000000004 1.0000000180025095e-35 62.550000000000004 28.550000000000004 58.050000000000004 26.750000000000004 26.150000000000002 24.450000000000003 -0.91597561503675329 71.950000000000017 1.0000000180025095e-35 0.91597561503675362 0.91597561503675362 -0.91597561503675329 28.550000000000004 30.350000000000005
decision_type=2 2 2 2 2 2 2 2 2 2 2 2 2 2 2 2
left_child=5 2 3 -2 -5 6 7 9 -9 -1 -11 -10 13 -3 -15 -16
right_child=1 12 -4 4 -6 -7 -8 8 11 10 -12 -13 -14 14 15 -17
leaf_value=-0.027982939057791801 0.081503558342345475 -0.083568571574483302 -0.085690944046664719 -0.089454855451276349 0.044627388522634932 0.02561310499262261 -0.038841716805737579 0.0031605873263534003 0.044046801591084206 -0.016131067195262742 0.029641576057237835 0.10700143999798756 -0.10356831961878453 -0.080578703942619179 -0.080097879883550493 -0.080227672530933561
leaf_weight=1.8647332263644765 0.78738149208948127 0.1402061905246228 0.42833230231190089 0.23237719648750499 0.20585061179008335 2.5116726511623702 1.1816344518447284 2.2654339573346052 0.4376340068411112 2.3580193949164818 1.8230307637713852 0.4644615650177002 0.4656512625515461 0.033600733266211935 0.0286286734190071 0.052105648399447091
leaf_count=20 12 5 29 34 28 26 20 24 55 26 28 2 3 6 36 30
internal_value=0.000335979 -0.0224313 0.00959496 0.042896 -0.0264718 0.00452396 -0.000571696 0.00433655 0.0240359 -0.00598443 0.00382682 0.0764602 -0.0959805 -0.0820996 -0.0802983 -0.0801816
internal_weight=15.2808 2.37413 1.65394 1.22561 0.438228 12.9066 10.3949 9.21331 3.16753 6.04578 4.18105 0.902096 0.720193 0.254541 0.114335 0.0807343
internal_count=384 183 103 74 62 201 175 155 81 74 54 57 80 77 72 66
is_linear=0
shrinkage=0.1


Tree=281
num_leaves=15
num_cat=0
split_feature=6 6 1 6 1 5 2 1 1 0 3 6 1 5
split_gain=0.13907 0.14632 0.319588 0.513656 0.0519098 0.0364279 0.00308803 0.00641798 0.000453342 2.06902e-09 1.90073e-09 8.96694e-10 8.41894e-10 6.35085e-10
threshold=73.050000000000011 84.500000000000014 0.9159756150367534 81.65000000000002 0.9159756150367534 23.750000000000004 0.6078576107927941 0.37940952255126026 0.78656609248549303 0.91597561503675362 -0.56174490092936669 59.050000000000004 -0.98296291314453399 27.200000000000006
decision_type=2 2 2 2 2 2 2 2 2 2 2 2 2 2
left_child=4 2 3 5 6 -2 8 9 10 13 11 -1 -12 -8
right_child=1 -3 -4 -5 -6 -7 7 -9 -10 -11 12 -13 -14 -15
leaf_value=-0.080096388519624542 -0.09585753722892762 -0.024867342508086539 0.051037074626892144 0.089859933398945852 0.080547073292945248 -0.047632905619615799 -0.080074220493495871 0.0013006778554028478 -0.089436131985239684 -0.080102562327824367 -0.080067449296189142 -0.080065406795173544 -0.080038595802090232 -0.080037798720854869
leaf_weight=0.014013984357007181 0.357603225682397 1.0532977833645416 1.3534240326844156 0.27007485958165489 0.021818466717377305 0.27872571913758293 0.008256696310127154 0.013478692868375219 0.11796897649765015 0.014848223887383938 0.014151323208352884 0.028020779776852578 0.035433069744612689 0.011394335018849233
leaf_count=18 13 17 23 12 3 45 9 10 1 10 15 54 112 42
internal_value=0.000201037 0.00591451 0.0202618 -0.0256912 -0.0675531 -0.0747341 -0.0800987 -0.0572133 -0.0853375 -0.0800744 -0.0800601 -0.0800757 -0.0800468 -0.0800531
internal_weight=3.59251 3.31313 2.25983 0.906404 0.279385 0.636329 0.257566 0.0479779 0.209588 0.0344993 0.0916192 0.0420348 0.0495844 0.019651
internal_count=384 110 93 70 274 58 271 71 200 61 199 72 127 51
is_linear=0
shrinkage=0.1


Tree=282
num_leaves=12
num_cat=0
split_feature=6 6 0 5 6 6 5 6 5 2 6
split_gain=0.0986789 0.317102 0.408601 0.103679 0.216553 0.311252 0.419175 0.177695 3.49383e-06 2.34279e-07 8.71112e-08
threshold=71.600000000000009 75.850000000000009 -0.91597561503675329 24.550000000000004 68.050000000000011 66.100000000000009 26.750000000000004 59.550000000000004 23.550000000000004 -0.8783796973249266 77.750000000000014
decision_type=2 2 2 2 2 2 2 2 2 2 2
left_child=3 -2 -3 -1 5 6 -5 -8 -4 -10 -11
right_child=1 2 8 4 -6 -7 7 -9 9 10 -12
leaf_value=-0.025234598663106164 -0.084175158166766503 0.048878761630615782 -0.080942923000611622 0.074263684297434324 0.034362764216426693 -0.038329474483889285 0.012540835412144831 -0.022438690837591629 -0.080476164538657594 -0.080337249838232774 -0.080169571134322035
leaf_weight=1.1337791322148394 0.55458190709760025 0.77471865899860848 0.16635024175047863 0.85961819929070582 2.2309915957157491 1.7460884257743599 3.9875579727231525 2.2841716844122857 0.060902971832547226 0.05233400920405995 0.075940955925034359
leaf_count=18 35 6 15 11 37 22 95 75 12 17 41
internal_value=0.000448369 -0.0222416 0.00814747 0.00357107 0.00651112 -0.000488289 0.00877701 -0.000198751 -0.0806086 -0.0803147 -0.080238
internal_weight=13.927 1.68483 1.13025 12.2422 11.1084 8.87744 7.13135 6.27173 0.355528 0.189178 0.128275
internal_count=384 126 91 258 240 203 181 170 85 70 58
is_linear=0
shrinkage=0.1


Tree=283
num_leaves=10
num_cat=0
split_feature=5 6 6 5 6 6 5 6 6
split_gain=0.134355 0.159991 0.356525 0.16791 0.138664 0.380141 0.38425 0.0804811 0.00383673
threshold=22.950000000000003 74.850000000000009 71.850000000000009 23.750000000000004 53.95000000000001 55.850000000000001 30.450000000000003 77.850000000000009 86.100000000000009
decision_type=2 2 2 2 2 2 2 2 2
left_child=-1 2 4 -3 -2 -6 -7 -5 -9
right_child=1 3 -4 7 5 6 -8 8 -10
leaf_value=0.025127743262529811 0.024117735293451088 -0.011676712330038242 0.057545694750288402 -0.014147168398105179 -0.075881200483203418 -0.015685439979640704 0.037357232124779254 -0.081282088779388972 -0.098934047793259927
leaf_weight=1.7358887419104583 1.4115829175570969 2.0474857091903682 1.0125273298472155 0.19324958859942842 0.78735799615969693 5.6252276786835864 1.8036166079982647 0.24125653770170175 0.25148962228558958
leaf_count=10 25 18 21 28 18 180 41 36 7
internal_value=-0.00104599 -0.00444328 0.00110044 -0.0260227 -0.00483575 -0.00981009 -0.00280744 -0.068841 -0.0902914
internal_weight=15.1097 13.3738 10.6403 2.73348 9.62779 8.2162 7.42884 0.685996 0.492746
internal_count=384 374 285 89 264 239 221 71 43
is_linear=0
shrinkage=0.1


Tree=284
num_leaves=12
num_cat=0
split_feature=9 2 5 5 6 8 3 8 1 1 5
split_gain=0.067753 0.150333 0.474512 0.218647 0.245971 0.389278 0.216088 0.0681716 0.182765 0.00730936 3.3833e-05
threshold=1.0000000180025095e-35 -1.0000000180025095e-35 23.350000000000005 23.350000000000005 83.90000000000002 1.0000000180025095e-35 -1.0000000180025095e-35 1.0000000180025095e-35 0.9159756150367534 -0.9159756150367534 23.750000000000004
decision_type=2 2 2 2 2 2 2 2 2 2 2
left_child=1 2 -1 -3 5 -5 -7 -4 10 -2 -9
right_child=9 3 7 4 -6 6 -8 8 -10 -11 -12
leaf_value=0.070835456491037424 0.026649133111915191 -0.089309131244684564 -0.092422221522250325 -0.085673384831802035 0.068392614117183712 -0.035007973574965955 0.049027237049754292 -0.084465780318761563 0.084015009153693587 0.054005701462379922 -0.081737423313153562
leaf_weight=0.32292811264051147 0.19184831238817424 0.20634971361141685 0.55069628231285606 0.42242477467152695 0.69679972250014532 0.43984524059305896 1.0054855269772804 0.062594495713710785 0.092656649969285354 0.19895648110832542 0.16594302870544198
leaf_count=8 8 8 30 33 11 74 50 1 4 32 125
internal_value=0.000850179 -0.00306465 -0.0327147 0.00972049 0.0176886 -0.00122739 0.0234535 -0.0710673 -0.0344536 0.0405762 -0.0824847
internal_weight=4.35653 3.96572 1.19482 2.7709 2.56456 1.86776 1.44533 0.87189 0.321194 0.390805 0.228538
internal_count=384 344 168 176 168 157 124 160 130 40 126
is_linear=0
shrinkage=0.1


Tree=285
num_leaves=17
num_cat=0
split_feature=5 3 6 5 6 5 5 6 5 6 6 8 0 0 5 5
split_gain=0.134308 0.508766 0.468439 0.280236 0.175368 0.106784 0.14799 0.440395 0.144717 0.126348 0.113537 0.195717 0.00576598 5.47114e-05 3.16307e-07 2.3811e-08
threshold=28.050000000000004 1.0000000180025095e-35 62.550000000000004 28.550000000000004 58.050000000000004 24.450000000000003 25.350000000000005 71.250000000000014 26.750000000000004 66.850000000000009 71.950000000000017 1.0000000180025095e-35 0.91597561503675362 -0.91597561503675329 28.550000000000004 30.350000000000005
decision_type=2 2 2 2 2 2 2 2 2 2 2 2 2 2 2 2
left_child=5 2 3 -2 -5 10 7 -7 9 -8 -1 -12 13 -3 -15 -16
right_child=1 12 -4 4 -6 6 8 -9 -10 -11 11 -13 -14 14 15 -17
leaf_value=-0.026026961150913505 0.077104548190285324 -0.083332247792842651 -0.085229714870951323 -0.088503424917693446 0.041620991342880484 0.094747784784375275 -0.037885722482416825 -0.011108799326303979 0.0219994334626736 0.0065465759047322967 -0.015404279741543054 0.028487558747185695 -0.10130696589547949 -0.080541926126733596 -0.080087842545770005 -0.080206030244755089
leaf_weight=1.84310680022463 0.75633589224889985 0.13158748240675777 0.39350604971696146 0.21286971992230974 0.20171049659256823 0.7573548932559786 1.0772595051676037 0.81695375894196332 2.5116640992928296 1.5766738636884836 2.3189471386140208 1.8080064505338671 0.4408936258405447 0.031500836834311374 0.026573445749818347 0.047546972898999229
leaf_count=20 12 5 29 34 28 11 13 40 26 37 26 28 3 6 36 30
internal_value=0.000366783 -0.0221963 0.00916263 0.0408848 -0.0251925 0.00434778 0.0129744 0.0398158 0.00479407 -0.011489 -0.00539132 0.00382461 -0.0945432 -0.0819716 -0.0802765 -0.0801637
internal_weight=14.9525 2.24252 1.56442 1.17092 0.41458 12.71 6.73991 1.57431 5.1656 2.65393 5.97006 4.12695 0.678102 0.237209 0.105621 0.0741204
internal_count=384 183 103 74 62 201 127 51 76 50 74 54 80 77 72 66
is_linear=0
shrinkage=0.1


Tree=286
num_leaves=10
num_cat=0
split_feature=5 1 2 0 1 1 5 6 5
split_gain=0.138576 0.27464 0.178135 1.69204e-09 1.50938e-09 2.85444e-09 1.74037e-09 2.33418e-10 2.2462e-10
threshold=24.050000000000004 0.78656609248549303 0.6078576107927941 0.91597561503675362 1.0000000180025095e-35 -0.98296291314453399 25.650000000000002 75.850000000000009 31.550000000000004
decision_type=2 2 2 2 2 2 2 2 2
left_child=2 3 -1 4 5 -2 7 -6 -7
right_child=1 -3 -4 -5 6 8 -8 -9 -10
leaf_value=-0.032639868360219156 -0.080067819582861549 0.081393458396784121 0.017473382543442263 -0.080080022349503843 -0.080045695879580839 -0.080020398612059035 -0.080094360501499998 -0.0800622307583891 -0.080043992744428014
leaf_weight=1.4956480014952838 0.024709638761123975 0.45754353888332844 1.3491823786462189 0.027807624384877272 0.018935414322186261 0.030652613335405032 0.014581900788471103 0.015547611779766157 0.0046466338317259206
leaf_count=35 27 37 17 31 34 157 12 20 14
internal_value=0.000302281 0.0442152 -0.00887328 -0.080058 -0.0800524 -0.0800418 -0.0800654 -0.0800532 -0.0800235
internal_weight=3.43926 0.594425 2.84483 0.136881 0.109074 0.0600089 0.0490649 0.034483 0.0352992
internal_count=384 332 52 295 264 198 66 54 171
is_linear=0
shrinkage=0.1


Tree=287
num_leaves=13
num_cat=0
split_feature=1 6 6 6 6 0 5 6 8 1 0 5
split_gain=0.0949952 0.346057 0.112144 0.205389 0.15395 0.185396 0.578527 0.2557 0.00366579 2.02597e-05 2.91073e-06 1.59597e-07
threshold=-0.98296291314453399 57.550000000000004 62.150000000000013 60.750000000000007 63.900000000000006 -0.91597561503675329 26.150000000000002 66.65000000000002 1.0000000180025095e-35 -0.5 0.37940952255126054 30.850000000000005
decision_type=2 2 2 2 2 2 2 2 2 2 2 2
left_child=-1 8 3 -3 -4 7 -7 -6 -2 10 11 -10
right_child=1 2 4 -5 5 6 -8 -9 9 -11 -12 -13
leaf_value=0.013634965431427721 -0.099380445929788119 -0.0083453918854528904 -0.051289499533950414 0.071861913692495047 0.055015825427482762 -0.090934611363115342 0.0052394264234343771 -0.0022873979401586502 -0.080219006326272435 -0.082565582361594003 -0.081171857716506798 -0.080481920573268195
leaf_weight=4.0308766961097726 0.19622839987277985 0.72730982984648818 0.6552378992200828 0.56906378027633764 1.1131886304356138 0.81541851090151141 2.6850826917070663 2.5915869777090847 0.045700590926571749 0.092875508125870421 0.081463708920637146 0.046663903689477593
leaf_count=27 1 37 24 21 15 113 50 42 28 4 10 12
internal_value=0.000747807 -0.00465214 -0.000387574 0.0268629 -0.00488178 -0.000661525 -0.0171637 0.0149307 -0.0890061 -0.0813732 -0.0807361 -0.0803518
internal_weight=13.6507 9.61982 9.15689 1.29637 7.86051 7.20528 3.5005 3.70478 0.462932 0.266704 0.173828 0.0923645
internal_count=384 357 302 58 244 220 163 57 55 54 50 40
is_linear=0
shrinkage=0.1


Tree=288
num_leaves=11
num_cat=0
split_feature=6 6 6 3 1 0 6 2 5 3
split_gain=0.202658 0.18762 0.429858 0.296769 0.282636 0.326786 0.2591 0.232357 0.0336025 0.000204979
threshold=50.500000000000007 59.550000000000004 62.050000000000004 0.81174490092936691 -0.98296291314453399 0.91597561503675362 84.500000000000014 -0.8783796973249266 31.750000000000004 0.81174490092936691
decision_type=2 2 2 2 2 2 2 2 2 2
left_child=-1 4 -3 6 -2 8 7 -4 9 -6
right_child=1 2 3 -5 5 -7 -8 -9 -10 -11
leaf_value=0.059726630884731069 -0.04211616716908069 0.064085816685478844 -0.054134507858823178 -0.056714479338299317 0.079809283371829673 -0.035958235942403383 0.047941598397895947 0.002059845615680561 0.032736744639304878 0.084362596590454877
leaf_weight=0.52464079204946834 2.5089815929532056 1.0480151846422803 0.82851404411484963 0.94072326290188435 0.28506413695867994 0.62192290648818016 1.0924626488704232 6.5767331662355 0.21040405612438917 0.15136454510502517
leaf_count=7 16 38 41 24 54 6 15 171 6 6
internal_value=-0.00131235 -0.00355738 0.00332625 -0.00342031 -0.0226653 0.0157989 0.00247952 -0.00422729 0.0655629 0.0813885
internal_weight=14.7888 14.2642 10.4864 9.43843 3.77774 1.26876 8.49771 7.40525 0.646833 0.436429
internal_count=384 377 289 251 88 72 227 212 66 60
is_linear=0
shrinkage=0.1


Tree=289
num_leaves=8
num_cat=0
split_feature=6 5 2 5 5 6 3
split_gain=0.0680329 0.18856 0.102093 0.0980939 6.3405e-05 3.11933e-06 1.05312e-06
threshold=51.45000000000001 24.050000000000004 -0.8783796973249266 23.650000000000002 31.850000000000005 85.15000000000002 0.81174490092936691
decision_type=2 2 2 2 2 2 2
left_child=-1 3 -3 -2 5 6 -4
right_child=1 2 4 -5 -6 -7 -8
leaf_value=0.043279699416126374 -0.010748545010317002 0.03382254743272118 -0.080137751860954495 0.023620717465559125 -0.08301538460360755 -0.081058619001670107 -0.080725268068539149
leaf_weight=0.34345840360037971 1.7600929706823087 0.094362388743320702 0.14282927691237968 1.5722100090933961 0.16303214151412249 0.067684293957427144 0.038797352110123029
leaf_count=10 31 60 229 21 5 5 23
internal_value=0.000639844 -0.00317495 -0.0600091 0.00546718 -0.0814819 -0.0804792 -0.0802633
internal_weight=4.18247 3.83901 0.506705 3.3323 0.412343 0.249311 0.181627
internal_count=384 374 322 52 262 257 252
is_linear=0
shrinkage=0.1


Tree=290
num_leaves=17
num_cat=0
split_feature=5 3 6 5 2 6 6 2 2 8 5 0 0 0 5 5
split_gain=0.12422 0.456529 0.419465 0.255216 0.161114 0.14853 0.269595 0.24227 0.250104 0.339144 0.177051 0.11942 0.00439409 3.77076e-05 1.8805e-07 1.83306e-08
threshold=28.050000000000004 1.0000000180025095e-35 62.550000000000004 28.550000000000004 1.0000000180025095e-35 62.150000000000013 65.700000000000003 0.6078576107927941 -1.0000000180025095e-35 1.0000000180025095e-35 23.950000000000003 -0.91597561503675329 0.91597561503675362 -0.91597561503675329 28.550000000000004 30.350000000000005
decision_type=2 2 2 2 2 2 2 2 2 2 2 2 2 2 2 2
left_child=5 2 3 -2 -5 -1 -7 8 9 -8 -9 -10 13 -3 -15 -16
right_child=1 12 -4 4 -6 6 7 10 11 -11 -12 -13 -14 14 15 -17
leaf_value=-0.033318163757640594 0.074078314899282197 -0.08292674093609087 -0.084790610899752747 -0.088217893797773561 0.039360290293024763 0.042058523031306624 0.023413182639885233 -0.052294630105855194 0.053685320709134704 -0.03890572872981779 -0.0032165873959937386 0.014148679938921016 -0.099419703239191193 -0.080461336722892463 -0.080081075845902863 -0.080190788630989523
leaf_weight=0.97247653780504961 0.72137223696336261 0.11789653438609093 0.36514570414146863 0.20240243469015695 0.19373601567349397 1.8766758169513185 1.800202954327685 1.2107483819127085 1.4107217937707903 1.6959532147739078 1.8709403005195779 1.6664097937755298 0.41623000986874104 0.027830454520881065 0.02367489252355881 0.042686000058893114
leaf_count=8 12 5 29 32 30 19 28 13 9 50 36 38 3 6 36 30
internal_value=0.000424546 -0.0220132 0.00826024 0.0386645 -0.0258243 0.00421254 0.00737754 0.000636465 0.0114826 -0.00681715 -0.0224986 0.0322744 -0.0934502 -0.0817349 -0.0802432 -0.0801516
internal_weight=14.6151 2.11097 1.48266 1.11751 0.396138 12.5041 11.5317 9.65498 6.57329 3.49616 3.08169 3.07713 0.628318 0.212088 0.0941913 0.0663609
internal_count=384 183 103 74 62 201 193 174 125 78 49 47 80 77 72 66
is_linear=0
shrinkage=0.1


Tree=291
num_leaves=16
num_cat=0
split_feature=6 5 1 6 5 5 1 2 1 1 3 0 6 5 1
split_gain=0.128448 0.129679 0.150237 0.548234 0.0906461 0.18177 0.0443854 0.00293068 0.00538806 0.000365675 1.30356e-09 1.15581e-09 8.73452e-10 4.99194e-10 4.98425e-10
threshold=73.050000000000011 22.950000000000003 0.9159756150367534 85.15000000000002 23.750000000000004 24.150000000000002 0.9159756150367534 0.6078576107927941 0.37940952255126026 0.78656609248549303 -0.56174490092936669 0.91597561503675362 57.850000000000001 27.200000000000006 -0.98296291314453399
decision_type=2 2 2 2 2 2 2 2 2 2 2 2 2 2 2
left_child=6 -2 3 4 -3 -6 7 9 11 10 12 13 -1 -9 -12
right_child=1 2 -4 -5 5 -7 -8 8 -10 -11 14 -13 -14 -15 -16
leaf_value=-0.080095194661647329 -0.034549077735287204 -0.091904087676885793 0.037720106064104912 0.095590068494389335 -0.094082216896171453 0.055293965098095976 0.080464642145239074 -0.080066515554118284 -0.0023939384185570462 -0.088990015349892523 -0.080056811437226386 -0.080086964610736083 -0.080057189539809281 -0.080031443686591291 -0.080032552358789269
leaf_weight=0.0077703536662742092 0.62363846431253511 0.40411865897476673 1.4197989997919649 0.32672778962296434 0.16656728807720356 0.15943970874650404 0.018592872191220522 0.0071800890291342503 0.012896512547740713 0.11352142691612244 0.011830108094727954 0.012535883928649127 0.027269257949228631 0.009334417300124187 0.029812981483700818
leaf_count=13 9 13 25 9 5 49 3 9 10 1 15 10 59 42 112
internal_value=0.000639837 0.00620769 0.0164705 -0.0120766 -0.0602569 -0.0210271 -0.0682032 -0.0801099 -0.0561845 -0.0853863 -0.0800514 -0.0800641 -0.0800656 -0.0800467 -0.0800394
internal_weight=3.35103 3.10029 2.47665 1.05685 0.730126 0.326007 0.250744 0.232151 0.0419469 0.190204 0.0766827 0.0290504 0.0350396 0.0165145 0.0416431
internal_count=384 110 101 76 67 54 274 271 71 200 199 61 72 51 127
is_linear=0
shrinkage=0.1


Tree=292
num_leaves=9
num_cat=0
split_feature=5 5 3 5 5 6 2 6
split_gain=0.0788193 0.248048 0.134379 0.16932 0.264588 0.49513 0.252778 0.000317404
threshold=24.250000000000004 23.350000000000005 0.81174490092936691 31.350000000000005 30.850000000000005 53.95000000000001 0.87837969732492682 67.700000000000003
decision_type=2 2 2 2 2 2 2 2
left_child=1 -1 3 4 5 -2 -7 -3
right_child=2 7 -4 -5 -6 6 -8 -9
leaf_value=0.0070672190614760782 -0.097102108418425079 -0.087438076101625323 0.039776648392978196 -0.04587444499545737 0.051964227386213792 0.011208757059428802 -0.035031627385289393 -0.08196618350341256
leaf_weight=0.93203145405277676 0.5149092080246146 0.1806356143206358 0.92870710513671006 0.74476601229980666 1.0154804025078181 7.3716051441588188 1.4080242504714986 0.25658962476882152
leaf_count=17 14 5 27 27 13 204 38 39
internal_value=0.000644581 -0.0220844 0.00324164 0.000172351 0.00349864 -0.0017965 0.003793 -0.0842268
internal_weight=13.3527 1.36926 11.9835 11.0548 10.31 9.29454 8.77963 0.437225
internal_count=384 61 323 296 269 256 242 44
is_linear=0
shrinkage=0.1


Tree=293
num_leaves=9
num_cat=0
split_feature=6 6 6 6 5 2 1 0
split_gain=0.170923 0.248041 0.177943 0.19031 0.545971 0.325515 0.214817 0.28638
threshold=86.100000000000009 81.65000000000002 50.500000000000007 59.550000000000004 30.250000000000004 -0.8783796973249266 -0.98296291314453399 0.91597561503675362
decision_type=2 2 2 2 2 2 2 2
left_child=1 2 -1 6 5 -5 -4 -8
right_child=-2 -3 3 4 -6 -7 7 -9
leaf_value=0.057591749141112925 0.045757529966764549 -0.049081379486984683 -0.037964056105194759 -0.06707677675810951 0.092145825516712035 0.0048041944779151809 0.063495064874545357 -0.03512784753203569
leaf_weight=0.51655715378001232 0.73071783501654941 1.1153759511653323 2.4951375946402554 0.69125652289948902 0.67554936898522999 7.1098566379514549 0.58492545026820042 0.59285970777273178
leaf_count=7 9 26 16 37 25 192 66 6
internal_value=-0.00137343 -0.00387239 0.0001087 -0.00233527 0.00590314 -0.00156518 -0.0213485 0.0138514
internal_weight=14.5122 13.7815 12.6661 12.1496 8.47666 7.80111 3.67292 1.17779
internal_count=384 375 349 342 254 229 88 72
is_linear=0
shrinkage=0.1


Tree=294
num_leaves=12
num_cat=0
split_feature=5 0 6 6 6 6 5 5 1 5 6
split_gain=0.0857563 0.0760474 0.254722 0.222286 0.167061 0.165424 0.290109 0.144365 0.0421243 0.000186197 2.95297e-05
threshold=23.150000000000002 -0.60355339059327362 80.65000000000002 65.700000000000003 71.750000000000014 80.300000000000026 31.850000000000005 23.650000000000002 0.37940952255126026 23.950000000000003 49.800000000000004
decision_type=2 2 2 2 2 2 2 2 2 2 2
left_child=-1 2 3 -2 8 6 9 -6 -5 -3 -11
right_child=1 5 -4 4 7 -7 -8 -9 -10 10 -12
leaf_value=-0.082011525676187691 -0.088405064704179789 -0.08595801130571859 -0.085276481186206288 0.032457209418336838 -0.084476058401803181 0.033334261900727934 0.032563020936964872 0.040039339645090016 0.085333475727863192 -0.083044114228523272 -0.080362656560693302
leaf_weight=0.12159032130148251 0.19545914100308415 0.22884711250662837 0.37958450120640908 0.28095022248453461 0.19255363894626498 1.5885473990347234 0.46284427447244525 0.18030581173661631 0.3248955689923605 0.074210026301443577 0.091963923383445945
leaf_count=14 59 3 14 33 5 25 9 43 15 3 161
internal_value=0.000721954 0.00323675 -0.0140645 0.00895693 0.0284013 0.014225 -0.0211604 -0.0242634 0.060813 -0.084108 -0.0815601
internal_weight=4.12175 4.00016 1.55375 1.17416 0.978705 2.44641 0.857865 0.372859 0.605846 0.395021 0.166174
internal_count=384 370 169 155 96 201 176 48 48 167 164
is_linear=0
shrinkage=0.1


Tree=295
num_leaves=18
num_cat=0
split_feature=5 3 0 6 6 2 2 8 8 5 0 0 0 0 5 5 5
split_gain=0.112681 0.407252 0.384943 0.126952 0.221464 0.22083 0.215892 0.283946 0.210775 0.152969 0.0540437 0.00326102 6.15276e-05 2.66974e-05 2.33384e-06 1.20417e-07 1.29303e-08
threshold=28.050000000000004 1.0000000180025095e-35 0.91597561503675362 62.150000000000013 65.700000000000003 0.6078576107927941 -1.0000000180025095e-35 1.0000000180025095e-35 1.0000000180025095e-35 23.950000000000003 -0.98296291314453399 0.91597561503675362 -0.91597561503675329 -0.91597561503675329 28.550000000000004 28.550000000000004 30.350000000000005
decision_type=2 2 2 2 2 2 2 2 2 2 2 2 2 2 2 2 2
left_child=3 2 10 -1 -5 6 7 -6 -8 -7 -2 13 -12 -3 -14 -15 -17
right_child=1 11 -4 4 5 9 8 -9 -10 -11 12 -13 14 15 -16 16 -18
leaf_value=-0.030975247198538322 -0.013380780413659123 -0.082604071800992884 0.048210226881423755 0.038430202488001802 0.021714179906719068 -0.049860441749955221 -0.00055994026157601213 -0.035639358304986546 0.052733019070316481 -0.0037374699834267604 -0.083386112703856818 -0.09753998907496414 -0.080910545441867321 -0.080400117918773731 -0.080293138754577775 -0.080074688283463702 -0.080172240445171739
leaf_weight=0.96024992503225703 0.1717177927494048 0.1062773906160146 0.87358724325895309 1.862135128583758 1.7863912628963563 1.1717929649166765 1.2735310075804591 1.6703323689289382 1.778552475501785 1.8611579043790696 0.11705412005539972 0.38930946867913008 0.12129934690892785 0.024674933636560925 0.12362200669304002 0.021296723483828828 0.037534484043135308
leaf_count=8 2 5 7 19 28 13 15 50 32 36 6 3 12 6 76 36 30
internal_value=0.000392901 -0.0217147 0.00733119 0.00394462 0.00688501 0.00072876 0.0111135 -0.00599977 0.0304957 -0.0215573 -0.0595825 -0.0923006 -0.0815002 -0.0815527 -0.0805989 -0.0802147 -0.0801369
internal_weight=14.3505 1.98637 1.40728 12.3641 11.4039 9.54176 6.50881 3.45672 3.05208 3.03295 0.533693 0.579093 0.361975 0.189784 0.244921 0.0835061 0.0588312
internal_count=384 183 103 201 193 174 125 78 47 49 96 80 94 77 88 72 66
is_linear=0
shrinkage=0.1


Tree=296
num_leaves=14
num_cat=0
split_feature=6 6 1 6 1 5 2 1 1 6 0 1 5
split_gain=0.117264 0.133438 0.227784 0.422758 0.040473 0.0306078 0.00304219 0.00544413 0.000281186 1.10937e-09 9.33171e-10 8.04983e-10 3.99187e-10
threshold=73.050000000000011 84.500000000000014 0.9159756150367534 81.65000000000002 0.9159756150367534 23.750000000000004 0.6078576107927941 0.37940952255126026 0.78656609248549303 53.95000000000001 0.91597561503675362 1.0000000180025095e-35 27.200000000000006
decision_type=2 2 2 2 2 2 2 2 2 2 2 2 2
left_child=4 2 3 5 6 -2 8 10 9 -1 12 -11 -8
right_child=1 -3 -4 -5 -6 -7 7 -9 -10 11 -12 -13 -14
leaf_value=-0.080078492491333808 -0.092144959686902506 -0.024638287340835934 0.04701158182290352 0.087935649212249792 0.080428642536770484 -0.044354386596565105 -0.080061659442455524 -0.0009394390160876447 -0.08822454449668371 -0.080034036123380836 -0.080081063356226612 -0.080058401452292885 -0.080028871114986105
leaf_weight=0.009979410438973324 0.29960501688765417 0.95528832435957145 1.2582481396384537 0.24313174575218 0.017121392069384456 0.24246985814534128 0.0066526595983305023 0.012898999761091545 0.10566539317369461 0.039128438711486524 0.011638170806691051 0.020750133859110065 0.0084033434904995374
leaf_count=21 13 17 23 12 3 45 9 10 1 147 10 31 42
internal_value=0.000912223 0.00621388 0.0206369 -0.0216271 -0.0675447 -0.0707683 -0.0793221 -0.0542833 -0.0849701 -0.0800476 -0.0800598 -0.0800425 -0.0800434
internal_weight=3.23098 2.99874 2.04345 0.785207 0.232238 0.542075 0.215117 0.0395932 0.175523 0.069858 0.0266942 0.0598786 0.015056
internal_count=384 110 93 70 274 58 271 71 200 199 61 178 51
is_linear=0
shrinkage=0.1


Tree=297
num_leaves=13
num_cat=0
split_feature=9 2 6 6 5 2 6 6 6 0 6 3
split_gain=0.0815521 0.125715 0.222233 0.640346 0.215658 0.490183 0.218566 0.099797 0.566315 0.160745 0.223479 0.008171
threshold=1.0000000180025095e-35 -0.60785761079279388 55.350000000000001 58.050000000000004 26.750000000000004 0.6078576107927941 66.65000000000002 54.750000000000007 59.250000000000007 -1.0000000180025095e-35 77.850000000000009 -1.0000000180025095e-35
decision_type=2 2 2 2 2 2 2 2 2 2 2 2
left_child=1 7 -3 -4 6 -6 -5 -1 -9 10 -10 -2
right_child=11 2 3 4 5 -7 -8 8 9 -11 -12 -13
leaf_value=0.047065242130954761 -0.038947330973228216 -0.057266819300230344 0.083952588761778746 0.038720435818476277 -0.00024481487864854345 -0.090616145268792553 -0.01066979617417153 -0.092540986096578945 -0.043808943762069501 0.047714506339377252 0.049148012153826345 -0.019422982196839567
leaf_weight=0.8906326576834539 0.41949173749890178 0.71722710557514613 0.82844475732417766 1.3182909226743502 1.7413049075112215 0.91589676230796602 2.7969447194191162 0.46548140437516883 0.58870488057436976 1.548383178189396 0.46126627502962947 0.43831874779425639
leaf_count=14 26 18 18 15 38 31 101 21 42 26 20 14
internal_value=0.000838339 0.0029219 -0.00405652 0.000964456 -0.00918714 -0.0313944 0.00515207 0.0176008 0.00903574 0.0272327 -0.00297172 -0.0289709
internal_weight=13.1304 12.2726 8.31811 7.60088 6.77244 2.6572 4.11524 3.95447 3.06384 2.59835 1.04997 0.85781
internal_count=384 344 221 203 185 69 116 123 109 88 62 40
is_linear=0
shrinkage=0.1


Tree=298
num_leaves=8
num_cat=0
split_feature=6 6 6 6 3 6 6
split_gain=0.13659 0.216349 0.157308 0.583675 0.267674 0.255442 0.128693
threshold=86.100000000000009 81.65000000000002 76.750000000000014 74.850000000000009 -0.56174490092936669 71.850000000000009 68.950000000000017
decision_type=2 2 2 2 2 2 2
left_child=1 2 3 5 -4 6 -1
right_child=-2 -3 4 -5 -6 -7 -8
leaf_value=0.00062412287115980387 0.04087490498128403 -0.046905233281838626 0.075252932147884533 -0.090981650654015866 -0.0084177321540020635 0.050953751271621196 -0.038839163403518173
leaf_weight=8.1859800961101357 0.71673730178736228 1.0773728016065423 0.70236291014589369 0.72692054498475123 0.83917495812056475 0.95692849508486766 0.91914657253073606
leaf_count=226 9 26 16 19 28 21 39
internal_value=-0.00165768 -0.00393132 -0.000176492 -0.00444594 0.0297047 0.00180572 -0.00335963
internal_weight=14.1246 13.4079 12.3305 10.789 1.54154 10.0621 9.10513
internal_count=384 375 349 305 44 286 265
is_linear=0
shrinkage=0.1


Tree=299
num_leaves=8
num_cat=0
split_feature=6 5 2 5 5 6 3
split_gain=0.0743576 0.15348 0.102716 0.0923471 4.69296e-05 1.59688e-06 8.34427e-07
threshold=51.45000000000001 24.050000000000004 -0.8783796973249266 23.650000000000002 31.850000000000005 85.15000000000002 0.81174490092936691
decision_type=2 2 2 2 2 2 2
left_child=-1 3 -3 -2 5 6 -4
right_child=1 2 4 -5 -6 -7 -8
leaf_value=0.046707725231221249 -0.011664281253943842 0.035339900587184551 -0.0801244988304535 0.022491314854746283 -0.082714957262830471 -0.080865407992849608 -0.08068186734611249
leaf_weight=0.32609442132525179 1.6542360711027875 0.095147132735292628 0.12490635516405668 1.5179720673477275 0.14899925515055656 0.055961563251912594 0.034218101362057496
leaf_count=10 31 60 229 21 5 5 23
internal_value=0.000965417 -0.00314213 -0.057174 0.00467993 -0.0813509 -0.0804059 -0.0802444
internal_weight=3.95753 3.63144 0.459232 3.17221 0.364085 0.215086 0.159124
internal_count=384 374 322 52 262 257 252
is_linear=0
shrinkage=0.1


Tree=300
num_leaves=18
num_cat=0
split_feature=5 3 6 5 6 5 6 2 5 6 6 5 5 0 0 5 5
split_gain=0.100081 0.364068 0.356276 0.232303 0.150469 0.0763732 0.186734 0.158037 0.126448 0.388483 0.758567 0.12083 0.0912599 0.0022538 2.40571e-05 9.49878e-08 1.0956e-08
threshold=28.050000000000004 1.0000000180025095e-35 62.550000000000004 28.550000000000004 58.050000000000004 24.450000000000003 82.050000000000026 1.0000000180025095e-35 25.350000000000005 71.250000000000014 71.600000000000009 26.750000000000004 26.150000000000002 0.91597561503675362 -0.91597561503675329 28.550000000000004 30.350000000000005
decision_type=2 2 2 2 2 2 2 2 2 2 2 2 2 2 2 2 2
left_child=5 2 3 -2 -5 6 7 -1 9 -7 -11 12 -10 14 -3 -16 -17
right_child=1 13 -4 4 -6 8 -8 -9 11 10 -12 -13 -14 -15 15 16 -18
leaf_value=-0.0319977404779083 0.07088660943189895 -0.082539714133815945 -0.084328948208132581 -0.088468233610680527 0.038900833377454293 0.092285851043015302 0.025410340453207753 0.0074772261752390212 0.0048994042660185314 -0.13071054436107296 0.067918059773720368 0.019365530400844225 -0.033318746169528853 -0.095277126111229404 -0.080368697859135835 -0.080065828016028753 -0.080159716284052537
leaf_weight=2.4417407965520379 0.66199510591104693 0.10202561307232827 0.32748556598380663 0.19499702991743106 0.17688855662709102 0.68233673693612196 1.5121725341305134 1.7346863194834439 1.4360968705732378 0.31706518214195967 0.48849358328152448 2.4584474719595164 1.1059725095983592 0.35754337627440691 0.022996753687038907 0.019382957136258483 0.034642276106751524
leaf_count=27 12 5 29 34 28 11 20 27 30 2 38 26 20 3 6 36 30
internal_value=0.00042919 -0.0209298 0.00656704 0.0353587 -0.0278847 0.00375828 -0.0046997 -0.0156017 0.0111737 0.0367659 -0.0102615 0.00355874 -0.0117281 -0.0906909 -0.0815326 -0.0801985 -0.080126
internal_weight=14.075 1.89796 1.36137 1.03388 0.371886 12.177 5.6886 4.17643 6.48841 1.4879 0.805559 5.00052 2.54207 0.536591 0.179048 0.077022 0.0540252
internal_count=384 183 103 74 62 201 74 54 127 51 40 76 50 80 77 72 66
is_linear=0
shrinkage=0.1


Tree=301
num_leaves=8
num_cat=0
split_feature=5 1 3 6 0 1 1
split_gain=0.118148 0.222561 0.14867 9.74954e-10 1.27065e-09 7.31539e-10 9.34679e-10
threshold=24.050000000000004 0.78656609248549303 -1.0000000180025095e-35 76.750000000000014 0.91597561503675362 -0.98296291314453399 -1.0000000180025095e-35
decision_type=2 2 2 2 2 2 2
left_child=2 3 -1 4 5 -2 -7
right_child=1 -3 -4 -5 -6 6 -8
leaf_value=-0.032882931002519732 -0.080054992992079271 0.081141505891441243 0.014629485639177526 -0.080070836854432059 -0.080065839284562124 -0.080019196933054718 -0.08004599410221773
leaf_weight=1.2599583667033587 0.019209414676879866 0.38429649779573083 1.379810483340407 0.016978044470306486 0.021922048705164343 0.026899597531155783 0.025219393210135554
leaf_count=24 27 37 28 20 31 171 46
internal_value=0.000355274 0.0452126 -0.00804813 -0.0800488 -0.0800448 -0.0800383 -0.0800322
internal_weight=3.13429 0.494525 2.63977 0.110228 0.0932505 0.0713284 0.052119
internal_count=384 332 52 295 275 244 217
is_linear=0
shrinkage=0.1


Tree=302
num_leaves=13
num_cat=0
split_feature=9 2 2 5 5 6 6 5 6 6 5 3
split_gain=0.0758764 0.10311 0.212358 0.121972 0.252504 0.379835 0.0881196 0.321788 0.246132 0.235424 0.0229262 0.00682722
threshold=1.0000000180025095e-35 -0.60785761079279388 -1.0000000180025095e-35 24.350000000000005 24.650000000000002 66.100000000000009 62.900000000000006 30.550000000000004 68.350000000000009 77.850000000000009 26.150000000000002 -1.0000000180025095e-35
decision_type=2 2 2 2 2 2 2 2 2 2 2 2
left_child=1 6 10 -4 -5 -6 7 -1 -8 -10 -3 -2
right_child=11 2 3 4 5 -7 8 -9 9 -11 -12 -13
leaf_value=-0.052718409732536498 -0.037345681888254989 -0.055344114083847221 -0.034236055074812415 0.060482509446135903 0.023540622609947558 -0.030588852327440089 0.062270992179361342 0.033179945166121293 -0.056291966151480403 0.044531867142550752 -0.028498752092357402 -0.019361363501186564
leaf_weight=0.70389506005449165 0.40929253696231171 0.58959607550059245 0.76121359854005266 0.80267375404946495 3.0181402585440082 2.2724261362454854 1.1157100312411787 1.1463759859034324 0.47803302851389151 0.44923022529110312 0.69090785313164815 0.43588064771029245
leaf_count=35 26 23 41 13 71 51 20 20 28 20 22 14
internal_value=0.000891763 0.00292683 -0.00347831 0.00350499 0.00821988 0.000290705 0.0163104 0.000501799 0.0306279 -0.00744595 -0.0408594 -0.0280706
internal_weight=12.8734 12.0282 8.13496 6.85445 6.09324 5.29057 3.89324 1.85027 2.04297 0.927263 1.2805 0.845173
internal_count=384 344 221 176 135 122 123 55 68 48 45 40
is_linear=0
shrinkage=0.1


Tree=303
num_leaves=12
num_cat=0
split_feature=5 6 2 5 6 6 6 6 6 5 5
split_gain=0.158359 0.177696 0.172382 0.501004 0.628537 0.28569 0.365239 0.223317 0.164348 0.000687532 0.000883826
threshold=22.950000000000003 50.500000000000007 -0.60785761079279388 28.050000000000004 54.750000000000007 54.150000000000013 58.350000000000009 59.250000000000007 74.850000000000009 23.750000000000004 23.850000000000005
decision_type=2 2 2 2 2 2 2 2 2 2 2
left_child=-1 -2 3 9 -5 -4 -7 -6 -8 -3 -11
right_child=1 2 5 4 7 6 8 -9 -10 10 -12
leaf_value=0.027970331771094582 0.053828476651254814 -0.090354856398696184 0.075874232335238975 -0.087184529612834682 0.073763105009977889 -0.059905435960778491 0.014845101435708129 0.0018858344525145379 -0.019470672967226679 -0.090153406724426968 -0.08062484005142001
leaf_weight=1.6013772860169417 0.48517066799104114 0.56318938359617954 0.47058600414311502 0.68090711208060417 0.6214042775682177 1.0258753373054785 4.528074362402549 1.4200587294762952 2.017484040959971 0.17678325995802879 0.21663076791446656
leaf_count=10 7 7 10 12 25 28 132 43 64 2 44
internal_value=-0.00159662 -0.00547563 -0.00793042 -0.0258605 -0.00398545 0.000272045 -0.00442684 0.0237647 0.00426823 -0.0881142 -0.0849066
internal_weight=13.8075 12.2062 11.721 3.67897 2.72237 8.04202 7.57143 2.04146 6.54556 0.956603 0.393414
internal_count=384 374 367 133 80 234 224 68 196 53 46
is_linear=0
shrinkage=0.1


Tree=304
num_leaves=8
num_cat=0
split_feature=6 5 2 5 5 6 3
split_gain=0.0619821 0.140269 0.0953886 0.085619 3.83145e-05 1.40866e-06 5.54228e-07
threshold=51.45000000000001 24.050000000000004 -0.8783796973249266 23.650000000000002 31.850000000000005 85.15000000000002 0.81174490092936691
decision_type=2 2 2 2 2 2 2
left_child=-1 3 -3 -2 5 6 -4
right_child=1 2 4 -5 -6 -7 -8
leaf_value=0.04325549135115294 -0.011414173812631904 0.032467501046059562 -0.080114753498936306 0.021637477577061026 -0.082543163293786664 -0.080818680168628518 -0.080595469687133894
leaf_weight=0.3169908242998648 1.6319055553758524 0.094405226842355416 0.11431963043833016 1.5080268091987816 0.1391920275054872 0.052891246043145657 0.030350781707966235
leaf_count=10 31 60 229 21 5 5 23
internal_value=0.000877287 -0.00288445 -0.0563683 0.00445966 -0.0812724 -0.0803771 -0.0802156
internal_weight=3.88808 3.57109 0.431159 3.13993 0.336754 0.197562 0.14467
internal_count=384 374 322 52 262 257 252
is_linear=0
shrinkage=0.1


Tree=305
num_leaves=18
num_cat=0
split_feature=5 6 3 0 6 6 2 2 8 8 5 6 0 6 0 5 0
split_gain=0.0847509 0.336853 0.322606 0.198037 0.118883 0.198072 0.184488 0.163736 0.247767 0.187832 0.136526 0.1178 0.00121291 0.000477965 8.29538e-06 3.07865e-06 6.39736e-08
threshold=28.050000000000004 62.550000000000004 1.0000000180025095e-35 0.91597561503675362 62.150000000000013 65.700000000000003 0.6078576107927941 -1.0000000180025095e-35 1.0000000180025095e-35 1.0000000180025095e-35 23.950000000000003 62.150000000000013 0.91597561503675362 66.65000000000002 -0.91597561503675329 28.550000000000004 0.12940952255126059
decision_type=2 2 2 2 2 2 2 2 2 2 2 2 2 2 2 2 2
left_child=4 2 3 11 -1 -6 7 8 -7 -9 -8 15 14 -3 -4 -2 -16
right_child=1 13 12 -5 5 6 10 9 -10 -11 -12 -13 -14 -15 16 -17 -18
leaf_value=-0.031363622402163484 -0.081087989945730188 -0.088720020222988527 -0.082099044117041609 0.06240182012545218 0.036498118455642235 0.02103942292399235 -0.047358765110956769 -0.0021733884088634171 -0.03365251533672823 0.048889905391749817 -0.0032550396117133479 0.062536576768561933 -0.095270936981518645 -0.082683107127060007 -0.080124694206869351 -0.080284650051189357 -0.080357982913014145
leaf_weight=0.91228874167427321 0.09040053421631522 0.31136127794161428 0.042662963271141052 0.71328415721654892 1.8045005642343301 1.723756997031157 1.1441146167926493 1.2544756855349988 1.5945406507235012 1.6919271828373912 1.8158704217057673 0.082079177489504218 0.16824601590633392 0.22659339629171882 0.032552391538047232 0.10100590462388936 0.018398503612843342
leaf_count=8 7 26 3 5 19 28 13 15 50 32 36 4 1 24 38 58 17
internal_value=0.000289752 -0.0200238 0.00847753 0.0346621 0.00332889 0.00619851 0.000271409 0.00999222 -0.00524168 0.0271489 -0.0203023 -0.0376863 -0.0901943 -0.0861772 -0.0810703 -0.0806641 -0.0802089
internal_weight=13.7281 1.78658 1.24863 0.98677 11.9415 11.0292 9.22469 6.2647 3.3183 2.9464 2.95999 0.273486 0.26186 0.537955 0.0936139 0.191406 0.0509509
internal_count=384 183 133 74 201 193 174 125 78 47 49 69 59 50 58 65 55
is_linear=0
shrinkage=0.1


Tree=306
num_leaves=11
num_cat=0
split_feature=5 6 6 1 6 5 8 1 5 3
split_gain=0.117056 0.120443 0.160714 0.278513 0.375851 0.0284728 0.00974106 0.0403716 5.21318e-09 5.76233e-10
threshold=22.450000000000006 73.050000000000011 84.500000000000014 0.9159756150367534 81.65000000000002 23.750000000000004 1.0000000180025095e-35 0.78656609248549303 24.050000000000004 -0.56174490092936669
decision_type=2 2 2 2 2 2 2 2 2 2
left_child=-1 6 3 4 5 -3 -2 8 -8 -10
right_child=1 2 -4 -5 -6 -7 7 -9 9 -11
leaf_value=-0.090758825370196958 -0.086574616918269356 -0.090865712072969132 -0.02379800224857169 0.059693383457558036 0.086078631372537864 -0.042910461825922439 -0.080122577639533038 0.080369090115093827 -0.080050311193364199 -0.080029696677887174
leaf_weight=0.13347801106283474 0.12096154746541365 0.26977746019838389 0.90610116138122965 1.0913896306883544 0.22824317894992419 0.22882815002230927 0.0080643903202139988 0.020422841189429164 0.020858122472419138 0.038752709113395456
leaf_count=3 33 12 17 22 12 45 7 4 61 168
internal_value=0.000827295 0.00499472 0.0106079 0.0277538 -0.0202047 -0.0688573 -0.068153 -0.0428595 -0.0800471 -0.0800369
internal_weight=3.06688 2.9334 2.72434 1.81824 0.726849 0.498606 0.20906 0.0880981 0.0676752 0.0596108
internal_count=384 381 108 91 69 57 273 240 236 229
is_linear=0
shrinkage=0.1


Tree=307
num_leaves=11
num_cat=0
split_feature=6 6 6 3 5 6 6 5 2 0
split_gain=0.0689723 0.28744 0.347584 0.17358 0.253416 0.29292 0.432525 0.360657 0.00213801 0.000807813
threshold=71.600000000000009 75.850000000000009 80.300000000000026 0.81174490092936691 24.550000000000004 68.050000000000011 66.100000000000009 27.800000000000001 -0.60785761079279388 -0.91597561503675329
decision_type=2 2 2 2 2 2 2 2 2 2
left_child=3 -2 8 4 -1 6 7 -6 -3 -4
right_child=1 2 9 -5 5 -7 -8 -9 -10 -11
leaf_value=-0.057638285772238146 -0.083638338301283352 0.052180163774682632 -0.09156752187655097 0.046850861161019317 0.044639674050769178 0.037681440581460779 -0.05515953603527135 -0.0090365829005353594 0.041213258705989492 -0.080570463766647171
leaf_weight=0.71357474481919503 0.47434860224893849 0.39793647170881741 0.13796134293079376 0.85071778486599292 1.7620278389658759 2.0455062564869877 1.3988907158782238 4.3228206102430704 0.32128518672834616 0.1294950713054277
leaf_count=14 35 18 1 21 20 33 20 150 27 45
internal_value=0.000756819 -0.0196673 0.011087 0.00344668 -0.000158252 0.004146 -0.00502013 0.00650679 0.0472811 -0.086243
internal_weight=12.5546 1.46103 0.986678 11.0935 10.2428 9.52925 7.48374 6.08485 0.719222 0.267456
internal_count=384 126 91 258 237 223 190 170 45 46
is_linear=0
shrinkage=0.1


Tree=308
num_leaves=12
num_cat=0
split_feature=5 5 5 2 5 8 2 0 3 5 5
split_gain=0.126632 0.156061 0.197742 0.541443 0.621153 0.295784 0.28532 0.164498 0.102519 0.000553218 0.000736832
threshold=22.950000000000003 31.750000000000004 27.800000000000001 -0.60785761079279388 23.850000000000005 1.0000000180025095e-35 0.6078576107927941 1.0000000180025095e-35 -1.0000000180025095e-35 23.750000000000004 23.850000000000005
decision_type=2 2 2 2 2 2 2 2 2 2 2
left_child=-1 2 3 9 -5 -4 7 -7 -6 -2 -11
right_child=1 -3 5 4 8 6 -8 -9 -10 10 -12
leaf_value=0.025112108818729436 -0.08981549397486531 -0.053951414032308298 -0.043494043073067701 0.020738006126712991 -0.086622433208646737 0.053801592450804028 0.07567233248597062 0.0011292309887721292 -0.015865241476969046 -0.089592728648005771 -0.080577677061815456
leaf_weight=1.5791246965527541 0.52764540538191518 0.61810490023344833 0.89992072549648572 3.0929402317851773 0.77982469223206619 0.69931877031922329 0.74978953399113368 3.8969094345229678 0.27768483394175059 0.16878974810242653 0.19587597707868554
leaf_count=10 7 12 8 24 82 70 36 60 29 2 44
internal_value=-0.00149646 -0.00502538 -0.00234647 -0.0170761 -0.00188279 0.00954574 0.0184742 0.00914336 -0.0680427 -0.0877455 -0.0847504
internal_weight=13.4859 11.9068 11.2887 5.04276 4.15045 6.24594 5.34602 4.59623 1.05751 0.892311 0.364666
internal_count=384 374 362 188 135 174 166 130 111 53 46
is_linear=0
shrinkage=0.1


Tree=309
num_leaves=15
num_cat=0
split_feature=2 6 2 5 1 6 5 9 5 2 5 6 5 1
split_gain=0.0652999 0.259634 0.218107 0.154205 0.255544 0.195166 0.0773726 0.161026 1.71772e-05 1.05476e-05 6.25232e-06 5.31894e-06 3.47986e-06 1.39937e-07
threshold=-1.0000000180025095e-35 80.65000000000002 -0.8783796973249266 23.750000000000004 0.78656609248549303 51.45000000000001 23.550000000000004 1.0000000180025095e-35 32.45000000000001 -0.60785761079279388 31.850000000000005 85.15000000000002 23.750000000000004 0.37940952255126026
decision_type=2 2 2 2 2 2 2 2 2 2 2 2 2 2
left_child=1 2 6 -2 5 -5 -1 12 11 10 13 -7 -8 -4
right_child=3 -3 9 4 -6 8 7 -9 -10 -11 -12 -13 -14 -15
leaf_value=0.10221770788615642 -0.010977267256929395 -0.06653627379200544 -0.080152065686014934 0.045395836839429916 0.080377107239174087 -0.080567594531173736 -0.082529604388115588 0.074664843210316176 -0.082690260399359297 -0.082714140477130133 -0.082122545035181238 -0.081983800836454526 -0.081301289740591698 -0.080483916559113161
leaf_weight=0.21264097094535828 1.4875152893364432 0.58093054006167222 0.023538364312116755 0.24962666747160234 0.62763881922001019 0.12618493597983615 0.037139162421226501 0.20029148754838388 0.076155371032655239 0.065289997210129735 0.031472515314817429 0.033576602349057794 0.060860116183903301 0.02761498912514071
leaf_count=1 23 18 57 7 23 135 1 12 3 41 1 2 48 12
internal_value=0.00108441 -0.0178015 0.0251699 0.0100875 0.0382357 -0.0162384 0.0561275 0.0232714 -0.0814544 -0.0817642 -0.0810135 -0.0808652 -0.0817668 -0.0803312
internal_weight=3.84048 1.23978 0.658848 2.6007 1.11318 0.485544 0.510932 0.298291 0.235917 0.147916 0.0826259 0.159762 0.0979993 0.0511534
internal_count=384 191 173 193 170 147 62 61 140 111 70 137 49 69
is_linear=0
shrinkage=0.1


Tree=310
num_leaves=9
num_cat=0
split_feature=6 6 6 5 3 0 0 5
split_gain=0.0804022 0.172649 0.277891 0.269745 0.293376 0.23584 0.215112 0.372518
threshold=82.050000000000026 75.850000000000009 71.950000000000017 23.350000000000005 -0.22252093395631442 -0.98296291314453399 -0.91597561503675329 26.150000000000002
decision_type=2 2 2 2 2 2 2 2
left_child=1 2 5 -3 -5 -1 -7 -8
right_child=-2 3 -4 4 -6 6 7 -9
leaf_value=0.059105814980563401 0.02179597421449659 -0.08859140811148733 0.049333819359535805 -0.044662189975998301 0.057663005311284349 -0.03027007755420319 0.05195035288709713 -0.01006593505732324
leaf_weight=0.56620875303633056 1.5415311136748648 0.5619521418120702 1.1267295405268658 0.71098042791709293 0.46243964636232693 2.7884447043761567 1.2454708836739943 4.3567497655531042
leaf_count=24 31 9 25 29 22 32 25 187
internal_value=0.00031588 -0.00248574 0.00252822 -0.03162 -0.00433628 -0.00335969 -0.00757491 0.00372136
internal_weight=13.3605 11.819 10.0836 1.73537 1.17342 8.95687 8.39067 5.60222
internal_count=384 353 293 60 51 268 244 212
is_linear=0
shrinkage=0.1


Tree=311
num_leaves=10
num_cat=0
split_feature=5 3 3 5 6 6 5 1 1
split_gain=0.106594 0.111543 0.188868 0.629199 0.306071 0.343727 0.157369 0.145319 0.0503997
threshold=22.450000000000006 0.81174490092936691 -1.0000000180025095e-35 23.750000000000004 83.90000000000002 80.65000000000002 23.950000000000003 0.9159756150367534 0.78656609248549303
decision_type=2 2 2 2 2 2 2 2 2
left_child=-1 2 4 -4 5 7 -5 -2 -8
right_child=1 -3 3 6 -6 -7 8 -9 -10
leaf_value=-0.089584111287992457 -0.065278237420775292 -0.067983890587545448 0.10077879731975875 -0.093082961289942201 -0.063105208962261294 0.090320238390784513 -0.08003641637676967 0.082234467105031836 0.081286013024695625
leaf_weight=0.12202716514002565 0.34072626320994526 0.19054538165437396 0.69407725654309593 0.29958707332843915 0.65603278722846881 0.43298711744137108 0.024859898341674125 0.08306309801992029 0.087630164809525013
leaf_count=3 193 34 11 5 13 16 92 9 8
internal_value=0.0019125 0.00588653 0.0112611 0.042666 -0.011702 0.0276573 -0.0552155 -0.0363656 0.0456343
internal_weight=2.93154 2.80951 2.61896 1.10615 1.51281 0.856776 0.412077 0.423789 0.11249
internal_count=384 381 347 116 231 218 105 202 100
is_linear=0
shrinkage=0.1


Tree=312
num_leaves=12
num_cat=0
split_feature=9 2 6 6 5 2 6 0 5 6 5
split_gain=0.0717937 0.0879436 0.188198 0.43994 0.209581 0.450939 0.19601 0.0869665 0.22038 0.130247 5.4825e-06
threshold=1.0000000180025095e-35 -0.60785761079279388 55.350000000000001 58.050000000000004 26.750000000000004 0.6078576107927941 66.65000000000002 -1.0000000180025095e-35 24.350000000000005 59.250000000000007 26.150000000000002
decision_type=2 2 2 2 2 2 2 2 2 2 2
left_child=1 7 -3 -4 6 -6 -5 8 -1 -9 -10
right_child=-2 2 3 4 5 -7 -8 9 10 -11 -12
leaf_value=0.021103914284944042 -0.028089182889617783 -0.055078409301732315 0.072421454640060487 0.04023906633024666 0.00033460279334991233 -0.089779030199767379 -0.008143809420547498 0.00045970116773194359 -0.08157768783722584 0.04411455886771648 -0.080726032024959316
leaf_weight=0.69533659564331207 0.80154697239049788 0.64195786911295627 0.7780276316916569 1.2335685117868709 1.6586583241878545 0.83479913150949858 2.6067420632316498 1.2385993670031887 0.14766819690703414 1.5248149567050857 0.15485282586450921
leaf_count=18 40 18 18 15 38 31 101 19 20 26 40
internal_value=0.000848662 0.00286299 -0.0032237 0.00145705 -0.00726007 -0.0298351 0.00739754 0.0154105 -0.00989396 0.0245479 -0.0811417
internal_weight=12.3166 11.515 7.75375 7.1118 6.33377 2.49346 3.84031 3.76127 0.997858 2.76341 0.302521
internal_count=384 344 221 203 185 69 116 123 78 45 60
is_linear=0
shrinkage=0.1


Tree=313
num_leaves=8
num_cat=0
split_feature=6 6 6 6 3 6 6
split_gain=0.125831 0.185581 0.160879 0.506286 0.212389 0.202164 0.113651
threshold=86.100000000000009 81.65000000000002 76.750000000000014 74.850000000000009 -0.56174490092936669 71.850000000000009 68.950000000000017
decision_type=2 2 2 2 2 2 2
left_child=1 2 3 5 -4 6 -1
right_child=-2 -3 4 -5 -6 -7 -8
leaf_value=0.00018551891497180234 0.040337569331040948 -0.045188819995397977 0.07285499949065026 -0.08920863799030386 -0.0049592506094942417 0.046827894855012743 -0.038236419322264625
leaf_weight=7.5957495493203115 0.66934912628494281 1.0131559462024586 0.65340961678884923 0.66624951607082117 0.75729147397214436 0.87336435471661467 0.8566984619537833
leaf_count=226 9 26 16 19 28 21 39
internal_value=-0.0018968 -0.00417368 -0.000529412 -0.0049925 0.0310828 0.00102403 -0.00370874
internal_weight=13.0853 12.4159 11.4028 9.99206 1.4107 9.32581 8.45245
internal_count=384 375 349 305 44 286 265
is_linear=0
shrinkage=0.1


Tree=314
num_leaves=11
num_cat=0
split_feature=5 8 6 5 2 6 5 2 5 2
split_gain=0.0699473 0.0644381 0.242185 0.218318 0.213465 0.175695 0.242987 0.145615 0.282248 0.0577191
threshold=23.150000000000002 1.0000000180025095e-35 85.15000000000002 23.750000000000004 0.87837969732492682 65.700000000000003 31.850000000000005 0.87837969732492682 23.850000000000005 1.0000000180025095e-35
decision_type=2 2 2 2 2 2 2 2 2 2
left_child=-1 3 4 -2 5 6 -3 8 -5 -7
right_child=1 2 -4 7 -6 9 -8 -9 -10 -11
leaf_value=-0.081539698301533348 -0.04576390260575381 -0.085309093307711331 -0.087360175383954353 0.082603214125958085 -0.083989024165671 0.038673259771056012 0.043087302927617872 0.099120714791064879 -0.086843176472378075 0.083604104483606348
leaf_weight=0.099363448214717542 0.84166730567812986 0.24315667021619436 0.21055898611666624 0.19395501632243395 0.16292897121911654 0.64583851520364965 0.37424991279840469 0.21467677656983142 0.1993304873649322 0.51302601518545998
leaf_count=14 12 145 8 3 37 70 7 10 44 34
internal_value=0.00122762 0.00351247 0.0144998 -0.0127814 0.0255597 0.0356081 -0.00747976 0.0328799 -0.00327799 0.058564
internal_weight=3.69875 3.59939 2.14976 1.44963 1.9392 1.77627 0.617407 0.607962 0.393286 1.15886
internal_count=384 370 301 69 293 256 152 57 47 104
is_linear=0
shrinkage=0.1


Tree=315
num_leaves=18
num_cat=0
split_feature=5 6 3 5 2 5 0 6 6 8 5 5 5 0 6 0 0
split_gain=0.0741696 0.314962 0.278391 0.195435 0.133144 0.0743524 0.147361 0.345598 0.152827 0.25891 0.0686897 0.02762 0.00163295 0.000784633 0.000429975 5.1333e-06 4.87586e-08
threshold=28.050000000000004 62.550000000000004 1.0000000180025095e-35 28.550000000000004 -1.0000000180025095e-35 26.750000000000004 -0.60355339059327362 70.550000000000011 71.950000000000017 1.0000000180025095e-35 24.450000000000003 23.550000000000004 24.750000000000004 0.91597561503675362 66.65000000000002 -0.91597561503675329 0.12940952255126059
decision_type=2 2 2 2 2 2 2 2 2 2 2 2 2 2 2 2 2
left_child=5 2 3 -2 -5 6 8 -8 10 -10 -1 -11 -9 15 -3 -4 -17
right_child=1 14 13 4 -6 -7 7 12 9 11 -12 -13 -14 -15 -16 16 -18
leaf_value=-0.024625924322860638 0.06744465007955755 -0.088416568392771233 -0.081783852458989198 -0.087791268271681849 0.038700403245068987 0.019084841635506878 0.0067192574735383398 -0.0821225584595206 -0.0049059983309750511 0.062011880841605305 0.003074486904685573 0.036494481711095872 -0.092518583243005117 -0.093044661549886998 -0.082449329363250792 -0.0801135688859239 -0.08032753802096862
leaf_weight=1.6029570796526944 0.60239246394485302 0.29026945131772652 0.036327234120108187 0.17587663789163333 0.15794267054297972 2.3734885444864622 1.098473614780233 0.37283221742836747 1.9731880249455553 0.78853290528059183 2.02747658547014 0.91801271040458232 0.25404298503417522 0.15067800879478455 0.20676866496069124 0.028983683805563487 0.016836534363392275
leaf_count=19 12 26 3 32 30 26 13 31 17 5 33 38 19 1 24 38 17
internal_value=0.000455741 -0.0192534 0.00909721 0.0334328 -0.0279432 0.0033339 -0.000803629 -0.0270906 0.00540063 0.0197624 -0.00915616 0.0482851 -0.0863356 -0.0887583 -0.0859342 -0.0808961 -0.0801922
internal_weight=13.0751 1.66608 1.16904 0.936212 0.333819 11.409 9.03552 1.72535 7.31017 3.67973 3.63043 1.70655 0.626875 0.232825 0.497038 0.0821475 0.0458202
internal_count=384 183 133 74 62 201 175 63 112 60 52 43 50 59 50 58 55
is_linear=0
shrinkage=0.1


Tree=316
num_leaves=8
num_cat=0
split_feature=5 1 2 6 0 1 1
split_gain=0.111961 0.179125 0.121106 1.22212e-09 6.1727e-10 2.90179e-10 4.68927e-10
threshold=24.050000000000004 0.78656609248549303 0.6078576107927941 76.950000000000017 0.91597561503675362 -0.98296291314453399 -1.0000000180025095e-35
decision_type=2 2 2 2 2 2 2
left_child=2 3 -1 4 5 -2 -7
right_child=1 -3 -4 -5 -6 6 -8
leaf_value=-0.029158049215952012 -0.080042307228924456 0.08105825579316063 0.016775607545278851 -0.080068346192360446 -0.080051934009824063 -0.08001534508359387 -0.080036589459268434
leaf_weight=1.2042052213073482 0.014695920544909646 0.34107237530406564 1.0967656479915602 0.013191991762141697 0.017081640318792779 0.020797003620828369 0.020763201406224785
leaf_count=35 27 37 17 18 31 171 48
internal_value=0.00146872 0.0484583 -0.00726361 -0.0800403 -0.0800353 -0.0800302 -0.080026
internal_weight=2.72857 0.427602 2.30097 0.0865298 0.0733378 0.0562561 0.0415602
internal_count=384 332 52 295 277 246 219
is_linear=0
shrinkage=0.1


Tree=317
num_leaves=13
num_cat=0
split_feature=6 6 0 3 6 6 5 1 0 5 2 6
split_gain=0.0653706 0.245277 0.307681 0.151197 0.134749 0.346167 0.180656 0.427003 0.0692089 1.84835e-06 2.51397e-07 4.15777e-08
threshold=71.600000000000009 75.850000000000009 -0.91597561503675329 0.81174490092936691 68.050000000000011 66.100000000000009 28.150000000000002 -0.98296291314453399 0.37940952255126054 23.550000000000004 -0.8783796973249266 77.750000000000014
decision_type=2 2 2 2 2 2 2 2 2 2 2 2
left_child=3 -2 -3 4 5 6 -1 -8 -6 -4 -11 -12
right_child=1 2 9 -5 8 -7 7 -9 -10 10 11 -13
leaf_value=0.023896335801700478 -0.083209486337249769 0.046566765750975535 -0.080807120365121166 0.044064211097589692 0.0042257358981842123 -0.052321351983976798 0.004802413519207154 -0.083291137471941279 0.039375767844619922 -0.080464458359224833 -0.080261251997003777 -0.080123511529396077
leaf_weight=2.5070670589629991 0.42605499922501688 0.63951200153678656 0.13233154220506549 0.82261641498189497 1.1738732752564829 1.3745537628710733 3.1276498157531005 0.66768998672341906 1.0714317560195923 0.049917494034161791 0.039104915544157848 0.049852869298774749
leaf_count=31 35 6 15 21 31 21 23 121 10 12 17 41
internal_value=0.000271565 -0.0205829 0.0087152 0.00286608 -0.000549497 -0.00685182 0.00306507 -0.0106953 0.0209989 -0.0805397 -0.0802848 -0.0801841
internal_weight=12.0817 1.33677 0.910719 10.7449 9.92227 7.67696 6.30241 3.79534 2.24531 0.271207 0.138875 0.0889578
internal_count=384 126 91 258 237 196 175 144 41 85 70 58
is_linear=0
shrinkage=0.1


Tree=318
num_leaves=12
num_cat=0
split_feature=5 6 6 6 3 5 3 0 8 1 8
split_gain=0.116406 0.116554 0.195537 0.148322 0.429792 0.112547 0.326132 0.234224 0.192618 0.350134 0.0250403
threshold=22.950000000000003 74.850000000000009 71.850000000000009 86.100000000000009 -0.56174490092936669 27.800000000000001 0.81174490092936691 -0.91597561503675329 1.0000000180025095e-35 -0.98296291314453399 1.0000000180025095e-35
decision_type=2 2 2 2 2 2 2 2 2 2 2
left_child=-1 2 5 4 -3 6 7 -2 -7 -10 -6
right_child=1 3 -4 -5 10 8 -8 -9 9 -11 -12
leaf_value=0.025221723771827464 -0.0031442144016180147 0.025978663084660538 0.045397443618610034 0.022036466011254075 -0.088954345576115548 -0.042695507778558059 0.043091946559224964 -0.090278038442297967 -0.010527811542923459 0.041470329375555663 -0.058002252478107801
leaf_weight=1.4570909589529044 0.53212908667046566 0.64191360070253733 0.86773557844571847 0.51463147974573065 0.67482445205678232 0.85312811867333671 0.48064444115152571 0.73409077673568024 3.5747787132859195 2.0305309517425547 0.42660429434908931
leaf_count=10 35 29 21 8 20 8 10 38 26 147 32
internal_value=-0.00138399 -0.0048053 0.000254262 -0.0251357 -0.0390609 -0.00451977 -0.027039 -0.05366 0.00157119 0.00830858 -0.076966
internal_weight=12.7881 11.331 9.07304 2.25797 1.74334 8.2053 1.74686 1.26622 6.45844 5.60531 1.10143
internal_count=384 374 285 89 81 264 83 73 181 173 52
is_linear=0
shrinkage=0.1


Tree=319
num_leaves=10
num_cat=0
split_feature=3 9 6 6 5 6 1 6 5
split_gain=0.0561926 0.128813 0.228981 0.129558 0.257017 0.267015 0.000278416 9.8118e-06 8.597e-06
threshold=0.81174490092936691 1.0000000180025095e-35 71.600000000000009 81.65000000000002 23.550000000000004 80.300000000000026 0.37940952255126026 49.800000000000004 23.850000000000005
decision_type=2 2 2 2 2 2 2 2 2
left_child=1 2 6 4 -4 -6 7 -1 -9
right_child=-2 -3 3 -5 5 -7 -8 8 -10
leaf_value=-0.082713810051495473 0.028530949687785342 0.063437760023431475 0.08908566717994372 -0.021407923805781132 -0.083495394404981355 0.048298944307333072 -0.08757841017913047 -0.082468407266000188 -0.080926638332299738
leaf_weight=0.064295416465030342 0.62128436453713209 0.25305564287191362 0.40413078659912594 1.1955925520014714 0.28943840104693663 0.32784755696775392 0.11264008036232553 0.04745205189101398 0.15207116387955466
leaf_count=3 34 33 11 31 57 9 11 3 192
internal_value=0.0012836 -0.00466343 -0.0113083 0.000935956 0.02709 -0.0134979 -0.0834165 -0.0816395 -0.0812933
internal_weight=3.46781 2.84652 2.59347 2.21701 1.02142 0.617286 0.376459 0.263819 0.199523
internal_count=384 350 317 108 77 66 209 198 195
is_linear=0
shrinkage=0.1


Tree=320
num_leaves=9
num_cat=0
split_feature=6 6 5 3 6 6 6 6
split_gain=0.0690111 0.15147 0.244685 0.239282 0.231704 0.211554 0.25847 0.3183
threshold=82.050000000000026 75.850000000000009 23.350000000000005 -0.22252093395631442 71.950000000000017 71.250000000000014 69.450000000000017 67.250000000000014
decision_type=2 2 2 2 2 2 2 2
left_child=1 4 -3 -4 5 6 7 -1
right_child=-2 2 3 -5 -6 -7 -8 -9
leaf_value=0.0069813376360417668 0.021164602289835549 -0.087675590634740577 -0.041388132337068326 0.054583909225462503 0.046563762619847737 -0.050913865638158251 0.052814050459307239 -0.045503587532939996
leaf_weight=5.4124500531324866 1.452546740765684 0.50989045412279566 0.66237492818618182 0.42742988071404386 1.0717958324239578 0.82434136723168183 0.8981828088290057 1.4691381541560984
leaf_count=201 31 9 29 22 25 13 19 35
internal_value=0.000649125 -0.00199372 -0.0304987 -0.00374715 0.00271894 -0.00274272 0.00236148 -0.00422358
internal_weight=12.7282 11.2756 1.5997 1.0898 9.67591 8.60411 7.77977 6.88159
internal_count=384 353 60 51 293 268 255 236
is_linear=0
shrinkage=0.1


Tree=321
num_leaves=8
num_cat=0
split_feature=5 1 3 6 0 1 1
split_gain=0.10026 0.161573 0.102041 8.60477e-10 4.63752e-10 2.41702e-10 3.45842e-10
threshold=24.050000000000004 0.78656609248549303 -1.0000000180025095e-35 76.950000000000017 0.91597561503675362 -0.98296291314453399 1.0000000180025095e-35
decision_type=2 2 2 2 2 2 2
left_child=2 3 -1 4 5 -2 -7
right_child=1 -3 -4 -5 -6 6 -8
leaf_value=-0.029965173250195706 -0.080039213684540089 0.080939431457290101 0.01273816909423508 -0.080061632140814479 -0.080047500748585965 -0.080013980750690494 -0.080033180414128852
leaf_weight=1.0737686691136334 0.013589458438218904 0.30257391289342195 1.1684981173893905 0.011849697228171863 0.015566005800792482 0.018631233291670934 0.018898250469646882
leaf_count=24 27 37 28 18 31 171 48
internal_value=0.000348163 0.0477672 -0.00771145 -0.0800368 -0.0800324 -0.0800278 -0.0800236
internal_weight=2.62338 0.381109 2.24227 0.0785346 0.0666849 0.0511189 0.0375295
internal_count=384 332 52 295 277 246 219
is_linear=0
shrinkage=0.1


Tree=322
num_leaves=14
num_cat=0
split_feature=9 2 2 6 6 6 6 5 5 6 5 6 5
split_gain=0.0624175 0.0903377 0.166111 0.0993256 0.3075 0.234204 0.171658 0.0929867 0.237596 0.181936 0.145759 0.0217618 0.0104531
threshold=1.0000000180025095e-35 -0.60785761079279388 -1.0000000180025095e-35 62.900000000000006 54.750000000000007 68.350000000000009 77.850000000000009 28.550000000000004 27.200000000000006 66.65000000000002 30.550000000000004 59.550000000000004 26.150000000000002
decision_type=2 2 2 2 2 2 2 2 2 2 2 2 2
left_child=1 3 12 4 -1 -5 -7 8 9 -4 -9 -2 -3
right_child=11 2 7 5 -6 6 -8 10 -10 -11 -12 -13 -14
leaf_value=0.04223370522366842 -0.0075345593736158003 -0.049417520608247001 0.039919015722364698 0.062234609019882425 -0.040923227664488498 -0.053669392386305685 0.038845621153388889 0.052479504198618965 -0.039427867379151542 -0.0076039188570134232 -0.012065264787887518 -0.041257743149716787 -0.030232777831121872
leaf_weight=0.84242463012924351 0.33310842353967096 0.5273792703374045 1.265320240869187 1.0592945842072365 0.94183518108911812 0.41871133356471535 0.38493764819577336 0.81556575901049633 1.3752589696086941 2.2171936910090153 0.6127394821451162 0.44966380036203191 0.61544492020038888
leaf_count=14 12 23 17 20 41 28 20 31 21 82 25 28 22
internal_value=0.000383381 0.00231204 -0.00401584 0.0152012 -0.00166132 0.0313514 -0.00935588 0.00235999 -0.00423498 0.00966284 0.02479 -0.0269069 -0.039086
internal_weight=11.8589 11.0761 7.4289 3.6472 1.78426 1.86294 0.803649 6.28608 4.85777 3.48251 1.42831 0.782772 1.14282
internal_count=384 344 221 123 55 68 48 176 120 99 56 40 45
is_linear=0
shrinkage=0.1


Tree=323
num_leaves=17
num_cat=0
split_feature=5 5 2 5 0 1 6 5 3 0 6 5 5 5 0 5
split_gain=0.104708 0.0975616 0.462626 0.554645 0.19218 0.108364 0.105797 0.3514 0.0950058 0.0587847 0.0244536 0.00564291 0.000535937 0.000356985 3.33769e-05 3.06529e-08
threshold=22.950000000000003 27.800000000000001 -0.60785761079279388 23.850000000000005 1.0000000180025095e-35 -0.12940952255126037 59.550000000000004 30.850000000000005 -1.0000000180025095e-35 0.78656609248549325 57.850000000000001 23.950000000000003 23.750000000000004 23.850000000000005 -0.91597561503675329 25.350000000000005
decision_type=2 2 2 2 2 2 2 2 2 2 2 2 2 2 2 2
left_child=-1 2 12 -4 5 10 7 -6 11 -8 -3 -5 -2 -14 -12 -15
right_child=1 4 3 8 6 -7 9 -9 -10 -11 14 -13 13 15 -16 -17
leaf_value=0.024059193275400129 -0.088968036807208675 0.033616594752138317 0.02070576704016407 -0.10063747762652653 0.012278186437698074 -0.015419555633869125 0.029369703028080632 -0.053304196437382739 -0.01555843004681548 -0.002655935297581406 0.082742137910583713 -0.080857326664097534 -0.087304207979087875 -0.080518229283874698 0.081016320664920011 -0.080432871709222642
leaf_weight=1.4258864447474486 0.45791773498058219 0.1357708501163869 2.8210583487525578 0.203768551349639 2.0011890038731512 0.19323524087667465 1.1443585755332606 1.3806954552419481 0.25748229949385937 1.148250691825524 0.25398951955139626 0.49357694952050224 0.14022184535861015 0.081508095900062472 0.20054185605840769 0.086953534046187997
leaf_count=10 7 35 24 1 31 3 28 20 29 12 11 81 2 20 46 24
internal_value=-0.00143741 -0.00474227 -0.0159711 -0.00159166 0.00315595 0.0495794 -0.00325423 -0.0144966 -0.0674698 0.0133297 0.0708568 -0.0866372 -0.0867972 -0.0835768 0.0819807 -0.0804742
internal_weight=12.4264 11.0005 4.54249 3.77589 6.45803 0.783537 5.67449 3.38188 0.954828 2.29261 0.590302 0.697346 0.766601 0.308683 0.454531 0.168462
internal_count=384 374 188 135 186 95 91 51 111 40 92 82 53 46 57 44
is_linear=0
shrinkage=0.1


Tree=324
num_leaves=13
num_cat=0
split_feature=2 6 2 5 1 6 0 5 2 5 6 8
split_gain=0.0537669 0.17384 0.175301 0.10951 0.203393 0.165837 0.0580619 1.58826e-05 5.4774e-06 4.46318e-06 2.33146e-06 1.23832e-07
threshold=-1.0000000180025095e-35 80.65000000000002 -0.8783796973249266 23.750000000000004 0.78656609248549303 51.45000000000001 -0.60355339059327362 32.45000000000001 -0.60785761079279388 31.850000000000005 85.15000000000002 1.0000000180025095e-35
decision_type=2 2 2 2 2 2 2 2 2 2 2 2
left_child=1 2 6 -2 5 -5 -1 10 9 11 -7 -4
right_child=3 -3 8 4 -6 7 -8 -9 -10 -11 -12 -13
leaf_value=-0.0037165432547998146 -0.0087476350805166143 -0.060280937316766238 -0.080476301965774849 0.043992510950142144 0.076067809313517934 -0.080505896610649871 0.076509348512286038 -0.082578899782997192 -0.082251103450109581 -0.081908172569412296 -0.081549823558223655 -0.080142977898696691
leaf_weight=0.12989009337979951 1.3345204209908845 0.49904775976028759 0.021709208966058213 0.21877248398959626 0.54144165399338817 0.10885196387062024 0.29531242480516084 0.068563929293304682 0.054908660638830264 0.028442127630114555 0.026627131039276719 0.022904993179508892
leaf_count=25 23 18 12 7 23 135 37 3 41 1 2 57
internal_value=0.00123539 -0.0174872 0.0211197 0.00980527 0.0354823 -0.01649 0.0520021 -0.0813387 -0.0814964 -0.0809292 -0.0807111 -0.0803052
internal_weight=3.35099 1.05222 0.553168 2.29878 0.964257 0.422816 0.425203 0.204043 0.127965 0.0730563 0.135479 0.0446142
internal_count=384 191 173 193 170 147 62 140 111 70 137 69
is_linear=0
shrinkage=0.1


Tree=325
num_leaves=18
num_cat=0
split_feature=5 3 0 6 6 2 0 6 6 5 0 0 6 0 5 5 5
split_gain=0.0643873 0.288282 0.260659 0.0835834 0.201546 0.168043 0.151955 0.166518 0.153566 0.108431 0.0489857 0.00101146 1.37069e-05 1.0168e-05 3.75451e-06 1.91464e-06 7.20728e-08
threshold=28.050000000000004 1.0000000180025095e-35 0.91597561503675362 62.150000000000013 65.700000000000003 0.6078576107927941 -0.60355339059327362 69.450000000000017 66.450000000000017 23.950000000000003 -0.98296291314453399 0.91597561503675362 76.300000000000026 -0.91597561503675329 28.150000000000002 28.550000000000004 28.550000000000004
decision_type=2 2 2 2 2 2 2 2 2 2 2 2 2 2 2 2 2
left_child=3 2 10 -1 -5 6 7 -6 -8 -7 -2 12 14 -12 -3 -15 -16
right_child=1 11 -4 4 5 9 8 -9 -10 -11 13 -13 -14 15 16 -17 -18
leaf_value=-0.026783656202697806 -0.0078348867878733561 -0.081572187720900691 0.044673413504245398 0.036901358805795093 -0.017370560825574689 -0.046284079003644799 0.021503372949104649 0.030480881056898147 -0.042570157070765377 -0.0053434238076751281 -0.081962889854502521 -0.091767615056790708 -0.082796411541257164 -0.080864882041005059 -0.080314824107691765 -0.080239186862426537 -0.080096666085113288
leaf_weight=0.87025427678599854 0.13961234688758839 0.02756324503570784 0.70646923594176769 1.7002597542013962 0.95034659514203301 1.0587103688158097 0.61581866443157351 3.0975178984226659 0.95280072744935751 1.6631671297363935 0.070928076573181786 0.29612824507057667 0.040792319923639297 0.1022521944832997 0.024204845016356558 0.093741120675986167 0.040452291075780522
leaf_count=8 2 2 7 19 18 13 3 60 44 36 6 3 1 12 7 76 67
internal_value=0.000241828 -0.0188842 0.00796292 0.0029456 0.00552285 -0.000875486 0.00900712 0.0192464 -0.0174158 -0.0212678 -0.0558321 -0.0885139 -0.0812701 -0.0809369 -0.0805949 -0.0805656 -0.0801783
internal_weight=12.451 1.54214 1.113 10.9089 10.0386 8.33836 5.61648 4.04786 1.56862 2.72188 0.406534 0.429141 0.133013 0.266921 0.0922204 0.195993 0.0646571
internal_count=384 183 103 201 193 174 125 78 47 49 96 80 77 94 76 88 74
is_linear=0
shrinkage=0.1


Tree=326
num_leaves=13
num_cat=0
split_feature=5 3 5 5 2 1 5 6 6 6 6 6
split_gain=0.0913844 0.0994223 0.246876 0.174269 0.298921 0.081099 0.0364207 0.0683533 0.0194965 0.0200212 1.17122e-09 3.15211e-10
threshold=22.450000000000006 -0.56174490092936669 24.050000000000004 23.750000000000004 0.6078576107927941 0.78656609248549303 23.950000000000003 85.15000000000002 77.750000000000014 74.100000000000009 78.750000000000014 55.850000000000001
decision_type=2 2 2 2 2 2 2 2 2 2 2 2
left_child=-1 2 -2 -3 5 10 -6 -8 9 11 -5 -4
right_child=1 3 8 4 6 -7 7 -9 -10 -11 -12 -13
leaf_value=-0.088259503230192826 -0.089635046252130202 0.040307779226061248 -0.080060068815480889 -0.080023932203822562 -0.090593418962052252 0.09021875663710506 0.04351067055359864 -0.06777477323736876 0.078036606677205453 0.052863158795887169 -0.080070801656006343 -0.080027793915117371
leaf_weight=0.10833554624696295 0.30548656771134197 1.1621944538346718 0.0038546656578546381 0.025253464209526899 0.25201219780137762 0.22206830093637109 0.075023035633421387 0.20880935312015936 0.13130889867898077 0.030820480329566635 0.0067585241631604722 0.014076204199227504
leaf_count=3 12 26 7 134 4 13 79 4 15 13 9 65
internal_value=0.00160917 0.00560314 -0.034891 0.0156752 -0.0205661 0.0687684 -0.0629256 -0.0383596 0.0579866 0.00398298 -0.0800338 -0.0800347
internal_weight=2.546 2.43767 0.485547 1.95212 0.789925 0.25408 0.535845 0.283832 0.18006 0.0487514 0.032012 0.0179309
internal_count=384 381 112 269 243 156 87 83 100 85 143 72
is_linear=0
shrinkage=0.1


Tree=327
num_leaves=11
num_cat=0
split_feature=6 6 5 5 5 6 3 6 5 8
split_gain=0.0669564 0.125373 0.17759 0.442389 0.216753 0.122826 0.160189 0.105193 0.288102 0.260165
threshold=53.95000000000001 55.850000000000001 30.450000000000003 31.250000000000004 28.550000000000004 66.65000000000002 -0.56174490092936669 66.100000000000009 26.850000000000005 1.0000000180025095e-35
decision_type=2 2 2 2 2 2 2 2 2 2
left_child=-1 -2 4 -4 7 6 -6 9 -9 -3
right_child=1 2 3 -5 5 -7 -8 8 -10 -11
leaf_value=-0.026139470216246286 0.044481867443907336 0.039967967338395569 -0.092762562011405758 0.019176471994617483 0.073545120923658655 0.077416603798683759 -0.017213068132909164 0.0011470129135527907 -0.062618410895370902 -0.023333369426626043
leaf_weight=0.88413339598628304 0.66686329724325233 1.5764697454869747 0.66226591038866789 0.75616831554361852 0.31118747656000778 0.56065100721025374 0.51851446274667956 3.7065637571795378 0.8760224078214377 1.1039074088112084
leaf_count=25 18 12 22 20 13 12 45 160 20 37
internal_value=0.000312426 0.00249027 -0.000290048 -0.0330878 0.00508609 0.0412592 0.0168266 -0.00183854 -0.0110426 0.0138975
internal_weight=11.6227 10.7386 10.0718 1.41843 8.65332 1.39035 0.829702 7.26296 4.58259 2.68038
internal_count=384 359 341 42 299 70 58 229 180 49
is_linear=0
shrinkage=0.1


Tree=328
num_leaves=8
num_cat=0
split_feature=6 6 6 5 3 0 5
split_gain=0.108866 0.157234 0.123052 0.214065 0.141707 0.0827502 0.186048
threshold=86.100000000000009 81.65000000000002 76.750000000000014 23.350000000000005 -0.56174490092936669 0.91597561503675362 31.750000000000004
decision_type=2 2 2 2 2 2 2
left_child=1 2 3 -1 -4 6 -5
right_child=-2 -3 4 5 -6 -7 -8
leaf_value=-0.064478554112693917 0.039206539670230953 -0.043218983254615588 0.066096264308956473 0.0091915850644690208 -0.0022827999238419217 -0.01994899250717401 -0.052725227627164632
leaf_weight=0.54886429011821292 0.6315549330320217 0.91445573960663828 0.57291178987361491 6.5832697951263963 0.64346819676575318 1.6972235919674856 0.52391751296818245
leaf_count=4 9 26 16 258 28 31 12
internal_value=-0.00121522 -0.00343817 3.55334e-06 -0.0038875 0.0299236 -0.000110273 0.00462729
internal_weight=12.1157 11.4841 10.5697 9.35328 1.21638 8.80441 7.10719
internal_count=384 375 349 305 44 301 270
is_linear=0
shrinkage=0.1


Tree=329
num_leaves=10
num_cat=0
split_feature=3 9 6 2 6 6 1 6 5
split_gain=0.0599165 0.106891 0.204084 0.106008 0.103123 0.0602621 0.000228565 9.72384e-06 7.04523e-06
threshold=0.81174490092936691 1.0000000180025095e-35 71.600000000000009 1.0000000180025095e-35 80.65000000000002 81.65000000000002 0.37940952255126026 49.800000000000004 23.850000000000005
decision_type=2 2 2 2 2 2 2 2 2
left_child=1 2 6 4 -4 -5 7 -1 -9
right_child=-2 -3 3 5 -6 -7 -8 8 -10
leaf_value=-0.08260468731334987 0.029715931303505274 0.06013983698168756 0.018612027121522625 0.041742403320730481 -0.057602243300198065 -0.00146766722397832 -0.087127748415159773 -0.082258976593138119 -0.080775970054515894
leaf_weight=0.061849503777922421 0.60132713271013916 0.22827199787207053 0.28212745550263241 0.57730949091092021 0.47887874837033451 0.73198844987200573 0.10595304590242449 0.042559934663586318 0.12952146874977188
leaf_count=3 34 33 42 32 17 17 11 3 192
internal_value=0.00122971 -0.00526253 -0.0114569 0.000333499 -0.0293474 0.017585 -0.0832745 -0.0815293 -0.0811428
internal_weight=3.23979 2.63846 2.41019 2.0703 0.761006 1.3093 0.339884 0.233931 0.172081
internal_count=384 350 317 108 59 49 209 198 195
is_linear=0
shrinkage=0.1


Tree=330
num_leaves=9
num_cat=0
split_feature=6 6 5 6 6 6 6 5
split_gain=0.0702646 0.13407 0.223276 0.196466 0.1956 0.219218 0.280631 0.00922645
threshold=82.050000000000026 75.850000000000009 23.350000000000005 71.950000000000017 71.250000000000014 69.450000000000017 67.250000000000014 24.250000000000004
decision_type=2 2 2 2 2 2 2 2
left_child=1 3 -3 4 5 6 -1 -4
right_child=-2 2 7 -5 -6 -7 -8 -9
leaf_value=0.006670783051297452 0.021494999332475558 -0.087036549469961214 0.0037265346071371167 0.043656086156995094 -0.049908719712467749 0.0498304161739236 -0.043117579320439393 -0.015697450917963211
leaf_weight=5.2706247154565045 1.3966781427152462 0.47197232558391888 0.62171342491637893 1.0147833530209016 0.80157741811126459 0.8517824001610278 1.4417701133643275 0.40309938689460978
leaf_count=201 31 9 13 25 13 19 35 38
internal_value=0.000380149 -0.00233106 -0.0301243 0.00210372 -0.00293667 0.00204097 -0.00402337 -0.00391369
internal_weight=12.274 10.8773 1.49679 9.38054 8.36575 7.56418 6.71239 1.02481
internal_count=384 353 60 293 268 255 236 51
is_linear=0
shrinkage=0.1


Tree=331
num_leaves=11
num_cat=0
split_feature=3 3 5 5 5 1 6 1 0 6
split_gain=0.0899819 0.113923 0.549914 0.495436 0.122375 0.0523452 0.0401208 0.0365899 5.28593e-10 2.56951e-10
threshold=0.81174490092936691 -0.22252093395631442 23.750000000000004 23.850000000000005 24.250000000000004 0.78656609248549303 77.750000000000014 0.78656609248549303 0.91597561503675362 75.850000000000009
decision_type=2 2 2 2 2 2 2 2 2 2
left_child=1 3 -3 -1 -4 8 7 9 -6 -5
right_child=-2 2 4 6 5 -7 -8 -9 -10 -11
leaf_value=-0.088649632900895128 -0.069038371475770591 0.071435006739430623 -0.080429419323765641 -0.080028827984786097 -0.080021446310586261 0.080720082871810844 0.0829044976722179 0.080479905165823984 -0.080051446404535598 -0.080051909656250309
leaf_weight=0.48451261610898688 0.17137232206732722 0.89086911742924735 0.43040647327143233 0.02595845635914884 0.018688745383769856 0.078902436303906143 0.29025321273365989 0.025609212694689631 0.008564860254409723 0.0059235629742033771
leaf_count=14 34 18 12 128 114 13 25 5 13 8
internal_value=0.000822421 0.00612059 0.0232654 -0.0232851 -0.0567119 0.0394502 0.0677874 -0.00853331 -0.0800309 -0.0800331
internal_weight=2.43106 2.25969 1.42743 0.832257 0.536563 0.106156 0.347744 0.0574912 0.0272536 0.031882
internal_count=384 350 170 180 152 140 166 141 127 136
is_linear=0
shrinkage=0.1


Tree=332
num_leaves=14
num_cat=0
split_feature=5 8 5 0 5 3 3 2 6 6 1 5 6
split_gain=0.0615504 0.230282 0.0949154 0.520717 0.126472 0.406699 0.122164 0.1166 0.337636 0.108754 0.000461587 4.73489e-05 9.31353e-07
threshold=24.250000000000004 1.0000000180025095e-35 25.950000000000003 1.0000000180025095e-35 25.350000000000005 -1.0000000180025095e-35 -0.56174490092936669 0.6078576107927941 59.250000000000007 66.100000000000009 1.0000000180025095e-35 26.250000000000004 57.850000000000001
decision_type=2 2 2 2 2 2 2 2 2 2 2 2 2
left_child=1 -1 4 10 5 6 -2 8 -5 -10 11 -4 -13
right_child=2 -3 3 7 -6 -7 -8 -9 9 -11 -12 12 -14
leaf_value=0.03122717002357563 -0.091858709332459904 -0.061000157458957996 -0.082803105033593491 -0.018099484296396018 0.051848937575832227 0.056961872490390447 -0.010442667567899093 -0.017112940823168318 0.049124584005928625 0.013478318378229583 -0.086649924860153729 -0.08030997614411868 -0.080730221693684975
leaf_weight=0.46906772776856087 0.34993041816051129 0.64029044732160467 0.14599731634370794 2.1817309050966287 0.83252303379413195 0.71072267866111283 0.38936991122318432 1.7178285764530299 1.8038888332084755 1.628611368127167 0.24118517025635811 0.065307671931805089 0.27395687608805019
leaf_count=30 22 31 7 37 22 19 23 27 29 16 13 36 72
internal_value=0.000380852 -0.0220039 0.00278222 -0.00231659 0.0207835 0.00294745 -0.048979 0.00568475 0.0126603 0.0322116 -0.0830744 -0.0812973 -0.0806493
internal_weight=11.4504 1.10936 10.3411 8.05851 2.28255 1.45002 0.7393 7.33206 5.61423 3.4325 0.726447 0.485262 0.339265
internal_count=384 61 323 237 86 64 45 109 82 45 128 115 108
is_linear=0
shrinkage=0.1


Tree=333
num_leaves=10
num_cat=0
split_feature=5 6 6 6 3 6 6 5 8
split_gain=0.0932425 0.100638 0.168768 0.134582 0.349276 0.0994227 0.238484 0.287464 0.020916
threshold=22.950000000000003 74.850000000000009 71.850000000000009 86.100000000000009 -0.56174490092936669 53.95000000000001 55.850000000000001 30.450000000000003 1.0000000180025095e-35
decision_type=2 2 2 2 2 2 2 2 2
left_child=-1 2 5 4 -3 -2 -7 -8 -6
right_child=1 3 -4 -5 8 6 7 -9 -10
leaf_value=0.023524778367541379 0.023001809106471396 0.021783447578375317 0.04389951821138928 0.021332029750929099 -0.087891470347650269 -0.070458825306473141 -0.015581587423715907 0.035789611108464875 -0.05755220837838694
leaf_weight=1.3553784638643271 1.1455291362362894 0.58911764106596831 0.80895285378210235 0.49055485404096533 0.58463207603199419 0.57453958192490961 4.4319174931733869 1.4442706328845814 0.37170211361080785
leaf_count=10 25 29 21 8 20 18 180 41 32
internal_value=-0.00115117 -0.00435436 0.00047757 -0.0243019 -0.038787 -0.00414659 -0.00896764 -0.00295539 -0.0760994
internal_weight=11.7966 10.4412 8.40521 2.03601 1.54545 7.59626 6.45073 5.87619 0.956334
internal_count=384 374 285 89 81 264 239 221 52
is_linear=0
shrinkage=0.1


Tree=334
num_leaves=11
num_cat=0
split_feature=3 0 9 6 6 5 5 6 6 2
split_gain=0.0528296 0.095471 0.0920947 0.162617 0.143161 0.163262 0.000164197 8.86076e-06 3.13811e-06 7.3841e-06
threshold=0.81174490092936691 -0.91597561503675329 1.0000000180025095e-35 71.600000000000009 81.65000000000002 23.650000000000002 24.050000000000004 49.800000000000004 71.850000000000009 0.87837969732492682
decision_type=2 2 2 2 2 2 2 2 2 2
left_child=1 8 3 6 5 -5 -3 -8 9 -1
right_child=-2 2 -4 4 -6 -7 7 -9 -10 -11
leaf_value=-0.080321039030121888 0.027715637101292434 -0.086766507878111146 0.063978849561920043 0.087005240747148979 -0.020452510660469634 -0.002957242301818817 -0.082382912023759691 -0.080813236141005634 -0.082096036440187189 -0.082267328176989729
leaf_weight=0.043431937338028415 0.5918138098422786 0.089879497885704818 0.20251567507511925 0.34608386422041792 1.0997410844211115 0.48362142048063106 0.056933706277050078 0.097633616198436357 0.07572919884842122 0.035366362973945797
leaf_count=40 34 1 23 8 31 52 3 168 17 7
internal_value=0.00081775 -0.00547184 -0.000519189 -0.0065277 0.00320737 0.0345676 -0.0833678 -0.0813914 -0.0816364 -0.0811946
internal_weight=3.12275 2.53094 2.37641 2.17389 1.92945 0.829705 0.244447 0.154567 0.154527 0.0787983
internal_count=384 350 286 263 91 60 172 171 64 47
is_linear=0
shrinkage=0.1


Tree=335
num_leaves=18
num_cat=0
split_feature=5 6 3 5 6 6 6 2 0 5 6 5 0 8 5 0 0
split_gain=0.0645926 0.270591 0.226951 0.163599 0.124673 0.0606148 0.150472 0.151464 0.134464 0.161232 0.130576 0.089156 0.000470062 0.000444465 3.00555e-05 2.36415e-06 2.72863e-08
threshold=28.050000000000004 62.550000000000004 1.0000000180025095e-35 28.550000000000004 58.050000000000004 62.150000000000013 65.700000000000003 0.6078576107927941 -0.60355339059327362 24.450000000000003 66.450000000000017 24.050000000000004 0.91597561503675362 1.0000000180025095e-35 28.550000000000004 -0.91597561503675329 0.12940952255126059
decision_type=2 2 2 2 2 2 2 2 2 2 2 2 2 2 2 2 2
left_child=5 2 3 -2 -5 -1 -7 8 9 -8 -10 -9 15 -3 -15 -4 -17
right_child=1 13 12 4 -6 6 7 11 10 -11 -12 -13 -14 14 -16 16 -18
leaf_value=-0.022403788607766196 0.064628905117501662 -0.089518847844059946 -0.081370345400242503 -0.087316144243845581 0.040181798008249142 0.033216545102664634 0.006634587765190901 -0.042308295897649367 0.02045594114685241 0.052005653578212678 -0.039215536515507077 -0.0047921709925499208 -0.090989941595199769 -0.081853333002901651 -0.084012364619351437 -0.08009618443774881 -0.080271057263343978
leaf_weight=0.84794222004711528 0.5345187438651926 0.17400066647678614 0.028147678007371724 0.16187018273922149 0.14575361498282291 1.627134361420757 2.7920165315736054 1.0535207046195867 0.60670637339353717 1.0886258282698689 0.92707117914687842 1.5886865906650198 0.13274210691452026 0.12344359204871569 0.13498005248402478 0.023807267643860541 0.014271729334723204
leaf_count=8 12 3 3 34 28 19 31 16 3 47 44 33 1 11 36 38 17
internal_value=0.000490197 -0.0191197 0.00849771 0.031192 -0.026907 0.0032339 0.00547882 -0.000123152 0.00945507 0.0193624 -0.0156117 -0.0197509 -0.0875568 -0.0856118 -0.082981 -0.0806754 -0.0801617
internal_weight=12.0052 1.47354 1.04111 0.842143 0.307624 10.5317 9.68376 8.05663 5.41442 3.88064 1.53378 2.64221 0.198969 0.432424 0.258424 0.0662267 0.038079
internal_count=384 183 133 74 62 201 193 174 125 78 47 49 59 50 47 58 55
is_linear=0
shrinkage=0.1


Tree=336
num_leaves=10
num_cat=0
split_feature=5 3 3 5 6 6 5 1 1
split_gain=0.0860604 0.0898392 0.134055 0.395237 0.237982 0.228891 0.11494 0.0977854 0.0350385
threshold=22.450000000000006 0.81174490092936691 -1.0000000180025095e-35 23.750000000000004 83.90000000000002 80.65000000000002 23.950000000000003 0.9159756150367534 0.78656609248549303
decision_type=2 2 2 2 2 2 2 2 2
left_child=-1 2 4 -4 5 7 -5 -2 -8
right_child=1 -3 3 6 -6 -7 8 -9 -10
leaf_value=-0.087950001412897133 -0.061986261977496404 -0.06670093435011136 0.090698162687975314 -0.08900287282423712 -0.061739317703096742 0.086043913726603138 -0.080026539704570854 0.081758698844835664 0.081182948154324863
leaf_weight=0.10506147774867747 0.24272308938452691 0.16300732774470805 0.55431838496588159 0.22058493242366239 0.5223346751590725 0.3361399193527177 0.016892172814550577 0.058786674286238849 0.066790584241971374
leaf_count=3 193 34 11 5 13 16 92 9 8
internal_value=0.000452863 0.00471021 0.0104769 0.0404309 -0.0116941 0.0293008 -0.0511466 -0.0339597 0.0486413
internal_weight=2.28664 2.18158 2.01857 0.858586 1.15998 0.63765 0.304268 0.30151 0.0836828
internal_count=384 381 347 116 231 218 105 202 100
is_linear=0
shrinkage=0.1


Tree=337
num_leaves=12
num_cat=0
split_feature=9 2 6 6 5 2 6 6 5 6 6
split_gain=0.0567495 0.0809942 0.154724 0.351035 0.168086 0.395407 0.153572 0.0866264 0.269933 0.196144 0.150523
threshold=1.0000000180025095e-35 -0.60785761079279388 55.350000000000001 58.050000000000004 26.750000000000004 0.6078576107927941 66.65000000000002 62.900000000000006 30.550000000000004 68.350000000000009 77.850000000000009
decision_type=2 2 2 2 2 2 2 2 2 2 2
left_child=1 7 -3 -4 6 -6 -5 8 -1 -9 -11
right_child=-2 2 3 4 5 -7 -8 9 -10 10 -12
leaf_value=-0.052787212474054351 -0.026837968799756296 -0.054370272046627866 0.067371307022196597 0.036373768255811671 0.00033594627718095532 -0.089204554406542069 -0.0084051895192209982 0.059421608480490745 0.029303417490992897 -0.052863587411004997 0.037273527699138102
leaf_weight=0.63681569906475433 0.71599095901183396 0.55930191811057639 0.69905942730838422 1.1273701734608041 1.4988888239313385 0.73502529839242914 2.3886061673547374 0.99925005994737126 1.079693061270518 0.37615558586549014 0.36507217580219731
leaf_count=35 40 18 18 15 38 31 101 20 20 28 20
internal_value=0.00039888 0.00226232 -0.00391637 0.000459378 -0.00767563 -0.0291256 0.00595283 0.0147882 -0.00115177 0.0305087 -0.00846893
internal_weight=11.1812 10.4652 7.00825 6.44895 5.74989 2.23391 3.51598 3.45699 1.71651 1.74048 0.741228
internal_count=384 344 221 203 185 69 116 123 55 68 48
is_linear=0
shrinkage=0.1


Tree=338
num_leaves=9
num_cat=0
split_feature=6 6 6 6 3 6 5 5
split_gain=0.0851947 0.131072 0.110872 0.120925 0.107633 0.0883542 0.25735 0.234988
threshold=86.100000000000009 81.65000000000002 76.750000000000014 73.15000000000002 -0.56174490092936669 67.250000000000014 28.050000000000004 23.750000000000004
decision_type=2 2 2 2 2 2 2 2
left_child=1 2 3 5 -4 6 -1 -7
right_child=-2 -3 4 -5 -6 7 -8 -9
leaf_value=-0.053276622988220473 0.035206176175149942 -0.041366397473138083 0.061868270386120076 -0.036612131884046599 0.00019469634375320283 0.064271298115684827 0.0033809997453918095 -0.0069644511367035564
leaf_weight=0.95520196208962627 0.61331386445090252 0.82714832792407911 0.538978336378932 0.99213285872247059 0.59576147000189006 0.72072453424334559 4.9883969563961728 1.2953457002295179
leaf_count=41 9 26 16 28 28 6 160 70
internal_value=-0.00105923 -0.00309723 4.10363e-05 -0.00369174 0.0294884 0.000411621 -0.00572451 0.0185016
internal_weight=11.527 10.9137 10.0865 8.9518 1.13474 7.95967 5.9436 2.01607
internal_count=384 375 349 305 44 277 201 76
is_linear=0
shrinkage=0.1


Tree=339
num_leaves=11
num_cat=0
split_feature=8 6 5 2 6 6 6 2 5 3
split_gain=0.0488431 0.189309 0.189011 0.165159 0.109406 0.159706 0.132805 0.0969736 0.190794 3.31223e-05
threshold=1.0000000180025095e-35 85.15000000000002 23.750000000000004 0.87837969732492682 80.300000000000026 71.750000000000014 65.700000000000003 0.87837969732492682 23.850000000000005 0.81174490092936691
decision_type=2 2 2 2 2 2 2 2 2 2
left_child=2 3 -1 4 5 6 -2 8 -4 -7
right_child=1 -3 7 -5 -6 9 -8 -9 -10 -11
leaf_value=-0.048886172538453371 -0.007299937652511768 -0.084777958075283391 0.075709878277256115 -0.083030274236665577 0.073906531090544542 -0.081790104499025809 0.068814635721162004 0.092868830790153553 -0.084416723522000373 -0.084809588013605261
leaf_weight=0.69392459280788898 0.47490812313026232 0.18696787435328599 0.15466756327077746 0.13841442989996711 0.42722944679553609 0.077336308298981749 0.44312746952709858 0.17256386000372004 0.14340245218772907 0.068514051439706236
leaf_count=17 152 9 3 39 14 40 51 10 44 5
internal_value=0.000278207 0.0105272 -0.0157083 0.0214622 0.0311618 0.0139967 0.0294399 0.0332107 -0.00132755 -0.0832085
internal_weight=2.98106 1.8165 1.16456 1.62953 1.49112 1.06389 0.918036 0.470634 0.29807 0.14585
internal_count=384 310 74 301 262 248 203 57 47 45
is_linear=0
shrinkage=0.1


Tree=340
num_leaves=9
num_cat=0
split_feature=6 6 6 3 1 6 6 3
split_gain=0.0703508 0.115901 0.179078 0.174908 0.320401 0.273611 0.139176 0.0136214
threshold=82.050000000000026 75.850000000000009 71.950000000000017 0.81174490092936691 0.37940952255126026 67.250000000000014 79.600000000000009 1.0000000180025095e-35
decision_type=2 2 2 2 2 2 2 2
left_child=1 2 3 4 5 -1 7 -3
right_child=-2 6 -4 -5 -6 -7 -8 -9
leaf_value=0.0099425336058062402 0.021984550109640021 -0.019036315470491651 0.041897360388252938 -0.055495481390060358 0.070020414102400813 -0.03175558048802523 -0.073370896358252016 0.0050887976689426235
leaf_weight=4.3028152487458993 1.3301224112510688 0.46094942829222307 0.98835882591083635 0.59267501631984476 0.61592432245379303 2.4809586400151602 0.4722588753211312 0.47542044357396662
leaf_count=182 31 25 25 22 21 43 18 17
internal_value=0.000331017 -0.00244123 0.00174181 -0.00322394 0.000962726 -0.00530728 -0.0291102 -0.00678734
internal_weight=11.7195 10.3894 8.98073 7.99237 7.3997 6.78377 1.40863 0.93637
internal_count=384 353 293 268 246 225 60 42
is_linear=0
shrinkage=0.1


Tree=341
num_leaves=9
num_cat=0
split_feature=5 1 2 6 0 3 6 1
split_gain=0.0815915 0.124433 0.104184 1.38539e-09 2.52155e-10 1.70948e-10 1.39889e-10 6.52393e-11
threshold=24.050000000000004 0.78656609248549303 0.6078576107927941 79.250000000000014 0.91597561503675362 -0.56174490092936669 75.850000000000009 -0.98296291314453399
decision_type=2 2 2 2 2 2 2 2
left_child=2 3 -1 4 5 6 -2 -7
right_child=1 -3 -4 -5 -6 7 -8 -9
leaf_value=-0.030879858399489309 -0.080025165132099785 0.080761304415737034 0.017179749596385453 -0.080073719808126317 -0.080038999120959256 -0.08002597398339753 -0.080046836544712952 -0.080014709456831631
leaf_weight=0.94288559556298446 0.010805992262248876 0.23948115238454193 0.86475876253098249 0.0069772509305039412 0.012132514879340306 0.0070241692592390983 0.0041120084933936605 0.019181649819074331
leaf_count=35 62 37 17 10 31 21 6 165
internal_value=0.000123554 0.0484468 -0.00788863 -0.0800318 -0.0800263 -0.0800226 -0.0800311 -0.0800177
internal_weight=2.10736 0.299715 1.80764 0.0602336 0.0532563 0.0411238 0.014918 0.0262058
internal_count=384 332 52 295 285 254 68 186
is_linear=0
shrinkage=0.1


Tree=342
num_leaves=16
num_cat=0
split_feature=5 5 5 0 6 6 6 6 6 6 5 1 6 5 0
split_gain=0.0568286 0.198045 0.0876702 0.471862 0.114888 0.169449 0.296941 0.212931 0.0924888 0.0936825 0.32542 0.00030747 0.000174108 3.61688e-05 6.93847e-07
threshold=24.250000000000004 23.350000000000005 25.950000000000003 -1.0000000180025095e-35 66.65000000000002 71.250000000000014 71.600000000000009 77.850000000000009 66.450000000000017 59.550000000000004 30.850000000000005 1.0000000180025095e-35 67.700000000000003 26.250000000000004 -0.91597561503675329
decision_type=2 2 2 2 2 2 2 2 2 2 2 2 2 2 2
left_child=1 -1 4 11 -2 -6 -7 -8 9 10 -5 13 -3 -4 -15
right_child=2 12 3 8 5 6 7 -9 -10 -11 -12 -13 -14 14 -16
leaf_value=0.0092028910012146147 0.051765419620241726 -0.085907323300953464 -0.082562372926700989 -0.016893065280607893 -0.030461676122310599 0.1158803205218336 -0.082465146099503034 0.061055263079779279 0.025080254375944556 -0.016638591655021833 0.049804771505705822 -0.085783791968521025 -0.081393116512985031 -0.080738775414716954 -0.080440839888293675
leaf_weight=0.69648570287972755 0.77166915847919737 0.15522920445073396 0.1334341456531537 1.7904990016832028 0.71560849832894724 0.29177531227469444 0.22233791347389342 0.1932019935848075 1.8134999963804146 2.2344063158307108 1.2368107136862816 0.21533812890629633 0.19003644022450317 0.163541889603947 0.14973191043100209
leaf_count=17 7 5 7 32 16 2 33 28 20 37 20 13 39 27 81
internal_value=0.000724061 -0.0214958 0.0030547 -0.00194903 0.0206959 0.00384648 0.0385569 -0.0157365 0.00560516 -0.00110711 0.0103564 -0.0826799 -0.0834227 -0.0811836 -0.0805964
internal_weight=10.9736 1.04175 9.93185 7.73726 2.19459 1.42292 0.707315 0.41554 7.07522 5.26172 3.02731 0.662046 0.345266 0.446708 0.313274
internal_count=384 61 323 237 86 79 63 61 109 89 52 128 44 115 108
is_linear=0
shrinkage=0.1


Tree=343
num_leaves=9
num_cat=0
split_feature=6 6 5 5 3 5 8 0
split_gain=0.139539 0.121025 0.197998 0.175437 0.364991 0.182625 0.180736 0.127372
threshold=50.500000000000007 55.850000000000001 30.450000000000003 23.850000000000005 -0.22252093395631442 27.800000000000001 1.0000000180025095e-35 -0.78656609248549303
decision_type=2 2 2 2 2 2 2 2
left_child=-1 -2 3 6 7 -6 -3 -5
right_child=1 2 -4 4 5 -7 -8 -9
leaf_value=0.05674117450837203 -0.032580942199361938 0.027772385129392632 0.035156943470359192 -0.010105153452141304 -0.046954526823740537 0.024821292266527462 -0.013267439547636668 -0.069243286248048125
leaf_weight=0.40167485829442817 1.2473723023140326 2.2767300829291344 1.4086922748974746 0.50031992071308184 0.45913163986552152 1.5553906408895271 2.0297724753618223 1.3386259105609468
leaf_count=7 36 20 42 54 74 56 23 72
internal_value=-0.00113406 -0.00328337 0.000535862 -0.00544093 -0.0209417 0.0084628 0.00842919 -0.0531536
internal_weight=11.2177 10.816 9.56866 8.15997 3.85347 2.01452 4.3065 1.83895
internal_count=384 377 341 299 256 130 43 126
is_linear=0
shrinkage=0.1


Tree=344
num_leaves=12
num_cat=0
split_feature=8 6 5 2 6 5 2 5 2 6 5
split_gain=0.0436811 0.165093 0.155511 0.148903 0.0940202 0.163168 0.0837922 0.158168 0.0437738 0.0764417 0.000100233
threshold=1.0000000180025095e-35 85.15000000000002 23.750000000000004 0.87837969732492682 65.700000000000003 31.850000000000005 0.87837969732492682 23.850000000000005 0.6078576107927941 66.100000000000009 23.950000000000003
decision_type=2 2 2 2 2 2 2 2 2 2 2
left_child=2 3 -1 4 5 10 7 -4 9 -6 -2
right_child=1 -3 6 -5 8 -7 -8 -9 -10 -11 -12
leaf_value=-0.046010868340119707 -0.086055644286074151 -0.083988134380283172 0.070882962662045246 -0.082924663005191482 0.094444085931296107 0.038172654241352022 0.090103942957164285 -0.083724881399899212 0.083300047324152166 0.016601166947878023 -0.081262771958620444
leaf_weight=0.65618511498905718 0.081771455705165641 0.16835583318606961 0.13977694092318416 0.1283570234390935 0.16448811365989968 0.29681946989148855 0.15566359676995489 0.12565115093275381 0.25194030581042171 0.54126607932812476 0.093554455600497022
leaf_count=17 1 9 3 39 2 7 10 44 15 93 144
internal_value=0.000226937 0.0100862 -0.0155745 0.0202505 0.0295125 -0.00700844 0.0318543 -0.00230693 0.0475175 0.0347438 -0.0834982
internal_weight=2.80383 1.72655 1.07728 1.5582 1.42984 0.472145 0.421092 0.265428 0.957694 0.705754 0.175326
internal_count=384 310 74 301 262 152 57 47 110 95 145
is_linear=0
shrinkage=0.1


Tree=345
num_leaves=16
num_cat=0
split_feature=5 6 1 6 6 2 0 6 6 5 8 5 5 1 5
split_gain=0.0680214 0.234055 0.189373 0.066209 0.117905 0.134429 0.114764 0.15419 0.0967928 0.0947623 0.000336 2.33784e-05 2.87233e-06 1.09576e-07 4.99694e-09
threshold=28.050000000000004 62.550000000000004 -0.37940952255126015 62.150000000000013 65.700000000000003 0.6078576107927941 -0.60355339059327362 69.450000000000017 66.450000000000017 24.050000000000004 1.0000000180025095e-35 28.550000000000004 28.550000000000004 -0.98296291314453399 31.650000000000002
decision_type=2 2 2 2 2 2 2 2 2 2 2 2 2 2 2
left_child=3 2 12 -1 -5 6 7 -6 -8 -7 -3 -12 -2 -14 -15
right_child=1 10 -4 4 5 9 8 -9 -10 -11 11 -13 13 14 -16
leaf_value=-0.024282667409264255 -0.080945195227780209 -0.088705562356704126 0.0282686974778537 0.0304799859399589 -0.018287221826545783 -0.042284152857782226 0.017079554784089554 0.030328057897597651 -0.034565193739457538 -0.0028756930662152545 -0.081768770062931637 -0.083738986119609074 -0.080273627962368546 -0.080043068355698174 -0.080125449771302357
leaf_weight=0.82042938005179067 0.098711179278325289 0.15912312688305974 0.7712581425439573 1.5548040467547233 0.84849400585517054 1.010724841617048 0.60924158990383392 2.822828549426049 0.89752800069982186 1.5396999948425216 0.11672301165526733 0.12442914388520876 0.062331617635209113 0.031015129941806663 0.0096548717410769314
leaf_count=8 11 3 11 19 18 16 3 60 44 33 11 36 23 77 11
internal_value=0.00010918 -0.020773 0.00570678 0.00294737 0.00535387 0.000299062 0.009555 0.0190924 -0.0136833 -0.0184931 -0.0851388 -0.0827854 -0.0805597 -0.0801903 -0.0800626
internal_weight=11.477 1.37325 0.972971 10.1038 9.28332 7.72852 5.17809 3.67132 1.50677 2.55042 0.400275 0.241152 0.201713 0.103002 0.04067
internal_count=384 183 133 201 193 174 125 78 47 49 50 47 122 111 88
is_linear=0
shrinkage=0.1


Tree=346
num_leaves=11
num_cat=0
split_feature=5 3 5 5 5 1 6 1 0 6
split_gain=0.0739475 0.0893742 0.397845 0.345182 0.114113 0.0488474 0.0290729 0.0297457 2.9281e-10 1.27352e-10
threshold=22.450000000000006 -0.22252093395631442 23.850000000000005 23.750000000000004 24.250000000000004 0.78656609248549303 77.750000000000014 0.78656609248549303 0.91597561503675362 75.850000000000009
decision_type=2 2 2 2 2 2 2 2 2 2
left_child=-1 2 -2 -3 -5 8 7 9 -6 -4
right_child=1 3 6 4 5 -7 -8 -9 -10 -11
leaf_value=-0.086868274225533573 -0.087369639645001801 0.060429210338337175 -0.080022769824281387 -0.076758957003277117 -0.080016063986231747 0.080542790125807867 0.08045415347638521 0.080439242836890204 -0.080039687467625464 -0.080041046732606883
leaf_weight=0.093057915306417605 0.41027632552140869 0.78830480680335269 0.020343573110949364 0.34738489463052247 0.017326533215054951 0.079732944606803358 0.2389030954655027 0.021449827123433352 0.0075258185315760775 0.0046916414867155245
leaf_count=3 14 22 128 12 136 16 25 5 15 8
internal_value=0.000206057 0.0043916 -0.0242977 0.0204833 -0.0491885 0.0423879 0.0663752 -0.00598182 -0.0800232 -0.0800262
internal_weight=2.029 1.93594 0.695664 1.24027 0.45197 0.104585 0.285388 0.046485 0.0248524 0.0250352
internal_count=384 381 180 201 179 167 166 141 151 136
is_linear=0
shrinkage=0.1


Tree=347
num_leaves=8
num_cat=0
split_feature=5 5 6 6 6 2 5
split_gain=0.0598146 0.170448 0.228289 0.148684 0.265035 0.14491 0.000571984
threshold=31.350000000000005 30.850000000000005 57.550000000000004 58.050000000000004 60.750000000000007 0.6078576107927941 29.950000000000003
decision_type=2 2 2 2 2 2 2
left_child=1 2 6 -4 -5 -6 -1
right_child=-2 -3 3 4 5 -7 -8
leaf_value=-0.042468573651167241 -0.026104538520157868 0.045204947394455429 0.053791009677962243 -0.088593092188512912 0.012868668207859715 -0.019828137404125572 -0.047082424818047502
leaf_weight=0.53900514439010005 0.7875937429780614 0.85526493888755872 0.5645081619732063 0.3191599333367775 5.3259485059243161 1.8181918003356257 0.53577800157654565
leaf_count=21 30 13 5 28 193 70 24
internal_value=0.000424601 0.00252286 -0.00148748 0.0043071 0.000564247 0.00454729 -0.0447686
internal_weight=10.7455 9.95786 9.10259 8.02781 7.4633 7.14414 1.07478
internal_count=384 354 341 296 291 263 45
is_linear=0
shrinkage=0.1


Tree=348
num_leaves=12
num_cat=0
split_feature=5 6 6 6 3 5 3 0 8 1 8
split_gain=0.0755464 0.0962383 0.150722 0.126686 0.26502 0.0813222 0.271338 0.185839 0.151228 0.316769 0.020421
threshold=22.950000000000003 74.850000000000009 71.850000000000009 86.100000000000009 -0.56174490092936669 27.800000000000001 0.81174490092936691 -0.91597561503675329 1.0000000180025095e-35 -0.98296291314453399 1.0000000180025095e-35
decision_type=2 2 2 2 2 2 2 2 2 2 2
left_child=-1 2 5 4 -3 6 7 -2 -7 -10 -6
right_child=1 3 -4 -5 10 8 -8 -9 9 -11 -12
leaf_value=0.022553222548381671 -0.0023863410748888223 0.015432513283638122 0.043090421903883486 0.02054764293338128 -0.086842055718834632 -0.040320330989917538 0.043191408488213762 -0.088452715315656516 -0.010429349348305245 0.042657284631344314 -0.054904558931142405
leaf_weight=1.2333641201257712 0.43326380680082355 0.5364521478768437 0.77123238018248219 0.47092943429015566 0.51669894534279581 0.73609212134033342 0.41952763748122368 0.59599454345879888 3.1901989020407182 1.7354827723029327 0.32684871503442992
leaf_count=10 35 29 21 8 20 8 10 38 26 147 32
internal_value=-0.000762695 -0.00371737 0.00110143 -0.0242372 -0.0395202 -0.00345282 -0.0245939 -0.0522233 0.00195695 0.00827485 -0.0744673
internal_weight=10.9661 9.73272 7.88179 1.85093 1.38 7.11056 1.44879 1.02926 5.66177 4.92568 0.843548
internal_count=384 374 285 89 81 264 83 73 181 173 52
is_linear=0
shrinkage=0.1


Tree=349
num_leaves=11
num_cat=0
split_feature=6 5 8 2 5 5 3 6 5 5
split_gain=0.0473046 0.0948841 0.0606435 0.0559579 0.0446625 1.72637e-05 3.65883e-07 2.49671e-07 2.40913e-08 2.90446e-10
threshold=51.45000000000001 24.050000000000004 1.0000000180025095e-35 -0.8783796973249266 31.850000000000005 31.850000000000005 0.81174490092936691 84.500000000000014 25.850000000000005 30.250000000000004
decision_type=2 2 2 2 2 2 2 2 2 2
left_child=-1 2 -2 4 8 6 7 -5 -3 -10
right_child=1 3 -4 5 -6 -7 -8 -9 9 -11
leaf_value=0.044740634689328304 -0.013652155041854462 -0.080243256561963183 0.0198755204587313 -0.080087019498307391 0.083032697072774983 -0.082056883539786005 -0.080616709762890176 -0.080421969844913871 -0.080038850181132618 -0.080066305536451554
leaf_weight=0.22444710152922231 1.0229566759662703 0.011694088778313683 1.1414618518901993 0.068452975644958447 0.043987654149532318 0.096113999141380191 0.02594956486063893 0.0329735919367522 0.0075099162713740961 0.0079130438389256597
leaf_count=10 26 14 26 228 1 5 23 6 27 18
internal_value=0.000793788 -0.00321747 0.00402953 -0.0564619 0.0208058 -0.0810451 -0.0802816 -0.0801959 -0.080135 -0.0800529
internal_weight=2.68346 2.45901 2.16442 0.294595 0.0711047 0.22349 0.127376 0.101427 0.027117 0.015423
internal_count=384 374 52 322 60 262 257 234 59 45
is_linear=0
shrinkage=0.1


Tree=350
num_leaves=9
num_cat=0
split_feature=6 6 6 6 6 6 6 3
split_gain=0.0653322 0.11221 0.170105 0.137535 0.20261 0.249016 0.120434 0.0115776
threshold=82.050000000000026 75.850000000000009 71.950000000000017 71.250000000000014 69.450000000000017 68.050000000000011 79.600000000000009 1.0000000180025095e-35
decision_type=2 2 2 2 2 2 2 2
left_child=1 2 3 4 5 -1 7 -3
right_child=-2 6 -4 -5 -6 -7 -8 -9
leaf_value=0.003043993247616669 0.021746540091933567 -0.019745200309416171 0.041836238081009877 -0.044309791403154601 0.049195458119101004 -0.056136761003723681 -0.071813665121463394 0.0029689778341686472
leaf_weight=5.3720807871504785 1.272931374958717 0.43948449948220403 0.94803820789093141 0.7313297118525951 0.78317415440687899 0.81944808336993435 0.44403257209341973 0.45851881534326822
leaf_count=212 31 25 25 13 19 24 18 17
internal_value=0.000409545 -0.00230757 0.00186471 -0.00305281 0.00127318 -0.00478857 -0.0292123 -0.00814738
internal_weight=11.269 9.99611 8.65407 7.70603 6.9747 6.19153 1.34204 0.898003
internal_count=384 353 293 268 255 236 60 42
is_linear=0
shrinkage=0.1


Tree=351
num_leaves=11
num_cat=0
split_feature=3 3 5 5 5 1 6 1 0 6
split_gain=0.0671101 0.0869162 0.361178 0.357297 0.0809403 0.037425 0.0256747 0.0270048 2.3357e-10 8.63894e-11
threshold=0.81174490092936691 -0.22252093395631442 23.750000000000004 23.850000000000005 24.250000000000004 0.78656609248549303 77.750000000000014 0.78656609248549303 0.91597561503675362 75.850000000000009
decision_type=2 2 2 2 2 2 2 2 2 2
left_child=1 3 -3 -1 -4 8 7 9 -6 -5
right_child=-2 2 4 6 5 -7 -8 -9 -10 -11
leaf_value=-0.086709526435938433 -0.066676410197771721 0.064310500260943301 -0.075078143751129298 -0.080020882630861045 -0.080015427296835417 0.080527628586292838 0.079291202120168033 0.080397635466868442 -0.080038797248156213 -0.080036764715029018
leaf_weight=0.37789744790643442 0.14162607340585975 0.71701297946856335 0.33052860134921502 0.018507132801460102 0.013208972864049429 0.056560783763416111 0.21839118465140928 0.019506867858581245 0.00632420832698699 0.0042026051087304941
leaf_count=14 34 18 12 128 114 13 25 5 13 8
internal_value=-0.000449293 0.00487349 0.0216152 -0.0245884 -0.0536711 0.0393146 0.0654911 -0.00589848 -0.080023 -0.0800238
internal_weight=1.90377 1.76214 1.12364 0.638505 0.406623 0.076094 0.260608 0.0422166 0.0195332 0.0227097
internal_count=384 350 170 180 152 140 166 141 127 136
is_linear=0
shrinkage=0.1


Tree=352
num_leaves=11
num_cat=0
split_feature=5 5 6 5 6 5 6 6 6 5
split_gain=0.0535544 0.140066 0.199507 0.123991 0.144304 0.256617 0.11527 0.273138 0.0705756 0.000691297
threshold=31.350000000000005 30.850000000000005 57.550000000000004 28.550000000000004 66.100000000000009 26.850000000000005 66.65000000000002 58.050000000000004 63.900000000000006 29.950000000000003
decision_type=2 2 2 2 2 2 2 2 2 2
left_child=1 2 9 4 8 -6 7 -5 -4 -1
right_child=-2 -3 3 6 5 -7 -8 -9 -10 -11
leaf_value=-0.03969016214974419 -0.02495534464856887 0.041216529831427512 0.0026790227012953548 0.10311362763311396 -0.00054717036105094818 -0.063157576592057368 0.070910588602611152 -0.026987173672332578 0.037098327731763435 -0.044821164717134071
leaf_weight=0.52541867528270436 0.77372035562439201 0.84811923204688433 1.3223118152091049 0.22362515213899292 3.4397086378230597 0.80849006100470422 0.48651744812377729 0.57965291978325695 1.084176512667909 0.52489837482426083
leaf_count=21 30 13 28 2 160 20 13 56 17 24
internal_value=0.000376924 0.00236821 -0.00129479 0.00412036 -0.00137959 -0.0124628 0.0324973 0.00923168 0.0181857 -0.0422544
internal_weight=10.6166 9.84292 8.9948 7.94448 6.65469 4.2482 1.2898 0.803278 2.40649 1.05032
internal_count=384 354 341 296 225 180 71 58 45 45
is_linear=0
shrinkage=0.1


Tree=353
num_leaves=14
num_cat=0
split_feature=6 2 6 6 5 3 5 6 6 5 6 5 5
split_gain=0.0680923 0.135234 0.349846 0.285103 0.252673 0.293842 0.378257 0.214353 0.160829 0.123509 0.0997154 0.156835 0.000249205
threshold=84.500000000000014 -1.0000000180025095e-35 74.850000000000009 67.250000000000014 22.950000000000003 -0.56174490092936669 28.050000000000004 54.750000000000007 68.450000000000017 24.650000000000002 63.550000000000004 30.350000000000005 23.750000000000004
decision_type=2 2 2 2 2 2 2 2 2 2 2 2 2
left_child=1 4 3 10 -1 9 12 -8 -5 -6 11 -3 -7
right_child=-2 2 -4 8 5 6 7 -9 -10 -11 -12 -13 -14
leaf_value=0.087555197026573162 0.025182874478139435 0.023814903230357509 -0.062957483070027576 0.083189029160231992 0.086607155329452026 -0.087364029407112687 -0.038153060762864843 0.023466755674840307 0.010338295072984177 0.019455504252463281 -0.047275956513315419 -0.035752135883748107 -0.083177222595877995
leaf_weight=0.37670821696519752 0.92333946854341853 0.89449090379639506 1.1533315698616204 0.49335675709880866 0.44382708333432519 0.35618943348527121 0.84520642308052663 1.6999891058658247 0.7855547740473412 0.71535876345296856 0.85131403828563623 0.87379050652089063 0.2365952624604688
leaf_count=4 17 41 39 10 9 7 15 68 38 39 25 28 44
internal_value=-0.000769282 -0.00323313 -0.0145753 -0.000261942 0.00902625 0.00214206 -0.0137513 0.0030041 0.0384414 0.0451664 -0.0191573 -0.00561996 -0.085693
internal_weight=10.6491 9.72571 5.05184 3.89851 4.67387 4.29717 3.13798 2.5452 1.27891 1.15919 2.6196 1.76828 0.592785
internal_count=384 367 181 142 186 182 134 83 48 48 94 69 51
is_linear=0
shrinkage=0.1


Tree=354
num_leaves=11
num_cat=0
split_feature=6 5 8 2 5 5 5 3 5 5
split_gain=0.0413875 0.0805454 0.0551139 0.0542178 0.0414845 1.48565e-05 2.25123e-06 2.75268e-07 1.984e-08 2.19268e-10
threshold=51.45000000000001 24.050000000000004 1.0000000180025095e-35 -0.8783796973249266 31.850000000000005 32.45000000000001 31.850000000000005 0.81174490092936691 25.850000000000005 30.250000000000004
decision_type=2 2 2 2 2 2 2 2 2 2
left_child=-1 2 -2 4 8 6 7 -5 -3 -10
right_child=1 3 -4 5 -6 -7 -8 -9 9 -11
leaf_value=0.041682267671176776 -0.01435407306825074 -0.080229737401798645 0.018073660612016249 -0.080167100606180167 0.082908691191788272 -0.082378262957381362 -0.08118181942672284 -0.080552433869580387 -0.080036139002284248 -0.080061169671583193
leaf_weight=0.21978108491748605 0.9843839840614238 0.010718552937760917 1.1209400231018667 0.090202617075191616 0.042315337806940079 0.055550358491018414 0.033256716094911098 0.023334676603553817 0.0068214328057365492 0.0071869022940518335
leaf_count=10 26 14 26 234 1 3 2 23 27 18
internal_value=0.000165976 -0.00367639 0.00291146 -0.0551621 0.0227768 -0.0809854 -0.0804582 -0.0802463 -0.0801273 -0.080049
internal_weight=2.59449 2.37471 2.10532 0.269387 0.0670422 0.202344 0.146794 0.113537 0.0247269 0.0140083
internal_count=384 374 52 322 60 262 259 257 59 45
is_linear=0
shrinkage=0.1


Tree=355
num_leaves=8
num_cat=0
split_feature=6 0 6 6 0 5 3
split_gain=0.0594424 0.19428 0.0755757 0.153357 0.124935 0.330525 0.0813176
threshold=81.65000000000002 -0.98296291314453399 75.850000000000009 71.950000000000017 -0.91597561503675329 26.150000000000002 -0.56174490092936669
decision_type=2 2 2 2 2 2 2
left_child=1 -1 3 4 -3 -6 -4
right_child=-2 2 6 -5 5 -7 -8
leaf_value=0.060181052453250609 0.020988351249630516 -0.025607057710027803 -0.060331779225838184 0.03707969373465296 0.052262549030404108 -0.011204222198128664 -0.0083073998770719498
leaf_weight=0.47712355433031817 1.2632119561894803 2.3247171054827014 0.48023654264397919 0.9072104821098036 1.0490952067193591 3.7668161430956388 0.80254015640821197
leaf_count=27 35 32 20 22 25 187 36
internal_value=0.000570868 -0.00205885 -0.00524151 -0.00164838 -0.00656875 0.00262134 -0.0277839
internal_weight=11.071 9.80774 9.33062 8.04784 7.14063 4.81591 1.28278
internal_count=384 349 322 266 244 212 56
is_linear=0
shrinkage=0.1


Tree=356
num_leaves=11
num_cat=0
split_feature=5 3 5 5 5 1 1 6 0 1
split_gain=0.0632905 0.0705542 0.324703 0.276236 0.0922012 0.0683629 0.0413505 3.11896e-09 1.87505e-10 7.12768e-11
threshold=22.450000000000006 -0.22252093395631442 23.850000000000005 23.750000000000004 24.250000000000004 0.78656609248549303 0.78656609248549303 79.250000000000014 0.91597561503675362 0.60355339059327384
decision_type=2 2 2 2 2 2 2 2 2 2
left_child=-1 2 -2 -3 -5 7 8 9 -6 -4
right_child=1 3 5 4 6 -7 -8 -9 -10 -11
leaf_value=-0.086019668798710702 -0.086097416698323964 0.055754616495616874 -0.080019745836583833 -0.073144834424139396 -0.080013935622748528 0.083929064216849494 0.08044579152899084 -0.080096845784356482 -0.080034432668121575 -0.080036088128677657
leaf_weight=0.08317385450936865 0.35050969161238743 0.70920793458935782 0.018151331078115618 0.31552294294669991 0.014648813752501155 0.21363741409732029 0.067548336228355765 0.0075813294097315511 0.0064185793671640559 0.0031288844911614424
leaf_count=3 14 22 130 12 136 22 16 7 15 7
internal_value=-0.000838993 0.00331302 -0.0245489 0.0181533 -0.0478319 0.0644137 0.0422968 -0.0800418 -0.0800202 -0.0800221
internal_weight=1.78953 1.70636 0.593009 1.11335 0.404139 0.242499 0.0886157 0.0288615 0.0210674 0.0212802
internal_count=384 381 180 201 179 166 167 144 151 137
is_linear=0
shrinkage=0.1


Tree=357
num_leaves=8
num_cat=0
split_feature=5 5 6 2 1 6 6
split_gain=0.0477879 0.118465 0.320048 0.124847 0.126113 0.125951 0.00786434
threshold=31.350000000000005 30.850000000000005 53.95000000000001 0.87837969732492682 -0.98296291314453399 68.700000000000003 68.050000000000011
decision_type=2 2 2 2 2 2 2
left_child=1 2 -1 4 -4 -6 -5
right_child=-2 -3 3 6 5 -7 -8
leaf_value=-0.092005907938371725 -0.024059862746470151 0.037981124709190815 0.037291775063791915 -0.037178625054639834 -0.0091263079021969753 0.020666925526998569 -0.020515537812415458
leaf_weight=0.3728523224272039 0.75405697168025732 0.83926743478514332 1.1871527433395357 0.51899010756460462 3.9100782240129783 2.227180081201368 0.62352624208870111
leaf_count=16 30 13 10 18 136 134 27
internal_value=0.000187605 0.00207663 -0.00133222 0.00266072 0.00745663 0.00168551 -0.0280848
internal_weight=10.4331 9.67905 8.83978 8.46693 7.32441 6.13726 1.14252
internal_count=384 354 341 325 280 270 45
is_linear=0
shrinkage=0.1


Tree=358
num_leaves=15
num_cat=0
split_feature=6 5 5 6 2 5 3 6 8 3 5 5 1 5
split_gain=0.122316 0.101081 0.368671 0.193191 0.20731 0.26909 0.185882 0.196309 0.153013 0.0595019 0.111181 0.00342116 3.2614e-06 3.06588e-06
threshold=50.500000000000007 23.850000000000005 27.800000000000001 59.550000000000004 0.6078576107927941 28.850000000000005 -0.22252093395631442 54.750000000000007 1.0000000180025095e-35 1.0000000180025095e-35 24.450000000000003 23.950000000000003 0.37940952255126026 24.950000000000003
decision_type=2 2 2 2 2 2 2 2 2 2 2 2 2 2
left_child=-1 8 9 6 5 -5 -4 -8 -2 11 -11 -3 -13 -12
right_child=1 2 3 4 -6 -7 7 -9 -10 10 13 12 -14 -15
leaf_value=0.055873849364293737 0.028606751119403084 -0.096620254703698671 0.0029521597107255524 -0.037016527995886471 0.062791316018427218 0.043993738524968296 -0.091345385371008475 -0.0069749860357520357 -0.01118579151057247 0.052497255365853326 -0.081374721291037649 -0.080918278502531804 -0.080372453917107525 -0.080491670853058223
leaf_weight=0.3712889169109993 2.0690491776913404 0.19121672492474306 1.6300384076021148 0.8927419188548813 0.77842903809505504 0.75832687120418996 0.5654004670504944 0.5383744133869186 1.8131424151360973 0.10225967958103865 0.068473566323518753 0.28043193888152018 0.17956790437892778 0.092336734029231593
leaf_count=7 20 2 36 22 21 50 14 36 23 7 10 45 61 30
internal_value=-0.000481929 -0.0025828 -0.0106344 -0.000270317 0.0202486 0.000191045 -0.0185052 -0.0501931 0.010022 -0.0691641 -0.0290265 -0.0853783 -0.0807052 -0.0808677
internal_weight=10.3311 9.95979 6.0776 5.16331 2.4295 1.65107 2.73381 1.10377 3.88219 0.914287 0.26307 0.651217 0.46 0.16081
internal_count=384 377 334 179 93 72 86 50 43 155 47 108 106 40
is_linear=0
shrinkage=0.1


Tree=359
num_leaves=15
num_cat=0
split_feature=5 6 6 6 6 6 2 3 6 2 6 5 0 6
split_gain=0.0373373 0.119418 0.0814718 0.197435 0.0581537 0.0992086 0.0622544 0.0265042 7.96168e-05 2.23717e-05 6.54712e-06 8.54009e-07 6.00581e-07 1.03808e-08
threshold=31.850000000000005 65.700000000000003 71.750000000000014 80.300000000000026 66.100000000000009 71.600000000000009 -0.8783796973249266 1.0000000180025095e-35 65.250000000000014 -1.0000000180025095e-35 49.800000000000004 24.450000000000003 -0.91597561503675329 51.45000000000001
decision_type=2 2 2 2 2 2 2 2 2 2 2 2 2 2
left_child=1 8 4 9 -3 6 -6 -5 10 12 -1 -12 -4 -13
right_child=-2 2 3 7 5 -7 -8 -9 -10 -11 11 13 -14 -15
leaf_value=-0.082010054481463188 0.033987686009596084 0.090669616267848474 -0.081691356998735448 0.020790509938630256 0.048332137511006672 0.074544996173856001 -0.081614488565044593 -0.0081433515101067364 -0.085434039559347308 -0.083283857995164898 -0.080856306762536592 -0.080160798643781644 -0.08120757315510102 -0.0800342401350152
leaf_weight=0.049660439835862102 0.27571181929670263 0.14749053165724069 0.05281991785705098 0.71840981517743763 0.055235441235709004 0.1462379161384888 0.1108639888389007 0.56603820171585539 0.074955464099730307 0.19251912424988327 0.025805055687669665 0.0093934346223250031 0.049905677073184052 0.020904112479456671
leaf_count=3 9 5 12 31 14 3 56 15 6 35 3 4 30 158
internal_value=-0.000720007 -0.00503005 0.00187349 -0.00890979 0.0389184 0.0144806 -0.0384015 0.00803976 -0.0829408 -0.082648 -0.0811738 -0.0804335 -0.0814563 -0.0800735
internal_weight=2.49595 2.22024 2.03952 1.57969 0.459828 0.312337 0.166099 1.28445 0.180719 0.295245 0.105763 0.0561026 0.102726 0.0302975
internal_count=384 375 201 123 78 73 70 46 174 77 168 165 42 162
is_linear=0
shrinkage=0.1


Tree=360
num_leaves=15
num_cat=0
split_feature=5 6 3 5 2 5 5 6 6 8 3 6 8 5
split_gain=0.0582096 0.221415 0.183592 0.131428 0.114427 0.0526847 0.117197 0.248943 0.112075 0.113733 0.0893169 0.576045 0.000276042 1.93051e-05
threshold=28.050000000000004 62.550000000000004 1.0000000180025095e-35 28.550000000000004 1.0000000180025095e-35 24.450000000000003 25.350000000000005 71.250000000000014 81.65000000000002 1.0000000180025095e-35 -0.22252093395631442 66.100000000000009 1.0000000180025095e-35 28.550000000000004
decision_type=2 2 2 2 2 2 2 2 2 2 2 2 2 2
left_child=5 2 3 -2 -5 8 7 -7 9 -1 11 -8 -3 -14
right_child=1 12 -4 4 -6 6 10 -9 -10 -11 -12 -13 13 -15
leaf_value=-0.03866174691452056 0.060331388224278505 -0.088230584199371923 -0.086682804422043902 -0.086884585053250113 0.040993561605934155 0.088534688475090495 -0.061416639577708376 -0.0056273179247873714 0.020479277593897036 0.00077641551153941404 0.017954344339575799 0.037936967632222492 -0.081719348711114262 -0.083588324688814733
leaf_weight=1.2531338967382906 0.4698821154888726 0.14901885017752647 0.17151541955536231 0.14735592521174112 0.13324886937334668 0.52573526650667168 1.1533639398403455 0.6025709112000186 1.2015466012526301 1.7557296357117578 1.9236717030871671 1.1812278329161925 0.10958325865794905 0.11150093528704019
leaf_count=21 12 3 59 32 30 11 14 40 22 31 36 26 11 36
internal_value=0.00035895 -0.019567 0.00666006 0.0279925 -0.02616 0.00304172 0.00959232 0.0382476 -0.00533876 -0.0156488 0.00199958 -0.0111469 -0.0849041 -0.0826619
internal_weight=10.8891 1.29211 0.922002 0.750487 0.280605 9.59698 5.38657 1.12831 4.21041 3.00886 4.25826 2.33459 0.370103 0.221084
internal_count=384 183 133 74 62 201 127 51 74 52 76 40 50 47
is_linear=0
shrinkage=0.1


Tree=361
num_leaves=11
num_cat=0
split_feature=3 3 5 5 6 1 1 6 8 1
split_gain=0.0641186 0.0727199 0.300208 0.297077 0.0657613 0.0633449 0.0346917 2.71039e-09 1.37494e-10 7.40194e-11
threshold=0.81174490092936691 -0.22252093395631442 23.750000000000004 23.850000000000005 81.15000000000002 0.78656609248549303 0.78656609248549303 79.250000000000014 1.0000000180025095e-35 0.60355339059327384
decision_type=2 2 2 2 2 2 2 2 2 2
left_child=1 3 -3 -1 6 7 8 9 -4 -5
right_child=-2 2 4 5 -6 -7 -8 -9 -10 -11
leaf_value=-0.085603504783492823 -0.066307948246010148 0.061945153932849363 -0.080031843843562739 -0.080018460948869996 -0.072179784320527893 0.083712728492758903 0.081190277560645799 -0.080093058580563328 -0.080013994225910823 -0.080035407034560427
leaf_weight=0.32335735594824644 0.13692234884001675 0.64484851763700113 0.0069464098669413934 0.016657616240991047 0.29492365135229193 0.19762499665375799 0.049045072228182107 0.0071229975001187986 0.011393868714549171 0.0030494045531668226
leaf_count=14 34 18 19 130 10 22 10 7 113 7
internal_value=-0.000704075 0.00507265 0.0210216 -0.0242497 -0.0518153 0.0641387 0.0373135 -0.0800402 -0.0800208 -0.0800211
internal_weight=1.69189 1.55497 1.00716 0.547812 0.362309 0.224455 0.0673854 0.02683 0.0183403 0.019707
internal_count=384 350 170 180 152 166 142 144 132 137
is_linear=0
shrinkage=0.1


Tree=362
num_leaves=13
num_cat=0
split_feature=6 2 2 6 6 3 6 6 5 2 6 6
split_gain=0.0467088 0.286101 0.245812 0.164375 0.131516 0.0975453 0.158261 0.586545 0.276027 0.15622 0.150225 1.2081e-05
threshold=69.450000000000017 0.87837969732492682 1.0000000180025095e-35 68.050000000000011 77.850000000000009 -0.56174490092936669 62.900000000000006 59.550000000000004 30.850000000000005 -1.0000000180025095e-35 62.150000000000013 71.750000000000014
decision_type=2 2 2 2 2 2 2 2 2 2 2 2
left_child=3 2 4 5 11 10 7 8 -7 -8 -1 -2
right_child=1 -3 -4 -5 -6 6 9 -9 -10 -11 -12 -13
leaf_value=0.011446017604034199 -0.082796644779668721 -0.090283657917292093 0.040302898197250303 0.043008158400467691 -0.00066610798080478113 -0.018079056972120717 0.057943679499421523 -0.091830983962322504 0.052697872021363605 0.00055474967980028637 -0.038552155825172484 -0.081611070563042842
leaf_weight=1.0252629975293523 0.1556053999811422 0.39350242688669812 0.89838531595887616 0.92457662514061656 0.46067116994527169 1.1336207970343819 0.94046365795657039 0.64895516926117114 1.0721717708074718 0.95699370093643643 1.4520261918660251 0.19200723601534264
leaf_count=34 11 25 39 24 37 48 22 35 26 22 25 36
internal_value=-0.000119161 -0.0134178 0.00430497 0.00330605 -0.0357057 -0.00177143 0.00661524 -0.00826266 0.0163236 0.0289992 -0.0178597 -0.0821418
internal_weight=10.2542 2.10017 1.70667 8.15407 0.808284 7.22949 4.75221 2.85475 2.20579 1.89746 2.47729 0.347613
internal_count=384 148 123 236 84 212 153 109 74 44 59 47
is_linear=0
shrinkage=0.1


Tree=363
num_leaves=17
num_cat=0
split_feature=6 2 5 3 5 6 6 3 6 5 5 5 6 6 6 0
split_gain=0.0700575 0.100261 0.226523 0.232908 0.350204 0.196054 0.262425 0.211016 0.184714 0.145558 0.459873 0.122565 0.252691 0.0878575 0.131239 0.000111412
threshold=86.100000000000009 -1.0000000180025095e-35 22.950000000000003 -0.56174490092936669 28.050000000000004 74.850000000000009 67.250000000000014 -0.22252093395631442 54.750000000000007 24.050000000000004 28.550000000000004 23.950000000000003 68.950000000000017 63.550000000000004 58.350000000000009 -0.91597561503675329
decision_type=2 2 2 2 2 2 2 2 2 2 2 2 2 2 2 2
left_child=1 2 -1 9 15 6 13 -7 -6 -4 -11 -8 -13 14 -3 -5
right_child=-2 5 3 4 8 7 11 -9 -10 10 -12 12 -14 -15 -16 -17
leaf_value=0.086849238325066511 0.034879782541307323 -0.02725924971327362 0.091819579257906694 -0.086974829835212208 -0.03583411265919606 -0.0073250473281480212 0.070030866545877452 -0.085426350680527841 0.023035914282550075 -0.071763176885356245 0.087582933533841958 0.069741606062653172 -0.061106781533586757 -0.045447931461549351 0.030113535953277554 -0.084048172860059181
leaf_weight=0.34463590756058593 0.54440624383278269 1.0353125540132166 0.37878609169274502 0.22086522000608966 0.78860173781868104 0.74508292492828332 0.61436633765697457 0.64576151654546243 1.6442630006058605 0.3309558384353295 0.40003332606283948 0.3041131992940791 0.28675265009223949 0.7980286042584338 0.64840908150654275 0.31642107466905223
leaf_count=4 9 37 3 18 15 15 5 31 68 31 15 11 32 25 32 33
internal_value=-7.6049e-06 -0.00200636 0.00899771 0.0024215 -0.0121832 -0.0115947 0.000473752 -0.0435871 0.00395347 0.041509 0.0154389 0.0387572 0.00623968 -0.0181181 -0.00516472 -0.0852512
internal_weight=10.0468 9.50239 4.42456 4.07993 2.97015 5.07783 3.68698 1.39084 2.43286 1.10978 0.730989 1.20523 0.590866 2.48175 1.68372 0.537286
internal_count=384 375 187 183 134 188 142 46 83 49 46 48 43 94 69 51
is_linear=0
shrinkage=0.1


Tree=364
num_leaves=11
num_cat=0
split_feature=5 0 6 5 6 5 5 6 6 6
split_gain=0.0487665 0.0449042 0.174224 0.11775 0.0803984 0.156467 1.76991e-05 4.6336e-06 3.14013e-06 3.32563e-07
threshold=23.150000000000002 -0.60355339059327362 80.65000000000002 23.750000000000004 80.300000000000026 31.850000000000005 23.950000000000003 49.800000000000004 78.750000000000014 71.600000000000009
decision_type=2 2 2 2 2 2 2 2 2 2
left_child=-1 2 3 -2 5 6 -3 -8 9 -5
right_child=1 4 -4 8 -6 -7 7 -9 -10 -11
leaf_value=-0.081105707487730383 0.028248325138573633 -0.082880184123477613 -0.08412812816954264 -0.080206523259913065 0.033323072839052621 0.031730580558409507 -0.081761737987919039 -0.08031557492198442 -0.081575028889861997 -0.080600927274564443
leaf_weight=0.072932420735014936 0.62070288951508745 0.12526062130927995 0.26165082676016027 0.056041229739548726 0.81856657155003631 0.27715875045396388 0.044001289235893637 0.044625617168094323 0.027616090446827002 0.034565613013910479
leaf_count=14 12 3 14 99 25 9 3 161 6 38
internal_value=-0.000595481 0.00194622 -0.014004 0.0108267 0.0141326 -0.0178577 -0.082115 -0.0810336 -0.0806415 -0.080357
internal_weight=2.38312 2.31019 1.00058 0.738926 1.30961 0.491046 0.213888 0.0886269 0.118223 0.0906068
internal_count=384 370 169 155 201 176 167 164 143 137
is_linear=0
shrinkage=0.1


Tree=365
num_leaves=18
num_cat=0
split_feature=5 3 0 6 6 2 0 6 5 6 1 0 6 5 5 1 5
split_gain=0.0529801 0.203459 0.197925 0.0545196 0.0958232 0.128763 0.12104 0.131454 0.0852847 0.0823105 0.0443297 0.000417237 7.01852e-06 4.8088e-06 1.16357e-06 6.96123e-08 1.65946e-08
threshold=28.050000000000004 1.0000000180025095e-35 0.91597561503675362 62.150000000000013 65.700000000000003 0.6078576107927941 -0.60355339059327362 69.450000000000017 23.950000000000003 66.450000000000017 -0.12940952255126037 0.91597561503675362 76.300000000000026 28.550000000000004 28.150000000000002 -0.98296291314453399 28.550000000000004
decision_type=2 2 2 2 2 2 2 2 2 2 2 2 2 2 2 2 2
left_child=3 2 10 -1 -5 6 7 -6 -7 -8 13 12 14 -2 -3 -15 -16
right_child=1 11 -4 4 5 8 9 -9 -10 -11 -12 -13 -14 15 16 -17 -18
leaf_value=-0.023044207876884798 -0.081163371562297137 -0.0810568773245878 0.042802413600860845 0.028141914702315453 -0.015435858957852426 -0.043750189763451908 0.013635639016439461 0.031258902062109087 -0.0042008050557379682 -0.035165643656820837 -0.0040020810520648969 -0.088896948434085701 -0.082210133874183244 -0.080262130384471386 -0.080194302337517981 -0.080067141950224685 -0.080064994238102094
leaf_weight=0.75844032876193423 0.14720567088807002 0.018683618167415261 0.54332450591027737 1.4717175875557567 0.79341547493822639 0.88006965187378261 0.592199526727202 2.5106096076779068 1.4331498693209139 0.83003314697998576 0.11343502625823088 0.23502970207482576 0.032701499760150909 0.043298382224747911 0.015539389161858708 0.03172393669228768 0.027467328967759386
leaf_count=8 14 2 7 19 18 13 3 60 36 44 2 3 1 16 7 64 67
internal_value=7.93059e-05 -0.019615 0.0055048 0.0026467 0.00493604 8.44696e-05 0.00954629 0.0200458 -0.0192475 -0.0148454 -0.0548674 -0.0866416 -0.0810258 -0.0808313 -0.080398 -0.0801797 -0.0801117
internal_weight=10.478 1.20841 0.878988 9.26964 8.51119 7.03948 4.72626 3.30403 2.31322 1.42223 0.335663 0.329422 0.0943918 0.222228 0.0616903 0.0750223 0.0430067
internal_count=384 183 103 201 193 174 125 78 49 47 96 80 77 94 76 80 74
is_linear=0
shrinkage=0.1


Tree=366
num_leaves=8
num_cat=0
split_feature=1 2 6 5 6 5 0
split_gain=0.0561668 0.0434021 1.32638e-07 2.62566e-08 2.20135e-09 2.1505e-10 6.46607e-11
threshold=0.78656609248549303 0.6078576107927941 83.100000000000009 23.650000000000002 80.65000000000002 24.250000000000004 0.91597561503675362
decision_type=2 2 2 2 2 2 2
left_child=2 -2 3 -1 5 -5 -7
right_child=1 -3 -4 4 -6 6 -8
leaf_value=-0.080169445493917857 -0.011214714406244211 0.023146121452968405 -0.080364844141493558 -0.080040226009634174 -0.08008891797593938 -0.080015311156307292 -0.080025633123058673
leaf_weight=0.018901784380432329 0.82328648056136422 0.6641620597220026 0.020236617507180199 0.0048321962385671205 0.0053426775994012124 0.02633480513759423 0.0078864382485335227
leaf_count=19 38 17 9 12 6 252 31
internal_value=-0.000353135 0.00412778 -0.080142 -0.0800707 -0.0800287 -0.0800205 -0.0800177
internal_weight=1.57098 1.48745 0.0835345 0.0632979 0.0443961 0.0390534 0.0342212
internal_count=384 55 329 320 301 295 283
is_linear=0
shrinkage=0.1


Tree=367
num_leaves=9
num_cat=0
split_feature=5 6 8 3 6 6 6 6
split_gain=0.0519762 0.244735 0.178859 0.0825449 0.0913478 0.118733 0.289315 0.268676
threshold=24.250000000000004 52.150000000000013 1.0000000180025095e-35 0.81174490092936691 54.150000000000013 68.050000000000011 69.450000000000017 66.100000000000009
decision_type=2 2 2 2 2 2 2 2
left_child=2 -2 -1 4 -3 7 -7 -6
right_child=1 3 -4 -5 5 6 -8 -9
leaf_value=0.027786332046678991 -0.091003955115950552 0.036177688297854262 -0.060547581170823733 0.039557108763325993 0.0034347869046213279 0.069692052052782102 -0.0080946972260405748 -0.050604522747638186
leaf_weight=0.40398403893050272 0.27176927481195789 0.73618721644742979 0.52987082018808074 0.65297048406500913 4.0662887979378866 0.739111332164612 1.3542085300905453 1.1890888917550908
leaf_count=30 13 16 31 24 145 19 86 20
internal_value=0.000122268 0.00244993 -0.0223345 0.00535658 0.0025944 -0.000769955 0.0193703 -0.00879222
internal_weight=9.94348 9.00962 0.933855 8.73786 8.08488 7.3487 2.09332 5.25538
internal_count=384 323 61 310 286 270 105 165
is_linear=0
shrinkage=0.1


Tree=368
num_leaves=14
num_cat=0
split_feature=6 2 6 6 5 5 3 5 6 5 5 0 8
split_gain=0.065449 0.105533 0.289976 0.237691 0.211496 0.219143 0.255045 0.238261 0.19972 0.126622 0.121404 0.104677 0.00972313
threshold=84.500000000000014 -1.0000000180025095e-35 74.850000000000009 66.450000000000017 22.950000000000003 31.350000000000005 -0.56174490092936669 28.050000000000004 63.150000000000013 30.350000000000005 23.950000000000003 -0.60355339059327362 1.0000000180025095e-35
decision_type=2 2 2 2 2 2 2 2 2 2 2 2 2
left_child=1 4 3 8 -1 6 11 -8 9 -3 -5 -6 -12
right_child=-2 2 -4 10 5 -7 7 -9 -10 -11 12 -13 -14
leaf_value=0.08639476631405274 0.026412981969092305 0.025030390005731509 -0.060819452878154136 0.066186147130074036 0.06862843240717563 0.064769658522105422 -0.085095136168290383 -0.0078343448734141518 -0.077091371541330278 -0.031986784236661028 -0.0038191149911567059 0.0014058932676888063 0.016931742100787239
leaf_weight=0.32436883077025314 0.85385048878379244 0.75784827931784071 0.99654295528307546 0.58268433064222314 0.50563386949943379 0.49126894821529266 0.50116544950287956 1.9608604461245702 0.49662466265726823 0.80132576415780932 0.4030266206827946 0.42748587293317486 0.51351352082565427
leaf_count=4 17 38 39 5 24 17 51 69 23 28 12 21 36
internal_value=-1.53155e-05 -0.00259063 -0.0131463 0.000217448 0.0088193 0.00234468 -0.00668806 -0.0235614 -0.021864 -0.00427316 0.0304965 0.0378321 0.00780705
internal_weight=9.6162 8.76235 4.55157 3.55502 4.21078 3.88641 3.39515 2.46203 2.0558 1.55917 1.49922 0.93312 0.91654
internal_count=384 367 181 142 186 182 165 120 89 66 53 45 48
is_linear=0
shrinkage=0.1


Tree=369
num_leaves=10
num_cat=0
split_feature=5 8 2 5 2 6 5 5 6
split_gain=0.0440165 0.040135 0.122586 0.107021 0.0580004 0.11295 0.0495933 0.129312 6.11604e-06
threshold=23.150000000000002 1.0000000180025095e-35 0.87837969732492682 23.750000000000004 0.87837969732492682 83.90000000000002 23.950000000000003 31.850000000000005 49.800000000000004
decision_type=2 2 2 2 2 2 2 2 2
left_child=-1 3 6 -2 5 -5 -3 8 -8
right_child=1 2 -4 4 -6 -7 7 -9 -10
leaf_value=-0.081015819305548548 -0.043821149380043715 0.035812570838483937 -0.08241913253973436 -0.082622652871056468 0.085954057017050861 0.067349047267743767 -0.081665413962097186 0.036114670439368189 -0.080240705221960931
leaf_weight=0.066069778316887429 0.51217489829286988 0.83387956395745211 0.12406188649993066 0.094015437776761246 0.11710722289717523 0.10780196648556739 0.041782171232625842 0.25856855977326632 0.1080568651223075
leaf_count=14 12 12 39 44 10 3 3 7 240
internal_value=-0.000594073 0.00182393 0.0123641 -0.0155044 0.0299707 -0.00251438 0.0218297 -0.00672024 -0.080638
internal_weight=2.26352 2.19745 1.36635 0.8311 0.318925 0.201817 1.24229 0.408408 0.149839
internal_count=384 370 301 69 57 47 262 250 243
is_linear=0
shrinkage=0.1


Tree=370
num_leaves=11
num_cat=0
split_feature=6 0 6 5 2 6 6 2 6 5
split_gain=0.0470977 0.188349 0.0742676 0.203619 0.122599 0.199455 0.0811534 0.207845 0.0955626 0.127288
threshold=81.65000000000002 -0.98296291314453399 59.95000000000001 28.050000000000004 0.87837969732492682 58.050000000000004 63.550000000000004 -1.0000000180025095e-35 65.500000000000014 26.650000000000002
decision_type=2 2 2 2 2 2 2 2 2 2
left_child=1 -1 3 -3 5 -5 7 -4 -8 -10
right_child=-2 2 6 4 -6 -7 8 -9 9 -11
leaf_value=0.061301679710570149 0.018780524615370671 0.091888440826430787 0.0048210110129816063 -0.085734519498843226 0.077106430859611857 0.042497084466229962 0.022282908370931283 -0.091505412612231621 -0.0015473484606631158 -0.035593102812203035
leaf_weight=0.43972934805788 1.1701717602263677 0.28159342706203272 0.51601724510692293 0.29362448887695791 0.12743595567008015 0.20667808247526409 1.0651882926322285 0.39582650782176632 4.2558627342514228 1.4800434435601344
leaf_count=27 35 2 30 66 11 23 17 20 113 40
internal_value=-9.95224e-05 -0.00253749 -0.00579324 0.0212362 -0.0104572 -0.0327613 -0.00897994 -0.0369938 -0.00522403 -0.0103322
internal_weight=10.2322 9.062 8.62227 0.909332 0.627739 0.500303 7.71294 0.911844 6.80109 5.73591
internal_count=384 349 322 102 100 89 220 50 170 153
is_linear=0
shrinkage=0.1


Tree=371
num_leaves=8
num_cat=0
split_feature=5 1 2 6 0 6 1
split_gain=0.0545056 0.0775344 0.0617122 1.57281e-09 5.33038e-11 4.78176e-11 2.56311e-11
threshold=24.050000000000004 0.78656609248549303 0.6078576107927941 79.250000000000014 0.91597561503675362 75.850000000000009 -0.98296291314453399
decision_type=2 2 2 2 2 2 2
left_child=2 3 -1 4 5 6 -2
right_child=1 -3 -4 -5 -6 -7 -8
leaf_value=-0.028023494835030052 -0.08001734898712673 0.080490146101313817 0.01527369253837847 -0.080072514397207473 -0.08002361011693182 -0.080023167383696109 -0.080009416538379438
leaf_weight=0.69988156504405175 0.00574446694736241 0.1549717818852514 0.62153847659646999 0.0058601791242836035 0.0072573696706967885 0.004480146868445444 0.014002262181748163
leaf_count=35 27 37 17 10 31 16 211
internal_value=-0.00041931 0.0493209 -0.00765838 -0.0800249 -0.0800161 -0.0800138 -0.0800117
internal_weight=1.51374 0.192316 1.32142 0.0373444 0.0314842 0.0242269 0.0197467
internal_count=384 332 52 295 285 254 238
is_linear=0
shrinkage=0.1


Tree=372
num_leaves=9
num_cat=0
split_feature=6 6 5 1 6 5 6 3
split_gain=0.0468846 0.0898837 0.119152 0.154827 0.0672287 0.166152 0.0991562 0.00974845
threshold=53.95000000000001 55.850000000000001 30.450000000000003 -0.98296291314453399 60.750000000000007 28.050000000000004 66.100000000000009 -0.22252093395631442
decision_type=2 2 2 2 2 2 2 2
left_child=-1 -2 3 -3 5 -5 -6 -4
right_child=1 2 7 4 6 -7 -8 -9
leaf_value=-0.024834602938315176 0.041900628958961413 0.04960037847430529 -0.021188645781604093 -0.091037311758280726 0.021656787590918186 0.015793090046730636 -0.0058276033153775338 -0.039278681572020677
leaf_weight=0.69796565864817317 0.53306761941348568 0.68524403497576436 0.63301946541469079 0.26622699201107103 1.9135596268461084 0.321267033003096 4.1800178199100628 0.5626803079358067
leaf_count=25 18 6 23 2 61 39 191 19
internal_value=0.000142514 0.00205928 -0.000421224 0.00433156 -0.000311435 -0.0326178 0.00280329 -0.0297016
internal_weight=9.79305 9.09508 8.56202 7.36632 6.68107 0.587494 6.09358 1.1957
internal_count=384 359 341 299 293 41 252 42
is_linear=0
shrinkage=0.1


Tree=373
num_leaves=9
num_cat=0
split_feature=5 6 6 5 5 2 6 0
split_gain=0.0592284 0.0707588 0.181812 0.189718 0.327669 0.174301 0.325435 0.228961
threshold=22.950000000000003 53.95000000000001 55.850000000000001 30.450000000000003 31.250000000000004 0.6078576107927941 66.450000000000017 0.91597561503675362
decision_type=2 2 2 2 2 2 2 2
left_child=-1 -2 -3 5 -5 7 -7 -4
right_child=1 2 3 4 -6 6 -8 -9
leaf_value=0.023082910749569044 0.023403110060183155 -0.065611219274841343 -0.012784899035005319 0.090744441729115166 -0.012069001783199022 -0.059124101099144843 0.03583932355482683 -0.086194317930954625
leaf_weight=1.0029314607381827 0.92673942146939037 0.47716285422211502 3.1301683528072322 0.55528855515876763 0.70169003332557622 0.46953400924394406 1.5593147260842668 0.49159836769103993
leaf_count=10 25 18 194 22 20 23 52 20
internal_value=0.000127191 -0.00264283 -0.00591143 -0.00178748 0.0333503 -0.00960389 0.0138621 -0.0227491
internal_weight=9.31443 8.3115 7.38476 6.90759 1.25698 5.65062 2.02885 3.62177
internal_count=384 374 349 331 42 289 75 214
is_linear=0
shrinkage=0.1


Tree=374
num_leaves=13
num_cat=0
split_feature=6 6 6 2 6 6 6 3 6 6 9 0
split_gain=0.0368859 0.0675502 0.0955509 0.0763312 0.0420539 0.145619 0.0770598 0.0259948 5.57e-05 2.07576e-05 1.05808e-05 4.39181e-07
threshold=51.45000000000001 65.700000000000003 66.100000000000009 -0.8783796973249266 80.300000000000026 71.750000000000014 71.600000000000009 1.0000000180025095e-35 65.250000000000014 79.250000000000014 1.0000000180025095e-35 0.60355339059327384
decision_type=2 2 2 2 2 2 2 2 2 2 2 2
left_child=-1 3 -3 -2 5 6 -4 -6 10 -7 11 -5
right_child=1 2 4 8 7 9 -8 -9 -10 -11 -12 -13
leaf_value=0.042505728409253846 0.061495004126557465 0.08773069003926616 -0.031872373589228238 -0.080637284354473523 0.020656380705726507 -0.081791807098205216 0.074808495561630342 -0.0099804038942717978 -0.085073636068780378 -0.083800854127499713 -0.082750674810864955 -0.081172036295720409
leaf_weight=0.18331402906915206 0.045461484445695532 0.12196917783148808 0.13081563132618601 0.052518347408749722 0.61766145544243023 0.17857947077754943 0.14036145119462162 0.50206728693592595 0.070485063909472956 0.072227966964419466 0.044006704702042043 0.021705586889765982
leaf_count=10 30 5 70 98 31 69 3 15 6 8 15 24
internal_value=-0.000425139 -0.00436427 0.00233601 -0.0548268 -0.00400829 -0.0274496 0.0233457 0.00691937 -0.0828486 -0.0823704 -0.0815221 -0.0807937
internal_weight=2.18117 1.99786 1.76368 0.234177 1.64171 0.521985 0.271177 1.11973 0.188716 0.250807 0.118231 0.0742239
internal_count=384 374 201 173 196 150 73 46 143 77 137 122
is_linear=0
shrinkage=0.1


Tree=375
num_leaves=14
num_cat=0
split_feature=4 5 5 5 6 6 8 3 2 0 6 5 5
split_gain=0.0479185 0.233983 0.187393 0.248005 0.221201 0.161708 0.131603 0.4894 0.0122615 0.000661272 5.97106e-06 4.19896e-07 1.06348e-08
threshold=1.0000000180025095e-35 27.500000000000004 23.150000000000002 23.850000000000005 71.600000000000009 77.750000000000014 1.0000000180025095e-35 -0.22252093395631442 1.0000000180025095e-35 0.91597561503675362 76.300000000000026 28.650000000000002 31.250000000000004
decision_type=2 2 2 2 2 2 2 2 2 2 2 2 2
left_child=2 5 -1 -4 6 -2 -5 -8 -6 10 11 -3 -13
right_child=1 9 3 4 8 -7 7 -9 -10 -11 -12 12 -14
leaf_value=0.056519122276344182 0.029197381537070535 -0.080566096782930099 -0.034717516451135293 0.017291453949686033 0.075051054973904519 -0.036951586346902543 0.020353969504893585 -0.070004567699827699 0.048013232205735015 -0.090252958127056707 -0.0820054214997748 -0.080052773260602048 -0.080163789218284154
leaf_weight=0.60910574905574133 0.91411635384429313 0.038207122182939091 1.7028680085204539 2.6251405394868916 0.36179749437724229 0.62035862285119947 1.5457193498914406 0.97909377242104056 0.31268075411207974 0.25150107592344284 0.029820876196026802 0.02340647998789791 0.013667607112438418
leaf_count=7 34 9 22 23 27 22 61 68 35 2 1 57 16
internal_value=-0.000163487 -0.0145024 0.0031692 -0.00114786 0.00866678 0.00245463 0.00161419 -0.014686 0.0625166 -0.0874692 -0.0808078 -0.0803335 -0.0800937
internal_weight=10.0275 1.89108 8.13641 7.5273 5.82443 1.53447 5.14995 2.52481 0.674478 0.356603 0.105102 0.0752812 0.0370741
internal_count=384 141 243 236 214 56 152 129 62 85 83 82 73
is_linear=0
shrinkage=0.1


Tree=376
num_leaves=11
num_cat=0
split_feature=3 3 5 5 5 1 6 1 0 6
split_gain=0.0507886 0.0601553 0.265531 0.261449 0.0619556 0.0251174 0.0161075 0.0180552 6.41692e-11 3.16481e-11
threshold=0.81174490092936691 -0.22252093395631442 23.850000000000005 23.750000000000004 24.250000000000004 0.78656609248549303 77.750000000000014 0.78656609248549303 0.91597561503675362 75.850000000000009
decision_type=2 2 2 2 2 2 2 2 2 2
left_child=1 2 -1 -3 -5 8 7 9 -6 -4
right_child=-2 3 6 4 5 -7 -8 -9 -10 -11
leaf_value=-0.084840739201563209 -0.063302048598645924 0.061139437026666188 -0.080013642654628223 -0.072092458445675314 -0.080009984260632563 0.080436165573569099 0.078368619870195486 0.080287199899874651 -0.080025223972233286 -0.080025309337577177
leaf_weight=0.28366071984055441 0.11619357689414767 0.57505887981096737 0.011800409501120157 0.26285463441308821 0.008530569783943065 0.043030368280597031 0.16745929127500858 0.013462492206599563 0.0040865288974600853 0.0028957401809748271
leaf_count=14 34 18 128 12 114 13 25 5 13 8
internal_value=0.000179847 0.00555279 -0.0230294 0.0208834 -0.0517993 0.0440567 0.0666017 -0.00337589 -0.0800149 -0.0800159
internal_weight=1.48903 1.37284 0.479279 0.893561 0.318502 0.0556475 0.195618 0.0281586 0.0126171 0.0146961
internal_count=384 350 180 170 152 140 166 141 127 136
is_linear=0
shrinkage=0.1


Tree=377
num_leaves=9
num_cat=0
split_feature=5 5 6 1 6 2 5 5
split_gain=0.0426205 0.114463 0.189301 0.098736 0.0435757 0.238328 0.131333 0.00069929
threshold=31.350000000000005 30.850000000000005 57.550000000000004 -0.98296291314453399 66.100000000000009 1.0000000180025095e-35 24.650000000000002 29.950000000000003
decision_type=2 2 2 2 2 2 2 2
left_child=1 2 7 -4 5 -5 -6 -1
right_child=-2 -3 3 4 6 -7 -8 -9
leaf_value=-0.04151302788263124 -0.024050328170144512 0.039077375498440849 0.039290108214333486 -0.028155940717110108 0.017556850337753324 0.036564623485451121 -0.019533884540429092 -0.047035199369019662
leaf_weight=0.44466599204679003 0.68332357853069048 0.75636321527417827 0.70874381437897405 0.94547139168571748 1.4906140553357543 1.428811022400623 2.6550373245299852 0.47351093898032559
leaf_count=21 30 13 7 56 83 41 109 24
internal_value=1.7591e-05 0.00186481 -0.00159005 0.00384264 -1.06449e-05 0.010792 -0.00619751 -0.0443609
internal_weight=9.58654 8.90322 8.14685 7.22868 6.51993 2.37428 4.14565 0.918177
internal_count=384 354 341 296 289 97 192 45
is_linear=0
shrinkage=0.1


Tree=378
num_leaves=12
num_cat=0
split_feature=0 6 5 5 5 6 5 2 6 6 6
split_gain=0.0534284 0.344611 0.268929 0.154508 0.205627 0.0892949 0.0697365 0.142419 0.212554 0.107672 5.58841e-07
threshold=-0.91597561503675329 73.15000000000002 22.950000000000003 23.950000000000003 28.050000000000004 50.500000000000007 31.350000000000005 -0.60785761079279388 54.750000000000007 57.550000000000004 67.350000000000009
decision_type=2 2 2 2 2 2 2 2 2 2 2
left_child=1 3 -2 -1 10 -4 7 8 -7 -9 -5
right_child=2 -3 5 4 -6 6 -8 9 -10 -11 -12
leaf_value=0.057625006524124167 0.065902051378081763 -0.080586088296079772 0.049921996728342376 -0.081260060547972246 0.046580444356156638 -0.087751254952520022 0.025209879475847019 0.050973947815530302 -0.011198878031083506 -0.0029107496552007025 -0.080970662538034768
leaf_weight=0.49777130037546136 0.63540540635585774 0.54704138869419683 0.31497142650187004 0.12915694323601201 0.23884092515800148 0.48411461815703605 0.70168986475619011 0.4144473611959264 1.4462327907604047 3.5234135917962703 0.13804369978606701
leaf_count=6 7 13 7 23 12 8 27 22 91 150 18
internal_value=0.000169009 -0.016731 0.00365418 0.0180677 -0.0208431 -0.00209068 -0.00458426 -0.00814688 -0.0303976 0.00276044 -0.0811105
internal_weight=9.07113 1.55085 7.52028 1.00381 0.506042 6.88487 6.5699 5.86821 1.93035 3.93786 0.267201
internal_count=384 72 312 59 53 305 298 271 99 172 41
is_linear=0
shrinkage=0.1


Tree=379
num_leaves=15
num_cat=0
split_feature=6 6 6 6 2 6 6 2 3 6 6 9 1 0
split_gain=0.0329692 0.063435 0.0764154 0.151482 0.0694773 0.0321416 0.069278 0.0540677 0.0215169 4.04839e-05 1.63394e-05 9.30895e-06 4.02913e-06 3.61952e-07
threshold=51.45000000000001 65.700000000000003 71.750000000000014 80.300000000000026 -0.8783796973249266 66.100000000000009 71.600000000000009 -0.8783796973249266 1.0000000180025095e-35 65.250000000000014 79.250000000000014 1.0000000180025095e-35 0.78656609248549303 0.60355339059327384
decision_type=2 2 2 2 2 2 2 2 2 2 2 2 2 2
left_child=-1 4 5 10 -2 -3 7 -7 -5 11 12 13 -4 -6
right_child=1 2 3 8 9 6 -8 -9 -10 -11 -12 -13 -14 -15
leaf_value=0.040764784296090512 0.059057451203903745 0.086609758950236759 -0.081164690046547902 0.019209545060151798 -0.080594120461351781 0.052031781506202517 0.072666449821485554 -0.08112012932360968 -0.0087304078075499305 -0.084607256789265187 -0.083508460048038691 -0.082630337487946237 -0.082152867244857306 -0.08109755549641913
leaf_weight=0.18018524930812452 0.043113135934618185 0.11378457771934325 0.082893227250678936 0.61215158183040308 0.048509077045309712 0.049736012100765947 0.13657929707551375 0.078833257652149769 0.5013916870157118 0.064707126352914202 0.066977551752643194 0.042112203807846527 0.082154680470921448 0.020239848176970554
leaf_count=10 30 5 49 31 98 14 3 56 15 6 8 15 20 24
internal_value=-0.0001555 -0.00394991 0.0024841 -0.00868676 -0.0546879 0.0421512 0.0230724 -0.0296114 0.00662911 -0.0826196 -0.0821911 -0.0814595 -0.0816566 -0.0807423
internal_weight=2.12337 1.94318 1.7245 1.34557 0.218681 0.378933 0.265149 0.128569 1.11354 0.175568 0.232025 0.110861 0.165048 0.0687489
internal_count=384 374 201 123 173 78 73 70 46 143 77 137 69 122
is_linear=0
shrinkage=0.1


Tree=380
num_leaves=14
num_cat=0
split_feature=2 5 5 5 6 6 8 3 2 0 6 5 5
split_gain=0.046114 0.218606 0.1575 0.212104 0.197228 0.124722 0.11083 0.424482 0.0118054 0.000543447 5.83488e-06 4.04324e-07 7.81419e-09
threshold=-0.60785761079279388 27.500000000000004 23.150000000000002 23.850000000000005 71.600000000000009 77.750000000000014 1.0000000180025095e-35 -0.22252093395631442 1.0000000180025095e-35 0.91597561503675362 76.300000000000026 28.650000000000002 31.250000000000004
decision_type=2 2 2 2 2 2 2 2 2 2 2 2 2
left_child=1 5 -2 -4 6 -1 -5 -8 -6 10 11 -3 -13
right_child=2 9 3 4 8 -7 7 -9 -10 -11 -12 12 -14
leaf_value=0.025555894390066138 0.053109930807172891 -0.080563024946749953 -0.032274493944029925 0.015992159936020611 0.073175176992617552 -0.03351252914150421 0.019156085216772083 -0.066283754178737178 0.045999972937672384 -0.089590740743918179 -0.082001413685840463 -0.080048596243145462 -0.080148207803835719
leaf_weight=0.89414730551652588 0.58249777485616494 0.036691240908112266 1.6680302669992668 2.6120004563126713 0.34192516907933157 0.59555305406684056 1.5174228276555362 0.94275292860766136 0.30021686464897357 0.23879822343587875 0.029764147475361824 0.021738193558121566 0.012349024553259369
leaf_count=34 7 9 22 23 27 22 61 68 35 2 1 57 16
internal_value=-0.000239557 -0.0145587 0.00304867 -0.000901369 0.00825656 0.00194149 0.00164628 -0.0135849 0.0604701 -0.0869941 -0.0808267 -0.0803327 -0.0800847
internal_weight=9.79389 1.82904 7.96485 7.38235 5.71432 1.4897 5.07218 2.46018 0.642142 0.339341 0.100543 0.0707785 0.0340872
internal_count=384 141 243 236 214 56 152 129 62 85 83 82 73
is_linear=0
shrinkage=0.1


Tree=381
num_leaves=8
num_cat=0
split_feature=1 2 6 5 6 5 0
split_gain=0.0503742 0.0321992 1.48456e-07 2.62227e-08 1.51796e-09 6.50733e-11 3.12712e-11
threshold=0.78656609248549303 0.6078576107927941 83.100000000000009 23.650000000000002 79.250000000000014 24.050000000000004 0.91597561503675362
decision_type=2 2 2 2 2 2 2
left_child=2 -2 3 -1 5 -5 -7
right_child=1 -3 -4 4 -6 6 -8
leaf_value=-0.080174730413094655 -0.0086116433709150318 0.022601735907634278 -0.080393544883633455 -0.080030600735928048 -0.080070215119600274 -0.0800114802877019 -0.080019661538682216
leaf_weight=0.017412821569451009 0.73124647961230926 0.60304850531974807 0.020270618872018531 0.0023898282888694658 0.0059709215711336574 0.020260091025647853 0.0060723217211489091
leaf_count=19 38 17 9 6 10 254 31
internal_value=0.00108818 0.00549557 -0.0801639 -0.0800746 -0.0800243 -0.0800148 -0.0800134
internal_weight=1.40667 1.33429 0.0723766 0.052106 0.0346932 0.0287222 0.0263324
internal_count=384 55 329 320 301 291 285
is_linear=0
shrinkage=0.1


Tree=382
num_leaves=15
num_cat=0
split_feature=5 5 5 0 5 3 3 2 6 6 1 6 5 6
split_gain=0.0389286 0.157614 0.0812061 0.399806 0.111332 0.247181 0.107298 0.0712929 0.253016 0.129885 0.00017434 0.000101283 4.39361e-05 3.06541e-07
threshold=24.250000000000004 23.350000000000005 25.950000000000003 -1.0000000180025095e-35 25.350000000000005 -1.0000000180025095e-35 -0.56174490092936669 0.6078576107927941 59.250000000000007 66.100000000000009 1.0000000180025095e-35 67.700000000000003 26.250000000000004 57.850000000000001
decision_type=2 2 2 2 2 2 2 2 2 2 2 2 2 2
left_child=1 -1 4 10 5 6 -2 8 -5 -10 12 -3 -4 -14
right_child=2 11 3 7 -6 -7 -8 -9 9 -11 -12 -13 13 -15
leaf_value=0.0088322317194380918 -0.089108020263809054 -0.084899755343116737 -0.082777760578324838 -0.020525558324158848 0.051051061533729729 0.047240609260041116 -0.0042819029576298276 -0.015644170983735779 0.047506150548722891 0.0056199823144455355 -0.084933810879509186 -0.081035846117084476 -0.080300307844821964 -0.080564945285433509
leaf_weight=0.59292251290753561 0.27993217699986406 0.12133194878697395 0.12598617913317767 1.6962360875622842 0.72516340825313808 0.59074752934975361 0.31910692140445462 1.3709693811906616 1.5796490012435245 1.3933002008125184 0.18976176465002936 0.15387509125866927 0.055299944906437304 0.20995235669397516
leaf_count=17 22 5 7 37 22 19 23 27 29 16 13 39 36 72
internal_value=-2.21737e-05 -0.020197 0.00202963 -0.00321575 0.0201661 0.00134199 -0.0439213 0.00440543 0.0102924 0.0278758 -0.0824465 -0.0827393 -0.0812401 -0.0805098
internal_weight=9.40423 0.86813 8.5361 6.62115 1.91495 1.18979 0.599039 6.04015 4.66919 2.97295 0.581 0.275207 0.391238 0.265252
internal_count=384 61 323 237 86 64 45 109 82 45 128 44 115 108
is_linear=0
shrinkage=0.1


Tree=383
num_leaves=15
num_cat=0
split_feature=6 2 6 3 6 6 5 2 5 5 5 1 8 8
split_gain=0.0513459 0.0899194 0.143955 0.1922 0.176048 0.161648 0.143271 0.150952 0.113251 0.104233 0.0894831 0.0842081 0.278645 0.00845044
threshold=86.100000000000009 -1.0000000180025095e-35 74.850000000000009 -0.22252093395631442 66.450000000000017 63.150000000000013 31.350000000000005 -0.60785761079279388 30.350000000000005 23.950000000000003 24.650000000000002 -0.98296291314453399 1.0000000180025095e-35 1.0000000180025095e-35
decision_type=2 2 2 2 2 2 2 2 2 2 2 2 2 2
left_child=1 6 4 -4 5 8 7 11 -3 -6 -9 -1 -13 -11
right_child=-2 2 3 -5 9 -7 -8 10 -10 13 -12 12 -14 -15
leaf_value=-0.024710015735466301 0.031523194138774059 0.024723007407705885 -0.0044455577016654828 -0.084590578122949789 0.062534290380944477 -0.074341510523842413 0.062610286181855143 0.077523537189238684 -0.031180038373002889 -0.0056629491945706257 0.011991915507831559 -0.044317981167753547 0.060076008681232279 0.014393512538844478
leaf_weight=1.5159671083092696 0.49454695056192655 0.69758822864969194 0.65951168596802745 0.54774210201867368 0.51389477401971795 0.42653025058098126 0.44926948694046576 0.35144768975442175 0.7541637361064204 0.37741983449086547 0.51184011039003963 0.47108735493748188 0.55916981827613133 0.4737822090901318
leaf_count=11 9 38 15 31 5 23 17 10 28 12 36 24 89 36
internal_value=0.000219516 -0.00164357 -0.0113298 -0.0408081 -0.00035739 -0.0202192 0.00952834 0.00253376 -0.0043178 0.0269711 0.0386701 -0.00971812 0.0123416 0.00550055
internal_weight=8.80396 8.30941 4.45063 1.20725 3.24338 1.87828 3.85878 3.40951 1.45175 1.3651 0.863288 2.54622 1.03026 0.851202
internal_count=384 375 188 46 142 89 187 170 66 53 46 124 113 48
is_linear=0
shrinkage=0.1


Tree=384
num_leaves=12
num_cat=0
split_feature=6 6 6 6 5 6 6 6 3 1 2
split_gain=0.0336879 0.108369 0.156415 0.0503796 0.116901 0.0293844 0.0606771 4.16359e-05 2.33891e-05 3.21649e-06 3.01688e-07
threshold=81.65000000000002 80.300000000000026 71.750000000000014 65.700000000000003 31.850000000000005 66.100000000000009 71.600000000000009 65.250000000000014 0.81174490092936691 0.78656609248549303 -0.8783796973249266
decision_type=2 2 2 2 2 2 2 2 2 2 2
left_child=1 2 3 4 7 -5 -7 -1 9 10 -4
right_child=-2 -3 8 5 -6 6 -8 -9 -10 -11 -12
leaf_value=-0.080904643480230173 -0.016887746574469575 0.06197594177463446 -0.081211826922209948 0.085571651364199863 0.031895341336224667 -0.027766978465277412 0.070867718441711622 -0.084362969586902148 -0.083819238410373489 -0.081900184817483582 -0.080827385535020668
leaf_weight=0.080034348805156919 0.77222090065697546 0.30102565212291665 0.037061546177937998 0.10780613063252531 0.24291696259751916 0.12093046352310921 0.12879118189448491 0.061611918882135797 0.055394203021023714 0.076527300153429678 0.045439654634719773
leaf_count=168 35 11 11 5 9 70 3 6 8 20 38
internal_value=-0.000447644 0.00964778 -0.00682049 0.0149165 -0.0102064 0.0419392 0.0231028 -0.0824089 -0.0820496 -0.0814332 -0.0810001
internal_weight=2.02976 1.25754 0.956514 0.742091 0.384563 0.357528 0.249722 0.141646 0.214423 0.159029 0.0825012
internal_count=384 349 338 261 183 78 73 174 77 69 49
is_linear=0
shrinkage=0.1


Tree=385
num_leaves=19
num_cat=0
split_feature=5 6 6 2 0 0 5 5 5 0 6 8 0 8 8 6 5 5
split_gain=0.0440748 0.1881 0.141507 0.213541 0.0904433 0.0868307 0.049461 0.104243 0.0690414 0.273746 0.0808778 0.0964391 0.0276185 0.000179436 6.93027e-05 0.000112783 1.24694e-05 5.9722e-07
threshold=28.050000000000004 62.550000000000004 58.050000000000004 0.87837969732492682 0.91597561503675362 -0.98296291314453399 26.750000000000004 26.150000000000002 24.450000000000003 -0.91597561503675329 81.65000000000002 1.0000000180025095e-35 0.91597561503675362 1.0000000180025095e-35 1.0000000180025095e-35 53.600000000000009 28.550000000000004 28.350000000000005
decision_type=2 2 2 2 2 2 2 2 2 2 2 2 2 2 2 2 2 2
left_child=6 2 3 14 5 -4 7 8 10 -10 11 -1 -11 -3 -2 -16 -15 -7
right_child=1 13 4 -5 -6 17 -8 -9 9 12 -12 -13 -14 16 15 -17 -18 -19
leaf_value=-0.038000958673773212 -0.087401384375202396 -0.087095703742576233 0.083749152273522268 0.078513040937448569 0.086726905808520327 -0.080758519557520558 0.0167055389673713 -0.033709445051655428 -0.0044549274470437735 0.050469925318677444 0.018057446708848172 0.0015445513040140699 0.095705424793603361 -0.081398417004811846 -0.086062193404528017 -0.080680242632605481 -0.083054042928550023 -0.080203028974454166
leaf_weight=1.049308828689391 0.096889421343803406 0.13156651239842176 0.053452972322702408 0.1141968916344922 0.2466675341129303 0.03191574290394783 1.873527222429402 0.88157675709226158 1.4964911674614982 0.22620694027864519 1.0653036553412674 1.4957023172173634 0.33464309573173523 0.08856325107626617 0.10338051287180927 0.062462948520987993 0.093534013765747659 0.049175831074535381
leaf_count=21 1 3 1 8 3 3 26 20 24 55 22 31 2 11 18 47 36 52
internal_value=-5.23832e-05 -0.0191521 0.00779383 -0.0356539 0.0507535 -0.0151985 0.00237808 -0.00172055 0.00325517 0.017876 -0.00507653 -0.0147601 0.0774606 -0.0842819 -0.0852765 -0.0840351 -0.0822488 -0.0804217
internal_weight=9.49457 1.07181 0.758142 0.37693 0.381212 0.134545 8.42276 6.54923 5.66766 2.05734 3.61031 2.54501 0.56085 0.313664 0.262733 0.165843 0.182097 0.0810916
internal_count=384 183 133 74 59 56 201 175 155 81 74 52 57 50 66 65 47 55
is_linear=0
shrinkage=0.1


Tree=386
num_leaves=8
num_cat=0
split_feature=5 1 2 6 0 6 1
split_gain=0.0552194 0.0619928 0.0382615 1.17757e-09 2.5338e-11 1.60812e-11 1.14646e-11
threshold=24.050000000000004 0.78656609248549303 0.6078576107927941 79.250000000000014 0.91597561503675362 75.850000000000009 -0.98296291314453399
decision_type=2 2 2 2 2 2 2
left_child=2 3 -1 4 5 6 -2
right_child=1 -3 -4 -5 -6 -7 -8
leaf_value=-0.024593243397739935 -0.08001328515408225 0.080460188797465165 0.011084592849650115 -0.08006494914076133 -0.080018084250331994 -0.080016721614832309 -0.080007214743070862
leaf_weight=0.6316561612220537 0.0043938360322498511 0.14157401828560978 0.57348570153408218 0.0051349066998227491 0.005543306544495862 0.0032723853109928305 0.010657285025900135
leaf_count=35 27 37 17 10 31 16 211
internal_value=-7.80009e-05 0.0531747 -0.00761538 -0.0800215 -0.0800122 -0.0800104 -0.080009
internal_weight=1.37572 0.170576 1.20514 0.0290017 0.0238668 0.0183235 0.0150511
internal_count=384 332 52 295 285 254 238
is_linear=0
shrinkage=0.1


Tree=387
num_leaves=14
num_cat=0
split_feature=6 6 0 6 6 6 6 6 5 5 5 2 6
split_gain=0.0328603 0.173443 0.225397 0.0615156 0.102413 0.0743906 0.20526 0.0574924 0.284491 0.199347 1.04925e-06 1.71629e-07 6.82335e-09
threshold=71.600000000000009 75.850000000000009 -0.91597561503675329 68.050000000000011 69.450000000000017 66.100000000000009 64.750000000000014 59.550000000000004 27.800000000000001 30.850000000000005 23.550000000000004 -0.8783796973249266 77.750000000000014
decision_type=2 2 2 2 2 2 2 2 2 2 2 2 2
left_child=3 -2 -3 5 -5 6 7 9 -9 -1 -4 -12 -13
right_child=1 2 10 4 -6 -7 -8 8 -10 -11 11 12 -14
leaf_value=-0.017500397532672511 -0.082324065563379206 0.046423953229652683 -0.080713818740322504 0.043680281357502876 -0.0046340163178680595 -0.022754956617893507 0.062546063022804535 0.018835151484492385 -0.057128097559834806 0.03970171121180071 -0.080420219383126601 -0.080183691277598501 -0.080114534164671292
leaf_weight=1.4584809554144142 0.28910958343658499 0.48828228935599327 0.10116820491384715 0.84627088453271404 0.91107297572307289 1.4120989207585806 0.52256671989744052 1.0629127871943636 0.91952712410784432 1.0462943477905353 0.036753450032847468 0.025000814617669675 0.033228592004888924
leaf_count=64 35 6 15 24 22 24 15 17 61 31 12 17 41
internal_value=-1.31319e-05 -0.0173807 0.0100519 0.00205406 0.0186323 -0.00248257 0.00323157 -0.00367601 -0.0163993 0.00639406 -0.0804897 -0.080251 -0.0801442
internal_weight=9.15277 0.973543 0.684433 8.17922 1.75734 6.42188 5.00978 4.48722 1.98244 2.50478 0.196151 0.0949829 0.0582294
internal_count=384 126 91 258 46 212 188 173 78 95 85 70 58
is_linear=0
shrinkage=0.1


Tree=388
num_leaves=14
num_cat=0
split_feature=5 5 5 6 5 2 3 6 6 3 8 5 5
split_gain=0.0608346 0.0665165 0.295045 0.109502 0.271025 0.259753 0.216604 0.148511 0.0650267 0.0382371 0.0495328 0.00169237 2.6063e-06
threshold=22.950000000000003 27.800000000000001 23.850000000000005 59.550000000000004 30.250000000000004 0.6078576107927941 -0.22252093395631442 54.750000000000007 63.250000000000007 1.0000000180025095e-35 1.0000000180025095e-35 23.950000000000003 26.050000000000004
decision_type=2 2 2 2 2 2 2 2 2 2 2 2 2
left_child=-1 2 -2 6 5 8 -3 -8 -5 11 -11 -4 -13
right_child=1 3 9 4 -6 -7 7 -9 -10 10 -12 12 -14
leaf_value=0.024568334660371879 0.0035380650808566035 0.013423230876307674 -0.093013786760759609 -0.058049432440518939 0.090594474721352736 0.057570014059494579 -0.083327535939805061 -0.006427386391243288 -0.006981662214070066 0.020496772631727472 -0.08069694462725796 -0.080394808277706453 -0.080931138814669831
leaf_weight=0.91109755262732495 2.1951044546440248 1.6483280854881743 0.15869165631011117 0.40360606313333869 0.44858577647391928 0.56370042295020528 0.51028741238405906 0.49449176422785968 0.65237060049548745 0.092526566731976345 0.10136004872765625 0.19650038250983926 0.16813248793914681
leaf_count=10 33 39 2 27 25 15 18 36 26 15 32 73 33
internal_value=0.000144749 -0.00277026 -0.0146556 0.00456107 0.0218096 0.00275889 -0.0088852 -0.0454819 -0.0265003 -0.0703394 -0.0324053 -0.0843937 -0.0806421
internal_weight=8.54478 7.63369 2.91232 4.72137 2.06826 1.61968 2.65311 1.00478 1.05598 0.717211 0.193887 0.523325 0.364633
internal_count=384 374 188 186 93 68 93 54 53 155 47 108 106
is_linear=0
shrinkage=0.1


Tree=389
num_leaves=13
num_cat=0
split_feature=0 6 5 5 6 8 5 6 6 6 6 5
split_gain=0.035928 0.150276 0.0845335 0.0751888 0.133458 0.100375 0.0261214 0.0633272 5.27854e-06 1.43219e-06 2.56397e-07 2.28388e-08
threshold=-0.60355339059327362 80.65000000000002 23.750000000000004 23.650000000000002 83.90000000000002 1.0000000180025095e-35 24.350000000000005 56.650000000000013 77.500000000000014 78.750000000000014 71.600000000000009 24.050000000000004
decision_type=2 2 2 2 2 2 2 2 2 2 2 2
left_child=1 2 -1 -2 5 8 -7 -8 -5 10 11 -4
right_child=3 -3 9 4 -6 6 7 -9 -10 -11 -12 -13
leaf_value=0.026140962936601488 -0.029225911390515009 -0.08377255433861934 -0.080286202088688238 -0.08186458908366967 0.076552561997710281 0.083949531953967302 0.032898049131764161 -0.081756058936192089 -0.083156806939987171 -0.081231286615392501 -0.080539712550120823 -0.08009598979002458
leaf_weight=0.51036441138421662 0.32618388946866594 0.23507076508758473 0.0078901189845055342 0.06321438173745253 0.33025801397161558 0.056041400879621617 0.23613387658224383 0.060520620736042474 0.063230855050278478 0.021749826188170118 0.025741487261257134 0.031568804917924354
leaf_count=19 9 16 2 35 11 1 44 96 10 6 38 97
internal_value=-0.000260165 -0.0160419 0.0106132 0.0113079 0.0276428 -0.00606925 0.0213358 0.00950741 -0.0825108 -0.0805286 -0.0802942 -0.080134
internal_weight=1.96797 0.832385 0.597315 1.13558 0.809399 0.479141 0.352696 0.296654 0.126445 0.0869502 0.0652004 0.0394589
internal_count=384 178 162 206 197 186 141 140 45 143 137 99
is_linear=0
shrinkage=0.1


Tree=390
num_leaves=8
num_cat=0
split_feature=6 6 6 6 6 6 6
split_gain=0.0431348 0.113161 0.0438326 0.110944 0.106875 0.0885097 0.123746
threshold=83.550000000000011 80.65000000000002 75.850000000000009 71.950000000000017 78.750000000000014 71.250000000000014 69.450000000000017
decision_type=2 2 2 2 2 2 2
left_child=1 2 3 5 -4 6 -1
right_child=-2 -3 4 -5 -6 -7 -8
leaf_value=-0.0042825074167858615 -0.024576631443370276 0.045862771738707342 -0.055857319689383171 0.038062001686930656 0.012685449713226655 -0.039967886846435915 0.04142822615227592
leaf_weight=5.1127294012858293 0.66223775350954461 0.5483438692463104 0.45725697407033283 0.7450890828622504 0.45270564313977957 0.57988796290010203 0.66982866084435944
leaf_count=236 24 19 33 25 15 13 19
internal_value=1.21173e-05 0.00191311 -0.00109276 0.00155289 -0.0217573 -0.0027226 0.00101244
internal_weight=9.22808 8.56584 8.0175 7.10754 0.909963 6.36245 5.78256
internal_count=384 360 341 293 48 268 255
is_linear=0
shrinkage=0.1


Tree=391
num_leaves=8
num_cat=0
split_feature=5 1 2 6 0 6 1
split_gain=0.049748 0.0563575 0.0373251 8.13496e-10 1.85046e-11 1.22324e-11 8.33619e-12
threshold=24.050000000000004 0.78656609248549303 0.6078576107927941 79.250000000000014 0.91597561503675362 75.850000000000009 -0.98296291314453399
decision_type=2 2 2 2 2 2 2
left_child=2 3 -1 4 5 6 -2
right_child=1 -3 -4 -5 -6 -7 -8
leaf_value=-0.023203804675223844 -0.08001204963043429 0.080433924350106434 0.012571600780470009 -0.080057509268077254 -0.080016369997871942 -0.080015291007345557 -0.080006620679514362
leaf_weight=0.61466943534105645 0.0039763874974595411 0.13113875855924562 0.55490393846412189 0.00455671026429627 0.0050044971867464474 0.0029425907414406529 0.0097965975223817149
leaf_count=35 27 37 17 10 31 16 211
internal_value=0.000873196 0.0536501 -0.00623017 -0.0800191 -0.080011 -0.0800094 -0.0800082
internal_weight=1.32699 0.157416 1.16957 0.0262768 0.0217201 0.0167156 0.013773
internal_count=384 332 52 295 285 254 238
is_linear=0
shrinkage=0.1


Tree=392
num_leaves=8
num_cat=0
split_feature=6 6 5 1 6 6 3
split_gain=0.0408699 0.0712721 0.0889579 0.115354 0.0439179 0.0743142 0.00643112
threshold=53.95000000000001 55.850000000000001 30.450000000000003 -0.98296291314453399 60.750000000000007 66.100000000000009 -0.22252093395631442
decision_type=2 2 2 2 2 2 2
left_child=-1 -2 3 -3 -5 -6 -4
right_child=1 2 6 4 5 -7 -8
leaf_value=-0.024702956845628683 0.040027670949871218 0.044249418665221057 -0.01976971944421042 -0.028317884684090994 0.019497332750604494 -0.0053897728925761824 -0.035325390216865406
leaf_weight=0.61372990235395342 0.46614553029939809 0.64461192861199279 0.5679121401917655 0.51011905321502204 1.7393122050925738 3.8683916580885125 0.4995538220136948
leaf_count=25 18 6 23 41 61 191 19
internal_value=0.000197961 0.0020401 -0.000221458 0.00401341 -0.000226109 0.00232933 -0.0270495
internal_weight=8.90978 8.29605 7.8299 6.76243 6.11782 5.6077 1.06747
internal_count=384 359 341 299 293 252 42
is_linear=0
shrinkage=0.1


Tree=393
num_leaves=11
num_cat=0
split_feature=6 6 2 6 5 5 2 6 6 5
split_gain=0.0721349 0.0732634 0.0774937 0.197171 0.19186 0.220689 0.277211 0.16418 0.131472 0.0938753
threshold=50.500000000000007 84.500000000000014 -1.0000000180025095e-35 74.850000000000009 31.350000000000005 22.950000000000003 -0.60785761079279388 66.450000000000017 63.150000000000013 23.950000000000003
decision_type=2 2 2 2 2 2 2 2 2 2
left_child=-1 2 4 7 5 -2 -7 8 -4 -9
right_child=1 -3 3 -5 -6 6 -8 9 -10 -11
leaf_value=0.048800255007424576 0.084946023960515635 0.027979388988461674 -0.007514069685980178 -0.056873772191879349 0.071407947704003882 -0.030725421777294135 0.039155934973649796 0.059585039687250457 -0.073398993494206408 0.0034426969385897609
leaf_weight=0.2882204228080808 0.26223675161600191 0.73427022795658548 1.2578797465612304 0.86849698395235453 0.39339798930450331 2.0099352640936567 0.79108041035942678 0.47481686994433381 0.39892565292393545 0.79902072293043602
leaf_count=7 4 17 62 39 16 118 45 5 23 48
internal_value=-0.00034883 -0.00212175 -0.00516792 -0.0150256 0.0056665 -0.00277635 -0.0109891 -0.00262392 -0.0233778 0.0243695
internal_weight=8.27828 7.99006 7.25579 3.79914 3.45665 3.06325 2.80102 2.93064 1.65681 1.27384
internal_count=384 377 360 177 183 167 163 138 85 53
is_linear=0
shrinkage=0.1


Tree=394
num_leaves=14
num_cat=0
split_feature=0 6 6 5 6 8 6 6 5 5 1 3 6
split_gain=0.0306889 0.137927 0.083142 0.0695293 0.122469 0.0928125 0.0671731 0.135014 0.0245049 0.0578756 0.0124407 2.53166e-05 4.84525e-06
threshold=-0.60355339059327362 80.65000000000002 65.700000000000003 23.650000000000002 83.90000000000002 1.0000000180025095e-35 71.750000000000014 80.300000000000026 24.350000000000005 31.850000000000005 0.37940952255126026 0.81174490092936691 77.500000000000014
decision_type=2 2 2 2 2 2 2 2 2 2 2 2 2
left_child=1 2 -1 -2 5 12 10 11 -7 -10 -4 -8 -5
right_child=3 -3 6 4 -6 8 7 -9 9 -11 -12 -13 -14
leaf_value=-0.083261263241244388 -0.028231769760289745 -0.083423240003893229 0.033286861814706491 -0.081710842256835836 0.075596539045631767 0.083666688026361555 -0.080902725096068329 0.083308556546280485 -0.080916886547739708 0.031648318564870347 0.074213133580635568 -0.0837509967491675 -0.082995358460497937
leaf_weight=0.082085617950042544 0.32076582795707487 0.21513008230613195 0.13652906426250411 0.058064043494596151 0.31108833075268194 0.052380371838808171 0.074328344608147745 0.080263612559065223 0.056998668835149147 0.22993152658455074 0.16289029938343447 0.053789422923728125 0.059413424683043559
leaf_count=60 9 16 34 35 11 1 46 2 131 9 15 5 10
internal_value=-7.74255e-05 -0.0148815 0.0101156 0.0108697 0.0272036 -0.00575369 0.0252099 -0.0183876 0.0207694 0.00928725 0.0555516 -0.0820986 -0.0823605
internal_weight=1.89366 0.805016 0.589886 1.08864 0.767876 0.456788 0.507801 0.208381 0.339311 0.28693 0.299419 0.128118 0.117477
internal_count=384 178 162 206 197 186 102 53 141 140 49 51 45
is_linear=0
shrinkage=0.1


Tree=395
num_leaves=16
num_cat=0
split_feature=5 6 3 0 6 6 2 6 6 2 0 5 8 5 5
split_gain=0.0391779 0.168688 0.132721 0.0871409 0.0855553 0.0491633 0.0905232 0.165356 0.150246 0.197171 0.172035 0.0855245 0.000116488 7.94506e-06 9.99028e-07
threshold=28.050000000000004 62.550000000000004 1.0000000180025095e-35 0.91597561503675362 62.300000000000004 62.150000000000013 -0.60785761079279388 69.450000000000017 67.350000000000009 1.0000000180025095e-35 -0.91597561503675329 23.850000000000005 1.0000000180025095e-35 28.550000000000004 28.550000000000004
decision_type=2 2 2 2 2 2 2 2 2 2 2 2 2 2 2
left_child=5 2 3 4 14 -1 7 -7 -8 11 -11 -10 -3 -14 -2
right_child=1 12 -4 -5 -6 6 8 -9 9 10 -12 -13 13 -15 -16
leaf_value=-0.024315791463251173 -0.080745076860957318 -0.086125639343201651 -0.085295187364059263 0.05263956764885535 0.07795854950175507 -0.056208368755567117 0.032134969324746625 0.011104500236122368 0.0029568478476617358 0.018710984340954147 -0.034264226268149088 0.056588488921654502 -0.081327688741759455 -0.08270272323504467 -0.080150606913619804
leaf_weight=0.63984775170683672 0.06572729139588851 0.11684910440817475 0.12613650659841369 0.40978963673114777 0.04837030777707696 0.63368409889517241 2.0352071477682339 0.86052202060818672 0.54122254624962829 0.93011413933709164 1.7980943415022932 0.65983887296169996 0.08409875602228567 0.083986772546268185 0.049604523010202684
leaf_count=8 8 3 59 5 3 18 23 38 8 15 57 34 11 36 58
internal_value=-3.97696e-06 -0.0188398 0.00757574 0.0280022 -0.0336716 0.00228595 0.004568 -0.0174425 0.010082 -0.00134054 -0.0162037 0.032421 -0.0837006 -0.0820147 -0.0804894
internal_weight=9.08309 0.984563 0.699628 0.573492 0.163702 8.09853 7.45868 1.49421 5.96448 3.92927 2.72821 1.20106 0.284935 0.168086 0.115332
internal_count=384 183 133 74 69 201 193 56 137 114 72 42 50 47 66
is_linear=0
shrinkage=0.1


Tree=396
num_leaves=8
num_cat=0
split_feature=5 1 3 6 0 6 1
split_gain=0.0451424 0.0519542 0.0368679 5.56935e-10 1.31376e-11 1.2562e-11 6.09227e-12
threshold=24.050000000000004 0.78656609248549303 1.0000000180025095e-35 79.250000000000014 0.91597561503675362 75.850000000000009 -0.98296291314453399
decision_type=2 2 2 2 2 2 2
left_child=2 3 -1 4 5 6 -2
right_child=1 -3 -4 -5 -6 -7 -8
leaf_value=-0.025481597435572507 -0.080010983138907851 0.080407764685863775 0.010942572733240785 -0.080050741893137919 -0.08001495686529303 -0.080014871763791198 -0.080006132817706688
leaf_weight=0.50330152836977482 0.0036270782820791983 0.12159025948494673 0.62046490686770994 0.0040885757043724871 0.004590743970766197 0.0028459270142775503 0.0090537942846824499
leaf_count=24 27 37 28 10 31 16 211
internal_value=0.00142132 0.0537729 -0.00537073 -0.0800171 -0.0800103 -0.0800089 -0.0800075
internal_weight=1.26956 0.145796 1.12377 0.0242061 0.0201175 0.0155268 0.0126809
internal_count=384 332 52 295 285 254 238
is_linear=0
shrinkage=0.1


Tree=397
num_leaves=15
num_cat=0
split_feature=5 5 5 0 5 3 3 5 2 6 1 6 5 6
split_gain=0.034752 0.139147 0.063692 0.377092 0.103062 0.220107 0.0911272 0.0678532 0.0818053 0.193429 0.000117855 8.56619e-05 5.0513e-05 2.9981e-07
threshold=24.250000000000004 23.350000000000005 25.950000000000003 -1.0000000180025095e-35 25.350000000000005 1.0000000180025095e-35 -0.56174490092936669 26.850000000000005 0.6078576107927941 59.250000000000007 1.0000000180025095e-35 67.700000000000003 26.250000000000004 57.850000000000001
decision_type=2 2 2 2 2 2 2 2 2 2 2 2 2 2
left_child=1 -1 4 10 5 6 -2 -5 9 -9 12 -3 -4 -14
right_child=2 11 3 7 -6 -7 -8 8 -10 -11 -12 -13 13 -15
leaf_value=0.0083016188525225579 -0.088467969956521161 -0.084615003232086983 -0.082951792629460286 0.02909006590440999 0.04978307967405065 0.044587773559030118 -0.0071164146852256182 -0.020224605286582389 -0.02656682309436921 0.025506484202684573 -0.084475857095303322 -0.08086441772124002 -0.080264366787678454 -0.080538782344555318
leaf_weight=0.53957301867194551 0.25494747106131388 0.11413812742102891 0.1252282370114689 0.9589948523789652 0.6664910099498228 0.55421279725851491 0.29939414144609866 1.5863679787580625 0.93565124327869842 2.2181907546182629 0.1736467909959174 0.13054661265050527 0.050037222641549306 0.19485306258138735
leaf_count=17 22 5 7 9 22 19 23 37 25 38 13 39 36 72
internal_value=2.71485e-05 -0.0200636 0.00199227 -0.00276019 0.018707 2.32886e-05 -0.0445308 0.00483129 -7.65156e-05 0.00643822 -0.0823265 -0.082614 -0.0813181 -0.0804827
internal_weight=8.80227 0.784258 8.01802 6.24297 1.77505 1.10855 0.554342 5.6992 4.74021 3.80456 0.543765 0.244685 0.370119 0.24489
internal_count=384 61 323 237 86 64 45 109 100 75 128 44 115 108
is_linear=0
shrinkage=0.1


Tree=398
num_leaves=13
num_cat=0
split_feature=5 6 2 6 6 5 6 6 6 1 5 5
split_gain=0.0515038 0.0678741 0.0463523 0.265046 0.174129 0.159937 0.139018 0.205975 0.115669 0.166568 0.0854199 0.0208844
threshold=22.950000000000003 50.500000000000007 0.6078576107927941 66.450000000000017 68.050000000000011 28.450000000000003 62.300000000000004 59.550000000000004 81.65000000000002 0.60355339059327384 31.050000000000004 23.750000000000004
decision_type=2 2 2 2 2 2 2 2 2 2 2 2
left_child=-1 -2 6 5 -5 -4 7 10 9 -8 -3 -6
right_child=1 2 3 4 11 -7 8 -9 -10 -11 -12 -13
leaf_value=0.022980273374218391 0.045589088985741162 0.0098146212715272702 -0.086679939502303835 0.086368532262630415 -0.0040833589061145701 0.009685618761839215 -0.032605328241693488 0.06270577054947675 -0.087903388917182967 0.039512693857476029 -0.032236505966381827 0.026037917397538819
leaf_weight=0.84686668589711178 0.27559218870010216 1.1167003549344374 0.37712666389416005 0.42474540928378679 0.52398951351642609 0.31699606483743992 1.7549046498606919 0.51416699586843595 0.27886640762517334 0.3917535533037152 0.85133297173888411 0.41052241031138692
leaf_count=10 7 48 11 7 7 30 112 33 20 40 20 39
internal_value=-0.000353275 -0.00308386 -0.00501083 0.0076046 0.0332786 -0.0426711 -0.0102891 0.00634809 -0.027315 -0.0194442 -0.00837588 0.00914864
internal_weight=8.08356 7.2367 6.9611 2.05338 1.35926 0.694123 4.90772 2.4822 2.42552 2.14666 1.96803 0.934512
internal_count=384 374 367 94 53 41 273 101 172 152 68 46
is_linear=0
shrinkage=0.1


Tree=399
num_leaves=16
num_cat=0
split_feature=6 6 2 6 1 3 5 6 6 2 3 6 6 9 0
split_gain=0.0315792 0.0488415 0.0700925 0.0600292 0.106735 0.0707721 0.063723 0.0219699 0.0497234 0.0473184 0.0204106 2.5326e-05 1.30019e-05 6.51755e-06 2.48909e-07
threshold=51.45000000000001 65.700000000000003 -0.8783796973249266 71.750000000000014 0.78656609248549303 -0.56174490092936669 23.650000000000002 66.100000000000009 71.600000000000009 -0.8783796973249266 1.0000000180025095e-35 65.250000000000014 83.100000000000009 1.0000000180025095e-35 0.60355339059327384
decision_type=2 2 2 2 2 2 2 2 2 2 2 2 2 2 2
left_child=-1 2 -2 7 5 -5 -6 -3 9 -9 -8 13 -7 14 -4
right_child=1 3 11 4 6 12 10 8 -10 -11 -12 -13 -14 -15 -16
leaf_value=0.042874783796109497 0.062859300767154624 0.083034348831374505 -0.080523628032766692 0.0065188472896488773 -0.022436856619640684 -0.082026420496788585 0.016646357651679104 0.052681807472629585 0.068892592544353481 -0.080846374844200333 0.059188573005023372 -0.083978664815174076 -0.083503156574404672 -0.082350676835077283 -0.080974044919471577
leaf_weight=0.16002608713461097 0.042543581972495303 0.089451849817123619 0.041373593149046317 0.13787683628834169 0.29166959153371863 0.10041929866929433 0.22965465950346697 0.045968675058247754 0.12030876940116286 0.06278855750861112 0.22159287251724891 0.056641824849521072 0.1467499273858266 0.037037270849396009 0.017441145323573437
leaf_count=10 30 5 98 23 8 43 30 14 3 56 12 6 7 15 24
internal_value=0.000470939 -0.00366287 -0.0506381 0.00267107 -0.00815433 -0.0508831 0.0139915 0.0410069 0.024595 -0.0244077 0.0375374 -0.0823022 -0.0829032 -0.0813116 -0.0806572
internal_weight=1.80154 1.64152 0.195037 1.44648 1.12796 0.385046 0.742917 0.318518 0.229066 0.108757 0.451248 0.152494 0.247169 0.095852 0.0588147
internal_count=384 374 173 201 123 73 50 78 73 70 42 143 50 137 122
is_linear=0
shrinkage=0.1


Tree=400
num_leaves=9
num_cat=0
split_feature=6 6 6 5 6 6 5 5
split_gain=0.0388916 0.0915071 0.0460458 0.185247 0.118659 0.0975406 0.0784575 0.0619037
threshold=83.550000000000011 80.65000000000002 75.850000000000009 23.350000000000005 78.300000000000026 71.950000000000017 23.750000000000004 24.550000000000004
decision_type=2 2 2 2 2 2 2 2
left_child=1 2 5 -4 -5 6 -1 -8
right_child=-2 -3 3 4 -6 -7 7 -9
leaf_value=-0.036783408185675291 -0.023939702132435178 0.042651528207508435 -0.084574617009588987 -0.035796990568358125 0.057041954058069722 0.03723005064607432 0.032750342130145903 -0.001989633301008788
leaf_weight=0.58856563176959564 0.62257299351040352 0.51830770997912612 0.30879466875921924 0.26646599193918519 0.28482831944711506 0.70414770909701463 0.57267948461230833 4.9162431616114191
leaf_count=10 24 19 8 26 14 25 13 245
internal_value=0.000151963 0.00199005 -0.00076786 -0.0225648 0.0121686 0.00199656 -0.00208565 0.00163492
internal_weight=8.78261 8.16003 7.64172 0.860089 0.551294 6.78164 6.07749 5.48892
internal_count=384 360 341 48 40 293 268 258
is_linear=0
shrinkage=0.1


Tree=401
num_leaves=10
num_cat=0
split_feature=5 3 3 5 6 6 5 1 1
split_gain=0.0445211 0.0432891 0.0619989 0.160559 0.0974743 0.122388 0.0611757 0.0428814 0.00692944
threshold=22.450000000000006 0.81174490092936691 1.0000000180025095e-35 23.750000000000004 83.90000000000002 80.65000000000002 23.950000000000003 0.9159756150367534 0.9159756150367534
decision_type=2 2 2 2 2 2 2 2 2
left_child=-1 2 4 -4 5 7 -5 -2 -8
right_child=1 -3 3 6 -6 -7 8 -9 -10
leaf_value=-0.08394708634496939 -0.063442326901034574 -0.059361363210422596 0.076693242184025304 -0.08430101075553037 -0.05658771591053903 0.079033053003179157 -0.017835837496470549 0.08080801766932072 0.08088856425159642
leaf_weight=0.057043937893468066 0.13087994765010058 0.092039057103647681 0.33955502399476245 0.1130982973263599 0.25397352648724336 0.18933307619590778 0.0091783058596774936 0.02445923481718637 0.031544713187031448
leaf_count=3 193 34 11 5 13 16 94 9 6
internal_value=0.002343 0.00650015 0.0120512 0.0382977 -0.00958002 0.0250578 -0.0464591 -0.0407291 0.0586377
internal_weight=1.24111 1.18406 1.09202 0.493376 0.598646 0.344672 0.153821 0.155339 0.040723
internal_count=384 381 347 116 231 218 105 202 100
is_linear=0
shrinkage=0.1


Tree=402
num_leaves=14
num_cat=0
split_feature=1 1 2 6 6 6 6 6 5 0 6 5 2
split_gain=0.0299003 0.256845 0.0548176 0.0792279 0.204551 0.155889 0.14451 0.000211797 1.16778e-05 2.32317e-06 5.75306e-07 3.85189e-07 1.70911e-08
threshold=-0.98296291314453399 -0.37940952255126015 0.87837969732492682 68.700000000000003 66.100000000000009 71.600000000000009 75.850000000000009 63.550000000000004 28.250000000000004 0.12940952255126059 63.150000000000013 30.850000000000005 -0.8783796973249266
decision_type=2 2 2 2 2 2 2 2 2 2 2 2 2
left_child=-1 8 3 4 7 -5 -7 -3 -2 11 -11 12 -10
right_child=1 2 -4 5 -6 6 -8 -9 9 10 -12 -13 -14
leaf_value=0.0094017041755530637 -0.082186710730288451 0.019556187376956656 -0.021145502328279178 0.049177107045269113 -0.033923724868453423 -0.082206491157346614 0.014709233628039768 0.017352406217519399 -0.080254770179777737 -0.080782617600339557 -0.081105836229485584 -0.080555767385527041 -0.080139900319632265
leaf_weight=2.4429195141419768 0.066368371255521086 0.88176370106521085 0.88518805802868872 0.989784682751633 1.3010340329492462 0.20640568196540698 0.60429134806690854 0.86282539984676987 0.019561411521863192 0.13214954106297228 0.094411805941490456 0.050919344459543936 0.038338801212375984
leaf_count=27 6 24 34 23 20 27 79 17 13 40 9 16 49
internal_value=4.59368e-05 -0.00368066 0.00173746 0.00591725 -0.00391378 0.022547 -0.00996578 0.0184663 -0.0809747 -0.0807349 -0.0809173 -0.0803551 -0.0801787
internal_weight=8.57596 6.13304 5.73129 4.8461 3.04562 1.80048 0.810697 1.74459 0.401749 0.335381 0.226561 0.10882 0.0579002
internal_count=384 357 224 190 61 129 106 41 133 127 49 78 62
is_linear=0
shrinkage=0.1


Tree=403
num_leaves=16
num_cat=0
split_feature=6 2 6 5 2 5 6 6 5 5 5 6 5 6 6
split_gain=0.0587875 0.0959998 0.174143 0.14351 0.15518 0.264796 0.149822 0.124775 0.0898551 0.315374 0.0792197 0.156374 0.0543878 0.09624 1.90311e-05
threshold=84.500000000000014 -1.0000000180025095e-35 74.850000000000009 22.950000000000003 -0.60785761079279388 28.050000000000004 56.650000000000013 67.250000000000014 24.050000000000004 28.550000000000004 23.950000000000003 68.950000000000017 28.150000000000002 59.750000000000007 73.15000000000002
decision_type=2 2 2 2 2 2 2 2 2 2 2 2 2 2 2
left_child=1 3 7 -1 5 14 -7 12 -6 -10 -9 -12 -3 -14 -5
right_child=-2 2 -4 4 8 6 -8 10 9 -11 11 -13 13 -15 -16
leaf_value=0.0843383944167546 0.027173977799001686 -0.04253527765724098 -0.055051538429680247 -0.082942346239006357 0.085470712151145989 -0.031955706720722336 0.025102626076635756 0.058499454742087113 -0.068780097837711704 0.085377489596893341 0.05547615989514959 -0.060018822942180243 -0.026069596120147399 0.029567908502920903 -0.084376161900874644
leaf_weight=0.23310393467545543 0.69190030320896756 0.5895647583165563 0.82607268292667857 0.14488941312447501 0.28921906277537335 0.70900764528778415 1.3113199743238508 0.43535559996962536 0.24038514251878951 0.29626387180178426 0.24089978060510475 0.2283561151343747 0.86789804461295694 0.48443476932152407 0.25636789207419497
leaf_count=4 17 27 39 27 3 26 57 5 30 15 11 32 40 27 24
internal_value=-0.000659751 -0.00335202 -0.0146298 0.00854801 0.00310774 -0.00965817 0.00507875 -0.00289925 0.0405395 0.0163245 0.0277761 -0.000727685 -0.017189 -0.00613904 -0.0838584
internal_weight=7.84504 7.15314 3.67258 3.48056 3.24745 2.42158 2.02033 2.84651 0.825868 0.536649 0.904611 0.469256 1.9419 1.35233 0.401257
internal_count=384 367 181 186 182 134 83 142 48 45 48 43 94 67 51
is_linear=0
shrinkage=0.1


Tree=404
num_leaves=11
num_cat=0
split_feature=6 6 6 6 2 5 6 3 1 8
split_gain=0.0320984 0.0948603 0.125806 0.0376926 0.0792548 0.0357225 0.0225714 1.31212e-05 1.76912e-06 3.32694e-07
threshold=81.65000000000002 80.300000000000026 71.750000000000014 71.600000000000009 1.0000000180025095e-35 32.45000000000001 50.500000000000007 0.81174490092936691 0.78656609248549303 1.0000000180025095e-35
decision_type=2 2 2 2 2 2 2 2 2 2
left_child=1 2 3 4 6 -6 -1 8 9 -4
right_child=-2 -3 7 -5 5 -7 -8 -9 -10 -11
leaf_value=0.068461680523408022 -0.016976203006540812 0.063534228689820185 -0.080507505191628109 0.066837537018342802 -0.081992624372202061 0.033733354781780286 0.013151475860070825 -0.083126459695676169 -0.081534881723754837 -0.080971191300174578
leaf_weight=0.10315446311142273 0.66199096904529153 0.26031005481490865 0.025738435954281158 0.11383880721405149 0.12105492275509278 0.034211755497381091 0.25911349657076244 0.045908406159924198 0.061792083470209036 0.038800160819846496
leaf_count=4 35 11 8 3 104 3 147 8 20 41
internal_value=0.000312463 0.0110698 -0.00592477 0.0147409 0.00328156 -0.0564933 0.0289009 -0.0816786 -0.0811524 -0.0807863
internal_weight=1.72591 1.06392 0.803613 0.631373 0.517535 0.155267 0.362268 0.172239 0.126331 0.0645386
internal_count=384 349 338 261 258 107 151 77 69 49
is_linear=0
shrinkage=0.1


Tree=405
num_leaves=19
num_cat=0
split_feature=5 6 6 2 0 0 5 6 5 5 6 0 6 8 8 6 5 0
split_gain=0.0333928 0.149648 0.126633 0.175851 0.076617 0.0705872 0.0523317 0.089628 0.101091 0.249239 0.10492 0.127927 0.0899253 6.34661e-05 5.56433e-05 6.63858e-05 4.28964e-06 2.37946e-07
threshold=28.050000000000004 62.550000000000004 58.050000000000004 0.87837969732492682 0.91597561503675362 -0.98296291314453399 26.750000000000004 66.65000000000002 24.650000000000002 26.350000000000005 71.950000000000017 -0.91597561503675329 68.950000000000017 1.0000000180025095e-35 1.0000000180025095e-35 53.600000000000009 28.550000000000004 -0.70710678118654735
decision_type=2 2 2 2 2 2 2 2 2 2 2 2 2 2 2 2 2 2
left_child=6 2 3 14 5 -4 7 -1 10 12 -9 -12 -10 -3 -2 -16 -15 -7
right_child=1 13 4 -5 -6 17 -8 8 9 -11 11 -13 -14 16 15 -17 -18 -19
leaf_value=-0.02514786025572905 -0.08656981220016359 -0.085032422247381903 0.082995645709901922 0.075765647361881558 0.085798877531681694 -0.080511235850591445 0.017477562786253415 -0.041664192016510289 0.091122338399849859 -0.029740672244701116 0.036090944514390481 -0.012990676902798818 0.030188276543750739 -0.081293041438966943 -0.085053480117795732 -0.080588569480082403 -0.082347033852547047 -0.080119714563442704
leaf_weight=1.3224520896328611 0.087663814425468445 0.099688556976616383 0.043489053845405579 0.097463178346515633 0.21687476709485054 0.043301873680320568 1.7493238361785186 0.65459122555330429 0.4027598565444348 0.53875752797466692 0.80094904359430064 1.5758037887717367 0.60750849629403092 0.080750278255436569 0.088001793803414219 0.053572579323372338 0.074000677897856804 0.02419659418228548
leaf_count=21 1 3 1 8 3 12 26 18 5 8 10 54 59 11 18 47 36 43
internal_value=0.000134053 -0.0179864 0.00731056 -0.0367518 0.0512169 -0.0163578 0.00228659 -0.00221531 0.00440582 0.0251881 -0.006214 0.00354949 0.0544806 -0.0830647 -0.0845899 -0.0833639 -0.0817971 -0.0803709
internal_weight=8.56115 0.909003 0.654564 0.326701 0.327862 0.110988 7.65215 5.90282 4.58037 1.54903 3.03134 2.37675 1.01027 0.25444 0.229238 0.141574 0.154751 0.0674985
internal_count=384 183 133 74 59 56 201 175 154 72 82 64 64 50 66 65 47 55
is_linear=0
shrinkage=0.1


Tree=406
num_leaves=8
num_cat=0
split_feature=5 1 3 6 0 6 1
split_gain=0.0434663 0.045846 0.0312294 4.21514e-10 7.47009e-12 9.97442e-12 3.87051e-12
threshold=24.050000000000004 0.78656609248549303 1.0000000180025095e-35 79.250000000000014 0.91597561503675362 75.850000000000009 -0.98296291314453399
decision_type=2 2 2 2 2 2 2
left_child=2 3 -1 4 5 6 -2
right_child=1 -3 -4 -5 -6 -7 -8
leaf_value=-0.024159504181037742 -0.080009493954609198 0.080401374163803538 0.010965721263520016 -0.080046261120954421 -0.080012776513527686 -0.080013479104499796 -0.080005335299985367
leaf_weight=0.46385406634726656 0.0031263584314727968 0.11407510176650248 0.55714738450478762 0.0036592147007468148 0.003919952532669412 0.0025312028410553475 0.0078762687830933337
leaf_count=24 27 37 28 10 31 16 211
internal_value=0.00206322 0.0553483 -0.00499212 -0.0800154 -0.0800089 -0.0800078 -0.0800065
internal_weight=1.15619 0.135188 1.021 0.021113 0.0174538 0.0135338 0.0110026
internal_count=384 332 52 295 285 254 238
is_linear=0
shrinkage=0.1


Tree=407
num_leaves=13
num_cat=0
split_feature=6 2 2 6 6 3 3 6 6 6 5 6
split_gain=0.0339885 0.238951 0.170114 0.125875 0.115012 0.0628024 0.142583 0.112931 0.16808 0.10496 0.0849691 5.48781e-06
threshold=69.450000000000017 0.87837969732492682 1.0000000180025095e-35 68.050000000000011 77.850000000000009 -0.56174490092936669 0.81174490092936691 56.500000000000007 62.900000000000006 65.500000000000014 27.800000000000001 71.750000000000014
decision_type=2 2 2 2 2 2 2 2 2 2 2 2
left_child=3 2 4 5 11 9 7 -7 -9 10 -1 -2
right_child=1 -3 -4 -5 -6 6 -8 8 -10 -11 -12 -13
leaf_value=0.023004516326541768 -0.082310481903534197 -0.088904511452017831 0.03833906672310311 0.041863536115046868 0.0035825618057192463 0.030524130167129532 0.055453603055664262 -0.037477473535465038 0.013830308237556092 -0.046323384197902551 -0.028109864569856709 -0.081404017276547377
leaf_weight=0.75619286298751809 0.12520238570868947 0.33001265920393041 0.74505183403380215 0.75347632974444412 0.3822361481943517 0.83254811439110321 0.50595241206610797 1.2800875762550279 1.2738667487647033 0.72361751657444973 0.57063073003155296 0.14314942127020913
leaf_count=10 11 25 39 24 37 37 16 62 38 8 41 36
internal_value=0.000133868 -0.0123803 0.00571463 0.00335876 -0.0316468 -0.00152311 0.00593795 -0.00145982 -0.0118861 -0.0156868 0.00102161 -0.0818269
internal_weight=8.42202 1.72565 1.39564 6.69637 0.650588 5.9429 3.89245 3.3865 2.55395 2.05044 1.32682 0.268352
internal_count=384 148 123 236 84 212 153 137 100 59 51 47
is_linear=0
shrinkage=0.1


Tree=408
num_leaves=11
num_cat=0
split_feature=0 0 8 2 5 0 2 5 6 5
split_gain=0.0505676 0.165681 0.077474 0.21577 0.18498 0.155936 0.111559 0.101716 0.0935759 0.0132666
threshold=0.91597561503675362 0.12940952255126059 1.0000000180025095e-35 -1.0000000180025095e-35 23.650000000000002 -0.5 1.0000000180025095e-35 26.050000000000004 62.550000000000004 30.450000000000003
decision_type=2 2 2 2 2 2 2 2 2 2
left_child=1 2 6 4 -4 7 -1 -5 -6 -3
right_child=-2 9 3 5 8 -7 -8 -9 -10 -11
leaf_value=-0.0078707536635520461 -0.020867279270858297 0.081438269256878512 0.081112346392546109 -0.075670895091271395 0.013593345745718917 -0.0025252221092244998 0.043043408285559304 -0.002833431091802304 -0.034373750500860799 0.04239158674086882
leaf_weight=0.8943346201067468 1.0671925338101571 0.23771126133215137 0.33184305205941189 0.82095151889006868 1.5109385711548386 0.91980842242264871 0.82952795966411941 0.25014304416254163 0.55649595278373443 0.13725788281590212
leaf_count=29 31 28 6 54 50 38 18 40 66 24
internal_value=-0.000695138 0.0026224 -0.00133473 -0.00838854 0.0118062 -0.0327257 0.0166293 -0.0586605 0.000681936 0.0671452
internal_weight=7.5562 6.48901 6.11404 4.39018 2.39928 1.9909 1.72386 1.07109 2.06743 0.374969
internal_count=384 353 301 254 122 132 47 94 116 52
is_linear=0
shrinkage=0.1


Tree=409
num_leaves=13
num_cat=0
split_feature=5 0 6 5 6 6 3 5 5 6 6 5
split_gain=0.0297095 0.0269309 0.116733 0.0736126 0.0353703 0.0979762 0.000502416 2.42496e-06 2.62247e-06 5.93205e-07 7.30631e-08 5.74393e-09
threshold=23.150000000000002 -0.60355339059327362 80.65000000000002 23.750000000000004 80.300000000000026 56.650000000000013 -0.22252093395631442 32.45000000000001 23.950000000000003 71.600000000000009 71.750000000000014 25.850000000000005
decision_type=2 2 2 2 2 2 2 2 2 2 2 2
left_child=-1 2 3 -2 5 6 -3 8 -7 11 -11 -5
right_child=1 4 -4 9 -6 7 -8 -9 -10 10 -12 -13
leaf_value=-0.080751566552810489 0.028461857529209142 0.033970445899397593 -0.082778459471259933 -0.080144798431723785 0.028372981183113363 -0.08153855600105564 0.024112289874138007 -0.082208386164299319 -0.080367478040611007 -0.080857803726257116 -0.080576599451933267 -0.080059275633163174
leaf_weight=0.04394457323360268 0.41779381223022927 0.11899538139277865 0.1753469835020951 0.021688450307919993 0.59038481004245114 0.067982753738760948 0.09141191879280075 0.032677076756954193 0.026606059345340327 0.015081726713106036 0.02385258842332405 0.012310807576341176
leaf_count=14 12 20 14 25 25 3 25 1 127 2 42 74
internal_value=0.000361425 0.00259742 -0.0127448 0.0122796 0.0136087 -0.0122051 0.0296875 -0.0814657 -0.0812092 -0.080419 -0.0806855 -0.0801138
internal_weight=1.63808 1.59413 0.666074 0.490727 0.928058 0.337673 0.210407 0.127266 0.0945888 0.0729336 0.0389343 0.0339993
internal_count=384 370 169 155 201 176 45 131 130 143 44 99
is_linear=0
shrinkage=0.1


Tree=410
num_leaves=13
num_cat=0
split_feature=2 5 5 1 6 5 5 6 0 5 0 0
split_gain=0.0348323 0.121202 0.0533972 0.136936 0.072661 0.115089 0.0863002 0.174295 0.0455293 0.0216929 0.0301114 0.101397
threshold=-0.8783796973249266 23.850000000000005 23.850000000000005 0.37940952255126026 64.750000000000014 26.650000000000002 26.850000000000005 61.250000000000007 -0.70710678118654735 23.950000000000003 -0.78656609248549303 -0.60355339059327362
decision_type=2 2 2 2 2 2 2 2 2 2 2 2
left_child=1 -1 -2 4 6 -6 -4 -8 -3 -5 -11 -12
right_child=2 8 3 9 5 -7 7 -9 -10 10 11 -13
leaf_value=0.04821113360864393 -0.011078746434258067 -0.023295940268819839 -0.014260865231859973 0.09241498764212322 0.0095740455018942863 -0.029738456937815284 0.0034733276007532414 0.079285627310511267 -0.084080104161850119 0.081049832650331541 0.080514731179570573 -0.080273980323097099
leaf_weight=0.18670304585248221 2.2300662536290474 0.3383671612245962 0.56781705655157555 0.14536555111408223 1.7759007919230501 1.2824517650697087 0.79021188509250329 0.49210261216285289 0.19381109028836363 0.13041548832552508 0.098746328731067479 0.065062289402703755
leaf_count=5 38 21 8 1 28 37 99 32 42 19 20 34
internal_value=-7.51344e-05 -0.0211121 0.00192048 0.00734096 0.00255235 -0.00691077 0.0181953 0.0325672 -0.0454326 0.0608109 0.0451964 0.0166519
internal_weight=8.29702 0.718881 7.57814 5.34807 4.90848 3.05835 1.85013 1.28231 0.532178 0.43959 0.294224 0.163809
internal_count=384 68 316 278 204 65 139 131 63 74 73 54
is_linear=0
shrinkage=0.1


Tree=411
num_leaves=8
num_cat=0
split_feature=5 1 3 6 0 6 1
split_gain=0.0399051 0.0418423 0.0272869 3.06168e-10 6.06402e-12 8.37905e-12 3.02378e-12
threshold=24.050000000000004 0.78656609248549303 1.0000000180025095e-35 79.250000000000014 0.91597561503675362 75.850000000000009 -0.98296291314453399
decision_type=2 2 2 2 2 2 2
left_child=2 3 -1 4 5 6 -2
right_child=1 -3 -4 -5 -6 -7 -8
leaf_value=-0.022463687855597977 -0.08000866864654782 0.080371224443857081 0.010670942406114126 -0.08004163001016773 -0.080011854644590374 -0.080012585080374593 -0.080004820166848012
leaf_weight=0.44996702519347287 0.0028596354914042213 0.10587371201836504 0.55519363857456483 0.0033173325027746605 0.0035793045935861292 0.0023257564098457814 0.0071369748616236803
leaf_count=24 27 37 28 10 31 16 211
internal_value=0.00246664 0.0557299 -0.004162 -0.080014 -0.0800082 -0.0800072 -0.0800059
internal_weight=1.13025 0.125093 1.00516 0.019219 0.0159017 0.0123224 0.00999661
internal_count=384 332 52 295 285 254 238
is_linear=0
shrinkage=0.1


Tree=412
num_leaves=10
num_cat=0
split_feature=6 1 6 3 5 6 6 5 5
split_gain=0.0343321 0.0638025 0.100333 0.0998737 0.0736084 0.255994 0.211374 0.163629 0.000937903
threshold=53.95000000000001 -0.98296291314453399 60.750000000000007 1.0000000180025095e-35 27.800000000000001 66.65000000000002 66.100000000000009 26.850000000000005 28.150000000000002
decision_type=2 2 2 2 2 2 2 2 2
left_child=-1 -2 3 -3 6 8 -4 -8 -6
right_child=1 2 4 -5 5 -7 7 -9 -10
leaf_value=-0.023077852140145353 0.018668388241298069 -0.084368361165671674 0.039375146725834316 -0.0037342346025748467 -0.092240371881847416 0.035364101523290691 0.0018246329841109751 -0.061927863312274678 -0.081914947901690877
leaf_weight=0.56889899700763624 1.830579290166497 0.28439196782346687 1.3618908524513242 0.3340225749561796 0.14702046359889198 0.33027417795528891 2.6701939506747299 0.47407105392358051 0.21903206828574184
leaf_count=25 20 38 26 36 2 23 160 9 45
internal_value=0.000622744 0.00238492 -0.00273597 -0.0408157 0.00179053 -0.0284685 0.00646639 -0.00778754 -0.086062
internal_weight=8.22038 7.65148 5.8209 0.618415 5.20248 0.696327 4.50616 3.14427 0.366053
internal_count=384 359 339 74 265 70 195 169 47
is_linear=0
shrinkage=0.1


Tree=413
num_leaves=7
num_cat=0
split_feature=5 6 6 6 6 2
split_gain=0.0453589 0.0511858 0.120651 0.119405 0.137666 0.102706
threshold=22.950000000000003 53.95000000000001 55.850000000000001 57.550000000000004 58.350000000000009 0.6078576107927941
decision_type=2 2 2 2 2 2
left_child=-1 -2 -3 -4 -5 -6
right_child=1 2 3 4 5 -7
leaf_value=0.022597212248916167 0.021059370265763811 -0.061147739771495048 0.054160024916681759 -0.065401406823261052 -0.012608290979393713 0.018587266112790404
leaf_weight=0.73490745201706875 0.74660681941895735 0.38108755904249836 0.34308916835288972 0.37151165091199789 3.1600446668453515 1.5846042260709507
leaf_count=10 25 18 26 11 217 77
internal_value=-0.000966652 -0.00359568 -0.00674749 -0.00295003 -0.00677983 -0.00218969
internal_weight=7.32185 6.58694 5.84034 5.45925 5.11616 4.74465
internal_count=384 374 349 331 305 294
is_linear=0
shrinkage=0.1


Tree=414
num_leaves=12
num_cat=0
split_feature=6 6 6 6 5 6 6 6 3 1 8
split_gain=0.0256863 0.0820174 0.104633 0.0360041 0.0955668 0.018063 0.0381111 2.42852e-05 1.07762e-05 1.03724e-06 1.54181e-07
threshold=81.65000000000002 80.300000000000026 71.750000000000014 65.700000000000003 31.850000000000005 66.100000000000009 71.600000000000009 65.250000000000014 0.81174490092936691 0.78656609248549303 1.0000000180025095e-35
decision_type=2 2 2 2 2 2 2 2 2 2 2
left_child=1 2 3 4 7 -5 -7 -1 9 10 -4
right_child=-2 -3 8 5 -6 6 -8 -9 -10 -11 -12
leaf_value=-0.080743752401259583 -0.016136426376291452 0.062051633106966944 -0.080457427283082861 0.081463388562900113 0.031244715732868925 -0.024492597326153259 0.064803777442522886 -0.08364222217176677 -0.082850185678387644 -0.081283173105587636 -0.080797603601435786
leaf_weight=0.064729657138286711 0.61353677262741257 0.23070825729519129 0.022785561014643463 0.074759077280759811 0.20497611118480563 0.088862025196249306 0.10342074808431789 0.052233653897474142 0.042068125711466564 0.050874569431471173 0.032085127347727393
leaf_count=168 35 11 8 5 9 70 3 6 8 20 41
internal_value=-0.000130324 0.0100199 -0.00627255 0.012606 -0.00991191 0.039753 0.0235361 -0.0820382 -0.0814965 -0.0809579 -0.0806563
internal_weight=1.58104 0.967503 0.736795 0.588981 0.321939 0.267042 0.192283 0.116963 0.147813 0.105745 0.0548707
internal_count=384 349 338 261 183 78 73 174 77 69 49
is_linear=0
shrinkage=0.1


Tree=415
num_leaves=14
num_cat=0
split_feature=5 6 3 5 6 5 5 5 0 6 2 0 3
split_gain=0.0403494 0.123779 0.108925 0.0724578 0.115214 0.0325158 0.0624955 0.0590755 0.21784 0.0649288 0.0987072 0.0147117 2.98819e-05
threshold=28.050000000000004 62.550000000000004 -1.0000000180025095e-35 28.450000000000003 58.050000000000004 26.750000000000004 26.150000000000002 24.450000000000003 -0.91597561503675329 81.65000000000002 1.0000000180025095e-35 0.91597561503675362 1.0000000180025095e-35
decision_type=2 2 2 2 2 2 2 2 2 2 2 2 2
left_child=5 2 3 -2 -5 6 7 9 -9 10 -1 -10 -3
right_child=1 12 -4 4 -6 -7 -8 8 11 -11 -12 -13 -14
leaf_value=-0.033777773057225867 0.065410872195870315 -0.08175691714646717 -0.084837847476627593 -0.083394334668398379 0.053877748472453003 0.014550394144379112 -0.027401739290220325 -0.003026438246771717 0.054868372332990779 0.016788047057455621 0.0094043644096249782 0.091736586283667765 -0.084033044744784666
leaf_weight=1.215333343025123 0.22613501432351768 0.1271938546851743 0.11271346928333503 0.11941227155693923 0.12529758010350633 1.6744711744831873 0.78997371948207717 1.3275165214436122 0.17835318030847735 0.91838611662387837 0.9378230865986551 0.27529044449329376 0.10553642402192054
leaf_count=26 8 29 59 36 30 26 20 24 55 22 26 2 21
internal_value=-3.92706e-05 -0.021127 0.00346455 0.0246029 -0.0131076 0.00231324 -0.00131814 0.00292802 0.017417 -0.00547403 -0.0149695 0.0772416 -0.0827891
internal_weight=8.13344 0.816289 0.583558 0.470845 0.24471 7.31715 5.64268 4.8527 1.78116 3.07154 2.15316 0.453644 0.23273
internal_count=384 183 133 74 66 201 175 155 81 74 52 57 50
is_linear=0
shrinkage=0.1


Tree=416
num_leaves=8
num_cat=0
split_feature=1 6 6 5 6 5 0
split_gain=0.0398249 0.022487 1.35842e-07 3.57758e-08 2.32922e-10 1.79146e-11 5.16245e-12
threshold=0.78656609248549303 81.65000000000002 83.100000000000009 23.650000000000002 78.750000000000014 24.050000000000004 0.91597561503675362
decision_type=2 2 2 2 2 2 2
left_child=2 -2 3 -1 5 -5 -7
right_child=1 -3 -4 4 -6 6 -8
leaf_value=-0.080214060389858788 -0.014132747380956545 0.016825124771582354 -0.080430716106053568 -0.080019690785763778 -0.080035731133143773 -0.080006385152950929 -0.080010898479594014
leaf_weight=0.016439214512502187 0.35405277321115114 0.6956363472272642 0.019941157370340079 0.0012974447236047118 0.003908396054612239 0.011051696926188015 0.003288408857770265
leaf_count=19 33 22 9 5 13 252 31
internal_value=0.00200245 0.00638325 -0.0802214 -0.0801053 -0.0800139 -0.0800084 -0.0800074
internal_weight=1.10562 1.04969 0.0559263 0.0359852 0.0195459 0.0156376 0.0143401
internal_count=384 55 329 320 301 288 283
is_linear=0
shrinkage=0.1


Tree=417
num_leaves=13
num_cat=0
split_feature=5 5 3 6 6 2 6 2 5 5 6 6
split_gain=0.0347712 0.12033 0.0552422 0.0640074 0.210588 0.263032 0.184851 0.170355 0.18636 0.168569 0.126637 8.11109e-05
threshold=24.250000000000004 23.350000000000005 0.81174490092936691 68.050000000000011 69.450000000000017 0.87837969732492682 66.100000000000009 1.0000000180025095e-35 27.800000000000001 24.650000000000002 54.750000000000007 67.700000000000003
decision_type=2 2 2 2 2 2 2 2 2 2 2 2
left_child=1 -1 3 6 -5 9 7 10 -9 -6 -2 -3
right_child=2 11 -4 4 5 -7 -8 8 -10 -11 -12 -13
leaf_value=0.0065561074859352576 0.023044024967246408 -0.084516167914514981 0.032498936954999696 0.064563152963005799 0.065569891398104235 -0.088551559316039419 -0.044727311456373202 0.061400554802903601 -0.0029441212950974817 -0.023641255079564862 -0.029837178055361752 -0.080664731604788362
leaf_weight=0.4921902751084416 0.63056408062402658 0.10909536003600806 0.55930320970946912 0.59570747875841323 0.41397832018992609 0.30357443188313482 0.98686089862894721 0.82498603791464098 0.99059118897639564 0.4337051151705964 1.6068343467595694 0.10962847279733978
leaf_count=17 17 5 27 19 17 19 20 12 59 50 83 39
internal_value=0.000247729 -0.0208698 0.00229136 -0.000198058 0.0162968 -0.00867817 -0.00591569 0.00353457 0.0262937 0.0199263 -0.0149337 -0.0825858
internal_weight=8.05702 0.710914 7.34611 6.7868 1.74697 1.15126 5.03984 4.05298 1.81558 0.847683 2.2374 0.218724
internal_count=384 61 323 296 105 86 191 171 71 67 100 44
is_linear=0
shrinkage=0.1


Tree=418
num_leaves=8
num_cat=0
split_feature=6 6 6 5 3 6 6
split_gain=0.0408802 0.0639585 0.0479475 0.113862 0.0753418 0.0610622 0.0526454
threshold=86.100000000000009 81.65000000000002 76.750000000000014 23.350000000000005 -0.56174490092936669 71.850000000000009 62.900000000000006
decision_type=2 2 2 2 2 2 2
left_child=1 2 3 -1 -4 6 -5
right_child=-2 -3 4 5 -6 -7 -8
leaf_value=-0.060882887512693586 0.03031115017529866 -0.037357555229708621 0.060715955368591548 0.005207542013463312 -0.0086269444842588874 0.031174377980551476 -0.016521097004881542
leaf_weight=0.31679997779428948 0.40408680157270271 0.48663447253966285 0.31767721234064084 2.9724249424107256 0.30918426372227248 0.58959175430936728 1.7844612804801725
leaf_count=4 9 26 16 147 28 38 116
internal_value=-0.000587694 -0.00243014 0.000272011 -0.00263271 0.0265142 0.000818843 -0.00294357
internal_weight=7.18086 6.77677 6.29014 5.66328 0.626861 5.34648 4.75689
internal_count=384 375 349 305 44 301 263
is_linear=0
shrinkage=0.1


Tree=419
num_leaves=16
num_cat=0
split_feature=6 6 2 6 1 5 3 3 6 6 2 6 1 9 0
split_gain=0.025849 0.0404877 0.0614973 0.0433989 0.0861865 0.059445 0.0554915 0.0211237 0.0167862 0.0329543 0.0378444 1.60872e-05 3.35635e-06 3.09999e-06 2.35341e-07
threshold=51.45000000000001 65.700000000000003 -0.8783796973249266 71.750000000000014 0.78656609248549303 23.650000000000002 -0.56174490092936669 1.0000000180025095e-35 66.100000000000009 71.600000000000009 -0.8783796973249266 65.250000000000014 0.60355339059327384 1.0000000180025095e-35 0.60355339059327384
decision_type=2 2 2 2 2 2 2 2 2 2 2 2 2 2 2
left_child=-1 2 -2 8 6 -6 -5 -7 -3 10 -10 13 -8 14 -4
right_child=1 3 11 4 5 7 12 -9 9 -11 -12 -13 -14 -15 -16
leaf_value=0.040901274303028867 0.061503624062151888 0.080684890527346578 -0.080491639425592426 0.0040892966781059473 -0.024521889567120286 0.015587794975159506 -0.082067022047171409 0.061785493262090631 0.050317018761357149 0.062643860869499093 -0.080675592457842962 -0.083375982702594442 -0.082898126156510071 -0.081900027888931623 -0.080946379409901736
leaf_weight=0.1417365050292575 0.038618694831711764 0.069852002568950189 0.03693450479988758 0.11843929250380802 0.25066914697526954 0.20688992507712101 0.11294454909193541 0.18975310940049894 0.040514624266506871 0.10019989113789052 0.048405744970295927 0.048721746618411998 0.085280381611482881 0.030161231054535165 0.016449361185095768
leaf_count=10 30 5 98 23 8 30 30 12 14 3 56 6 20 15 24
internal_value=0.000214672 -0.00392268 -0.0495166 0.00244828 -0.00731575 0.0135979 -0.0500665 0.0376887 0.038793 0.0233202 -0.0209917 -0.0819318 -0.0824246 -0.0810896 -0.0806318
internal_weight=1.53557 1.39383 0.170886 1.22295 0.963976 0.647312 0.316664 0.396643 0.258972 0.18912 0.0889204 0.132267 0.198225 0.0835451 0.0533839
internal_count=384 374 173 201 123 50 73 42 78 73 70 143 50 137 122
is_linear=0
shrinkage=0.1


Tree=420
num_leaves=13
num_cat=0
split_feature=0 0 5 5 6 2 6 1 5 5 0 5
split_gain=0.0393744 0.193751 0.10603 0.174123 0.127421 0.133697 0.133805 0.0628418 3.61639e-05 6.15815e-06 3.11469e-07 1.27204e-07
threshold=-0.70710678118654735 0.91597561503675362 25.950000000000003 27.500000000000004 69.450000000000017 0.6078576107927941 75.850000000000009 -0.12940952255126037 22.950000000000003 23.950000000000003 0.37940952255126054 24.250000000000004
decision_type=2 2 2 2 2 2 2 2 2 2 2 2
left_child=2 8 4 -4 -1 6 -6 -5 -2 -10 11 -11
right_child=1 -3 3 7 5 -7 -8 -9 9 10 -12 -13
leaf_value=-0.026241788560789531 -0.083195592931020426 -0.00020430865808244316 0.083029620298952972 -0.080876358916302293 0.062545083167884152 -0.017309642093718363 0.0064727022863346334 0.024447678438916501 -0.081268220350123641 -0.080391243894037026 -0.080522409620504123 -0.080132120886407712
leaf_weight=1.2779643801040945 0.073903722164687102 2.8658762988634408 0.40687030844856042 0.1093309917159786 0.69582494779024306 1.0056325359037144 1.095740737946471 0.11756455712020397 0.10549001372419298 0.024109883786877617 0.036904537524605985 0.088430085970685468
leaf_count=22 4 31 24 36 21 22 33 5 12 6 34 134
internal_value=2.28842e-05 -0.00854628 0.00583653 0.0438871 -8.1071e-05 0.0118711 0.0282506 -0.0263033 -0.0812479 -0.0806832 -0.0802703 -0.0801876
internal_weight=7.90364 3.19471 4.70893 0.633766 4.07516 2.7972 1.79157 0.226896 0.328838 0.254935 0.149445 0.11254
internal_count=384 221 163 65 98 76 54 41 190 186 174 140
is_linear=0
shrinkage=0.1


Tree=421
num_leaves=8
num_cat=0
split_feature=5 1 2 6 0 6 1
split_gain=0.0381877 0.0349275 0.0259533 1.60884e-10 4.19301e-12 3.9039e-12 1.85126e-12
threshold=24.050000000000004 0.78656609248549303 0.6078576107927941 79.250000000000014 0.91597561503675362 75.850000000000009 -0.98296291314453399
decision_type=2 2 2 2 2 2 2
left_child=2 3 -1 4 5 6 -2
right_child=1 -3 -4 -5 -6 -7 -8
leaf_value=-0.019279736137113816 -0.080007223125656807 0.080327795749089451 0.013316410662561352 -0.08003375984812755 -0.080010043918999449 -0.080009980919504675 -0.080003929032422566
leaf_weight=0.5179979879540042 0.002391376679042879 0.096284069411922246 0.46223263238789514 0.0026508926384849465 0.0029990838629601066 0.001823224898544141 0.0059532510861117762
leaf_count=35 27 37 17 10 31 16 211
internal_value=0.00241419 0.0577036 -0.00390886 -0.0800113 -0.0800068 -0.0800058 -0.0800049
internal_weight=1.09233 0.112102 0.980231 0.0158178 0.0131669 0.0101679 0.00834463
internal_count=384 332 52 295 285 254 238
is_linear=0
shrinkage=0.1


Tree=422
num_leaves=12
num_cat=0
split_feature=5 8 3 6 6 6 6 2 5 6 5
split_gain=0.033793 0.112561 0.043275 0.0487816 0.186093 0.241812 0.149911 0.147221 0.164685 0.10968 0.101948
threshold=24.250000000000004 1.0000000180025095e-35 0.81174490092936691 68.050000000000011 69.450000000000017 70.550000000000011 66.100000000000009 1.0000000180025095e-35 27.800000000000001 54.750000000000007 24.650000000000002
decision_type=2 2 2 2 2 2 2 2 2 2 2
left_child=1 -1 3 6 -5 -6 7 9 -9 -2 -7
right_child=2 -3 -4 4 5 10 -8 8 -10 -11 -12
leaf_value=0.025774304158966112 0.021636012631080358 -0.055937622538839743 0.029228372815312993 0.061258197188139643 -0.088233826212001432 0.052239806380568757 -0.040493837831937357 0.058469537812368605 -0.0026093564655237668 -0.027706620049574106 -0.018148564542002043
leaf_weight=0.2948504812666215 0.6293819625789191 0.39366688207519462 0.54898347832204297 0.56879025284433726 0.2864137715732793 0.42832662427827017 0.95858167628466606 0.80380740982945986 0.97920130820421036 1.5849181403646069 0.39601340128501761
leaf_count=30 17 31 27 19 9 21 20 12 59 83 56
internal_value=0.000217972 -0.0209453 0.00224615 1.37761e-05 0.0147423 -0.0090774 -0.00497769 0.00353932 0.0249259 -0.0136817 0.0184252
internal_weight=7.87294 0.688517 7.18442 6.63543 1.67954 1.11075 4.95589 3.99731 1.78301 2.2143 0.82434
internal_count=384 61 323 296 105 86 191 171 71 100 77
is_linear=0
shrinkage=0.1


Tree=423
num_leaves=13
num_cat=0
split_feature=5 6 6 3 6 6 6 5 2 5 5 6
split_gain=0.0438633 0.0475056 0.0882234 0.139144 0.082958 0.0509357 0.23385 0.167552 0.145763 0.0901134 0.0896062 0.00654244
threshold=22.950000000000003 74.850000000000009 86.100000000000009 -0.56174490092936669 71.850000000000009 62.900000000000006 59.550000000000004 30.850000000000005 0.87837969732492682 28.150000000000002 28.350000000000005 79.600000000000009
decision_type=2 2 2 2 2 2 2 2 2 2 2 2
left_child=-1 4 3 -3 5 6 7 -2 9 -7 -8 -5
right_child=1 2 -4 11 -6 8 10 -9 -10 -11 -12 -13
leaf_value=0.022644795569973689 0.01386408465056637 0.012066214657501842 0.020453229053027398 -0.060512963733315883 0.040231169090944686 -0.057026712224971902 0.010957983983529615 -0.040551286263246472 0.046240666813646504 -0.0072833816148138823 0.088134709668385533 -0.083613511459267792
leaf_weight=0.71930539235472668 1.2829614272486658 0.31516617817760562 0.34671271801926196 0.22703996954078298 0.4809713780414312 0.66496857327001613 0.24464293610071752 1.0123610790324162 0.30442184845014697 0.80512656552309636 0.39069451880277484 0.26652440560064861
leaf_count=10 64 29 8 29 21 60 11 31 18 39 41 23
internal_value=-0.000757743 -0.00341221 -0.0217489 -0.0398415 0.000673096 -0.0033706 0.00472559 -0.010136 -0.0167417 -0.0297838 0.0584171 -0.0729872
internal_weight=7.0609 6.34159 1.15544 0.808731 5.18615 4.70518 2.93066 2.29532 1.77452 1.4701 0.635337 0.493564
internal_count=384 374 89 81 285 264 147 95 117 99 52 52
is_linear=0
shrinkage=0.1


Tree=424
num_leaves=15
num_cat=0
split_feature=0 6 6 5 6 8 2 6 6 6 3 6 2 2
split_gain=0.0229925 0.0942687 0.0592214 0.0512184 0.101334 0.0741406 0.0394228 0.11596 0.0352787 0.0360081 0.00304122 1.11416e-05 5.52079e-06 1.45425e-07
threshold=-0.60355339059327362 80.65000000000002 65.700000000000003 23.650000000000002 83.90000000000002 1.0000000180025095e-35 1.0000000180025095e-35 68.450000000000017 49.800000000000004 51.45000000000001 1.0000000180025095e-35 83.100000000000009 -1.0000000180025095e-35 0.6078576107927941
decision_type=2 2 2 2 2 2 2 2 2 2 2 2 2 2
left_child=1 2 -1 -2 5 11 7 -4 -7 -10 -8 13 -9 -5
right_child=3 -3 6 4 -6 8 10 12 9 -11 -12 -13 -14 -15
leaf_value=-0.082370821942169159 -0.02639525390867108 -0.08233779007530459 0.07103779767571107 -0.081320631411241295 0.074469968620123866 -0.081129643156094805 0.045773262169869447 -0.080576046389899403 0.075485745920228678 -0.0016831527454249644 0.072615068015471615 -0.083282411292329203 -0.082056917676158095 -0.080978013985850902
leaf_weight=0.06077965579731881 0.26366181048797444 0.15291091037215665 0.098886275976838078 0.023752942092414742 0.25674135575536638 0.031067811651155353 0.081370486531341157 0.048306806758773746 0.10721350723179057 0.13867989377422418 0.087710541638443829 0.04766589988139458 0.052573029348877753 0.025893616811117681
leaf_count=60 9 16 12 30 11 3 32 35 6 132 14 2 9 13
internal_value=0.000552592 -0.0149086 0.00909054 0.0106196 0.0260858 -0.00710442 0.0241618 -0.00591536 0.0192776 0.0319637 0.0596974 -0.0821904 -0.0813478 -0.0811419
internal_weight=1.47721 0.582538 0.429627 0.894677 0.631015 0.374274 0.368847 0.199766 0.276961 0.245893 0.169081 0.0973125 0.10088 0.0496466
internal_count=384 178 162 206 197 186 102 56 141 138 46 45 44 43
is_linear=0
shrinkage=0.1


Tree=425
num_leaves=12
num_cat=0
split_feature=0 0 6 5 5 6 6 5 5 0 5
split_gain=0.0359012 0.175716 0.0984202 0.133601 0.183641 0.0471752 0.0976591 2.61263e-05 5.1582e-06 2.43004e-07 8.36224e-08
threshold=-0.70710678118654735 0.91597561503675362 81.65000000000002 25.950000000000003 27.800000000000001 69.450000000000017 75.850000000000009 22.950000000000003 23.950000000000003 0.37940952255126054 24.250000000000004
decision_type=2 2 2 2 2 2 2 2 2 2 2
left_child=2 7 3 5 -5 -1 -7 -2 -9 10 -10
right_child=1 -3 -4 4 -6 6 -8 8 9 -11 -12
leaf_value=-0.023977068148003964 -0.082888882635209105 -0.00040115639076612731 0.039829206701271457 0.08264084781518688 -0.035518659020631282 0.01846556447520287 -0.026950692879302626 -0.081200901057202679 -0.080342193465114897 -0.080475917365795721 -0.080117558974068984
leaf_weight=1.2286452050320811 0.067208146560006177 2.8288451642729342 0.71700456622056652 0.39359215833246697 0.19755072497355286 1.2259621277335098 0.77137103545828711 0.097501991200260818 0.021007903211284429 0.033634717530730995 0.07847857077831577
leaf_count=22 4 31 13 26 39 35 28 12 6 34 134
internal_value=0.000150452 -0.00809325 0.00583521 -0.000550194 0.0431538 -0.00855871 0.000925784 -0.0811539 -0.0806483 -0.0802436 -0.080165
internal_weight=7.6608 3.12668 4.53413 3.81712 0.591143 3.22598 1.99733 0.297831 0.230623 0.133121 0.0994865
internal_count=384 221 163 150 65 85 63 190 186 174 140
is_linear=0
shrinkage=0.1


Tree=426
num_leaves=11
num_cat=0
split_feature=3 3 5 5 2 5 6 6 6 6
split_gain=0.0369667 0.0421896 0.0762895 0.0508014 0.103237 0.0138761 0.029261 0.00212281 0.00463756 6.22664e-13
threshold=0.81174490092936691 -0.56174490092936669 24.050000000000004 23.750000000000004 0.6078576107927941 23.950000000000003 85.15000000000002 77.750000000000014 74.100000000000009 59.050000000000004
decision_type=2 2 2 2 2 2 2 2 2 2
left_child=1 2 -1 -3 -5 -6 -7 8 9 -4
right_child=-2 3 7 4 5 6 -8 -9 -10 -11
leaf_value=-0.083415321772970077 -0.06281014323565727 0.035781343295529254 -0.080007990529020218 0.073475051951443257 -0.083639203414625454 0.058939527797993045 -0.060214944626365723 0.076404955511216135 0.063322766261760394 -0.080004979929738498
leaf_weight=0.11585567142901709 0.082269066842400207 0.50536497229950328 0.0010731952875175929 0.089277719297115254 0.093763400713214651 0.027124849357278435 0.085802230256376788 0.037517814140301198 0.0092894811405130895 0.0019089887234713387
leaf_count=12 34 22 18 129 4 79 4 15 13 54
internal_value=0.00154101 0.0070159 -0.0389263 0.0165127 -0.0163885 -0.055204 -0.0315943 0.0645958 0.0284919 -0.0800061
internal_weight=1.04925 0.966978 0.165645 0.801333 0.295968 0.20669 0.112927 0.0497895 0.0122717 0.00298218
internal_count=384 350 112 238 216 87 83 100 85 72
is_linear=0
shrinkage=0.1


Tree=427
num_leaves=13
num_cat=0
split_feature=1 1 2 6 2 0 6 5 0 3 5 6
split_gain=0.0352661 0.217637 0.0469388 0.0676441 0.108718 0.162249 0.154342 6.92725e-06 9.9479e-07 4.6714e-07 3.87226e-07 3.53109e-08
threshold=-0.98296291314453399 -0.37940952255126015 0.87837969732492682 62.150000000000013 -0.60785761079279388 -1.0000000180025095e-35 65.250000000000014 28.250000000000004 0.12940952255126059 -0.22252093395631442 30.850000000000005 67.250000000000014
decision_type=2 2 2 2 2 2 2 2 2 2 2 2
left_child=-1 7 3 -3 5 -5 -6 -2 10 -10 11 -9
right_child=1 2 -4 4 6 -7 -8 8 9 -11 -12 -13
leaf_value=0.010920070287287486 -0.081852343633811359 0.038014150952305314 -0.021609328519169444 0.00011919286080049957 -0.059291486276181006 0.087277363798892477 0.0016151299979341592 -0.080142712905388394 -0.080919957193805181 -0.080599268253761985 -0.08058485041012807 -0.080308493836027978
leaf_weight=2.2564531178213656 0.055251370155019575 0.55140064866282035 0.76262422181571299 0.6288952828526817 0.50759706702956542 0.32342238351702679 2.307166834405507 0.034824519581889035 0.098558819168829359 0.084253835424533463 0.051649568282300606 0.020359545633255038
leaf_count=27 6 14 34 53 14 5 104 53 20 29 16 9
internal_value=0.000413629 -0.00395557 0.00126229 0.00530131 0.000513024 0.0297195 -0.00936839 -0.0808262 -0.0806305 -0.0807722 -0.0803881 -0.0802039
internal_weight=7.68246 5.426 5.08111 4.31848 3.76708 0.952318 2.81476 0.344898 0.289646 0.182813 0.106834 0.0551841
internal_count=384 357 224 190 176 58 118 133 127 49 78 62
is_linear=0
shrinkage=0.1


Tree=428
num_leaves=9
num_cat=0
split_feature=6 6 2 6 6 6 3 0
split_gain=0.0391453 0.060817 0.165463 0.0726022 0.0467736 0.102612 0.0835129 0.00710764
threshold=84.500000000000014 74.850000000000009 -1.0000000180025095e-35 71.850000000000009 53.95000000000001 54.750000000000007 -0.56174490092936669 -0.78656609248549303
decision_type=2 2 2 2 2 2 2 2
left_child=1 3 7 4 -1 -6 -7 -3
right_child=-2 2 -4 -5 5 6 -8 -9
leaf_value=0.021325800606411822 0.02318636650149844 0.010022670321913315 -0.05425165222940373 0.038909487677273903 -0.0636613846433432 -0.031740801339478479 0.0057097078289278652 0.035613476870800458
leaf_weight=0.70869491672783613 0.61874731309944753 0.19745211466215551 0.700089112135174 0.47039450510055747 0.29160860250704024 0.75006258269422721 2.8884452361708099 0.24100075505157292
leaf_count=25 17 10 39 21 7 63 170 32
internal_value=-0.000806225 -0.00318234 -0.0240827 0.00147512 -0.00232088 -0.00658495 -0.00201055 0.024089
internal_weight=6.8665 6.24775 1.13854 5.10921 4.63881 3.93012 3.63851 0.438453
internal_count=384 367 81 286 265 240 233 42
is_linear=0
shrinkage=0.1


Tree=429
num_leaves=11
num_cat=0
split_feature=6 6 6 6 2 5 6 3 1 8
split_gain=0.0210886 0.0780143 0.0808101 0.0259359 0.0610538 0.0256683 0.0192395 5.74314e-06 7.16713e-07 9.47086e-08
threshold=81.65000000000002 80.300000000000026 71.750000000000014 71.600000000000009 1.0000000180025095e-35 32.45000000000001 50.500000000000007 0.81174490092936691 0.78656609248549303 1.0000000180025095e-35
decision_type=2 2 2 2 2 2 2 2 2 2
left_child=1 2 3 4 6 -6 -1 8 9 -4
right_child=-2 -3 7 -5 5 -7 -8 -9 -10 -11
leaf_value=0.065086649994089307 -0.015465129534619711 0.06173167239617721 -0.080329781774470921 0.059529973223435541 -0.081645565276592641 0.025935542333042239 0.0082992718805569628 -0.082317707483933078 -0.081080802559505005 -0.080630269390105799
leaf_weight=0.083735951280687004 0.55319647346004786 0.21451402212551329 0.017734322144633552 0.085955010028555989 0.10076595732630267 0.02843699767254293 0.20750743976759622 0.03462450984102361 0.043819764106956427 0.025674154532225657
leaf_count=4 35 11 8 3 104 3 147 8 20 41
internal_value=-0.000294576 0.00966344 -0.00811498 0.00947783 -0.000754701 -0.0579674 0.0246263 -0.081228 -0.0807955 -0.0805075
internal_weight=1.39596 0.842768 0.628254 0.506401 0.420446 0.129203 0.291243 0.121853 0.0872282 0.0434085
internal_count=384 349 338 261 258 107 151 77 69 49
is_linear=0
shrinkage=0.1


Tree=430
num_leaves=14
num_cat=0
split_feature=6 5 6 5 6 2 0 6 2 2 6 8 2
split_gain=0.0370614 0.137635 0.130663 0.076752 0.11038 0.0624429 0.236597 0.102399 0.082024 0.0494628 0.0473859 0.0237709 3.3093e-05
threshold=59.95000000000001 28.050000000000004 62.150000000000013 28.350000000000005 54.150000000000013 -0.60785761079279388 -0.60355339059327362 65.700000000000003 0.6078576107927941 0.87837969732492682 73.15000000000002 1.0000000180025095e-35 -0.8783796973249266
decision_type=2 2 2 2 2 2 2 2 2 2 2 2 2
left_child=1 -1 -2 -3 -5 6 12 -7 10 -10 -9 -6 -4
right_child=2 3 5 4 11 7 -8 8 9 -11 -12 -13 -14
leaf_value=0.0882167374259204 -0.055366878654862228 -0.084214661871741994 0.0092924968436251636 -0.083751466093234764 0.084474812567206903 0.034374109013206477 -0.085503631169013064 -0.00020708704574399174 -0.031249392503151709 0.0025246943042889951 0.028453402736282482 0.017014106919933211 0.010522483568769074
leaf_weight=0.2151560226920991 0.42813862363982469 0.10544367216061801 0.44606891805597115 0.081124773761985125 0.11395625025033951 1.0511571152819668 0.36979972150220397 1.4060774803183451 1.0170817300440829 0.75588614781736385 0.97820641691214394 0.096434135812160093 0.42922807688592002
leaf_count=3 33 7 21 29 2 29 40 31 26 30 51 62 20
internal_value=0.000228315 0.0238081 -0.00186908 -0.011102 0.0153435 0.00168007 -0.0184384 0.00648949 -0.000561112 -0.0168502 0.0115515 0.0535537 0.00989566
internal_weight=7.49376 0.612115 6.88164 0.396959 0.291515 6.45351 1.2451 5.20841 4.15725 1.77297 2.38428 0.21039 0.875297
internal_count=384 103 281 100 93 248 81 167 138 56 82 64 41
is_linear=0
shrinkage=0.1


Tree=431
num_leaves=8
num_cat=0
split_feature=1 2 5 6 5 0 6
split_gain=0.0350318 0.0194549 1.16298e-07 1.65805e-10 1.34386e-11 4.0935e-12 3.6749e-12
threshold=0.78656609248549303 0.6078576107927941 23.750000000000004 78.750000000000014 24.050000000000004 0.91597561503675362 75.850000000000009
decision_type=2 2 2 2 2 2 2
left_child=2 -2 -1 4 -4 6 -6
right_child=1 -3 3 -5 5 -7 -8
leaf_value=-0.080331915615893534 -0.0079738560150357171 0.020994807627099824 -0.080017665933025284 -0.080030513980699991 -0.080004361890191319 -0.080009668315295573 -0.080009548468452055
leaf_weight=0.033945802995731356 0.52737557957880199 0.41368327316013165 0.0011394787507015289 0.0040067687132250276 0.0076004186096270132 0.0027817269456136282 0.0016654556948196841
leaf_count=25 38 17 5 16 238 31 14
internal_value=0.000380293 0.00476058 -0.0802246 -0.0800127 -0.0800073 -0.0800063 -0.0800053
internal_weight=0.992199 0.941059 0.0511397 0.0171938 0.0131871 0.0120476 0.00926587
internal_count=384 55 329 304 288 283 252
is_linear=0
shrinkage=0.1


Tree=432
num_leaves=8
num_cat=0
split_feature=5 5 6 1 0 5 5
split_gain=0.0315943 0.0878642 0.153863 0.081564 0.037134 0.324461 0.000328197
threshold=31.350000000000005 30.850000000000005 57.550000000000004 -0.98296291314453399 0.91597561503675362 25.950000000000003 30.350000000000005
decision_type=2 2 2 2 2 2 2
left_child=1 2 6 -4 5 -5 -1
right_child=-2 -3 3 4 -6 -7 -8
leaf_value=-0.04726071583330467 -0.023317488218166579 0.037446275442842195 0.039006664002482268 0.0089095564738445789 0.0086184186611015842 -0.08155747804583291 -0.042955349011802826
leaf_weight=0.37594190064191924 0.52217595440015419 0.64183457577018987 0.59958480298519035 2.0600812350458013 2.5179940294474363 0.49091721959939594 0.33468274749975535
leaf_count=30 30 13 7 146 29 114 15
internal_value=0.000413637 0.00217859 -0.00136982 0.00412897 3.46548e-06 -0.00850003 -0.045233
internal_weight=7.54321 7.02104 6.3792 5.66858 5.06899 2.551 0.710625
internal_count=384 354 341 296 289 260 45
is_linear=0
shrinkage=0.1


Tree=433
num_leaves=9
num_cat=0
split_feature=5 6 5 2 6 6 5 5
split_gain=0.0415242 0.0795581 0.0511398 0.140044 0.133477 0.206803 0.0876272 0.215725
threshold=22.950000000000003 50.500000000000007 31.350000000000005 -0.60785761079279388 54.750000000000007 57.550000000000004 23.850000000000005 27.800000000000001
decision_type=2 2 2 2 2 2 2 2
left_child=-1 -2 3 4 -3 -6 -5 -8
right_child=1 2 -4 6 5 -7 7 -9
leaf_value=0.022904744857545241 0.052780529943569111 -0.084730899852643621 0.023684686438342057 0.021890006705191034 0.085105419132347329 -0.032387229205298976 -0.068151489228210516 0.0072561921264596256
leaf_weight=0.67134333588182915 0.24277580738998938 0.37628519278950934 0.53931772502255615 1.4234710610471673 0.17182568831776723 1.1691111794370952 0.49306836599498671 1.6452951685132573
leaf_count=10 7 8 27 24 16 96 111 85
internal_value=-0.000692845 -0.00330655 -0.00564683 -0.00864339 -0.0321007 -0.0173319 0.00266577 -0.0101315
internal_weight=6.73249 6.06115 5.81837 5.27906 1.71722 1.34094 3.56183 2.13836
internal_count=384 374 367 340 120 112 220 196
is_linear=0
shrinkage=0.1


Tree=434
num_leaves=11
num_cat=0
split_feature=6 5 2 5 5 3 5 6 5 5
split_gain=0.0203284 0.0374608 0.0390727 0.0275035 0.0265568 2.1803e-06 6.7683e-07 2.14912e-08 8.19914e-09 5.16375e-11
threshold=51.45000000000001 24.050000000000004 -0.8783796973249266 23.650000000000002 31.850000000000005 0.81174490092936691 31.850000000000005 84.500000000000014 25.850000000000005 30.250000000000004
decision_type=2 2 2 2 2 2 2 2 2 2
left_child=-1 3 4 -2 8 6 7 -4 -3 -10
right_child=1 2 5 -5 -6 -7 -8 -9 9 -11
leaf_value=0.038272536098236803 -0.012527551967830206 -0.080181750771380206 -0.080039456092994454 0.019855466145072723 0.082065621938261377 -0.081295727359573688 -0.080712151586367978 -0.080194244189466579 -0.080023978774301119 -0.080039317982536273
leaf_weight=0.12334958469728019 0.56502510806603801 0.0062582334035139473 0.023401437088750865 0.48947784132906236 0.030670972540974617 0.042015291877078198 0.034208919620141387 0.01454500580439344 0.0041869253273034701 0.0046120978395265411
leaf_count=10 31 14 228 21 1 24 4 6 27 18
internal_value=-0.000406533 -0.00433525 -0.0494386 0.00250396 0.0286701 -0.080723 -0.0803896 -0.0800988 -0.0800943 -0.080032
internal_weight=1.33775 1.2144 0.159899 1.0545 0.0457282 0.114171 0.0721554 0.0379464 0.0150573 0.00879902
internal_count=384 374 322 52 60 262 238 234 59 45
is_linear=0
shrinkage=0.1


Tree=435
num_leaves=14
num_cat=0
split_feature=6 5 6 5 6 2 0 6 6 5 8 8 5
split_gain=0.0337936 0.126693 0.111205 0.0695444 0.0994802 0.0574602 0.213261 0.0875184 0.0694525 0.248039 0.137238 0.0228194 0.00759117
threshold=59.95000000000001 28.050000000000004 62.150000000000013 28.350000000000005 54.150000000000013 -0.60785761079279388 -0.60355339059327362 65.700000000000003 74.850000000000009 24.650000000000002 1.0000000180025095e-35 1.0000000180025095e-35 23.750000000000004
decision_type=2 2 2 2 2 2 2 2 2 2 2 2 2
left_child=1 -1 -2 -3 -5 6 12 -7 9 -9 -10 -6 -4
right_child=2 3 5 4 11 7 -8 8 10 -11 -12 -13 -14
leaf_value=0.087562021333144738 -0.051986475352475081 -0.083854932620452446 -0.0024516456733954159 -0.0834163544962995 0.083998196845015694 0.032110083054961283 -0.085021066451521854 -0.055310985473935918 -0.010166682069038665 0.010334228099310913 0.052925161213483035 0.016407405430547233 0.016532211892153471
leaf_weight=0.20090357144363213 0.41328669393078588 0.096865486179012805 0.3685739953070879 0.075172512881181319 0.10391902178525925 1.0366459925789966 0.34134418944086042 0.82913884741719845 0.78059332705743145 1.8822702553607085 0.61750550124270354 0.096177777666525799 0.49157221407222096
leaf_count=3 33 7 8 29 2 29 40 21 21 48 48 62 33
internal_value=0.000251615 0.0235679 -0.00172461 -0.0109805 0.0146635 0.00154788 -0.0181427 0.0061451 -0.000404706 -0.00973983 0.0176994 0.0515103 0.0083976
internal_weight=7.33397 0.573038 6.76093 0.372135 0.275269 6.34764 1.20149 5.14615 4.10951 2.71141 1.3981 0.200097 0.860146
internal_count=384 103 281 100 93 248 81 167 138 69 69 64 41
is_linear=0
shrinkage=0.1


Tree=436
num_leaves=10
num_cat=0
split_feature=5 3 3 5 6 6 5 1 1
split_gain=0.0337195 0.0357537 0.0479795 0.119834 0.0790735 0.0937018 0.0408872 0.0317179 0.00448065
threshold=22.450000000000006 0.81174490092936691 1.0000000180025095e-35 23.750000000000004 83.90000000000002 80.65000000000002 23.950000000000003 0.9159756150367534 0.9159756150367534
decision_type=2 2 2 2 2 2 2 2 2
left_child=-1 2 4 -4 5 7 -5 -2 -8
right_child=1 -3 3 6 -6 -7 8 -9 -10
leaf_value=-0.083113904816544001 -0.063807169828581978 -0.060739065891468762 0.072360078497280253 -0.08338545963127296 -0.058522311820409581 0.077729033462253752 -0.016557961866026896 0.080647973586159355 0.080567142013854912
leaf_weight=0.045773184778227005 0.099819016384799397 0.076388119144667144 0.27446350851096213 0.086399099658592604 0.1996706321297097 0.14798295703076292 0.0061769905305482089 0.017930129004525952 0.020558152551529929
leaf_count=3 193 34 11 5 13 16 94 9 6
internal_value=0.000676728 0.00480349 0.010673 0.0366612 -0.0109706 0.0247596 -0.0499442 -0.0418104 0.058127
internal_weight=0.975162 0.929389 0.853 0.387598 0.465403 0.265732 0.113134 0.117749 0.0267351
internal_count=384 381 347 116 231 218 105 202 100
is_linear=0
shrinkage=0.1


Tree=437
num_leaves=10
num_cat=0
split_feature=6 1 6 3 5 6 6 5 5
split_gain=0.0304718 0.0549845 0.0829069 0.087054 0.0577006 0.196516 0.173842 0.139354 0.000435671
threshold=53.95000000000001 -0.98296291314453399 60.750000000000007 1.0000000180025095e-35 27.800000000000001 66.65000000000002 66.100000000000009 26.850000000000005 28.150000000000002
decision_type=2 2 2 2 2 2 2 2 2
left_child=-1 -2 3 -3 6 8 -4 -8 -6
right_child=1 2 4 -5 5 -7 7 -9 -10
leaf_value=-0.023299406100201227 0.017603893442832995 -0.083932996284868847 0.037745626043924937 -0.0038461462385102293 -0.089445873375192386 0.030423267975085534 0.0016436756576114057 -0.059032746931936067 -0.081673614556112772
leaf_weight=0.51590509188827116 1.6826469115912912 0.24730593595450034 1.1783963760244658 0.30082856371154776 0.12035855592694122 0.29199839033390163 2.4033844807045175 0.44926592572528523 0.17995336793683236
leaf_count=25 20 38 26 36 2 23 160 9 45
internal_value=0.00013779 0.00190189 -0.00320707 -0.0399795 0.00115259 -0.0279912 0.00543489 -0.0079123 -0.0847886
internal_weight=7.37004 6.85414 5.17149 0.548134 4.62336 0.59231 4.03105 2.85265 0.300312
internal_count=384 359 339 74 265 70 195 169 47
is_linear=0
shrinkage=0.1


Tree=438
num_leaves=8
num_cat=0
split_feature=5 5 6 5 2 6 0
split_gain=0.0390089 0.0798053 0.0668482 0.147786 0.125403 0.170046 0.133357
threshold=22.950000000000003 31.750000000000004 53.95000000000001 30.650000000000002 0.6078576107927941 66.450000000000017 0.91597561503675362
decision_type=2 2 2 2 2 2 2
left_child=-1 2 -2 4 6 -6 -4
right_child=1 -3 3 -5 5 -7 -8
leaf_value=0.022342211650684753 0.031457931821384427 -0.05227646435939684 -0.016463267128202088 0.034917658842536614 -0.044145462563577959 0.03129704057994033 -0.084511382478859517
leaf_weight=0.66417360119521607 0.58710070481174614 0.31397651182487596 2.3377851237291911 0.80903926588143793 0.4079120747046544 1.1165981914418805 0.32845575275132421
leaf_count=10 20 12 207 37 26 52 20
internal_value=-0.000634089 -0.00322019 -0.00046329 -0.00421164 -0.0117657 0.0111109 -0.0248462
internal_weight=6.56504 5.90087 5.58689 4.99979 4.19075 1.52451 2.66624
internal_count=384 374 362 342 305 78 227
is_linear=0
shrinkage=0.1


Tree=439
num_leaves=11
num_cat=0
split_feature=6 6 6 6 2 0 1 3 1 8
split_gain=0.0215697 0.0652008 0.0776027 0.0235319 0.0559956 0.0123479 7.26638e-06 4.19451e-06 6.46975e-07 7.15838e-08
threshold=81.65000000000002 80.300000000000026 71.750000000000014 71.600000000000009 0.6078576107927941 -0.91597561503675329 0.37940952255126026 0.81174490092936691 0.78656609248549303 1.0000000180025095e-35
decision_type=2 2 2 2 2 2 2 2 2 2
left_child=1 2 3 4 5 -1 -6 8 9 -4
right_child=-2 -3 7 -5 6 -7 -8 -9 -10 -11
leaf_value=0.056755397806834473 -0.015226601796932658 0.059742732820048411 -0.080293680273028023 0.059712627743688962 -0.080403778277059204 0.0085962365165828183 -0.082522130180134157 -0.082107270829272425 -0.081025894004634308 -0.080568756691955623
leaf_weight=0.066659397764851747 0.5262263374934264 0.20326762109471019 0.016036385806273756 0.083656725415494293 0.027005303304576955 0.2644605683598229 0.040443143560878525 0.031629921183366605 0.040590664210867544 0.023070203734050665
leaf_count=37 35 11 8 3 58 155 8 8 20 41
internal_value=0.000485283 0.0108615 -0.00587829 0.0114951 0.00137458 0.0182914 -0.081674 -0.0811329 -0.0807462 -0.080456
internal_weight=1.32305 0.79682 0.593552 0.482225 0.398568 0.33112 0.0674484 0.111327 0.0796973 0.0391066
internal_count=384 349 338 261 258 192 66 77 69 49
is_linear=0
shrinkage=0.1


Tree=440
num_leaves=18
num_cat=0
split_feature=5 6 6 2 0 0 5 1 8 8 3 6 2 8 6 3 5
split_gain=0.0323396 0.115046 0.0934629 0.107587 0.0571986 0.0520236 0.02751 0.0405743 0.0905639 0.0641762 0.0650506 0.0401769 0.00982561 2.2913e-05 1.99307e-05 1.7688e-05 1.36593e-07
threshold=28.050000000000004 62.550000000000004 58.050000000000004 0.87837969732492682 0.91597561503675362 -0.98296291314453399 23.550000000000004 0.37940952255126026 1.0000000180025095e-35 1.0000000180025095e-35 -0.56174490092936669 79.250000000000014 0.6078576107927941 1.0000000180025095e-35 53.600000000000009 1.0000000180025095e-35 28.450000000000003
decision_type=2 2 2 2 2 2 2 2 2 2 2 2 2 2 2 2 2
left_child=6 2 3 13 5 -4 -1 9 -9 -8 -11 12 -10 -2 -15 -3 -7
right_child=1 15 4 -5 -6 16 7 8 11 10 -12 -13 -14 14 -16 -17 -18
leaf_value=-0.012373117857563606 -0.084742403206301581 -0.081785580971799027 0.082164483327356597 0.070445160610858662 0.084345190053766242 -0.080424640201583034 0.012153050657192528 -0.0018624816444934051 0.055970010238604088 0.0095927069189847471 -0.0276912012146108 0.011511644074091982 0.089093547239426821 -0.083431205824084573 -0.080431114551097499 -0.083640255441063238 -0.080096954574902623
leaf_weight=1.0633707074739502 0.066038534045219421 0.11381508030899568 0.032061580568552017 0.063460587058216333 0.16115603968501091 0.027629501069895923 2.2077017277479172 0.72310767018643651 0.19197669131244766 0.78097641986096267 1.1675574863911604 0.1624840393778868 0.167856966596446 0.059587173784166114 0.035239639937572065 0.093800052496590069 0.023574677875330963
leaf_count=24 1 29 1 8 3 5 23 33 34 16 34 25 12 18 47 21 50
internal_value=0.000152428 -0.0206527 0.006795 -0.0398151 0.0495729 -0.0177267 0.00232904 0.0052233 0.0210559 0.00047902 -0.0127477 0.0527847 0.0714216 -0.0833123 -0.0823163 -0.0826235 -0.0802738
internal_weight=7.14139 0.676363 0.468748 0.224326 0.244422 0.0832658 6.46503 5.40166 1.24543 4.15624 1.94853 0.522318 0.359834 0.160865 0.0948268 0.207615 0.0512042
internal_count=384 183 133 74 59 56 201 177 104 73 50 71 46 66 65 50 55
is_linear=0
shrinkage=0.1


Tree=441
num_leaves=8
num_cat=0
split_feature=5 1 2 6 0 6 1
split_gain=0.0345269 0.0285536 0.0219817 1.4454e-10 2.63232e-12 1.77779e-12 9.25799e-13
threshold=24.050000000000004 0.78656609248549303 0.6078576107927941 79.250000000000014 0.91597561503675362 75.850000000000009 -0.98296291314453399
decision_type=2 2 2 2 2 2 2
left_child=2 3 -1 4 5 6 -2
right_child=1 -3 -4 -5 -6 -7 -8
leaf_value=-0.021204621594807672 -0.080005676499527778 0.080297030082984833 0.011466644816002423 -0.080032504957819328 -0.080008281213248336 -0.080007673439361188 -0.080003059827544229
leaf_weight=0.43505517259109183 0.0018878845912695414 0.080915654369164258 0.39102948794607073 0.0024119836361933275 0.002371208308431961 0.0014438838707064861 0.0047645985348481173
leaf_count=35 27 37 17 10 31 16 211
internal_value=0.000788585 0.0582843 -0.00573959 -0.0800104 -0.0800054 -0.0800045 -0.0800038
internal_weight=0.91988 0.0937952 0.826085 0.0128796 0.0104676 0.00809637 0.00665248
internal_count=384 332 52 295 285 254 238
is_linear=0
shrinkage=0.1


Tree=442
num_leaves=10
num_cat=0
split_feature=5 5 3 5 2 6 5 5 5
split_gain=0.0276249 0.109239 0.0400464 0.0833885 0.0732779 0.0968514 0.148139 0.0425079 4.97814e-05
threshold=24.250000000000004 23.350000000000005 0.81174490092936691 31.350000000000005 -0.8783796973249266 58.050000000000004 27.800000000000001 28.850000000000005 23.950000000000003
decision_type=2 2 2 2 2 2 2 2 2
left_child=1 -1 3 4 7 -6 -7 -2 -3
right_child=2 8 -4 -5 5 6 -8 -9 -10
leaf_value=0.0075516145170126132 0.048897527036108869 -0.080731561713179426 0.02965977057729224 -0.045391142023585462 0.026072971776075194 0.0016607296867186345 -0.044950606047625519 0.0078335784265505162 -0.083954320270143851
leaf_weight=0.44906334846746165 0.4808596706134256 0.10916620930947829 0.4893559595584519 0.38064228231269215 0.95518787456057985 2.814949757896557 0.89979568296621426 0.52985800073656719 0.08544667370733805
leaf_count=17 30 29 27 27 40 97 78 24 15
internal_value=0.000199797 -0.0195683 0.00214223 -7.93822e-05 0.00295681 -0.00232699 -0.00962959 0.0273702 -0.0821465
internal_weight=7.19433 0.643676 6.55065 6.06129 5.68065 4.66993 3.71475 1.01072 0.194613
internal_count=384 61 323 296 269 215 175 54 44
is_linear=0
shrinkage=0.1


Tree=443
num_leaves=10
num_cat=0
split_feature=5 6 6 5 4 1 6 5 5
split_gain=0.0364715 0.0642075 0.0449026 0.276343 0.137926 0.0881726 0.112697 0.0770665 0.0739176
threshold=22.950000000000003 50.500000000000007 59.550000000000004 30.250000000000004 1.0000000180025095e-35 -0.98296291314453399 56.500000000000007 23.850000000000005 28.150000000000002
decision_type=2 2 2 2 2 2 2 2 2
left_child=-1 -2 5 4 7 -3 -7 -4 -6
right_child=1 2 3 -5 8 6 -8 -9 -10
leaf_value=0.022034970225237194 0.049815402342650542 -0.03095338505259404 0.019556192914363377 0.088033114193613524 -0.083202433439945933 0.069634983502668696 -0.026369715013500206 -0.014630752735027753 -0.01804173103072261
leaf_weight=0.64239655435085286 0.22063441382488225 1.3647500528022645 1.366092999232934 0.33331599091980013 0.31064364898884367 0.22935093696287356 0.26189526508096606 1.2746493309114155 0.3960393381639733
leaf_count=10 7 16 24 25 51 35 37 150 29
internal_value=-0.00056485 -0.00308649 -0.00519459 0.00120025 -0.00744603 -0.0178766 0.0184526 0.00305463 -0.0466851
internal_weight=6.39977 5.75737 5.53674 3.68074 3.34743 1.856 0.491246 2.64074 0.706683
internal_count=384 374 367 279 254 88 72 174 80
is_linear=0
shrinkage=0.1


Tree=444
num_leaves=12
num_cat=0
split_feature=6 6 6 0 6 2 5 6 3 1 8
split_gain=0.0188612 0.086962 0.0688547 0.0374107 0.0220558 0.0491085 0.0233362 0.0169475 2.70852e-06 4.85964e-07 5.75858e-08
threshold=80.65000000000002 80.300000000000026 71.750000000000014 -0.37940952255126059 71.600000000000009 1.0000000180025095e-35 32.45000000000001 50.500000000000007 0.81174490092936691 0.78656609248549303 1.0000000180025095e-35
decision_type=2 2 2 2 2 2 2 2 2 2 2
left_child=1 2 4 -2 5 7 -7 -1 9 10 -4
right_child=3 -3 8 -5 -6 6 -8 -9 -10 -11 -12
leaf_value=0.062757156868520972 -0.040117929973822158 0.083643326992065281 -0.080272033339911578 0.011505364843212688 0.057536998645457776 -0.081336085262564028 0.027579653623607439 0.0074102939766764013 -0.081843714558684388 -0.080941419224749178 -0.080528958552426977
leaf_weight=0.07692477066302672 0.27075441973829584 0.13411687442567199 0.014764961207674787 0.2915326603106223 0.081491923076100647 0.084751394841532601 0.02561842673458159 0.19703152928991585 0.027876205086158734 0.036476836284236924 0.021321082143685999
leaf_count=4 31 3 8 12 3 104 3 147 8 20 41
internal_value=0.000287924 0.0112389 -0.00590988 -0.0133525 0.0102822 0.000262387 -0.0560552 0.0229513 -0.0810059 -0.080684 -0.0804238
internal_weight=1.26266 0.700374 0.566257 0.562287 0.465818 0.384326 0.11037 0.273956 0.100439 0.0725629 0.036086
internal_count=384 341 338 43 261 258 107 151 77 69 49
is_linear=0
shrinkage=0.1


Tree=445
num_leaves=9
num_cat=0
split_feature=6 0 6 5 6 1 8 6
split_gain=0.0317094 0.126922 0.0519929 0.108227 0.104667 0.0635018 0.103665 0.0342363
threshold=82.050000000000026 -0.98296291314453399 75.850000000000009 23.350000000000005 71.950000000000017 0.37940952255126026 1.0000000180025095e-35 78.300000000000026
decision_type=2 2 2 2 2 2 2 2
left_child=1 -1 4 -4 5 6 -3 -5
right_child=-2 2 3 7 -6 -7 -8 -9
leaf_value=0.059587707781202551 0.018829660741007278 0.0031698050945949208 -0.083733710365645295 -0.035515782858073192 0.038830749983065682 0.029831812709322694 -0.028852257628948715 0.017033619456368766
leaf_weight=0.31571448518661771 0.81266206689178933 2.3357448398601264 0.25036021062987845 0.20468419936514692 0.56284830642107397 0.42681258069933381 1.7824210960852722 0.31444061451475136
leaf_count=27 31 29 9 26 22 25 190 25
internal_value=0.000257391 -0.0021797 -0.00549769 -0.0297303 -0.00184709 -0.00688461 -0.01069 -0.00368593
internal_weight=7.00569 6.19303 5.87731 0.769485 5.10783 4.54498 4.11817 0.519125
internal_count=384 353 326 60 266 244 219 51
is_linear=0
shrinkage=0.1


Tree=446
num_leaves=8
num_cat=0
split_feature=1 2 6 5 6 5 0
split_gain=0.0323176 0.0136846 1.15584e-07 2.69245e-08 1.14712e-10 6.55703e-12 2.04524e-12
threshold=0.78656609248549303 0.6078576107927941 83.100000000000009 23.650000000000002 78.750000000000014 24.150000000000002 0.91597561503675362
decision_type=2 2 2 2 2 2 2
left_child=2 -2 3 -1 5 -5 -7
right_child=1 -3 -4 4 -6 6 -8
leaf_value=-0.080208049364773548 -0.0057030242827946116 0.019712108313376827 -0.080436285818254641 -0.080013207327681843 -0.080028124072040838 -0.080004123715076036 -0.08000763077486589
leaf_weight=0.014342181846586755 0.47138763817201834 0.38480479380814359 0.018394716887996765 0.0010685040797397969 0.0029514676716644326 0.0071674573250675166 0.0021651952038155287
leaf_count=19 38 17 9 8 13 249 31
internal_value=0.00132848 0.00571948 -0.080242 -0.0801129 -0.0800107 -0.0800058 -0.0800049
internal_weight=0.902282 0.856192 0.0460895 0.0276948 0.0133526 0.0104012 0.00933265
internal_count=384 55 329 320 301 288 280
is_linear=0
shrinkage=0.1


Tree=447
num_leaves=11
num_cat=0
split_feature=6 6 6 6 5 1 5 6 2 0
split_gain=0.0296782 0.133565 0.158708 0.0808729 0.0782094 0.135288 0.168722 0.229419 0.00201707 8.35715e-05
threshold=71.600000000000009 75.850000000000009 80.300000000000026 70.550000000000011 25.350000000000005 1.0000000180025095e-35 26.650000000000002 66.450000000000017 -0.60785761079279388 -0.91597561503675329
decision_type=2 2 2 2 2 2 2 2 2 2
left_child=3 -2 8 4 -1 6 -6 -8 -3 -4
right_child=1 2 9 -5 5 -7 7 -9 -10 -11
leaf_value=-0.034699326000819347 -0.082234980318180537 0.047085917588331395 -0.085365651773995077 0.04230172769156211 -0.050809995789065823 0.051615503834599091 -0.0058133974045618498 0.056337508311586071 0.032789756100059797 -0.080463878564764016
leaf_weight=0.60973259383172251 0.22984794605736159 0.22404421464671032 0.073630288243293762 0.47022676526103158 0.61984125385060895 0.51870051151126961 3.3549893964936928 0.72168908976163937 0.17639452905223152 0.065922526204303722
leaf_count=24 35 18 1 9 12 12 172 29 27 45
internal_value=0.000142826 -0.0183911 0.00878418 0.00240934 -0.000811024 0.003151 -0.0022016 0.0051891 0.0407884 -0.0830501
internal_weight=7.06502 0.76984 0.539992 6.29518 5.82495 5.21522 4.69652 4.07668 0.400439 0.139553
internal_count=384 126 91 258 249 225 213 201 45 46
is_linear=0
shrinkage=0.1


Tree=448
num_leaves=8
num_cat=0
split_feature=5 6 5 1 1 5 5
split_gain=0.0349534 0.0431125 0.0793457 0.105947 0.173997 0.101039 4.51781e-06
threshold=31.650000000000002 53.95000000000001 30.650000000000002 -0.98296291314453399 -0.37940952255126015 23.850000000000005 28.250000000000004
decision_type=2 2 2 2 2 2 2
left_child=1 -1 3 -3 6 -6 -5
right_child=-2 2 -4 4 5 -7 -8
leaf_value=0.027607763191090529 -0.032013200318719341 -0.041433496618622785 0.029135197471111651 0.081513424326606229 0.0076705871080920132 -0.026642561961044364 0.080544763678150097
leaf_weight=0.55067293265892647 0.33986183692468319 0.73416884616017286 0.7180258919361221 0.065192520385607966 2.2252378237899406 1.3968627010408452 0.18416889246145729
leaf_count=19 17 9 33 6 43 180 77
internal_value=-0.000832898 0.000971052 -0.00178422 -0.00660461 2.02765e-07 -0.00556228 0.080798
internal_weight=6.21419 5.87433 5.32366 4.60563 3.87146 3.6221 0.249361
internal_count=384 367 348 315 306 223 83
is_linear=0
shrinkage=0.1


Tree=449
num_leaves=11
num_cat=0
split_feature=6 5 2 6 5 3 5 6 5 5
split_gain=0.0177764 0.0378029 0.0335093 0.0251418 0.0234916 1.78619e-06 4.9005e-07 1.3716e-08 5.44455e-09 2.66159e-11
threshold=51.45000000000001 24.050000000000004 -0.8783796973249266 81.15000000000002 31.850000000000005 0.81174490092936691 31.850000000000005 84.500000000000014 25.850000000000005 30.250000000000004
decision_type=2 2 2 2 2 2 2 2 2 2
left_child=-1 3 4 -2 8 6 7 -4 -3 -10
right_child=1 2 5 -5 -6 -7 -8 -9 9 -11
leaf_value=0.03883271650316162 0.022441241123206654 -0.080158311096155205 -0.0800347924164517 -0.010057118499157905 0.081771550948970262 -0.081210486405114704 -0.080643030460236867 -0.080168875086676306 -0.08002334512228311 -0.080034823144838674
leaf_weight=0.11248811596306052 0.42491902874462517 0.0054737201126043864 0.019774366342972027 0.54131430736742914 0.026494074612855911 0.040489404140771512 0.031115881633013487 0.012421741121215746 0.0039966486319826799 0.0040853528680599993
leaf_count=10 32 14 228 20 1 24 4 6 27 18
internal_value=0.000952787 -0.0028857 -0.0507122 0.00423464 0.0269889 -0.0806918 -0.08036 -0.0800865 -0.0800813 -0.0800291
internal_weight=1.22257 1.11008 0.143851 0.966233 0.0400498 0.103801 0.063312 0.0321961 0.0135557 0.008082
internal_count=384 374 322 52 60 262 238 234 59 45
is_linear=0
shrinkage=0.1


Tree=450
num_leaves=15
num_cat=0
split_feature=6 6 5 5 6 6 5 6 5 3 6 6 8 6
split_gain=0.0313348 0.112132 0.108249 0.0575809 0.0712089 0.0530811 0.108507 0.151009 0.0849282 0.114715 0.0525802 0.042456 0.0211091 0.0303966
threshold=59.95000000000001 62.150000000000013 28.050000000000004 28.350000000000005 54.150000000000013 64.750000000000014 26.650000000000002 66.450000000000017 24.650000000000002 -0.22252093395631442 71.950000000000017 68.050000000000011 1.0000000180025095e-35 58.050000000000004
decision_type=2 2 2 2 2 2 2 2 2 2 2 2 2 2
left_child=2 -2 -1 -4 -5 -3 8 -8 10 -10 -7 -9 -6 -14
right_child=1 5 3 4 12 6 7 11 9 -11 -12 -13 13 -15
leaf_value=0.086542376749035324 -0.05367091647036213 0.026447721050601627 -0.083275618314648886 -0.08246156823373417 0.083239115728908186 -0.024659341668503521 0.012401003868910729 -0.085625589601701357 0.0027615934120368965 0.064505757953224399 0.0051971729773516336 -0.035386910449025866 -0.08039696062616436 0.051665519981011071
leaf_weight=0.17827488970942784 0.39069065135208791 0.75298788312647946 0.081886549189221114 0.056244410143335699 0.083361519500613213 0.84694546501850743 0.51157224851704064 0.32553786978223798 0.75197199801914394 0.50163768041238632 1.9431753630342425 0.34807236470078351 0.024916916896472685 0.057994497470645001
leaf_count=3 33 37 7 29 2 24 9 13 41 33 64 27 40 22
internal_value=9.49297e-05 -0.00176575 0.0246607 -0.0115805 0.0148034 0.00162428 -0.00195041 -0.028559 0.00584833 0.0274688 -0.00386582 -0.0596659 0.0477048 0.0119775
internal_weight=6.85527 6.37259 0.482679 0.304404 0.222517 5.9819 5.22891 1.18518 4.04373 1.25361 2.79012 0.67361 0.166273 0.0829114
internal_count=384 281 103 100 93 248 211 49 162 74 88 40 64 62
is_linear=0
shrinkage=0.1


Tree=451
num_leaves=8
num_cat=0
split_feature=5 1 5 6 0 6 1
split_gain=0.0321392 0.0240025 0.0204992 8.30784e-11 1.54949e-12 1.04435e-12 6.47731e-13
threshold=24.050000000000004 0.78656609248549303 23.550000000000004 79.250000000000014 0.91597561503675362 75.850000000000009 -0.98296291314453399
decision_type=2 2 2 2 2 2 2
left_child=2 3 -1 4 5 6 -2
right_child=1 -3 -4 -5 -6 -7 -8
leaf_value=0.0094211569613978571 -0.080004951603913202 0.080266414218890025 -0.022556119866600624 -0.080027141147461206 -0.080007028251332379 -0.080006508880744454 -0.080002565539892392
leaf_weight=0.44579046961371205 0.0016080112809504507 0.073599603187176399 0.36429686176779796 0.0020083494873688332 0.0019866429906869598 0.0012096319387637777 0.0038899206417681844
leaf_count=24 27 37 28 10 31 16 211
internal_value=0.00115611 0.0599187 -0.00495905 -0.0800088 -0.0800046 -0.0800038 -0.0800033
internal_weight=0.894389 0.0843022 0.810087 0.0107026 0.00869421 0.00670756 0.00549793
internal_count=384 332 52 295 285 254 238
is_linear=0
shrinkage=0.1


Tree=452
num_leaves=13
num_cat=0
split_feature=6 2 2 6 6 3 2 6 5 6 6 6
split_gain=0.0293925 0.175732 0.1177 0.0904829 0.0605073 0.0547324 0.0902847 0.243878 0.139053 0.113424 0.0734268 1.47312e-06
threshold=69.450000000000017 0.87837969732492682 1.0000000180025095e-35 77.850000000000009 68.050000000000011 -0.56174490092936669 0.6078576107927941 62.900000000000006 30.550000000000004 59.95000000000001 62.150000000000013 71.750000000000014
decision_type=2 2 2 2 2 2 2 2 2 2 2 2
left_child=4 2 3 11 5 10 7 8 -7 -8 -1 -2
right_child=1 -3 -4 -5 -6 6 9 -9 -10 -11 -12 -13
leaf_value=0.011255844825665717 -0.081738820127288794 -0.08667007513415198 0.031856939361181419 0.0028914286151700461 0.033242102190245551 -0.055829333379052486 0.018670426956988933 0.060196454550848447 0.013075167818604745 -0.052326077570451358 -0.031355265687574262 -0.081213519922027966
leaf_weight=0.65936415150281336 0.098232689779251592 0.26330630480924799 0.6576942571773543 0.311066221594956 0.59883970562077582 0.41941745251097129 0.42069139481463924 0.85347428085515264 0.97072848048264859 0.48381035003694706 1.0458073357076498 0.11693439542614215
leaf_count=34 11 25 39 37 24 47 24 28 28 26 25 36
internal_value=-0.000111187 -0.0127798 0.0036535 -0.0315956 0.0032516 -0.000448872 0.00736673 0.0181193 -0.00771384 -0.019305 -0.0148782 -0.0814533
internal_weight=6.89937 1.44723 1.18393 0.526233 5.45213 4.85329 3.14812 2.24362 1.39015 0.904502 1.70517 0.215167
internal_count=384 148 123 84 236 212 153 103 75 50 59 47
is_linear=0
shrinkage=0.1


Tree=453
num_leaves=10
num_cat=0
split_feature=6 6 6 5 5 6 2 2 8
split_gain=0.0322439 0.059221 0.0404009 0.204895 0.144251 0.227246 0.139701 0.0661708 0.121198
threshold=86.100000000000009 81.65000000000002 59.550000000000004 30.250000000000004 30.850000000000005 53.95000000000001 1.0000000180025095e-35 0.87837969732492682 1.0000000180025095e-35
decision_type=2 2 2 2 2 2 2 2 2
left_child=1 2 4 7 5 -1 -7 8 -4
right_child=-2 -3 3 -5 -6 6 -8 -9 -10
leaf_value=0.086303269175477482 0.028882652089959427 -0.038292032113069363 0.016319034113799993 0.086852972742185314 -0.040121754630710819 0.020404899973944388 -0.066416554953223197 0.039447049224817371 -0.026178145413043936
leaf_weight=0.3100192550482459 0.35430433292640362 0.42132365463021404 1.2901520182058452 0.29553056059376093 0.9040006311261094 0.45238994601095328 0.31394355212978553 0.36762913494749216 1.3985391211444953
leaf_count=16 9 26 48 25 31 32 16 33 148
internal_value=-0.000396559 -0.00219958 0.000652258 0.00734295 -0.0106721 0.0140619 -0.0151632 -0.000345265 -0.00578613
internal_weight=6.10783 5.75353 5.3322 3.35185 1.98035 1.07635 0.766333 3.05632 2.68869
internal_count=384 375 349 254 95 64 48 229 196
is_linear=0
shrinkage=0.1


Tree=454
num_leaves=15
num_cat=0
split_feature=0 6 5 6 8 5 6 6 6 6 3 2 5 6
split_gain=0.0155769 0.0850951 0.051759 0.0900997 0.0535708 0.0508963 0.0260097 0.0289695 6.76435e-06 2.70054e-07 1.95458e-07 1.32507e-07 2.38929e-09 5.95349e-10
threshold=-0.60355339059327362 80.65000000000002 23.650000000000002 83.90000000000002 1.0000000180025095e-35 23.750000000000004 49.800000000000004 51.45000000000001 83.100000000000009 71.600000000000009 0.81174490092936691 0.6078576107927941 25.850000000000005 52.150000000000013
decision_type=2 2 2 2 2 2 2 2 2 2 2 2 2 2
left_child=1 5 -2 4 8 -1 -6 -8 11 12 -11 -4 -7 -14
right_child=2 -3 3 -5 6 9 7 -9 -10 10 -12 -13 13 -15
leaf_value=0.029707832269559687 -0.030399044162142813 -0.082032365347986205 -0.08102316266768704 0.075330839441004369 -0.080815575878522394 -0.080107283654369588 0.073530194896065326 -0.0044310539389489393 -0.082742552913874279 -0.080300915531212963 -0.080837173802710591 -0.08063155942871375 -0.080094606109755925 -0.080023678273516127
leaf_weight=0.28538856818340719 0.21988314742338844 0.12923965030677209 0.018106673150441566 0.22388677767594345 0.024628699466120452 0.014548049202176117 0.082011990714818239 0.11380192721134108 0.04024491010204656 0.014370099644224865 0.012896822593347679 0.016527977361874946 0.0014747859677299848 0.0059899690485281099
leaf_count=19 9 16 30 11 3 25 6 132 2 39 5 13 1 73
internal_value=0.00125058 -0.0131123 0.0102658 0.0274872 -0.0087836 0.0135027 0.0160392 0.0282212 -0.0818608 -0.0803442 -0.0805546 -0.0808363 -0.0800837 -0.0800377
internal_weight=1.203 0.463908 0.739092 0.519209 0.295322 0.334668 0.220443 0.195814 0.0748796 0.0492797 0.0272669 0.0346347 0.0220128 0.00746476
internal_count=384 178 206 197 186 162 141 138 45 143 44 43 99 74
is_linear=0
shrinkage=0.1


Tree=455
num_leaves=14
num_cat=0
split_feature=6 5 6 5 6 0 6 3 6 5 5 6 8
split_gain=0.0292495 0.0969858 0.0958055 0.0529828 0.0599862 0.0486385 0.0925852 0.104231 0.0720174 0.0902395 0.114751 0.040333 0.0216016
threshold=59.95000000000001 28.050000000000004 62.150000000000013 28.350000000000005 54.150000000000013 -0.70710678118654735 68.050000000000011 -0.22252093395631442 81.65000000000002 25.950000000000003 27.200000000000006 75.850000000000009 1.0000000180025095e-35
decision_type=2 2 2 2 2 2 2 2 2 2 2 2 2
left_child=1 -1 -2 -3 -5 8 -7 -8 9 11 -11 -4 -6
right_child=2 3 5 4 12 6 7 -9 -10 10 -12 -13 -14
leaf_value=0.085913864977879159 -0.050866406194815396 -0.082974867128926488 0.0015983547615890912 -0.082072489298060478 0.082971501937444958 0.0046596042926713146 -0.086565648833176315 -0.0082361739375645098 0.038210393881738414 0.082348388080932353 -0.018763238128344531 -0.02647717133550876 0.008463879901770395
leaf_weight=0.16324996331240971 0.37576654808162846 0.075036634923890233 2.1089525545248771 0.048283317115419777 0.077395422384142876 1.2452811248576838 0.29081493827834481 0.40852500111213885 0.64447206532349799 0.28272495261626307 0.18613878921860305 0.67560650236555364 0.078257412991661113
leaf_count=3 33 7 56 29 2 33 37 35 13 21 25 28 62
internal_value=-0.000155019 0.0246946 -0.00192224 -0.0111298 0.015305 0.00122565 -0.0116921 -0.0408089 0.0076702 0.00162047 0.0422071 -0.0052135 0.0455114
internal_weight=6.66051 0.442223 6.21828 0.278973 0.203936 5.84252 1.94462 0.69934 3.89789 3.25342 0.468864 2.78456 0.155653
internal_count=384 103 281 100 93 248 105 72 143 130 46 84 64
is_linear=0
shrinkage=0.1


Tree=456
num_leaves=8
num_cat=0
split_feature=5 1 3 6 0 6 1
split_gain=0.0303062 0.0220109 0.0189063 6.51536e-11 1.07347e-12 8.49964e-13 4.59307e-13
threshold=24.050000000000004 0.78656609248549303 1.0000000180025095e-35 79.250000000000014 0.91597561503675362 75.850000000000009 -0.98296291314453399
decision_type=2 2 2 2 2 2 2
left_child=2 3 -1 4 5 6 -2
right_child=1 -3 -4 -5 -6 -7 -8
leaf_value=-0.021755704363497167 -0.080004497520050899 0.080252661427845984 0.009361120140700039 -0.080025053480848068 -0.080006332746820119 -0.080006049151937125 -0.080002389250298067
leaf_weight=0.35387266036559595 0.0014503175489153372 0.069166284796665423 0.43564184087517788 0.0018407488350931098 0.0017842707188719942 0.0011124153252239921 0.0035943345703799414
leaf_count=24 27 37 28 10 31 16 211
internal_value=0.00132128 0.0603956 -0.00458592 -0.0800081 -0.0800042 -0.0800035 -0.080003
internal_weight=0.868463 0.0789484 0.789515 0.00978209 0.00794134 0.00615707 0.00504465
internal_count=384 332 52 295 285 254 238
is_linear=0
shrinkage=0.1


Tree=457
num_leaves=15
num_cat=0
split_feature=5 5 0 6 6 6 6 5 6 6 5 5 6 5
split_gain=0.0323035 0.116131 0.283018 0.0988052 0.126271 0.0979295 0.111489 0.0535063 0.0484249 0.0383426 0.0637644 2.77531e-05 3.63556e-07 1.75206e-07
threshold=25.350000000000005 25.950000000000003 1.0000000180025095e-35 71.250000000000014 71.600000000000009 75.850000000000009 78.300000000000026 26.850000000000005 80.300000000000026 66.100000000000009 28.150000000000002 27.200000000000006 68.700000000000003 31.750000000000004
decision_type=2 2 2 2 2 2 2 2 2 2 2 2 2 2
left_child=3 -2 11 -1 -5 -6 -7 -4 -8 10 -9 -3 13 -13
right_child=1 2 7 4 5 6 8 9 -10 -11 -12 12 -14 -15
leaf_value=-0.041442646349881894 0.049740343046754149 -0.082128615434705399 0.031369429982462206 0.085079798727802913 -0.082183862078477804 0.056203721574192934 0.0098124695913250556 0.032126832885122851 -0.082871868231247314 -0.018494673946914432 -0.0020686369908080016 -0.080260908479594675 -0.08065953235383104 -0.0805517381207628
leaf_weight=0.66513569295057073 0.49913511011618528 0.23913203965776109 0.71967990789562453 0.17759040743112564 0.14597331575714634 0.25799382295372197 0.10506039785104804 0.73741082847118455 0.12163571297787712 0.75720153348447627 2.0932231469887483 0.085256641290470725 0.048295391025021672 0.027362404063751455
leaf_count=27 22 29 9 2 24 19 13 7 40 15 78 87 7 5
internal_value=0.000176074 0.0038753 -0.000987692 -0.0128963 0.0105952 -0.0103791 0.0112462 0.00648455 -0.0399181 0.00149292 0.00683965 -0.0814454 -0.08043 -0.0803316
internal_weight=6.68009 5.2067 4.70756 1.47339 0.808254 0.630663 0.48469 4.30752 0.226696 3.58784 2.83063 0.400046 0.160914 0.112619
internal_count=384 259 237 125 98 96 72 109 53 100 85 128 99 92
is_linear=0
shrinkage=0.1


Tree=458
num_leaves=12
num_cat=0
split_feature=5 6 6 3 6 5 3 1 8 0 6
split_gain=0.0315834 0.0383899 0.0719058 0.121956 0.0641282 0.0357712 0.167428 0.0705941 0.175511 0.0682777 0.00664544
threshold=22.950000000000003 74.850000000000009 86.100000000000009 -0.56174490092936669 71.850000000000009 27.800000000000001 0.81174490092936691 -0.98296291314453399 1.0000000180025095e-35 -0.91597561503675329 79.600000000000009
decision_type=2 2 2 2 2 2 2 2 2 2 2
left_child=-1 4 3 -3 5 6 9 -7 -9 -2 -5
right_child=1 2 -4 10 -6 7 -8 8 -10 -11 -12
leaf_value=0.021036350137893713 -0.0070303798902089853 0.014176144424445734 0.019515119654767016 -0.058206806211196782 0.03826169265841986 -0.010311235988818139 0.054910120286326462 -0.037115193714887557 0.044293173929645463 -0.083814905596664241 -0.083352058876179969
leaf_weight=0.61713355407118786 0.18688510381616652 0.26964612060510262 0.31047918775584549 0.19356446038727859 0.42199351484305214 1.9447090364992619 0.19496762656490318 0.37726397294318348 0.88861406501382545 0.30448384620649482 0.22997459079488181
leaf_count=10 35 29 8 29 21 26 10 8 147 38 23
internal_value=-0.000378659 -0.00286165 -0.020479 -0.0383925 0.00123241 -0.00277745 -0.0234993 0.00165233 0.0200314 -0.054611 -0.0718603
internal_weight=5.93972 5.32258 1.00366 0.693185 4.31892 3.89692 0.686337 3.21059 1.26588 0.491369 0.423539
internal_count=384 374 89 81 285 264 83 181 155 73 52
is_linear=0
shrinkage=0.1


Tree=459
num_leaves=12
num_cat=0
split_feature=6 6 6 6 5 6 6 6 3 1 8
split_gain=0.0155348 0.0546816 0.060835 0.0232677 0.0552605 0.0126569 0.0211596 5.14807e-06 2.44559e-06 2.56062e-07 4.39194e-08
threshold=81.65000000000002 80.300000000000026 71.750000000000014 65.700000000000003 31.850000000000005 66.100000000000009 71.600000000000009 65.250000000000014 0.81174490092936691 0.78656609248549303 1.0000000180025095e-35
decision_type=2 2 2 2 2 2 2 2 2 2 2
left_child=1 2 3 4 7 -5 -7 -1 9 10 -4
right_child=-2 -3 8 5 -6 6 -8 -9 -10 -11 -12
leaf_value=-0.080443336442292929 -0.013243044749120643 0.058305191439885024 -0.080253575146863265 0.078995447216555659 0.023965398956884348 -0.019351852442568332 0.057611903070721782 -0.08211223864426187 -0.081734658482825184 -0.080792501981629017 -0.080489134434808748
leaf_weight=0.044893142411922327 0.46543099511654873 0.17683577143179718 0.013552888583831191 0.049314565818349365 0.14527639700099826 0.069431833882390492 0.073575728456489742 0.031419507396890367 0.026217829113534208 0.0310404864467273 0.019027389921348004
leaf_count=168 35 11 8 5 9 70 3 6 8 20 41
internal_value=0.00083591 0.0104641 -0.00633004 0.00985998 -0.0122284 0.0353097 0.0202451 -0.0811305 -0.0809219 -0.080587 -0.0803911
internal_weight=1.14602 0.680586 0.50375 0.413911 0.221589 0.192322 0.143008 0.0763126 0.0898386 0.0636208 0.0325803
internal_count=384 349 338 261 183 78 73 174 77 69 49
is_linear=0
shrinkage=0.1


Tree=460
num_leaves=13
num_cat=0
split_feature=6 5 6 5 6 2 0 6 5 1 8 2
split_gain=0.0293797 0.0877074 0.0758722 0.0487114 0.0532046 0.0446083 0.180106 0.059631 0.056778 0.0992169 0.0196275 3.59494e-06
threshold=59.95000000000001 28.050000000000004 62.150000000000013 28.350000000000005 54.150000000000013 -0.60785761079279388 -0.60355339059327362 64.750000000000014 26.650000000000002 -1.0000000180025095e-35 1.0000000180025095e-35 -0.8783796973249266
decision_type=2 2 2 2 2 2 2 2 2 2 2 2
left_child=1 -1 -2 -3 -5 6 11 -7 9 -9 -6 -4
right_child=2 3 5 4 10 7 -8 8 -10 -11 -12 -13
leaf_value=0.085575277496250823 -0.046054808841545544 -0.082675690141888025 0.0088316963771846984 -0.081821081656435521 0.082702837732190906 0.033788483104544069 -0.084293648941160815 0.046245126713405547 -0.019809269327057316 -0.0007978720425552932 0.01007399063495234 0.0083918928255220602
leaf_weight=0.15489168174099166 0.35943515660073888 0.067373544734437019 0.37639141573163215 0.043043604532613244 0.070500355213880539 0.64262102085194772 0.29004312791948883 0.548896106367465 0.98929177441459604 2.4469478006649306 0.078796397183396039 0.36714350717375055
leaf_count=3 33 7 21 29 2 20 40 10 34 103 62 20
internal_value=0.000269976 0.0260181 -0.0015031 -0.00950144 0.0161303 0.00132546 -0.0174574 0.00552048 0.000962143 0.00782131 0.0443705 0.00861453
internal_weight=6.43538 0.414606 6.02077 0.259714 0.19234 5.66133 1.03358 4.62776 3.98514 2.99584 0.149297 0.743535
internal_count=384 103 281 100 93 248 81 167 147 113 64 41
is_linear=0
shrinkage=0.1


Tree=461
num_leaves=10
num_cat=0
split_feature=3 3 5 5 2 5 6 8 6
split_gain=0.0278579 0.0349033 0.0551216 0.046354 0.0856372 0.0087423 0.000939944 0.00142513 0.00130789
threshold=0.81174490092936691 -0.56174490092936669 24.050000000000004 23.750000000000004 0.6078576107927941 23.950000000000003 77.750000000000014 1.0000000180025095e-35 76.550000000000011
decision_type=2 2 2 2 2 2 2 2 2
left_child=1 2 -1 -3 -5 -6 7 -4 -9
right_child=-2 3 6 4 5 -7 -8 8 -10
leaf_value=-0.082653764284155079 -0.061164150544340504 0.03557631672395576 0.072176142822618403 0.073914682702600293 -0.083035865878253456 -0.037335035102792929 0.076217672266361017 -0.080003474094016994 0.046127765036419688
leaf_weight=0.091345280396126327 0.066916712239162734 0.41399295756491483 0.0047376600277857506 0.069125860264648509 0.077167034876765683 0.091479239505247278 0.025720599427586421 0.0015575741847442259 0.0017410347645636648
leaf_count=12 34 22 11 129 4 83 15 68 6
internal_value=0.000746426 0.00607919 -0.0423016 0.0153656 -0.019824 -0.0582462 0.0668904 0.0370377 -0.0134303
internal_weight=0.843784 0.776867 0.125102 0.651765 0.237772 0.168646 0.0337569 0.00803627 0.00329861
internal_count=384 350 112 238 216 87 100 85 74
is_linear=0
shrinkage=0.1


Tree=462
num_leaves=14
num_cat=0
split_feature=6 2 2 6 6 3 2 6 6 6 6 0 6
split_gain=0.031032 0.155849 0.0900095 0.0813266 0.0527918 0.0526834 0.0858966 0.218113 0.119776 0.0955108 0.0470449 8.16475e-07 3.68146e-06
threshold=69.450000000000017 0.87837969732492682 1.0000000180025095e-35 77.850000000000009 68.050000000000011 -0.56174490092936669 0.6078576107927941 62.900000000000006 54.750000000000007 59.95000000000001 62.150000000000013 -1.0000000180025095e-35 71.750000000000014
decision_type=2 2 2 2 2 2 2 2 2 2 2 2 2
left_child=4 2 3 11 5 10 7 8 -7 -8 -1 12 -2
right_child=1 -3 -4 -5 -6 6 9 -9 -10 -11 -12 -13 -14
leaf_value=0.0072272292848249474 -0.081639530171975561 -0.085992771542024393 0.027926541640790278 0.0030709545685584862 0.032681768328788781 0.033578084807080189 0.017983126274377995 0.059698059301973243 -0.028817965724168622 -0.049616526602564964 -0.027804061898096061 -0.081500668234251408 -0.080474896682974306
leaf_weight=0.62078256690074285 0.056294125330168643 0.24264755167132523 0.61482274690570193 0.29305668011147645 0.55717910348903377 0.48248245028662606 0.38167711762798706 0.8061866471543907 0.8490088144026231 0.46200392318678496 1.0023215113833428 0.078860195004381128 0.052412427193303301
leaf_count=34 9 25 39 37 24 18 24 28 57 26 25 5 33
internal_value=9.12629e-05 -0.0134796 0.00258248 -0.0298381 0.00360935 9.13363e-05 0.00798382 0.0186473 -0.00620798 -0.0190348 -0.0144058 -0.0812557 -0.081078
internal_weight=6.49974 1.33809 1.09545 0.480623 5.16164 4.60446 2.98136 2.13768 1.33149 0.843681 1.6231 0.187567 0.108707
internal_count=384 148 123 84 236 212 153 103 75 50 59 47 42
is_linear=0
shrinkage=0.1


Tree=463
num_leaves=8
num_cat=0
split_feature=6 6 2 6 6 6 5
split_gain=0.0344651 0.0517976 0.154823 0.0527298 0.0288983 0.056067 0.080763
threshold=84.500000000000014 74.850000000000009 -1.0000000180025095e-35 71.850000000000009 68.950000000000017 67.250000000000014 28.150000000000002
decision_type=2 2 2 2 2 2 2
left_child=1 3 -3 4 5 6 -1
right_child=-2 2 -4 -5 -6 -7 -8
leaf_value=-0.042394770824768224 0.023432468390924083 0.026561354422054973 -0.055043049079945922 0.035494974945350526 -0.031011883987651475 0.034262947392056202 0.0026692666857951117
leaf_weight=0.46807372696639626 0.53949512974941161 0.37676037865912804 0.60715521588372201 0.41563727046013799 0.31512206150364352 0.43392108533589624 2.6450777895406645
leaf_count=46 17 42 39 21 39 25 155
internal_value=-0.000638871 -0.00310694 -0.0237951 0.00165141 -0.00199073 0.000587514 -0.00410628
internal_weight=5.80124 5.26175 0.983916 4.27783 3.86219 3.54707 3.11315
internal_count=384 367 81 286 265 226 201
is_linear=0
shrinkage=0.1


Tree=464
num_leaves=11
num_cat=0
split_feature=5 6 8 6 6 2 6 6 6 1
split_gain=0.0153903 0.101151 0.0959223 0.0402632 0.0444166 0.0471316 1.17634e-05 2.05761e-06 1.97276e-06 1.98573e-07
threshold=23.550000000000004 83.90000000000002 1.0000000180025095e-35 80.300000000000026 68.450000000000017 1.0000000180025095e-35 83.100000000000009 79.250000000000014 81.15000000000002 0.78656609248549303
decision_type=2 2 2 2 2 2 2 2 2 2
left_child=-1 2 6 4 5 -4 8 -6 9 -2
right_child=1 -3 3 -5 7 -7 -8 -9 -10 -11
leaf_value=-0.01816081356436219 -0.080311954579475958 0.066196875630704033 0.037559630179929616 0.07656943139575266 -0.080467103300891643 -0.053512201663193898 -0.082711828852383193 -0.081646445598731743 -0.081645230062514118 -0.080732394897626888
leaf_weight=0.31155327837041114 0.01876266300757834 0.21737905858026352 0.20859769572041387 0.075963848328683525 0.036617401903868085 0.078101877216624871 0.079360809759236872 0.024822517550546763 0.026379815899417736 0.027993364082362859
leaf_count=24 37 15 120 10 78 74 4 4 4 14
internal_value=0.000674646 0.00806558 -0.01385 0.0106078 -0.00378503 0.0127501 -0.0818687 -0.0809436 -0.0809538 -0.0805637
internal_weight=1.10553 0.793979 0.5766 0.424103 0.348139 0.2867 0.152497 0.0614399 0.0731358 0.046756
internal_count=384 360 345 286 276 194 59 82 55 51
is_linear=0
shrinkage=0.1


Tree=465
num_leaves=15
num_cat=0
split_feature=6 5 5 6 0 6 6 6 3 6 3 5 8 6
split_gain=0.0271531 0.079837 0.0450545 0.0482241 0.0405041 0.0701182 0.0669401 0.0938958 0.0927813 0.0512004 0.0596448 0.23767 0.0191211 0.00987762
threshold=59.95000000000001 28.050000000000004 28.350000000000005 54.150000000000013 -0.70710678118654735 81.65000000000002 68.050000000000011 66.100000000000009 -0.22252093395631442 77.850000000000009 1.0000000180025095e-35 25.350000000000005 1.0000000180025095e-35 64.40000000000002
decision_type=2 2 2 2 2 2 2 2 2 2 2 2 2 2
left_child=1 -1 -3 -4 5 9 7 13 -8 10 11 -2 -5 -6
right_child=4 2 3 12 6 -7 8 -9 -10 -11 -12 -13 -14 -15
leaf_value=0.085095498007894982 0.050929728708198424 -0.082408580897353256 -0.081675675293578706 0.082522953581067218 -0.040975818098707067 0.035469760221090246 -0.086149523234398173 0.022735912613616561 -0.0084446484740704469 -0.029365440997958771 -0.014679715215986266 -0.026175311877876764 0.009524583107196536 -0.016703453177561309
leaf_weight=0.14285873866174359 0.88874362644855931 0.062249795795651153 0.039678831791206903 0.065891645848751068 0.3216726039536304 0.61298423667903978 0.25776009008768608 0.7762444081099602 0.3804805674099041 0.5451014827704056 1.015719442424597 0.72660403161899012 0.07878907223312126 0.35017471258106525
leaf_count=3 36 7 29 2 42 13 37 11 35 18 40 43 62 6
internal_value=3.87659e-05 0.0256091 -0.00885087 0.0159862 -0.00165621 0.00450475 -0.0128456 -0.000953876 -0.0398266 -0.00147134 0.00430772 0.0162469 0.0427701 -0.0283248
internal_weight=6.26495 0.389468 0.246609 0.18436 5.87549 3.78915 2.08633 1.44809 0.638241 3.17617 2.63107 1.61535 0.144681 0.671847
internal_count=384 103 100 93 281 150 131 59 72 137 119 79 64 48
is_linear=0
shrinkage=0.1


Tree=466
num_leaves=8
num_cat=0
split_feature=5 1 3 6 5 6 5
split_gain=0.0283159 0.0305511 0.0244791 7.56851e-08 2.27871e-08 7.44661e-11 3.39033e-12
threshold=22.450000000000006 0.78656609248549303 1.0000000180025095e-35 83.100000000000009 23.650000000000002 78.750000000000014 24.350000000000005
decision_type=2 2 2 2 2 2 2
left_child=-1 3 -3 4 -2 6 -6
right_child=1 2 -4 -5 5 -7 -8
leaf_value=-0.082624800774378671 -0.08020758479879142 -0.0087725577483362335 0.028211237688313746 -0.080399176157986585 -0.080009414969546944 -0.080024477309382294 -0.080003782673950641
leaf_weight=0.039020928881654982 0.013136597792254179 0.36248291061201598 0.35349785737344064 0.016537249382963637 0.0012744559035127168 0.0025060128446057215 0.0066209569823740821
leaf_count=3 17 36 18 9 16 13 272
internal_value=0.00044419 0.00473148 0.00948728 -0.0802352 -0.08012 -0.0800095 -0.0800047
internal_weight=0.795077 0.756056 0.715981 0.0400753 0.023538 0.0104014 0.00789541
internal_count=384 381 54 327 318 301 288
is_linear=0
shrinkage=0.1


Tree=467
num_leaves=12
num_cat=0
split_feature=5 5 6 6 6 6 6 8 1 0 5
split_gain=0.0295355 0.115922 0.0820809 0.110382 0.0869161 0.0947324 0.0432657 0.0407394 0.287623 0.0532408 1.70769e-05
threshold=25.350000000000005 25.950000000000003 71.250000000000014 71.600000000000009 75.850000000000009 78.300000000000026 80.300000000000026 1.0000000180025095e-35 -0.98296291314453399 0.91597561503675362 27.200000000000006
decision_type=2 2 2 2 2 2 2 2 2 2 2
left_child=2 -2 -1 -4 -5 -6 -7 -3 -9 10 -10
right_child=1 7 3 4 5 6 -8 8 9 -11 -12
leaf_value=-0.039375104303242973 0.05008574861492332 0.0099094501438169447 0.081593257663483562 -0.082112202083356137 0.052648466484984252 0.0074081279199598926 -0.082567556950082263 0.0096059224363444565 -0.08176289645669646 -0.0010808164824731188 -0.08059275110211743
leaf_weight=0.62710099107061956 0.48969950451100874 1.9068479101460978 0.16601821035146713 0.13225889259410906 0.24308836453565164 0.10451733734225854 0.1093658044901531 1.9415514688007529 0.203206351236077 0.098919416777789593 0.322893239226687
leaf_count=27 22 28 2 24 19 13 40 27 27 5 150
internal_value=0.000293885 0.00389446 -0.0126334 0.00957081 -0.0107218 0.00994031 -0.0385995 -0.00116204 -0.00938767 -0.0683891 -0.0810447
internal_weight=6.34547 4.96312 1.38235 0.755249 0.58923 0.456972 0.213883 4.47342 2.56657 0.625019 0.5261
internal_count=384 259 125 98 96 72 53 237 209 182 177
is_linear=0
shrinkage=0.1


Tree=468
num_leaves=17
num_cat=0
split_feature=5 5 6 5 6 6 2 5 5 6 3 5 5 2 5 2
split_gain=0.0295107 0.199248 0.0770882 0.119542 0.137824 0.0923056 0.0871672 0.0968788 0.107802 0.0410944 0.0322769 0.05444 0.000570924 1.70731e-06 1.16742e-06 3.93904e-08
threshold=23.850000000000005 27.800000000000001 59.550000000000004 30.850000000000005 57.550000000000004 53.95000000000001 0.6078576107927941 28.850000000000005 30.250000000000004 76.750000000000014 -1.0000000180025095e-35 24.450000000000003 23.950000000000003 0.87837969732492682 24.750000000000004 1.0000000180025095e-35
decision_type=2 2 2 2 2 2 2 2 2 2 2 2 2 2 2 2
left_child=9 10 3 4 5 -3 7 -4 -9 -1 12 -12 -2 15 -13 -14
right_child=1 2 6 -5 -6 -7 -8 8 -10 -11 11 14 13 -15 -16 -17
leaf_value=-0.005446514281381409 -0.089112899549692759 0.085738899822921488 -0.027086271655568369 -0.037061151268132871 -0.035852030000842874 0.0083084824301239667 0.058844256165315502 -0.012705382119095355 0.087335162940398933 0.022973054662411608 0.053772151545723651 -0.081033540627949874 -0.080179180324538676 -0.080794393901838832 -0.08022357696134047 -0.08029605785651775
leaf_weight=0.99143644957803223 0.11895949067547917 0.27260260905313793 0.47842338238842763 0.87535749890957959 0.35689459065906703 0.35374506800872041 0.42289734376390697 0.21135596211388474 0.21966399453958729 1.0451849298551676 0.052251327826525418 0.034557816150481813 0.064322573709432618 0.10023777438800607 0.036685492385004181 0.052266378450440243
leaf_count=16 2 16 22 31 18 28 21 31 19 27 7 9 50 27 31 29
internal_value=-0.000505747 -0.00588658 0.00297717 -0.0101826 0.0137467 0.0420082 0.0213349 0.00389285 0.038279 0.00913828 -0.0674692 -0.0237558 -0.083546 -0.0804918 -0.0806165 -0.0802316
internal_weight=5.68684 3.65022 3.19094 1.8586 0.983242 0.626348 1.33234 0.909443 0.43102 2.03662 0.459281 0.123495 0.335786 0.216827 0.0712433 0.116589
internal_count=384 341 186 93 62 44 93 72 50 43 155 47 108 106 40 79
is_linear=0
shrinkage=0.1


Tree=469
num_leaves=15
num_cat=0
split_feature=2 2 1 8 2 5 5 6 6 1 6 6 6 6
split_gain=0.0168367 0.0583708 0.0567736 0.0706874 0.0444412 0.0304158 0.06272 0.020215 2.75176e-05 5.38545e-06 2.99934e-07 4.80364e-08 3.11318e-08 1.08851e-09
threshold=-0.8783796973249266 -0.60785761079279388 0.9159756150367534 1.0000000180025095e-35 0.87837969732492682 23.750000000000004 31.850000000000005 65.700000000000003 83.90000000000002 0.9159756150367534 56.20000000000001 51.45000000000001 78.750000000000014 71.750000000000014
decision_type=2 2 2 2 2 2 2 2 2 2 2 2 2 2
left_child=5 8 3 -3 7 -1 9 -5 10 11 -2 -7 -13 -12
right_child=1 2 -4 4 -6 6 -8 -9 -10 -11 13 12 -14 -15
leaf_value=0.062903071883891562 -0.080810739826105482 -0.081479627653104583 0.054053588953121803 -0.016614008723788976 -0.08098709009602266 -0.080487238143060011 0.081354795467193097 0.030862583559806984 -0.084490319264106384 -0.082238558703849024 -0.080048001320644768 -0.080071181735438604 -0.080349349234628387 -0.080117734079745775
leaf_weight=0.10719306487590075 0.014350127251418598 0.11622613320128039 0.16961706069992033 0.12922174370453376 0.052783209271126452 0.0075211599469184867 0.040309326723217964 0.2931155452342864 0.062901824712753296 0.033111862308032869 0.0034589763658914308 0.010009988250885726 0.0067273482263772158 0.0063442778715625536
leaf_count=4 13 42 22 77 36 1 2 66 1 3 41 51 7 18
internal_value=0.000394381 -0.00582111 0.00305271 -0.011576 0.00552418 0.0261218 -0.0142417 0.0163363 -0.0833886 -0.0814093 -0.0805195 -0.0802773 -0.080183 -0.0800931
internal_weight=1.05289 0.848019 0.760964 0.591347 0.47512 0.204873 0.0976797 0.422337 0.0870552 0.0573704 0.0241534 0.0242585 0.0167373 0.00980325
internal_count=384 316 243 221 179 68 64 143 73 62 72 59 58 59
is_linear=0
shrinkage=0.1


Tree=470
num_leaves=18
num_cat=0
split_feature=6 5 5 8 6 6 3 3 2 5 3 2 6 3 0 6 6
split_gain=0.0252428 0.0733746 0.0417272 0.0412896 0.0449647 0.0289313 0.083386 0.153072 0.324865 0.0652714 0.100228 0.0486291 0.0349758 0.0335695 0.00958536 0.00971806 2.16322e-06
threshold=59.95000000000001 28.050000000000004 28.350000000000005 1.0000000180025095e-35 58.050000000000004 69.450000000000017 -0.56174490092936669 1.0000000180025095e-35 0.6078576107927941 24.650000000000002 -0.56174490092936669 0.6078576107927941 65.700000000000003 -0.56174490092936669 0.91597561503675362 71.850000000000009 53.600000000000009
decision_type=2 2 2 2 2 2 2 2 2 2 2 2 2 2 2 2 2
left_child=1 -1 -3 -4 16 6 12 -8 -9 11 -11 13 -2 -7 15 -12 -5
right_child=5 2 3 4 -6 9 7 8 -10 10 14 -13 -14 -15 -16 -17 -18
leaf_value=0.084710856134624729 -0.0064770054905307906 -0.08219048657035645 0.082342732288671783 -0.081584595719936995 0.045583612500822324 -0.007001050327844538 -0.063891593122170132 -0.058776717944835827 0.059376919511946506 -0.012040979572491499 0.076404836230364898 -0.021951597283589662 0.024651282344780492 0.024792258319439365 0.086853441479791571 0.028297076671478145 -0.080364241320227736
leaf_weight=0.13308252254500974 0.73358154085872251 0.057672384835314006 0.06087285652756691 0.02999858677139855 0.0542360520157672 0.64702985700569149 0.60300731762072224 0.46163822933522169 0.46925119511342928 0.25872461877588648 0.087788297263614257 0.79465159476967517 0.71061761181226757 0.6823229587862446 0.17431048490107059 0.080489527535974048 0.02816113310836954
leaf_count=3 28 7 2 20 22 23 38 35 18 23 13 25 14 28 3 33 49
internal_value=3.75107e-05 0.0255686 -0.00851291 0.0160106 -0.0199144 -0.00159202 -0.00840529 -0.0246418 0.000783241 0.00585319 0.0349389 -0.00238108 0.00883966 0.00931765 0.0704184 0.0533943 -0.0809937
internal_weight=6.06744 0.364024 0.230941 0.173269 0.112396 5.70341 2.9781 1.5339 0.930889 2.72532 0.601313 2.124 1.4442 1.32935 0.342588 0.168278 0.0581597
internal_count=384 103 100 93 91 281 133 91 53 148 72 76 42 51 49 46 69
is_linear=0
shrinkage=0.1


Tree=471
num_leaves=8
num_cat=0
split_feature=5 2 1 6 0 6 1
split_gain=0.026594 0.0232997 0.0185998 6.10317e-11 4.33141e-13 5.91312e-13 3.04675e-13
threshold=24.050000000000004 0.6078576107927941 0.78656609248549303 79.250000000000014 0.91597561503675362 75.15000000000002 -0.98296291314453399
decision_type=2 2 2 2 2 2 2
left_child=1 -1 3 4 5 6 -2
right_child=2 -3 -4 -5 -6 -7 -8
leaf_value=-0.022336396095297768 -0.080003812675575214 0.014198774628551609 0.080223022022275658 -0.080024573168318569 -0.080004995962082853 -0.080005199554880044 -0.080001927146931801
leaf_weight=0.36628472954180324 0.0012199215034343069 0.33346692360646557 0.059469291838468052 0.0017310349239778589 0.0014176173426676542 0.0010005577887568506 0.0028804779497022537
leaf_count=35 27 17 37 10 31 18 209
internal_value=0.000865328 -0.00492555 0.0607035 -0.0800079 -0.0800034 -0.080003 -0.0800025
internal_weight=0.767471 0.699752 0.0677189 0.00824961 0.00651857 0.00510096 0.0041004
internal_count=384 52 332 295 285 254 236
is_linear=0
shrinkage=0.1


Tree=472
num_leaves=9
num_cat=0
split_feature=5 5 6 6 2 5 8 5
split_gain=0.028563 0.0885534 0.0920852 0.0689341 0.0820574 0.18314 0.0980497 0.00108381
threshold=31.350000000000005 30.850000000000005 57.550000000000004 58.050000000000004 0.6078576107927941 26.850000000000005 1.0000000180025095e-35 30.150000000000002
decision_type=2 2 2 2 2 2 2 2
left_child=1 2 7 -4 6 -6 -5 -1
right_child=-2 -3 3 4 5 -7 -8 -9
leaf_value=-0.035537896972780099 -0.024030740478105588 0.040056433801814478 0.049033383981357079 0.027412743428265204 0.0031522530390570031 -0.084097990932056013 -0.0081893925963727743 -0.044330077420314723
leaf_weight=0.26430878461542295 0.45293062114251359 0.55364889846532594 0.29960274649783958 1.4004712826263128 0.78169035587870872 0.34753155054977469 1.7280744979179874 0.29859277908144577
leaf_count=25 30 13 5 52 47 29 163 20
internal_value=0.000135489 0.0020646 -0.00204341 0.0026697 -0.000592738 -0.0237001 0.00774765 -0.0402017
internal_weight=6.12685 5.67392 5.12027 4.55737 4.25777 1.12922 3.12855 0.562902
internal_count=384 354 341 296 291 76 215 45
is_linear=0
shrinkage=0.1


Tree=473
num_leaves=9
num_cat=0
split_feature=6 6 6 5 3 0 1 8
split_gain=0.0345146 0.0481571 0.0323009 0.0741709 0.0670792 0.0413357 0.0973405 0.0822117
threshold=86.100000000000009 81.65000000000002 76.750000000000014 23.350000000000005 -0.56174490092936669 -0.37940952255126059 -0.12940952255126037 1.0000000180025095e-35
decision_type=2 2 2 2 2 2 2 2
left_child=1 2 3 -1 -4 6 -5 -7
right_child=-2 -3 4 5 -6 7 -8 -9
leaf_value=-0.055483638801437522 0.030654722270087909 -0.037386864767323565 0.062560166193038447 0.080839117848607145 -0.012248391322563987 -0.045161933822328013 0.0036794214071759288 0.0014751764943470704
leaf_weight=0.24906938336789597 0.33555733616230998 0.36641655346465984 0.23777487538609421 0.19619039820827244 0.24170937164490158 0.44629388707471696 0.9811686421653576 2.4693901063074013
leaf_count=4 9 26 16 70 28 30 91 110
internal_value=-0.00042727 -0.00243763 0.000218328 -0.00250155 0.024849 0.000722514 0.016537 -0.00566341
internal_weight=5.52357 5.18801 4.8216 4.34211 0.479484 4.09304 1.17736 2.91568
internal_count=384 375 349 305 44 301 161 140
is_linear=0
shrinkage=0.1


Tree=474
num_leaves=11
num_cat=0
split_feature=6 5 2 5 5 3 5 6 5 5
split_gain=0.016688 0.035951 0.0268528 0.0228329 0.0173483 1.52284e-06 3.77071e-07 1.09492e-08 2.55527e-09 2.08402e-11
threshold=51.45000000000001 24.050000000000004 -0.8783796973249266 23.650000000000002 31.850000000000005 0.81174490092936691 31.850000000000005 85.15000000000002 25.850000000000005 30.350000000000005
decision_type=2 2 2 2 2 2 2 2 2 2
left_child=-1 3 4 -2 8 6 7 -4 -3 -10
right_child=1 2 5 -5 -6 -7 -8 -9 9 -11
leaf_value=0.042119020985382817 -0.011286819368196753 -0.080126141595618816 -0.080036128683813615 0.022708054724545328 0.081335284778218289 -0.081183474224952146 -0.080609842518391858 -0.080169103463932245 -0.080017229970430842 -0.080029106573941675
leaf_weight=0.088441606552805752 0.42829496217746055 0.0039973110826849734 0.016841953107075369 0.36676875347620808 0.020184395834803581 0.037245428336063924 0.028167497017420828 0.0097925000009126961 0.0031879892039796687 0.0027536376119314809
leaf_count=10 31 14 229 21 1 24 4 5 29 16
internal_value=0.000634627 -0.00336538 -0.0538702 0.00439527 0.0280829 -0.0806901 -0.0803548 -0.080085 -0.0800643 -0.0800227
internal_weight=1.00568 0.917234 0.122171 0.795064 0.0301233 0.0920474 0.054802 0.0266345 0.00993894 0.00594163
internal_count=384 374 322 52 60 262 238 234 59 45
is_linear=0
shrinkage=0.1


Tree=475
num_leaves=17
num_cat=0
split_feature=6 5 5 8 6 0 6 6 3 6 5 5 5 3 6 6
split_gain=0.0225117 0.0657611 0.0363341 0.0369689 0.0409291 0.0307851 0.0662573 0.0923353 0.081456 0.0594672 0.0526 0.126423 0.25126 0.012305 0.00532931 1.6847e-06
threshold=59.95000000000001 28.050000000000004 28.350000000000005 1.0000000180025095e-35 58.050000000000004 -0.70710678118654735 68.050000000000011 66.100000000000009 -0.22252093395631442 81.65000000000002 24.450000000000003 25.350000000000005 25.950000000000003 1.0000000180025095e-35 64.40000000000002 53.600000000000009
decision_type=2 2 2 2 2 2 2 2 2 2 2 2 2 2 2 2
left_child=1 -1 -3 -4 15 9 7 14 -8 10 13 -12 -13 -2 -7 -5
right_child=5 2 3 4 -6 6 8 -9 -10 -11 11 12 -14 -15 -16 -17
leaf_value=0.084234230464357532 -0.0050945658178647496 -0.081945035185449211 0.082079302053124983 -0.081461262996824546 0.043136778479858175 -0.036911727492543844 -0.085409397709815787 0.024282716489510435 -0.0093344312267366024 0.03363775060619776 0.04601827648938716 -0.073040891893619939 0.039791493121383713 -0.022667216437953788 -0.018657335244648035 -0.080337641576544105
leaf_weight=0.12126820720732201 0.80123712343629472 0.050701438638498075 0.054533220827579498 0.027662405574574223 0.052939663120923797 0.3033939876177103 0.23255748296105583 0.75650485935602774 0.35651516990401433 0.57863770890980948 0.63071701856097184 0.37718068674439564 0.41396281720517436 0.79272655257955194 0.33822684821097937 0.025779548108403105
leaf_count=3 23 7 2 20 22 42 37 11 35 13 34 11 52 17 6 49
internal_value=0.000258016 0.0255206 -0.00812564 0.0151335 -0.0191841 -0.00124862 -0.0112368 0.000615671 -0.0393677 0.00427333 -0.00136074 0.0126223 -0.0140018 -0.013834 -0.027289 -0.0809192
internal_weight=5.91454 0.332884 0.211616 0.160915 0.106382 5.58166 1.9872 1.39813 0.589073 3.59446 3.01582 1.42186 0.791144 1.59396 0.641621 0.053442
internal_count=384 103 100 93 91 281 131 59 72 150 137 97 63 40 48 69
is_linear=0
shrinkage=0.1


Tree=476
num_leaves=11
num_cat=0
split_feature=3 3 5 5 2 5 2 6 5 6
split_gain=0.0254715 0.0317921 0.0457068 0.0359377 0.0682993 0.00991601 0.02148 0.000725964 0.00112147 0.000887885
threshold=0.81174490092936691 -0.56174490092936669 24.050000000000004 23.750000000000004 -0.8783796973249266 23.950000000000003 0.87837969732492682 77.750000000000014 25.050000000000004 74.100000000000009
decision_type=2 2 2 2 2 2 2 2 2 2
left_child=1 2 -1 -3 -5 -6 -7 8 -4 -10
right_child=-2 3 7 4 5 6 -8 -9 9 -11
leaf_value=-0.082376011633310264 -0.060738997736665114 0.033683100039093465 0.069844814883195799 0.076878144863952697 -0.082523963195689665 0.062167676165245239 -0.05811345308155369 0.075616356072242166 -0.080002544704774831 0.040855728914527267
leaf_weight=0.07958080507160048 0.062021972523211844 0.37748114513487963 0.0040091713918855012 0.055084417560124166 0.065524656100024004 0.019237726321875925 0.065051636209659591 0.021281044988427311 0.0011505111093583764 0.0012887684661109233
leaf_count=12 34 22 10 64 5 100 47 15 67 8
internal_value=0.000645036 0.00616514 -0.0438516 0.0153813 -0.0183358 -0.0533446 -0.0306612 0.0667096 0.0373159 -0.0161483
internal_weight=0.751712 0.68969 0.10731 0.58238 0.204898 0.149814 0.0842894 0.0277295 0.00644845 0.00243928
internal_count=384 350 112 238 216 152 147 100 85 75
is_linear=0
shrinkage=0.1


Tree=477
num_leaves=18
num_cat=0
split_feature=6 6 2 6 6 2 0 6 6 6 2 2 6 6 6 6 6
split_gain=0.0299537 0.131044 0.0722822 0.339688 0.219494 0.106852 0.066468 0.135361 0.0885672 0.0500266 0.0723945 0.0406938 0.0845439 0.21556 0.0333659 0.0894929 0.00761981
threshold=66.100000000000009 64.750000000000014 1.0000000180025095e-35 68.050000000000011 66.850000000000009 -0.8783796973249266 0.91597561503675362 71.250000000000014 71.600000000000009 68.950000000000017 -1.0000000180025095e-35 -1.0000000180025095e-35 54.750000000000007 59.250000000000007 61.45000000000001 57.550000000000004 62.150000000000013
decision_type=2 2 2 2 2 2 2 2 2 2 2 2 2 2 2 2 2
left_child=1 11 4 -4 -2 -6 7 -5 -9 -7 -11 12 -1 -14 15 -13 -15
right_child=2 -3 3 6 5 9 -8 8 -10 10 -12 14 13 16 -16 -17 -18
leaf_value=0.023473782596593301 0.081457714948993842 0.060736653712802152 -0.098615478255208167 -0.083507479145704624 0.028979230203956159 -0.086761819629802783 0.037436464015517895 0.078841394594149308 -0.018151733917861148 0.008661981806031227 -0.082439992421165009 -0.018866520795724644 -0.085946021209287016 0.013230523498507802 -0.010603744108366384 0.049819389461759706 -0.0063329871010608376
leaf_weight=0.50547209221622402 0.31883707013912521 0.39200876922404848 0.42051407205144631 0.18948983874179226 0.34285507985623553 0.17210005881497636 0.44055375270545483 0.15309289749711752 0.2444937162658789 0.25879188903491013 0.13157438462076243 0.29911732640903188 0.39345832543040138 0.44052110916163656 0.39827116673222918 0.51854260072104807 0.363266189393471
leaf_count=17 7 15 11 15 35 4 5 2 52 47 18 28 33 25 21 27 22
internal_value=9.28353e-05 0.00644985 -0.00778273 -0.0229039 0.0101052 -0.0150238 0.00807784 -0.0139535 0.019196 -0.0418462 -0.0220443 -0.000841507 -0.0108198 -0.0252984 0.0131315 0.0246926 0.00438893
internal_weight=5.98296 3.31066 2.6723 1.44814 1.22416 0.905321 1.02763 0.587076 0.397587 0.562466 0.390366 2.91865 1.70272 1.19725 1.21593 0.81766 0.803787
internal_count=384 188 196 85 111 104 74 69 54 69 65 173 97 80 76 55 47
is_linear=0
shrinkage=0.1


Tree=478
num_leaves=9
num_cat=0
split_feature=6 6 2 6 5 5 2 0
split_gain=0.0307605 0.0466348 0.123337 0.0504788 0.0270232 0.0314337 0.0730117 0.00737421
threshold=84.500000000000014 74.850000000000009 -1.0000000180025095e-35 71.850000000000009 31.650000000000002 30.650000000000002 0.87837969732492682 -0.78656609248549303
decision_type=2 2 2 2 2 2 2 2
left_child=1 3 7 4 5 6 -1 -3
right_child=-2 2 -4 -5 -6 -7 -8 -9
leaf_value=-0.012383113919990293 0.022818887348289397 0.0072448824300849679 -0.053460531559656757 0.035456548909186085 -0.031554171008108894 0.015675047249715992 0.041500738968229263 0.036173291956381706
leaf_weight=2.0622783146300225 0.50787715625483532 0.16822353174211457 0.54494172035674626 0.39650915158563282 0.28736911664600473 0.9586617302848025 0.28638356729061332 0.18505161620032595
leaf_count=180 17 10 39 21 17 40 28 32
internal_value=-0.000604946 -0.00303804 -0.0236248 0.00159499 -0.00214008 0.000415675 -0.0058128 0.0223981
internal_weight=5.3973 4.88942 0.898217 3.9912 3.59469 3.30732 2.34866 0.353275
internal_count=384 367 81 286 265 248 208 42
is_linear=0
shrinkage=0.1


Tree=479
num_leaves=13
num_cat=0
split_feature=6 6 6 6 6 9 6 6 3 3 1 8
split_gain=0.0149414 0.0440858 0.0522557 0.0199603 0.0491756 0.0229916 0.0102981 0.0165568 1.906e-06 1.18673e-06 1.20761e-07 2.25518e-08
threshold=81.65000000000002 80.300000000000026 71.750000000000014 65.700000000000003 56.650000000000013 1.0000000180025095e-35 66.100000000000009 71.600000000000009 0.81174490092936691 1.0000000180025095e-35 0.78656609248549303 1.0000000180025095e-35
decision_type=2 2 2 2 2 2 2 2 2 2 2 2
left_child=1 2 3 4 5 -1 -5 -8 10 -6 11 -4
right_child=-2 -3 8 6 9 -7 7 -9 -10 -11 -12 -13
leaf_value=-0.00777761185515328 -0.014157116698965071 0.057747466100441819 -0.080211430609080037 0.078224797194648088 -0.080307520363730039 0.08032143420234629 -0.01588204546631429 0.057008537979442109 -0.081554637365686328 -0.081445982564694056 -0.08062593942953572 -0.080398638016895285
leaf_weight=0.0790538683579598 0.40111085100488708 0.14953575737308711 0.010996261519949257 0.042828093239222653 0.010984200301606961 0.047374998855957529 0.060943615103496995 0.06377079791855067 0.023564528658425843 0.055016572249144247 0.025453413629747956 0.015512314691704887
leaf_count=49 35 11 8 5 77 5 70 3 8 52 20 41
internal_value=0.000708532 0.0109007 -0.00518491 0.0106819 -0.0112904 0.0252346 0.035918 0.0213894 -0.0808087 -0.0812565 -0.0804704 -0.080321
internal_weight=0.986145 0.585034 0.435499 0.359972 0.19243 0.126429 0.167543 0.124714 0.0755265 0.0660008 0.051962 0.0265086
internal_count=384 349 338 261 183 54 78 73 77 129 69 49
is_linear=0
shrinkage=0.1


Tree=480
num_leaves=9
num_cat=0
split_feature=5 6 6 8 0 5 0 5
split_gain=0.0226645 0.105297 0.0386379 0.0732049 0.0670718 0.0687606 0.115485 0.00287849
threshold=23.550000000000004 81.65000000000002 74.100000000000009 1.0000000180025095e-35 -0.98296291314453399 25.350000000000005 0.91597561503675362 24.050000000000004
decision_type=2 2 2 2 2 2 2 2
left_child=-1 2 4 -4 -2 7 -7 -6
right_child=1 -3 3 -5 5 6 -8 -9
leaf_value=-0.01426506746453308 0.052102174909040171 0.062701253292719791 -0.067857741972076099 0.0069200107191329952 0.013593476579574815 -0.050852298740970664 0.0011918352668560347 0.023474808085048607
leaf_weight=0.89052026459830802 0.25807999345124688 0.27922726331598813 0.23332268915146415 0.29828267596894864 0.52491493907291509 0.54223948457956805 1.9951736275106668 0.67248792783357203
leaf_count=24 25 26 17 39 10 183 30 30
internal_value=0.000387795 0.00310416 -0.000573845 -0.0259001 0.00279804 -0.000608935 -0.00992988 0.0191431
internal_weight=5.69425 4.80373 4.5245 0.531605 3.9929 3.73482 2.53741 1.1974
internal_count=384 360 334 56 278 253 213 40
is_linear=0
shrinkage=0.1


Tree=481
num_leaves=11
num_cat=0
split_feature=5 3 5 3 5 2 6 6 8 6
split_gain=0.0248219 0.027707 0.0409496 0.0341492 0.0476124 0.0606468 0.0221934 0.000698816 0.00100791 0.000913228
threshold=22.450000000000006 -0.56174490092936669 24.050000000000004 0.81174490092936691 23.750000000000004 -0.8783796973249266 81.15000000000002 77.750000000000014 1.0000000180025095e-35 76.550000000000011
decision_type=2 2 2 2 2 2 2 2 2 2
left_child=-1 2 -2 4 -3 -6 -7 8 -4 -10
right_child=1 3 7 -5 5 6 -8 -9 9 -11
leaf_value=-0.082331217898103048 -0.082156604707364744 0.043776024792317396 0.071228083285476557 -0.05906764114378657 0.07529114028407223 0.050064929478259058 -0.067744612821272671 0.074920309367113233 -0.080002483296680874 0.041421733394376138
leaf_weight=0.034934023788082413 0.074061002304006252 0.32873871231095109 0.0033729788210621328 0.059888021719757489 0.050401941909512971 0.018376460709646381 0.12316076603383408 0.019198991933080833 0.0011136362047636794 0.0013956434850115329
leaf_count=3 12 19 11 34 64 142 10 15 68 6
internal_value=-0.000123995 0.0041011 -0.0447563 0.0124444 0.0206697 -0.0189052 -0.0524488 0.065681 0.035525 -0.0124672
internal_weight=0.714642 0.679708 0.0991423 0.580566 0.520678 0.191939 0.141537 0.0250813 0.00588226 0.00250928
internal_count=384 381 112 269 235 216 152 100 85 74
is_linear=0
shrinkage=0.1


Tree=482
num_leaves=15
num_cat=0
split_feature=1 1 6 8 2 6 6 6 0 5 0 5 6 5
split_gain=0.0273845 0.144554 0.0429353 0.0838622 0.0625934 0.304006 0.206201 0.102942 0.0489571 1.7625e-06 3.22251e-07 1.76219e-07 1.07381e-07 4.51127e-10
threshold=-0.98296291314453399 -0.37940952255126015 66.100000000000009 1.0000000180025095e-35 1.0000000180025095e-35 68.050000000000011 66.850000000000009 68.700000000000003 0.91597561503675362 28.250000000000004 0.37940952255126054 30.050000000000004 57.850000000000001 28.950000000000003
decision_type=2 2 2 2 2 2 2 2 2 2 2 2 2 2
left_child=-1 9 3 -3 6 -6 -4 -8 -7 -2 11 13 -13 -11
right_child=1 2 4 -5 5 8 7 -9 -10 10 -12 12 -14 -15
leaf_value=0.010069427087974042 -0.081205651353282393 0.036915546008365961 0.081025000994514262 -0.014378532323437705 -0.096742489791197497 -0.011756667939698637 -0.08560341039616623 0.0032973961405656799 0.033196461167286043 -0.080120153584071929 -0.080592187225632966 -0.080247278102267908 -0.080491769178383604 -0.080093178752250166
leaf_weight=1.8234163064043967 0.037364721809354129 0.73692975891754031 0.29705371393356494 0.56166914768255105 0.38799267541617133 0.55847297158788933 0.17175440378196072 0.53901697754281486 0.42788629047572613 0.011350524993758881 0.093585388270184922 0.027099576545879245 0.053287048229321954 0.013662593621120322
leaf_count=27 6 13 6 33 8 67 7 85 5 16 31 25 29 26
internal_value=-5.3747e-05 -0.00476607 0.000101801 0.0147299 -0.00787241 -0.0217534 0.0110568 -0.018185 0.00774417 -0.0805755 -0.0804571 -0.0803372 -0.0804093 -0.0801054
internal_weight=5.74054 3.91713 3.68078 1.2986 2.38218 1.37435 1.00783 0.710771 0.986359 0.23635 0.198985 0.1054 0.0803866 0.0250131
internal_count=384 357 224 46 178 80 98 92 72 133 127 96 54 42
is_linear=0
shrinkage=0.1


Tree=483
num_leaves=13
num_cat=0
split_feature=5 2 5 6 5 6 6 6 3 5 5 0
split_gain=0.0295366 0.0265805 0.157276 0.0821296 0.0726087 0.160552 0.0830545 0.129917 0.0624282 0.0112189 0.000385344 1.13043e-05
threshold=22.950000000000003 -0.60785761079279388 28.050000000000004 54.750000000000007 23.850000000000005 68.950000000000017 54.150000000000013 64.750000000000014 1.0000000180025095e-35 27.500000000000004 23.950000000000003 -0.91597561503675329
decision_type=2 2 2 2 2 2 2 2 2 2 2 2
left_child=-1 2 11 -4 -3 6 -6 -8 -5 10 -7 -2
right_child=1 4 3 8 5 9 7 -9 -10 -11 -12 -13
leaf_value=0.021771814849759954 -0.083845250309750652 0.022795710738030849 -0.03447527131110479 -0.0073537710436021768 0.061668625314305947 -0.088436210251073621 -0.027459129024545066 0.038144996895632402 0.042870311955995513 -0.038685722426767745 -0.080491206439528548 -0.082519444669166969
leaf_weight=0.53894766233861435 0.10620147222653031 1.1286015671212228 0.46638793853344374 0.52330898417130811 0.2147173471530549 0.10786670446395863 0.89333760559202324 0.4559135461167898 0.4695582253698376 0.070272820477839559 0.14064138274170546 0.16304236225732882
leaf_count=10 18 24 15 30 14 1 81 33 38 6 79 35
internal_value=-0.000411258 -0.0029336 -0.0128179 0.000139086 0.00273992 -0.00928238 0.00390153 -0.00529142 0.0163988 -0.0739639 -0.0839398 -0.0830424
internal_weight=5.2788 4.73985 1.7285 1.45926 3.01135 1.88275 1.56397 1.34925 0.992867 0.318781 0.248508 0.269244
internal_count=384 374 136 83 238 214 128 114 68 86 80 53
is_linear=0
shrinkage=0.1


Tree=484
num_leaves=14
num_cat=0
split_feature=6 6 6 0 6 6 6 2 6 3 6 1 8
split_gain=0.0134227 0.0616888 0.04768 0.0222943 0.0186477 0.0433791 0.00984522 0.0154669 0.00243431 1.60125e-06 9.71399e-07 1.11513e-07 1.59223e-08
threshold=80.65000000000002 80.300000000000026 71.750000000000014 -0.37940952255126059 65.700000000000003 56.650000000000013 66.100000000000009 0.6078576107927941 50.500000000000007 0.81174490092936691 65.250000000000014 0.78656609248549303 1.0000000180025095e-35
decision_type=2 2 2 2 2 2 2 2 2 2 2 2 2
left_child=1 2 4 -2 5 8 -6 -8 -1 11 -7 12 -4
right_child=3 -3 9 -5 6 10 7 -9 -10 -11 -12 -13 -14
leaf_value=0.034824744153952841 -0.036967720023938049 0.081950345306588235 -0.080195987269664051 0.0087798136831570613 0.077299074384306374 -0.08082461991521131 -0.015309809651633333 0.056200048210447599 0.006306472855968576 -0.081466705547087348 -0.081638337918845394 -0.080595658305189763 -0.080359736857391298
leaf_weight=0.067961633845698088 0.2008342414001163 0.099570673541165888 0.010257311875079722 0.22685590134642553 0.040186049202020513 0.036249426590984513 0.06095970839714937 0.06003199663155101 0.053489121565007736 0.022282957137576886 0.024644729401416043 0.023640736257107164 0.014101677765324894
leaf_count=7 31 3 8 12 5 123 48 25 47 8 6 20 41
internal_value=0.000382433 0.0112832 -0.00572087 -0.0127023 0.00963295 -0.0122719 0.0344146 0.020171 0.0222648 -0.0807662 -0.0811539 -0.0804409 -0.0802908
internal_weight=0.941066 0.513376 0.413805 0.42769 0.343523 0.182345 0.161178 0.120992 0.121451 0.0702827 0.0608942 0.0479997 0.024359
internal_count=384 341 338 43 261 183 78 73 54 77 129 69 49
is_linear=0
shrinkage=0.1


Tree=485
num_leaves=15
num_cat=0
split_feature=6 5 6 6 5 6 5 3 6 6 5 8 6 6
split_gain=0.0234916 0.0585112 0.04557 0.0348077 0.0824197 0.0876075 0.0755049 0.074411 0.0423612 0.0336724 0.0323871 0.033149 0.0364195 1.13505e-06
threshold=59.95000000000001 28.050000000000004 62.300000000000004 64.750000000000014 26.650000000000002 66.450000000000017 24.650000000000002 -0.22252093395631442 71.950000000000017 68.050000000000011 28.350000000000005 1.0000000180025095e-35 58.050000000000004 53.600000000000009
decision_type=2 2 2 2 2 2 2 2 2 2 2 2 2 2
left_child=1 -1 -2 -4 6 -6 8 -8 -5 -7 -3 -12 13 -13
right_child=2 10 3 4 5 9 7 -9 -10 -11 11 12 -14 -15
leaf_value=0.083973876342526274 -0.037288822602417886 -0.081636798744488565 0.023538822913574529 -0.024673791352634963 0.0045795086538806011 -0.081287455983407489 0.0068312020045580082 0.063888728570127951 0.0046724949854224278 -0.030827319668484635 0.081943192077449142 -0.081290065429285685 0.041257955002334146 -0.080311801842430253
leaf_weight=0.11395109625300381 0.32971047285991506 0.044146373969851993 0.60669920083273599 0.7032649765606046 0.45963212790411478 0.25466401422545459 0.58400345493282657 0.37554577603441419 1.6364929627870877 0.27510175951556448 0.050276929512619972 0.024304204850068345 0.050379487460304517 0.023165079895989038
leaf_count=3 36 7 34 24 9 13 41 33 64 27 2 20 22 49
internal_value=0.000273683 0.0271933 -0.00130397 0.00111964 -0.00205187 -0.0273669 0.00553961 0.0291622 -0.00414817 -0.055084 -0.00645794 0.0159479 -0.0179621 -0.0808127
internal_weight=5.53134 0.306223 5.22511 4.8954 4.28871 0.989398 3.29931 0.959549 2.33976 0.529766 0.192272 0.148126 0.0978488 0.0474693
internal_count=384 103 281 245 211 49 162 74 88 40 100 93 91 69
is_linear=0
shrinkage=0.1


Tree=486
num_leaves=8
num_cat=0
split_feature=1 2 5 6 5 8 6
split_gain=0.0257335 0.0166753 5.88217e-08 8.27648e-11 1.91516e-12 3.66086e-13 3.51425e-13
threshold=0.78656609248549303 0.6078576107927941 23.750000000000004 78.750000000000014 24.350000000000005 1.0000000180025095e-35 71.850000000000009
decision_type=2 2 2 2 2 2 2
left_child=2 -2 -1 4 -4 -6 -7
right_child=1 -3 3 -5 5 6 -8
leaf_value=-0.080300193080429516 -0.0093415092299899364 0.023030255457946125 -0.080007884750235334 -0.08002484565925716 -0.080004843972742878 -0.080002362448079137 -0.080004488903080359
leaf_weight=0.02800721756011626 0.35444177013414446 0.28876697283703834 0.0010735883934103185 0.0026793365332196117 0.0011683035718306201 0.0033762147413085586 0.001009574067666108
leaf_count=25 38 17 16 16 30 216 26
internal_value=0.000508016 0.00519171 -0.0802278 -0.08001 -0.080004 -0.0800033 -0.0800029
internal_weight=0.680523 0.643209 0.0373142 0.00930702 0.00662768 0.00555409 0.00438579
internal_count=384 55 329 304 288 272 242
is_linear=0
shrinkage=0.1


Tree=487
num_leaves=9
num_cat=0
split_feature=5 5 6 6 2 5 8 5
split_gain=0.0256562 0.0747837 0.0776396 0.055269 0.0663627 0.16238 0.0835109 0.00157738
threshold=31.350000000000005 30.850000000000005 57.550000000000004 58.050000000000004 0.6078576107927941 26.850000000000005 1.0000000180025095e-35 29.950000000000003
decision_type=2 2 2 2 2 2 2 2
left_child=1 2 7 -4 6 -6 -5 -1
right_child=-2 -3 3 4 5 -7 -8 -9
leaf_value=-0.032451088471640389 -0.023882045782953901 0.03713827340809938 0.047113380405174522 0.026697093721568251 0.003437694875183184 -0.083699114092250393 -0.0078892286395885938 -0.043471123541120815
leaf_weight=0.23664796571665636 0.41981530659904809 0.5373784273106138 0.25849800358992059 1.2399944256549136 0.71904122147179783 0.30439421299774949 1.5975760349083432 0.2879153109897743
leaf_count=21 30 13 5 52 47 29 163 24
internal_value=-0.000105439 0.00182101 -0.00226565 0.00234825 -0.000648815 -0.0224789 0.0072247 -0.0384996
internal_weight=5.60126 5.18145 4.64407 4.1195 3.86101 1.02344 2.83757 0.524563
internal_count=384 354 341 296 291 76 215 45
is_linear=0
shrinkage=0.1


Tree=488
num_leaves=9
num_cat=0
split_feature=6 6 6 5 5 0 1 8
split_gain=0.0355085 0.0447068 0.0282554 0.0703784 0.0633357 0.033614 0.0878797 0.0597952
threshold=86.100000000000009 81.65000000000002 76.750000000000014 23.350000000000005 23.150000000000002 -0.37940952255126059 -0.12940952255126037 1.0000000180025095e-35
decision_type=2 2 2 2 2 2 2 2
left_child=1 2 3 -1 -4 6 -5 -7
right_child=-2 -3 4 5 -6 7 -8 -9
leaf_value=-0.056216358834060093 0.032227631101057676 -0.037981617476698003 0.07094092555147119 0.080770630279031808 -0.0068064360702503037 -0.041222630917591145 0.0031419511627804779 0.00086816061907199786
leaf_weight=0.23047358542680729 0.31230732821859408 0.33189164901295942 0.17433463502675284 0.17369926911487688 0.26262341746223683 0.39474363574481719 0.90887385564565193 2.3280210716493461
leaf_count=4 9 26 6 70 38 30 91 110
internal_value=-0.000446192 -0.00257002 5.76168e-05 -0.00255766 0.0242127 0.000692228 0.0155975 -0.00523412
internal_weight=5.11697 4.80466 4.47277 4.03581 0.436958 3.80534 1.08257 2.72276
internal_count=384 375 349 305 44 301 161 140
is_linear=0
shrinkage=0.1


Tree=489
num_leaves=13
num_cat=0
split_feature=6 6 6 0 6 5 6 6 6 3 1 8
split_gain=0.0128006 0.0555986 0.044433 0.0180322 0.0160694 0.0421499 0.00773596 0.0133281 1.71727e-06 1.24408e-06 7.99533e-08 1.16057e-08
threshold=80.65000000000002 80.300000000000026 71.750000000000014 -0.37940952255126059 65.700000000000003 31.850000000000005 66.450000000000017 71.600000000000009 65.250000000000014 0.81174490092936691 0.78656609248549303 1.0000000180025095e-35
decision_type=2 2 2 2 2 2 2 2 2 2 2 2
left_child=1 2 4 -2 5 8 -6 -8 -1 10 11 -4
right_child=3 -3 9 -5 6 -7 7 -9 -10 -11 -12 -13
leaf_value=-0.080367371425980938 -0.034278770217210451 0.081439675773852888 -0.080179890281021751 0.0077975257881440878 0.072265692671495393 0.023555665890468896 -0.012448307454958557 0.054822306751729014 -0.081488434096204501 -0.081341958459999142 -0.080535472464502475 -0.080325903326878278
leaf_weight=0.034862054798878717 0.19181596307407744 0.093403661740012467 0.0094477560126620119 0.21716616074263584 0.0389580744331397 0.1190720594022423 0.059478589116224612 0.058341329626273364 0.022471828183654452 0.02045797109326486 0.021140544500610758 0.01284429706845458
leaf_count=168 31 3 8 12 9 9 66 3 6 8 20 41
internal_value=0.00112755 0.012021 -0.00430831 -0.0119366 0.0103402 -0.0103633 0.0336357 0.0208623 -0.0808068 -0.080699 -0.0803961 -0.080264
internal_weight=0.89946 0.490478 0.397075 0.408982 0.333184 0.176406 0.156778 0.11782 0.0573339 0.0638906 0.0434326 0.0222921
internal_count=384 341 338 43 261 183 78 69 174 77 69 49
is_linear=0
shrinkage=0.1


Tree=490
num_leaves=9
num_cat=0
split_feature=6 6 6 1 6 1 6 5
split_gain=0.0218205 0.0451595 0.0227538 0.084342 0.0652098 0.0445698 0.0901472 0.0254599
threshold=83.90000000000002 80.65000000000002 75.850000000000009 0.37940952255126026 71.950000000000017 0.37940952255126026 71.250000000000014 23.550000000000004
decision_type=2 2 2 2 2 2 2 2
left_child=1 2 4 -4 5 6 -1 -5
right_child=-2 -3 3 7 -6 -7 -8 -9
leaf_value=-0.00087997609414030827 -0.021479624892153305 0.039294401159212788 -0.067073248066181659 -0.01373396817877528 0.037839082055015988 0.031506799531896564 -0.061533383345841498 0.042434719893642107
leaf_weight=3.0585240613304459 0.4219560392666607 0.30798663737004961 0.22098513413220633 0.16906072324491106 0.45884001466765756 0.35563878741959332 0.26638486419687968 0.15439946801598126
leaf_count=237 21 22 5 7 25 25 6 36
internal_value=0.00035662 0.00220243 -0.000236565 -0.019455 0.00229119 -0.00214043 -0.0057394 0.0130774
internal_weight=5.41378 4.99182 4.68383 0.544445 4.13939 3.68055 3.32491 0.32346
internal_count=384 363 341 48 293 268 243 43
is_linear=0
shrinkage=0.1


Tree=491
num_leaves=8
num_cat=0
split_feature=5 1 5 6 0 6 1
split_gain=0.0228238 0.0161122 0.0142559 6.91088e-11 3.02325e-13 2.8547e-13 2.0674e-13
threshold=24.050000000000004 0.78656609248549303 23.550000000000004 79.250000000000014 0.91597561503675362 72.40000000000002 -0.98296291314453399
decision_type=2 2 2 2 2 2 2
left_child=2 3 -1 4 5 6 -2
right_child=1 -3 -4 -5 -6 -7 -8
leaf_value=0.0078245661842749874 -0.080003368374588171 0.080199238088965105 -0.023100014681313771 -0.080026137695564589 -0.080004470017758775 -0.080004058782778026 -0.080001643038702164
leaf_weight=0.35185340863245074 0.0010052929744688291 0.050781302263203543 0.25865148016782769 0.0016947158214861702 0.0011454561936261598 0.0010710326830576378 0.002246497203088893
leaf_count=24 26 37 28 10 31 30 198
internal_value=0.000415542 0.0603946 -0.00527719 -0.0800085 -0.080003 -0.0800026 -0.0800022
internal_weight=0.668449 0.0579443 0.610505 0.00716299 0.00546828 0.00432282 0.00325179
internal_count=384 332 52 295 285 254 224
is_linear=0
shrinkage=0.1


Tree=492
num_leaves=14
num_cat=0
split_feature=1 1 6 6 0 5 6 0 5 0 5 6 5
split_gain=0.0241314 0.131706 0.0390776 0.0763363 0.0597045 0.171364 0.0491169 0.000299181 1.35964e-06 2.5262e-07 1.32747e-07 8.56779e-08 1.76791e-10
threshold=-0.98296291314453399 -0.37940952255126015 66.100000000000009 63.900000000000006 -0.91597561503675329 26.150000000000002 71.250000000000014 -1.0000000180025095e-35 28.250000000000004 0.37940952255126054 30.050000000000004 63.150000000000013 29.250000000000004
decision_type=2 2 2 2 2 2 2 2 2 2 2 2 2
left_child=-1 8 3 -3 6 7 -4 -6 -2 10 12 -12 -10
right_child=1 2 4 -5 5 -7 -8 -9 9 -11 11 -13 -14
leaf_value=0.009757561493189881 -0.08110844524870231 -0.01097998773080347 -0.013399779251063962 0.038898562509412371 -0.080432708300253231 0.00034597508831499106 0.030320236716325444 -0.086406243914715089 -0.080099069155686209 -0.080546277780779774 -0.080271821298419893 -0.08048959220115523 -0.080080867592201815
leaf_weight=1.7783023298252372 0.034381053968900566 0.59779523635370446 0.47567128972150408 0.63040638907114044 0.17244649201893514 0.90328704301759899 0.55887218122370541 0.16318426281213705 0.011695408356899861 0.085710771403682884 0.038648814617772587 0.033924008030226105 0.0098143687137053348
leaf_count=27 6 28 22 18 108 24 22 2 21 31 45 9 21
internal_value=0.000177524 -0.00440723 0.000248854 0.0146215 -0.00751573 -0.0223243 0.0102183 -0.0833371 -0.0805323 -0.0804221 -0.080309 -0.0803736 -0.0800908
internal_weight=5.49414 3.71584 3.50166 1.2282 2.27346 1.23892 1.03454 0.335631 0.214174 0.179793 0.0940826 0.0725728 0.0215098
internal_count=384 357 224 46 178 134 44 110 133 127 96 54 42
is_linear=0
shrinkage=0.1


Tree=493
num_leaves=8
num_cat=0
split_feature=6 6 1 6 6 6 3
split_gain=0.031468 0.0368452 0.0279035 0.0274592 0.0503181 0.0509985 0.0136082
threshold=86.100000000000009 81.65000000000002 0.60355339059327384 74.850000000000009 71.850000000000009 68.450000000000017 -0.56174490092936669
decision_type=2 2 2 2 2 2 2
left_child=1 2 3 4 5 -1 -4
right_child=-2 -3 6 -5 -6 -7 -8
leaf_value=-0.0003010406979578278 0.030019700021196291 -0.03538599293172396 0.050541776809552998 -0.027091097960878864 0.035796436367825604 -0.048961860550117961 0.007488641950952603
leaf_weight=3.0766760391888974 0.30997117987135414 0.32454495614047107 0.14883718615601538 0.41182322417444073 0.35725678625749413 0.2315884667332283 0.14488090483519034
leaf_count=218 9 26 19 20 16 42 34
internal_value=-0.000840078 -0.00287722 -0.000463497 -0.00260793 0.000142766 -0.00370744 0.0293052
internal_weight=5.00558 4.69561 4.37106 4.07734 3.66552 3.30826 0.293718
internal_count=384 375 349 296 276 260 53
is_linear=0
shrinkage=0.1


Tree=494
num_leaves=11
num_cat=0
split_feature=5 6 8 6 6 2 6 6 6 1
split_gain=0.0133365 0.0746797 0.0694183 0.0273308 0.0332471 0.0321309 4.39307e-06 8.6032e-07 8.56952e-07 6.36755e-08
threshold=23.550000000000004 83.90000000000002 1.0000000180025095e-35 80.300000000000026 68.450000000000017 0.6078576107927941 83.100000000000009 81.15000000000002 79.250000000000014 0.78656609248549303
decision_type=2 2 2 2 2 2 2 2 2 2
left_child=-1 2 6 4 5 -4 7 9 -6 -2
right_child=1 -3 3 -5 8 -7 -8 -9 -10 -11
leaf_value=-0.01801066819988768 -0.080214387919063115 0.064519780253290457 0.027395867384152346 0.07369781025760011 -0.080354818573626544 -0.081018437976613664 -0.08196439537664936 -0.081222466299121693 -0.081234721703535934 -0.080500087697929254
leaf_weight=0.25638128947684891 0.013170340369129008 0.17461501828802284 0.20006633031078991 0.056164116722356994 0.026950606308218994 0.031663354626999762 0.058515395121503389 0.019670451033562131 0.01878216565933144 0.019135151908244552
leaf_count=24 37 15 151 10 78 43 4 4 4 14
internal_value=0.00116705 0.00911363 -0.0126706 0.0100815 -0.00279569 0.0125822 -0.0813701 -0.0807011 -0.0807162 -0.0803836
internal_weight=0.875114 0.618733 0.444118 0.333627 0.277462 0.23173 0.110491 0.0519759 0.0457328 0.0323055
internal_count=384 360 345 286 276 194 59 55 82 51
is_linear=0
shrinkage=0.1


Tree=495
num_leaves=14
num_cat=0
split_feature=6 5 6 6 5 6 1 6 6 5 8 6 6
split_gain=0.0203672 0.0524657 0.0397667 0.0289695 0.0657757 0.0895748 0.0624823 0.0450249 0.0315515 0.0283155 0.0296535 0.0331055 8.83218e-07
threshold=59.95000000000001 28.050000000000004 62.150000000000013 64.750000000000014 26.650000000000002 66.450000000000017 -1.0000000180025095e-35 69.450000000000017 68.050000000000011 28.350000000000005 1.0000000180025095e-35 58.050000000000004 53.600000000000009
decision_type=2 2 2 2 2 2 2 2 2 2 2 2 2
left_child=1 -1 -2 -4 6 -6 -5 -8 -7 -3 -11 12 -12
right_child=2 9 3 4 5 8 7 -9 -10 10 11 -13 -14
leaf_value=0.083535993944948025 -0.035432401254209787 -0.081471955361145987 0.021810588514628471 0.037130948829235566 0.0074935330656097148 -0.080003573635378702 -0.026664748739344886 0.0056534222264931558 -0.029896973365310494 0.081718070044469529 -0.081190046900251167 0.038898928450816384 -0.080289366922862648
leaf_weight=0.10276376997353498 0.31476450833997649 0.039054433073033579 0.5998363875405629 0.51454444736009453 0.45544884040464229 0.23936094055898138 0.54169920816639283 2.1110084209394699 0.26457989272239502 0.044897306710481644 0.022404817174901837 0.049259015489951707 0.021179520378609595
leaf_count=3 33 7 37 16 9 13 18 128 27 2 20 22 49
internal_value=0.000441059 0.026714 -0.00101589 0.00127611 -0.00170872 -0.0246479 0.00523977 -0.000946147 -0.0536965 -0.00631429 0.0149956 -0.0172701 -0.0807524
internal_weight=5.3208 0.279559 5.04124 4.72648 4.12664 0.95939 3.16725 2.65271 0.503941 0.176795 0.137741 0.0928434 0.0435843
internal_count=384 103 281 248 211 49 162 146 40 100 93 91 69
is_linear=0
shrinkage=0.1


Tree=496
num_leaves=10
num_cat=0
split_feature=3 5 3 5 2 5 6 6 5
split_gain=0.0228284 0.0359311 0.0261438 0.0266903 0.0545352 0.0276655 0.0022303 0.000522395 0.00113395
threshold=-0.56174490092936669 24.050000000000004 0.81174490092936691 23.750000000000004 -0.8783796973249266 24.250000000000004 73.050000000000011 77.750000000000014 25.550000000000004
decision_type=2 2 2 2 2 2 2 2 2
left_child=1 -1 3 -2 -5 -6 -7 8 -3
right_child=2 7 -4 4 5 6 -8 -9 -10
leaf_value=-0.082093518898503998 0.032055798070233794 0.065405951686382677 -0.056829211468676401 0.075323915614909573 -0.070699437186717826 -0.0065156342421342764 0.076874629652979087 0.074876222162290826 -0.045541804326000995
leaf_weight=0.067593342098916764 0.33067607100747409 0.0037001080291929602 0.055644344326537976 0.047154215880709671 0.10663937065328355 0.0040606361025083961 0.015261052213190851 0.016556083290197421 0.0012265883856343862
leaf_count=12 22 17 34 64 12 119 21 15 68
internal_value=0.000730777 -0.0462882 0.00821737 0.0154018 -0.0164097 -0.0507507 0.0593494 0.0663697 0.0377835
internal_weight=0.648512 0.0890761 0.559436 0.503791 0.173115 0.125961 0.0193217 0.0214828 0.0049267
internal_count=384 112 272 238 216 152 140 100 85
is_linear=0
shrinkage=0.1


Tree=497
num_leaves=14
num_cat=0
split_feature=6 2 2 0 2 6 6 3 6 2 8 0 5
split_gain=0.02859 0.125692 0.0572309 0.0713183 0.0499263 0.0346453 0.146627 0.117511 0.128661 0.0469652 0.0884775 3.11035e-06 1.86843e-07
threshold=69.450000000000017 0.87837969732492682 1.0000000180025095e-35 -0.91597561503675329 0.87837969732492682 59.250000000000007 60.850000000000001 -1.0000000180025095e-35 54.150000000000013 1.0000000180025095e-35 1.0000000180025095e-35 1.0000000180025095e-35 23.850000000000005
decision_type=2 2 2 2 2 2 2 2 2 2 2 2 2
left_child=4 2 3 -2 5 7 -7 -1 -9 10 -8 12 -5
right_child=1 -3 -4 11 -6 6 9 8 -10 -11 -12 -13 -14
leaf_value=-0.040039889005926227 0.006329757505273894 -0.085052286464945351 0.023933935225519801 -0.080472404796960578 0.034186346075735737 0.062743740587283714 0.045759121980649166 0.073881830990155398 -0.03057698435177348 -0.020751452882147341 -0.0095403377552357102 -0.081268721305105457 -0.080167459778068245
leaf_weight=0.71434524068172323 0.24779488971398678 0.20556326691462345 0.50528474435486714 0.052534769332851061 0.47293280433405005 0.38988563598832149 0.42969016428105589 0.24806061567142046 0.22473806765992776 0.93931108236938587 0.88572189172555194 0.066481099114753306 0.032536435624024307
leaf_count=38 16 25 39 15 26 24 11 13 28 40 56 5 48
internal_value=-0.000158197 -0.0144664 0.00157317 -0.0267194 0.00353194 -0.000251575 0.00611923 -0.0144439 0.0242288 -0.00367225 0.00852369 -0.0807563 -0.0803558
internal_weight=5.41488 1.1102 0.904632 0.399347 4.30469 3.83175 2.64461 1.18714 0.472799 2.25472 1.31541 0.151552 0.0850712
internal_count=384 148 123 84 236 210 131 79 41 107 67 68 63
is_linear=0
shrinkage=0.1


Tree=498
num_leaves=10
num_cat=0
split_feature=5 5 5 2 6 6 1 6 6
split_gain=0.0295557 0.0552429 0.0451998 0.0649154 0.189258 0.11292 0.0850012 0.0570072 0.0176968
threshold=22.950000000000003 31.750000000000004 30.650000000000002 0.6078576107927941 53.95000000000001 66.450000000000017 -0.98296291314453399 69.250000000000014 56.95000000000001
decision_type=2 2 2 2 2 2 2 2 2
left_child=-1 2 3 4 -2 -5 -6 -7 -4
right_child=1 -3 8 5 6 7 -8 -9 -10
leaf_value=0.022418907429551323 0.085694907886717103 -0.051495685101880656 0.0023128210705096338 -0.041302733578759708 -0.058842232136206624 0.064787448627602634 -0.012329998811369454 0.01115520268034188 0.030075196550443314
leaf_weight=0.50064328871667374 0.16745285168144697 0.22495092800818373 0.39129667619272357 0.28310787493592193 0.54032742790877808 0.32170517125632614 1.4400990297549467 0.51618841599201915 0.55564796272847161
leaf_count=10 10 12 21 28 7 11 220 41 24
internal_value=-0.000614606 -0.00321135 -0.000634964 -0.00620797 -0.0163886 0.0132984 -0.0250201 0.031747 0.0186032
internal_weight=4.94142 4.44078 4.21583 3.26888 2.14788 1.121 1.98043 0.837894 0.946945
internal_count=384 374 362 317 237 80 227 52 45
is_linear=0
shrinkage=0.1


Tree=499
num_leaves=13
num_cat=0
split_feature=6 6 6 6 6 1 6 6 3 3 1 8
split_gain=0.0136584 0.0332377 0.0371426 0.0146593 0.0379004 0.00395219 0.0367796 0.00231032 6.6847e-07 5.59788e-07 4.6185e-08 6.4342e-09
threshold=81.65000000000002 80.300000000000026 71.750000000000014 65.700000000000003 56.650000000000013 0.37940952255126026 66.100000000000009 50.500000000000007 0.81174490092936691 1.0000000180025095e-35 0.78656609248549303 1.0000000180025095e-35
decision_type=2 2 2 2 2 2 2 2 2 2 2 2
left_child=1 2 3 4 7 6 -5 -1 10 -6 11 -4
right_child=-2 -3 8 5 9 -7 -8 -9 -10 -11 -12 -13
leaf_value=0.034373564837375498 -0.013975994716939208 0.056640364308981075 -0.080148610582280289 0.080248767288017678 -0.080276475991058277 0.045882526276591895 -0.080361563049083498 0.005886861941721902 -0.081090244859567645 -0.081132784210074027 -0.080441850001927898 -0.080267316014278542
leaf_weight=0.063751903042430058 0.34531754712043039 0.12446384754002793 0.0080201803656336779 0.033798953754740069 0.0092801055066331628 0.090099202001056256 0.02466146119604673 0.051443510760236677 0.016720369793006284 0.043043678748716729 0.017681498517958971 0.010602665043165871
leaf_count=7 35 11 8 4 77 19 55 47 8 52 20 41
internal_value=0.00127901 0.011952 -0.00311723 0.00987558 -0.0104048 0.0327442 0.0124955 0.0216521 -0.0805671 -0.0809809 -0.0803261 -0.0802162
internal_weight=0.838885 0.493567 0.369104 0.316079 0.167519 0.14856 0.0584604 0.115195 0.0530247 0.0523238 0.0363043 0.0186228
internal_count=384 349 338 261 183 78 59 54 77 129 69 49
is_linear=0
shrinkage=0.1


end of trees

feature_importances:
Column_6=1695
Column_5=1619
Column_1=739
Column_0=547
Column_2=398
Column_3=303
Column_8=184
Column_9=47
Column_4=23

parameters:
[boosting: gbdt]
[objective: multiclass]
[metric: multi_logloss]
[tree_learner: serial]
[device_type: cpu]
[data_sample_strategy: bagging]
[data: ]
[valid: ]
[num_iterations: 100]
[learning_rate: 0.1]
[num_leaves: 31]
[num_threads: 14]
[seed: 42]
[deterministic: 0]
[force_col_wise: 0]
[force_row_wise: 0]
[histogram_pool_size: -1]
[max_depth: 6]
[min_data_in_leaf: 20]
[min_sum_hessian_in_leaf: 0.001]
[bagging_fraction: 1]
[pos_bagging_fraction: 1]
[neg_bagging_fraction: 1]
[bagging_freq: 0]
[bagging_seed: 400]
[bagging_by_query: 0]
[feature_fraction: 1]
[feature_fraction_bynode: 1]
[feature_fraction_seed: 30056]
[extra_trees: 0]
[extra_seed: 12879]
[early_stopping_round: 0]
[early_stopping_min_delta: 0]
[first_metric_only: 0]
[max_delta_step: 0]
[lambda_l1: 0]
[lambda_l2: 0]
[linear_lambda: 0]
[min_gain_to_split: 0]
[drop_rate: 0.1]
[max_drop: 50]
[skip_drop: 0.5]
[xgboost_dart_mode: 0]
[uniform_drop: 0]
[drop_seed: 17869]
[top_rate: 0.2]
[other_rate: 0.1]
[min_data_per_group: 100]
[max_cat_threshold: 32]
[cat_l2: 10]
[cat_smooth: 10]
[max_cat_to_onehot: 4]
[top_k: 20]
[monotone_constraints: ]
[monotone_constraints_method: basic]
[monotone_penalty: 0]
[feature_contri: ]
[forcedsplits_filename: ]
[refit_decay_rate: 0.9]
[cegb_tradeoff: 1]
[cegb_penalty_split: 0]
[cegb_penalty_feature_lazy: ]
[cegb_penalty_feature_coupled: ]
[path_smooth: 0]
[interaction_constraints: ]
[verbosity: -1]
[saved_feature_importance_type: 0]
[use_quantized_grad: 0]
[num_grad_quant_bins: 4]
[quant_train_renew_leaf: 0]
[stochastic_rounding: 1]
[linear_tree: 0]
[max_bin: 255]
[max_bin_by_feature: ]
[min_data_in_bin: 3]
[bin_construct_sample_cnt: 200000]
[data_random_seed: 175]
[is_enable_sparse: 1]
[enable_bundle: 1]
[use_missing: 1]
[zero_as_missing: 0]
[feature_pre_filter: 1]
[pre_partition: 0]
[two_round: 0]
[header: 0]
[label_column: ]
[weight_column: ]
[group_column: ]
[ignore_column: ]
[categorical_feature: ]
[forcedbins_filename: ]
[precise_float_parser: 0]
[parser_config_file: ]
[objective_seed: 16083]
[num_class: 5]
[is_unbalance: 0]
[scale_pos_weight: 1]
[sigmoid: 1]
[boost_from_average: 1]
[reg_sqrt: 0]
[alpha: 0.9]
[fair_c: 1]
[poisson_max_delta_step: 0.7]
[tweedie_variance_power: 1.5]
[lambdarank_truncation_level: 30]
[lambdarank_norm: 1]
[label_gain: ]
[lambdarank_position_bias_regularization: 0]
[eval_at: ]
[multi_error_top_k: 1]
[auc_mu_weights: ]
[num_machines: 1]
[local_listen_port: 12400]
[time_out: 120]
[machine_list_filename: ]
[machines: ]
[gpu_platform_id: -1]
[gpu_device_id: -1]
[gpu_use_dp: 0]
[num_gpu: 1]

end of parameters

pandas_categorical:null
