tree
version=v4
num_class=5
num_tree_per_iteration=5
label_index=0
max_feature_idx=9
objective=multiclass num_class:5
feature_names=Column_0 Column_1 Column_2 Column_3 Column_4 Column_5 Column_6 Column_7 Column_8 Column_9
feature_infos=[-1:0.96592582628906831] [-1:0.86602540378443837] [-0.97492791218182362:0.97492791218182362] [-0.90096886790241903:1] [0:1] [21.199999999999999:33.100000000000001] [44.600000000000001:93] none [0:1] [0:1]
tree_sizes=749 452 862 967 556 1154 1092 1289 1278 995 1182 1078 1180 1171 982 1171 1324 1081 1168 994 1172 1332 1419 1281 881 1187 1327 1408 1252 877 1168 1211 1302 1371 879 1195 1220 1299 1380 884 1297 1220 1410 1407 886 1400 1097 1402 1390 877 1310 988 1399 1403 885 1307 989 1402 1400 881 1310 994 1416 1398 1189 1313 994 987 1405 879 1313 993 1198 1401 878 1421 988 1185 1407 1088 1419 996 1188 1303 985 1430 1013 1184 1410 1089 1315 893 1192 1397 1175 1532 1016 1312 1397 877 1307 891 1416 1384 1090 1415 893 1316 1382 1419 1323 899 1525 1384 1092 1431 1014 1501 1401 1409 1533 898 1187 1387 1085 1526 900 1497 1080 1425 1396 901 1308 1505 1410 1308 901 1080 1085 1183 1098 902 1079 1074 1427 1292 904 1312 1090 1409 1085 897 1208 1192 1187 1300 902 1525 1085 1526 1090 904 1183 1088 894 1302 901 1181 1191 1520 1297 906 1322 980 897 1090 911 1419 1192 1314 877 909 1322 1196 899 880 893 1191 1195 1311 1325 885 1509 1088 1516 1297 1011 1082 882 1316 1324 1324 1088 1084 897 882 1430 1317 984 1206 1408 1436 1405 984 1519 1322 1013 1318 876 901 1086 1304 1303 1087 1524 1305 1020 1103 986 1847 994 1024 1322 990 1311 1324 1415 1313 878 1320 1310 1026 1313 981 1845 1420 1414 1090 878 1216 1203 1028 1089 882 1848 990 1424 989 983 1851 1083 1126 1324 883 1520 1312 1135 1091 985 1847 1414 1027 1316 882 898 1200 1754 985 1194 1326 880 1755 1314 983 1526 1197 914 1433 1196 1967 1087 1751 1306 883 1973 1317 916 1327 1095 1864 993 912 1309 1200 1426 1324 1754 1198 878 1332 1334 916 1327 986 1433 1323 1432 1335 1088 1218 886 913 1410 992 1104 1435 1232 1210 988 1215 1310 1430 1439 990 1005 1216 1134 1324 1294 1766 997 1142 1201 987 1560 885 1440 1420 1306 1108 1332 1140 1334 881 1114 1436 1439 1222 1093 899 1310 1139 1208 1090 1452 1328 1551 1304 887 1128 1309 1024 1304 1305 1884 888 1667 1330 885 1657 1219 926 1429 1102 1661 1438 1667 1100 1321 1132 1426 925 994 1309 1446 1216 1448 1434 887 1106 1317 1148 1209 1099 893 886 1659 1554 1097 1113 1443 922 1327 1201 1117 886 1554 1440 995 904 1223 1039 1316 990 1113 1111 916 994 1310 1230 1220 925 1330 886 1349 1338 1006 1327 1323 1441 884 927 1319 1213 905 1318 1108 1432 890 1008 1422 920 1423 895 1138 1448 1005 1447 1325 1232 893 912 1446 1204 1010 886 1137 1112 1106 1444 1432 1113 1446 1109 1345 1439 1041 1103 892 1337 1343 1006 1335 1329 1231 893 1230 1101 1321 905 1333 925 1103 1309 1011 1227 924 1338 890 1251

Tree=0
num_leaves=6
num_cat=0
split_feature=5 0 5 0 6
split_gain=84.5333 46.009 13.5028 4.22374 0.660948
threshold=28.050000000000004 -0.60355339059327362 24.450000000000003 0.78656609248549325 69.15000000000002
decision_type=2 2 2 2 2
left_child=1 2 -1 -2 -4
right_child=3 -3 4 -5 -6
leaf_value=-1.1430422133367848 -1.3544781814763056 -1.3112018137284505 -1.0082672394934644 -1.2571063540436316 -0.96499087174560949
leaf_weight=8.9861723780632037 33.633959472179413 9.2429201602935773 6.9321901202201825 5.1349556446075431 7.1889379024505615
leaf_count=35 131 36 27 20 28
internal_value=-1.24199 -1.12264 -1.04722 -1.34158 -0.986236
internal_weight=71.1191 32.3502 23.1073 38.7689 14.1211
internal_count=277 126 90 151 55
is_linear=0
shrinkage=1


Tree=1
num_leaves=3
num_cat=0
split_feature=1 0
split_gain=162.35 1.77636e-15
threshold=0.78656609248549303 0.37940952255126054
decision_type=2 2
left_child=1 -1
right_child=-2 -3
leaf_value=-2.8192055999566801 -1.8317023405963564 -2.8192055999566801
leaf_weight=14.9619761556387 1.822778820991515 4.2531505823135367
leaf_count=197 24 56
internal_value=-2.73365 -2.81921
internal_weight=21.0379 19.2151
internal_count=277 253
is_linear=0
shrinkage=1


Tree=2
num_leaves=7
num_cat=0
split_feature=0 1 0 0 1 0
split_gain=40.7679 6.90622 11.538 3.72305 8.73409 1.77636e-15
threshold=0.91597561503675362 -0.9159756150367534 1.0000000180025095e-35 -0.91597561503675329 1.0000000180025095e-35 -1.0000000180025095e-35
decision_type=2 2 2 2 2 2
left_child=1 2 -1 4 -3 -5
right_child=-2 3 -4 5 -6 -7
leaf_value=-2.4542078236703686 -1.9839105467454463 -2.4542078236703686 -2.1532175664384186 -2.454207823670369 -2.2190591852079078 -2.454207823670369
leaf_weight=2.4452618360519471 2.5515775680541983 4.1463135480880799 2.6578933000564575 11.694730520248418 2.5515775680541992 3.4021034240722541
leaf_count=23 24 39 25 110 24 32
internal_value=-2.36592 -2.40216 -2.29744 -2.42668 -2.36463 -2.45421
internal_weight=29.4495 26.8979 5.10316 21.7947 6.69789 15.0968
internal_count=277 253 48 205 63 142
is_linear=0
shrinkage=1


Tree=3
num_leaves=8
num_cat=0
split_feature=5 5 0 5 1 5 0
split_gain=121.963 9.78622 6.40849 7.71645 0.359569 0.445892 7.10543e-15
threshold=27.650000000000002 24.050000000000004 0.78656609248549325 31.150000000000002 -0.9159756150367534 28.450000000000003 -1.0000000180025095e-35
decision_type=2 2 2 2 2 2 2
left_child=1 -1 3 4 -2 -6 -7
right_child=2 -3 -4 -5 5 6 -8
leaf_value=-0.71348547678713814 -0.53720831312337514 -0.82654600244734477 -0.65036001662685616 -0.62941482950134353 -0.5367162422231645 -0.50620784641009275 -0.50620784641009275
leaf_weight=10.613784015178679 9.6772736608982033 27.470970392227173 6.2434023618698111 8.1164230704307538 6.5555724799633088 11.55029436945915 6.2434023618698147
leaf_count=34 31 88 20 26 21 37 20
internal_value=-0.661173 -0.795037 -0.555809 -0.541801 -0.520902 -0.514422 -0.506208
internal_weight=86.4711 38.0848 48.3864 42.143 34.0265 24.3493 17.7937
internal_count=277 122 155 135 109 78 57
is_linear=0
shrinkage=1


Tree=4
num_leaves=4
num_cat=0
split_feature=5 5 3
split_gain=21.3145 14.6593 8.88178e-16
threshold=31.450000000000003 24.050000000000004 -0.56174490092936669
decision_type=2 2 2
left_child=1 -1 -3
right_child=-2 2 -4
leaf_value=-3.0663409834831263 -2.8570486039799241 -3.4044286734498383 -3.4044286734498383
leaf_weight=1.4789062291383732 0.91344208270311433 2.5663372799754116 7.0900504514575013
leaf_count=34 21 59 163
internal_value=-3.32143 -3.35953 -3.40443
internal_weight=12.0487 11.1353 9.65639
internal_count=277 256 222
is_linear=0
shrinkage=1


Tree=5
num_leaves=10
num_cat=0
split_feature=5 1 1 5 2 1 5 0 0
split_gain=65.1504 27.132 11.7504 8.73839 0.258171 0.11126 0.000951633 9.10782e-05 1.44552e-05
threshold=28.250000000000004 0.78656609248549303 -0.12940952255126037 24.450000000000003 1.0000000180025095e-35 -0.5 31.150000000000002 1.0000000180025095e-35 -0.5
decision_type=2 2 2 2 2 2 2 2 2
left_child=1 2 -1 -4 -5 6 7 8 -2
right_child=5 -3 3 4 -6 -7 -8 -9 -10
leaf_value=0.0077560251848607323 -0.10655671639104088 -0.10904792021623835 0.080775950746674513 0.21337859162708905 0.18762416866933396 -0.091088373231158218 -0.10789498198070389 -0.10623672058181238 -0.10677469257953474
leaf_weight=6.7480688393115988 6.3147046118974703 5.8567580580711356 9.5524848997592944 8.7853218615055066 6.9884638786315909 5.4007335454225531 6.2288749366998664 8.6009865105152112 5.87075270712376
leaf_count=27 27 24 35 30 24 22 26 37 25
internal_value=-9.07599e-05 0.0888739 0.125014 0.156257 0.201968 -0.104191 -0.106811 -0.106486 -0.106662
internal_weight=70.3471 37.9311 32.0743 25.3263 15.7738 32.4161 27.0153 20.7864 12.1855
internal_count=277 140 116 89 54 137 115 89 52
is_linear=0
shrinkage=0.1


Tree=6
num_leaves=9
num_cat=0
split_feature=1 5 5 5 0 0 0 0
split_gain=63.1951 2.3407e-05 5.54347e-06 4.3875e-06 1.74946e-06 1.66549e-06 2.92029e-07 3.05476e-07
threshold=0.78656609248549303 27.650000000000002 31.150000000000002 24.050000000000004 0.78656609248549325 -0.91597561503675329 1.0000000180025095e-35 -0.5
decision_type=2 2 2 2 2 2 2 2
left_child=1 3 4 -1 6 -5 7 -3
right_child=-2 2 -4 5 -6 -7 -8 -9
leaf_value=-0.085020550591086291 0.35574602559739188 -0.084869478970722181 -0.085084552448336848 -0.085148446194260763 -0.084996229346785426 -0.08526060433112731 -0.084846331719551152 -0.084922141718558261
leaf_weight=1.6667140126228392 3.9929866790771475 3.1078243255615257 1.8257323950529087 2.5553963333368297 1.3822878599166868 2.7474545687437062 2.5580640435218811 1.7061536312103229
leaf_count=24 24 46 26 36 20 38 38 25
internal_value=-0.00332255 -0.0850198 -0.084926 -0.0851621 -0.084893 -0.0852066 -0.0848736 -0.0848881
internal_weight=21.5426 17.5496 10.5801 6.96956 8.75433 5.30285 7.37204 4.81398
internal_count=277 253 155 98 129 74 109 71
is_linear=0
shrinkage=0.1


Tree=7
num_leaves=11
num_cat=0
split_feature=0 1 0 0 1 1 5 5 5 5
split_gain=23.6892 6.02999 8.47587 3.54566 6.88932 2.64593e-05 1.48765e-05 2.99095e-06 2.05184e-06 5.57476e-07
threshold=0.91597561503675362 -0.9159756150367534 1.0000000180025095e-35 -0.91597561503675329 1.0000000180025095e-35 -0.5 24.050000000000004 30.750000000000004 25.050000000000004 28.950000000000003
decision_type=2 2 2 2 2 2 2 2 2 2
left_child=1 2 -1 4 -3 7 -7 9 -8 -5
right_child=-2 3 -4 5 -6 6 8 -9 -10 -11
leaf_value=-0.087437381078373677 0.23997208570046893 -0.087439024655292283 0.1679545046738472 -0.087278277843704566 0.11743435712591706 -0.087344425945814791 -0.087728738611477286 -0.087379950612699819 -0.087597347110759172 -0.087207951474215936
leaf_weight=2.2370583936572137 3.6036145091056815 3.7880275771021905 3.1005630493164062 1.9107888638973296 2.8963729366660118 2.2128520533442382 2.207971416413784 2.1250205412507057 2.5741687640547752 2.7485127747058868
leaf_count=23 24 39 25 20 24 23 22 22 26 29
internal_value=-0.000196898 -0.0337408 0.0609168 -0.0584306 0.00133329 -0.0874223 -0.0875588 -0.0872816 -0.087658 -0.0872368
internal_weight=29.405 25.8013 5.33762 20.4637 6.6844 13.7793 6.99499 6.78432 4.78214 4.6593
internal_count=277 253 48 205 63 142 71 71 48 49
is_linear=0
shrinkage=0.1


Tree=8
num_leaves=11
num_cat=0
split_feature=5 5 1 5 1 1 8 5 6 5
split_gain=92.0272 8.29449 5.27012 7.00231 0.560356 0.00863615 0.00624198 0.00185385 0.000431759 2.12313e-05
threshold=27.650000000000002 24.050000000000004 -0.37940952255126015 31.150000000000002 -0.9159756150367534 -0.60355339059327384 1.0000000180025095e-35 24.900000000000002 70.350000000000009 29.850000000000005
decision_type=2 2 2 2 2 2 2 2 2 2
left_child=1 -1 3 4 -2 9 -3 -8 -9 -6
right_child=2 6 -4 -5 5 -7 7 8 -10 -11
leaf_value=-0.040508970920436739 0.11060486113361152 -0.14719161141257731 0.022877448023595065 0.026252304575942381 0.13824155460053314 0.14221168404244899 -0.14521408232330688 -0.14374819591786611 -0.14259175361803098 0.13798392475057039
leaf_weight=10.60259163379669 9.5301332771778089 7.7477741539478329 8.6626286506652814 8.08614334464073 6.3996824920177442 8.5919671058654838 6.4893991947174099 6.1695762872695905 6.7722644209861755 6.3954328000545502
leaf_count=34 31 25 28 26 21 28 21 20 22 21
internal_value=0.00103913 -0.115527 0.0934332 0.109104 0.130773 0.139759 -0.144792 -0.143835 -0.143143 0.138113
internal_weight=85.4476 37.7816 47.666 39.0034 30.9172 21.3871 27.179 19.4312 12.9418 12.7951
internal_count=277 122 155 127 101 70 88 63 42 42
is_linear=0
shrinkage=0.1


Tree=9
num_leaves=8
num_cat=0
split_feature=5 6 5 5 5 8 0
split_gain=18.454 12.0424 0.73354 7.92599e-05 4.85169e-06 8.09707e-07 2.67813e-07
threshold=31.550000000000004 79.950000000000017 24.150000000000002 31.050000000000004 27.650000000000002 1.0000000180025095e-35 0.78656609248549325
decision_type=2 2 2 2 2 2 2
left_child=1 2 -1 4 5 -4 -6
right_child=-2 -3 3 -5 6 -7 -8
leaf_value=0.0013054359777500846 0.40764214107192265 0.27246944993188088 -0.082901299752986851 -0.083740627580619009 -0.082644191770749748 -0.082784951931491213 -0.082707884047616392
leaf_weight=1.1754790470004071 1.0151904299855239 1.1237721629440773 0.80166887864470515 0.83851252496242512 3.9861423969268799 2.3561607226729375 0.79121059179306019
leaf_count=22 15 23 19 17 103 58 20
internal_value=-0.000416936 -0.0378286 -0.0728772 -0.082816 -0.0827183 -0.0828145 -0.0826547
internal_weight=12.0881 11.0729 9.94917 8.7737 7.93518 3.15783 4.77735
internal_count=277 262 239 217 200 77 123
is_linear=0
shrinkage=0.1


Tree=10
num_leaves=10
num_cat=0
split_feature=5 1 1 5 2 0 5 5 0
split_gain=51.2468 20.7363 7.96429 6.19827 0.182021 0.11571 0.00199404 0.000394903 0.000151188
threshold=28.250000000000004 0.78656609248549303 -0.12940952255126037 24.450000000000003 1.0000000180025095e-35 0.60355339059327384 31.150000000000002 28.950000000000003 1.0000000180025095e-35
decision_type=2 2 2 2 2 2 2 2 2
left_child=1 2 -1 -4 -5 6 7 -2 -9
right_child=5 -3 3 4 -6 -7 -8 8 -10
leaf_value=0.0076463392979654946 -0.10279851278457248 -0.10536087402746266 0.066929968309919236 0.17594266492243643 0.15490141547295433 -0.086588696010472296 -0.10423715491810295 -0.10204863204424813 -0.10134784834637317
leaf_weight=6.7413496375083914 5.3836880028247931 5.4671563208103171 9.9644173085689562 9.2880076467990893 7.3764041662216178 5.57726065814495 5.5717505216598502 8.0427675843238813 4.9877907633781424
leaf_count=27 25 24 35 30 24 25 25 38 24
internal_value=-0.000353636 0.0751651 0.104741 0.129322 0.166629 -0.0995628 -0.10258 -0.102078 -0.10178
internal_weight=68.4006 38.8373 33.3702 26.6288 16.6644 29.5633 23.986 18.4142 13.0306
internal_count=277 140 116 89 54 137 112 87 62
is_linear=0
shrinkage=0.1


Tree=11
num_leaves=9
num_cat=0
split_feature=1 5 5 5 0 1 0 0
split_gain=41.2812 4.89252e-05 1.73589e-05 5.94013e-06 4.57457e-06 3.81555e-06 9.23264e-07 6.47714e-07
threshold=0.78656609248549303 27.650000000000002 31.150000000000002 24.050000000000004 -0.91597561503675329 -0.5 -1.0000000180025095e-35 -0.5
decision_type=2 2 2 2 2 2 2 2
left_child=1 3 5 -1 -5 6 7 -3
right_child=-2 2 -4 4 -6 -7 -8 -9
leaf_value=-0.084548519452355753 0.2386401063939701 -0.08424920195720513 -0.084654299766873428 -0.084673454965797187 -0.084866833233698591 -0.084411289005507248 -0.084206969391700429 -0.084337838592862743
leaf_weight=1.5264706686139131 5.2597469538450232 1.7958402372896669 1.6871726550161836 2.343053855001926 2.5597466900944714 2.2236490808427325 2.254366058856248 1.5241380818188193
leaf_count=24 24 30 26 36 38 36 38 25
internal_value=-0.00423666 -0.0845078 -0.0843635 -0.0847208 -0.0847744 -0.0843005 -0.0842564 -0.0842899
internal_weight=21.1742 15.9144 9.48517 6.42927 4.9028 7.79799 5.57434 3.31998
internal_count=277 253 155 98 74 129 93 55
is_linear=0
shrinkage=0.1


Tree=12
num_leaves=10
num_cat=0
split_feature=0 1 0 5 6 1 1 5 5
split_gain=16.0035 23.5963 3.66242 6.01148 0.277867 0.00106246 8.12505e-05 1.79732e-05 1.28375e-05
threshold=0.91597561503675362 -0.98296291314453399 -0.91597561503675329 24.450000000000003 64.90000000000002 -0.9159756150367534 -0.5 24.050000000000004 30.750000000000004
decision_type=2 2 2 2 2 2 2 2 2
left_child=1 -1 3 -3 -5 -4 8 -8 -7
right_child=-2 2 5 4 -6 6 7 -9 -10
leaf_value=0.28980503498741328 0.17626182289999875 0.13667479473806146 -0.088601530630419478 -0.038110929511134595 -0.088201313151673594 -0.086246630648269193 -0.086610247899014406 -0.086970108554097078 -0.086559744620343063
leaf_weight=2.096436142921454 4.3839629888534537 2.1979386359453263 3.4108786880970063 2.0361002534627914 2.4281707108020782 4.1147086396813446 2.0243299007415594 4.4145161882042885 1.9205847606062887
leaf_count=15 24 17 33 22 24 49 23 48 22
internal_value=0.000217983 -0.0310992 -0.0609368 0.00129646 -0.0653557 -0.0870375 -0.0866099 -0.086857 -0.0863463
internal_weight=29.0276 24.6437 22.5472 6.66221 4.46427 15.885 12.4741 6.43885 6.03529
internal_count=277 253 238 63 46 175 142 71 71
is_linear=0
shrinkage=0.1


Tree=13
num_leaves=10
num_cat=0
split_feature=5 5 0 6 6 6 2 0 5
split_gain=71.2695 7.24138 4.79831 3.16438 1.53403 0.666434 0.0965187 0.0100747 0.00722943
threshold=27.650000000000002 24.050000000000004 1.0000000180025095e-35 62.150000000000013 56.650000000000013 57.750000000000007 -0.60785761079279388 -0.60355339059327362 24.900000000000002
decision_type=2 2 2 2 2 2 2 2 2
left_child=1 -1 5 4 -4 -2 -7 8 -3
right_child=2 7 3 -5 -6 6 -8 -9 -10
leaf_value=-0.03285684990623175 0.091477939842263836 -0.13247154012305862 0.054962582591027681 0.098481619083272923 -0.013925232620206663 0.11491202740589453 0.13093769916576958 -0.13410068729614918 -0.12832546935186778
leaf_weight=10.529932230710982 9.249534487724306 6.5546098649501827 6.0186978876590747 7.8145128786563864 6.9831851422786713 5.9073680341243771 10.330011546611784 7.8156237006187466 11.735393196344374
leaf_count=34 31 22 20 26 23 20 35 26 40
internal_value=0.00135498 -0.102859 0.0838102 0.0481902 0.0179636 0.112903 0.125107 -0.131095 -0.129811
internal_weight=82.9389 36.6356 46.3033 20.8164 13.0019 25.4869 16.2374 26.1056 18.29
internal_count=277 122 155 69 43 86 55 88 62
is_linear=0
shrinkage=0.1


Tree=14
num_leaves=8
num_cat=0
split_feature=5 5 5 6 5 0 1
split_gain=16.8456 9.80289 0.000857415 4.91871e-05 1.09098e-05 9.31807e-07 4.26275e-07
threshold=31.750000000000004 24.050000000000004 31.450000000000003 77.800000000000026 27.650000000000002 -0.91597561503675329 -0.5
decision_type=2 2 2 2 2 2 2
left_child=1 -1 3 4 5 -3 -6
right_child=-2 2 -4 -5 6 -7 -8
leaf_value=0.15980995730319189 0.37714776262444971 -0.082548059655358705 -0.08601901447649371 -0.083261761352853625 -0.082336067874458491 -0.082666301165115169 -0.082404007285593217
leaf_weight=2.0477671734988681 1.0761023387312896 1.3056875690817835 0.77098371833562929 0.8249734267592429 3.3739896602928607 1.3613882251083813 1.2715719379484682
leaf_count=34 11 35 10 18 98 35 36
internal_value=-0.000399868 -0.0374815 -0.0828318 -0.0825298 -0.0824472 -0.0826084 -0.0823547
internal_weight=12.0325 10.9564 8.90859 8.13761 7.31264 2.66708 4.64556
internal_count=277 266 232 222 204 70 134
is_linear=0
shrinkage=0.1


Tree=15
num_leaves=10
num_cat=0
split_feature=5 0 0 5 5 1 5 0 0
split_gain=41.2329 12.9908 6.78104 2.99342 1.52869 0.129284 0.00122996 0.000295083 4.2883e-05
threshold=28.250000000000004 -0.70710678118654735 0.91597561503675362 24.450000000000003 26.550000000000004 -0.5 31.150000000000002 0.12940952255126059 -0.3794095225512602
decision_type=2 2 2 2 2 2 2 2 2
left_child=1 3 -3 -1 -5 6 7 8 -2
right_child=5 2 -4 4 -6 -7 -8 -9 -10
leaf_value=0.057075234013705602 -0.098122051725945902 -0.10265362653296786 0.059885436528136562 0.14512071732242787 0.083481756453216538 -0.080645707629841773 -0.10031744507529974 -0.099155759936566307 -0.098524817825256836
leaf_weight=10.223699212074282 7.1513618230819764 5.7670696377754194 4.6253046095371246 12.155058652162554 6.0144378393888465 4.6519813984632483 5.2394647449254981 5.6440791338682166 4.1937043070793179
leaf_count=35 38 27 18 39 21 22 26 29 22
internal_value=-0.000620727 0.0653476 -0.0303128 0.100361 0.124717 -0.0958054 -0.098978 -0.0985649 -0.0982709
internal_weight=65.6662 38.7856 10.3924 28.3932 18.1695 26.8806 22.2286 16.9891 11.3451
internal_count=277 140 45 95 60 137 115 89 60
is_linear=0
shrinkage=0.1


Tree=16
num_leaves=11
num_cat=0
split_feature=1 5 5 0 6 0 6 2 6 2
split_gain=29.9699 6.22545e-05 1.0862e-05 9.11225e-06 6.65278e-06 3.11044e-06 1.71075e-06 1.39759e-06 2.40793e-07 9.86905e-08
threshold=0.78656609248549303 27.650000000000002 31.150000000000002 -0.91597561503675329 71.450000000000017 0.12940952255126059 61.850000000000001 1.0000000180025095e-35 57.650000000000013 1.0000000180025095e-35
decision_type=2 2 2 2 2 2 2 2 2 2
left_child=1 3 5 7 -5 8 -7 -1 -3 -10
right_child=-2 2 -4 4 -6 6 -8 -9 9 -11
leaf_value=-0.084083897963945289 0.17971748695157427 -0.083795549830702462 -0.084104930561520616 -0.084577267588433827 -0.084280618595432108 -0.083959816893464517 -0.083800855957562384 -0.084226701900674175 -0.083754410184791558 -0.083717697609688405
leaf_weight=1.4414957016706469 6.1532718837261191 1.0799851976335029 1.5060325488448141 1.2743319422006636 1.858600679785013 1.5715753175318243 1.18942404538393 1.3064656741917131 1.9764423854649069 1.1631463430821893
leaf_count=25 24 20 26 20 31 28 22 22 37 22
internal_value=-0.00494705 -0.0840346 -0.0838614 -0.0842847 -0.0844013 -0.0838088 -0.0838913 -0.0841518 -0.0837548 -0.0837408
internal_weight=20.5208 14.3675 8.48661 5.88089 3.13293 6.98057 2.761 2.74796 4.21957 3.13959
internal_count=277 253 155 98 51 129 50 47 79 59
is_linear=0
shrinkage=0.1


Tree=17
num_leaves=9
num_cat=0
split_feature=1 0 0 1 1 1 5 5
split_gain=12.9946 15.6325 3.5761 5.04741 0.00080337 0.000110992 2.17689e-05 1.27614e-05
threshold=-0.98296291314453399 0.91597561503675362 -0.91597561503675329 1.0000000180025095e-35 -0.9159756150367534 -0.5 24.050000000000004 30.500000000000004
decision_type=2 2 2 2 2 2 2 2
left_child=-1 2 3 -2 -4 7 -7 -6
right_child=1 -3 4 -5 5 6 -8 -9
leaf_value=0.21496217231057432 -0.086208378959389292 0.13834071116766858 -0.087740326308688277 0.089721953308273802 -0.085482195437519976 -0.085936457080188364 -0.086350543594965579 -0.085804425276857346
leaf_weight=2.5743456333875683 3.2190662026405397 4.9964343756437293 3.0929529964923921 3.3050635531544685 3.5237804129719787 1.8454530909657334 4.0683212652802467 1.887303404510021
leaf_count=15 39 24 33 24 47 23 48 24
internal_value=0.000673168 -0.0205947 -0.0585143 0.00291629 -0.086312 -0.0859219 -0.0862213 -0.0855946
internal_weight=28.5127 25.9384 20.9419 6.52413 14.4178 11.3249 5.91377 5.41108
internal_count=277 262 238 63 175 142 71 71
is_linear=0
shrinkage=0.1


Tree=18
num_leaves=10
num_cat=0
split_feature=5 5 0 6 6 6 2 0 5
split_gain=55.9454 6.70806 4.11065 2.67127 1.27002 0.622259 0.0912475 0.0132313 0.00947392
threshold=27.650000000000002 24.050000000000004 1.0000000180025095e-35 62.150000000000013 56.650000000000013 57.750000000000007 -0.60785761079279388 -0.60355339059327362 24.900000000000002
decision_type=2 2 2 2 2 2 2 2 2
left_child=1 -1 5 4 -4 -2 -7 8 -3
right_child=2 7 3 -5 -6 6 -8 -9 -10
leaf_value=-0.025787224794436354 0.082589376454659025 -0.1230989661166029 0.049041142784329375 0.089891031311248648 -0.014106174610996357 0.10566566755937404 0.12169038207905541 -0.12502035779124021 -0.1182087965797515
leaf_weight=10.416858464479445 8.895312428474428 6.2127900719642666 5.8910683989524859 7.544793337583541 6.9334453940391541 5.5974622964859 9.7304136753082258 7.4828999936580685 10.933918118476866
leaf_count=34 31 22 20 26 23 20 35 26 40
internal_value=0.00148313 -0.0930596 0.0757869 0.0426774 0.0149012 0.103629 0.115838 -0.121512 -0.119981
internal_weight=79.639 35.0465 44.5925 20.3693 12.8245 24.2232 15.3279 24.6296 17.1467
internal_count=277 122 155 69 43 86 55 88 62
is_linear=0
shrinkage=0.1


Tree=19
num_leaves=8
num_cat=0
split_feature=5 5 5 6 5 0 0
split_gain=10.8631 8.09256 0.000604533 5.04196e-05 1.3413e-05 1.43648e-06 5.13247e-07
threshold=31.750000000000004 24.050000000000004 31.450000000000003 78.450000000000017 27.650000000000002 -0.91597561503675329 0.12940952255126059
decision_type=2 2 2 2 2 2 2
left_child=1 -1 3 4 5 -3 -6
right_child=-2 2 -4 -5 6 -7 -8
leaf_value=0.12868551457446942 0.25880047042070814 -0.082310395647922696 -0.085374162774496151 -0.083122803973564627 -0.08206902224308163 -0.082460538056390281 -0.082140848759219801
leaf_weight=2.3391661792993537 1.4305752068758018 1.2229061909019949 0.69564740359783162 0.66223829239606846 2.5121969748288393 1.3305340968072394 1.6471211332827804
leaf_count=34 11 36 10 15 82 37 52
internal_value=0.000419665 -0.0350885 -0.0825562 -0.0822903 -0.0822082 -0.0823886 -0.0820975
internal_weight=11.8404 10.4098 8.07064 7.375 6.71276 2.55344 4.15932
internal_count=277 266 232 222 207 73 134
is_linear=0
shrinkage=0.1


Tree=20
num_leaves=10
num_cat=0
split_feature=5 0 5 5 5 1 5 0 6
split_gain=33.5998 9.92611 6.3129 2.53359 1.16629 0.144184 0.000843767 0.000753323 8.71859e-05
threshold=28.250000000000004 -0.70710678118654735 26.350000000000005 24.450000000000003 26.550000000000004 -0.5 31.050000000000004 0.12940952255126059 61.600000000000009
decision_type=2 2 2 2 2 2 2 2 2
left_child=1 3 -3 -1 -5 6 7 8 -2
right_child=5 2 -4 4 -6 -7 -8 -9 -10
leaf_value=0.048796353166742995 -0.095616776918847735 -0.10248012799493277 0.056175180727386101 0.12906404017868717 0.074793433808714768 -0.076035066600585621 -0.097255698827442061 -0.09693151584273707 -0.095021865998781901
leaf_weight=10.404645413160326 5.4604343175888115 5.3201207369565946 4.7446018904447556 11.842853754758837 5.9489530324935904 4.2854590862989417 5.8182442188262931 4.3069298416376105 4.4883259534835815
leaf_count=35 32 26 19 39 21 22 32 24 27
internal_value=-0.000883382 0.0575638 -0.0276886 0.0879947 0.110918 -0.0926861 -0.0962409 -0.0958267 -0.0953484
internal_weight=62.6206 38.2612 10.0647 28.1965 17.7918 24.3594 20.0739 14.2557 9.94876
internal_count=277 140 45 95 60 137 115 83 59
is_linear=0
shrinkage=0.1


Tree=21
num_leaves=11
num_cat=0
split_feature=1 5 0 5 0 8 6 6 2 2
split_gain=22.9237 6.39768e-05 9.02427e-06 8.83417e-06 9.11177e-06 6.05794e-06 5.56804e-06 1.18667e-06 8.23202e-07 3.16538e-07
threshold=0.78656609248549303 27.650000000000002 -0.91597561503675329 31.050000000000004 0.12940952255126059 1.0000000180025095e-35 61.850000000000001 57.650000000000013 1.0000000180025095e-35 1.0000000180025095e-35
decision_type=2 2 2 2 2 2 2 2 2 2
left_child=1 2 8 4 7 -4 -6 -3 -1 -9
right_child=-2 3 5 -5 6 -7 -8 9 -10 -11
leaf_value=-0.083680966682941837 0.1436626669940575 -0.083363877708929224 -0.084128349381059994 -0.083627552203098324 -0.083671268778199692 -0.083836158379507766 -0.083356988965304343 -0.083260279222130612 -0.083796067790324003 -0.083188809193304097
leaf_weight=1.3101994320750239 6.7548965811729422 0.96670281514525447 1.5642744414508343 1.6543594263494013 1.2027212716639044 1.2986277192831057 1.0610533878207205 1.7354949340224268 1.1818709708750246 0.96386332809925068
leaf_count=25 24 20 27 32 23 24 22 37 22 21
internal_value=-0.00565745 -0.0836101 -0.0838747 -0.0834232 -0.0833662 -0.0839958 -0.083524 -0.0832688 -0.0837356 -0.0832348
internal_weight=19.6941 12.9392 5.35497 7.5842 5.92984 2.8629 2.26377 3.66606 2.49207 2.69936
internal_count=277 253 98 155 123 51 45 78 47 58
is_linear=0
shrinkage=0.1


Tree=22
num_leaves=12
num_cat=0
split_feature=0 0 1 0 1 2 1 5 5 4 6
split_gain=9.65806 4.06323 8.6403 3.08312 4.25755 0.000164543 0.000143857 2.94583e-05 1.65246e-05 1.49468e-06 1.37907e-06
threshold=1.0000000180025095e-35 0.12940952255126059 -0.37940952255126015 -0.91597561503675329 1.0000000180025095e-35 -1.0000000180025095e-35 0.37940952255126026 24.050000000000004 30.650000000000002 1.0000000180025095e-35 76.300000000000026
decision_type=2 2 2 2 2 2 2 2 2 2 2
left_child=3 -2 5 4 -1 -3 8 -8 9 -5 -9
right_child=1 2 -4 6 -6 -7 7 10 -10 -11 -12
leaf_value=-0.085502539539529951 0.17146382200402094 -0.086041489769833113 0.11490019180969401 -0.084696278948467416 0.078597944682824161 -0.087415198460055174 -0.08533200127887372 -0.085783664267248719 -0.085152585032851072 -0.084835524490900455 -0.085916070845225678
leaf_weight=2.8841930888593188 2.950895056128501 1.7788105756044381 5.4392471462488166 1.7006406486034411 3.4991654977202415 1.710312098264694 1.6798843517899511 1.5554841980338099 1.6284521296620367 1.4100289419293404 1.5914330556988714
leaf_count=39 15 23 24 26 24 19 23 20 23 21 20
internal_value=0.00147211 0.0697336 0.0361109 -0.04937 0.00445242 -0.0867149 -0.0852859 -0.0856701 -0.0848945 -0.0847594 -0.0858506
internal_weight=27.8285 11.8793 8.92837 15.9493 6.38336 3.48912 9.56592 4.8268 4.73912 3.11067 3.14692
internal_count=277 81 66 196 63 42 133 63 70 47 40
is_linear=0
shrinkage=0.1


Tree=23
num_leaves=11
num_cat=0
split_feature=5 5 5 5 0 6 0 5 6 5
split_gain=44.5921 4.9502 4.07514 5.27249 0.595396 0.479482 0.0102352 0.00866845 0.000712202 0.000745124
threshold=28.250000000000004 31.150000000000002 24.050000000000004 27.650000000000002 1.0000000180025095e-35 59.850000000000001 -0.60355339059327362 24.900000000000002 63.050000000000004 29.750000000000004
decision_type=2 2 2 2 2 2 2 2 2 2
left_child=2 4 -1 6 8 -6 7 -4 9 -2
right_child=1 -3 3 -5 5 -7 -8 -9 -10 -11
leaf_value=-0.020028648295481725 0.11300716951253352 0.008317918812805818 -0.11602369927852595 -0.0041538147514990969 0.062486304380586701 0.099692919948845479 -0.11752230419968764 -0.11117370006023777 0.11072934808579558 0.11129816330852133
leaf_weight=10.292347669601439 5.1579854786396044 7.7466375529766074 5.8082998692989376 5.3545266091823569 6.2122628390789014 7.8282714188098907 7.0604709386825588 10.081661492586134 5.2587397247552863 5.0479189455509186
leaf_count=34 20 26 22 18 22 28 26 40 21 20
internal_value=0.00141318 0.0794606 -0.0739135 -0.0935073 0.0981392 0.0832308 -0.114354 -0.112947 0.111675 0.112162
internal_weight=75.8491 37.2518 38.5973 28.305 29.5052 14.0405 22.9504 15.89 15.4646 10.2059
internal_count=277 137 140 106 111 50 88 62 61 40
is_linear=0
shrinkage=0.1


Tree=24
num_leaves=7
num_cat=0
split_feature=5 6 5 5 5 5
split_gain=19.9688 7.47444 1.07757 0.0088885 0.00032515 0.000448115
threshold=32.150000000000006 79.950000000000017 23.650000000000002 31.750000000000004 24.250000000000004 31.450000000000003
decision_type=2 2 2 2 2 2
left_child=1 2 -1 4 -4 -6
right_child=-2 -3 3 -5 5 -7
leaf_value=0.036465961180316364 0.44749089626918048 0.16031076010519463 -0.084491359719423342 -0.093684713114225646 -0.081980472473276889 -0.084790463120676896
leaf_weight=0.82353232055902381 0.92425040900707323 1.6260831505060185 0.71068383753299524 0.77904734015464772 6.0944950487464666 0.62579106539487828
leaf_count=12 6 23 12 5 209 10
internal_value=0.00160404 -0.0370569 -0.072584 -0.0835226 -0.0824572 -0.0822421
internal_weight=11.5839 10.6596 9.03355 8.21002 7.43097 6.72029
internal_count=277 271 248 236 231 219
is_linear=0
shrinkage=0.1


Tree=25
num_leaves=10
num_cat=0
split_feature=1 0 5 5 5 3 0 6 6
split_gain=27.2328 6.07247 6.33676 1.99837 3.44751 0.0798428 0.00227613 0.000935002 0.000339416
threshold=-0.37940952255126015 -0.60355339059327362 26.350000000000005 26.950000000000003 24.450000000000003 -0.22252093395631442 0.60355339059327384 61.600000000000009 56.350000000000001
decision_type=2 2 2 2 2 2 2 2 2
left_child=6 3 -3 4 -2 -6 7 8 -1
right_child=1 2 -4 -5 5 -7 -8 -9 -10
leaf_value=-0.094182626503436007 0.041731376094058824 -0.10005326951032363 0.057506471404291132 0.016753005097764503 0.12660236205437367 0.11077275703227485 -0.097057629150534119 -0.093255550951362509 -0.095304251808785323
leaf_weight=4.761936038732534 10.523031711578374 4.9233866780996305 5.300806999206543 5.4314143210649481 6.6652987301349649 6.1047620773315403 3.5553513020277014 5.8785126209259024 6.2247020751237869
leaf_count=30 35 26 22 23 23 21 20 39 38
internal_value=-0.00122224 0.0478179 -0.0183653 0.0713752 0.0841118 0.119035 -0.0947582 -0.0942735 -0.0948181
internal_weight=59.3692 38.9487 10.2242 28.7245 23.2931 12.7701 20.4205 16.8652 10.9866
internal_count=277 150 48 102 79 44 127 107 68
is_linear=0
shrinkage=0.1


Tree=26
num_leaves=11
num_cat=0
split_feature=1 5 5 0 0 8 6 5 6 2
split_gain=18.1456 6.45839e-05 1.57229e-05 1.00665e-05 9.31955e-06 6.70576e-06 5.01061e-06 1.39071e-06 8.75139e-07 1.99576e-07
threshold=0.78656609248549303 27.650000000000002 31.050000000000004 0.12940952255126059 -0.91597561503675329 1.0000000180025095e-35 61.850000000000001 24.900000000000002 57.650000000000013 -0.60785761079279388
decision_type=2 2 2 2 2 2 2 2 2 2
left_child=1 4 3 8 7 -6 -5 -1 -3 -10
right_child=-2 2 -4 6 5 -7 -8 -9 9 -11
leaf_value=-0.08344302261821479 0.11948954613629122 -0.082923187816236268 -0.083311735183596192 -0.083267798596508749 -0.083779169075846593 -0.083457144845578313 -0.082952290200070819 -0.083285252604486743 -0.082841639085842356 -0.082781918251985998
leaf_weight=1.0242973603308203 7.1214452981948844 0.84917670860886607 1.5162770450115202 1.0806435905396941 1.4392349421977997 1.1742424331605452 0.94222278520464886 1.229182533919811 0.90826675668358925 1.4575503394007672
leaf_count=21 24 20 32 23 27 24 22 26 22 36
internal_value=-0.00620329 -0.0832283 -0.0830282 -0.0829461 -0.083506 -0.0836345 -0.0831208 -0.083357 -0.0828361 -0.0828048
internal_weight=18.7425 11.6211 6.75414 5.23786 4.86696 2.61348 2.02287 2.25348 3.21499 2.36582
internal_count=277 253 155 123 98 51 45 47 78 58
is_linear=0
shrinkage=0.1


Tree=27
num_leaves=12
num_cat=0
split_feature=0 0 0 0 5 1 2 5 5 6 6
split_gain=8.00992 3.00638 6.8598 2.96218 3.69875 0.000142627 0.000119612 3.81542e-05 2.3791e-05 1.6332e-06 1.47942e-06
threshold=1.0000000180025095e-35 0.12940952255126059 0.91597561503675362 -0.91597561503675329 25.450000000000003 0.37940952255126026 -1.0000000180025095e-35 30.850000000000005 24.050000000000004 76.300000000000026 59.20000000000001
decision_type=2 2 2 2 2 2 2 2 2 2 2
left_child=3 -2 6 4 -1 7 -3 10 -7 -10 -5
right_child=1 2 -4 5 -6 8 -8 -9 9 -11 -12
leaf_value=0.070568085571709502 0.145656727999212 -0.085353949011157504 0.097479634068007789 -0.084193928037517407 -0.085350665407928281 -0.084802299632068076 -0.086587519411657987 -0.084769448169913095 -0.085213985465551145 -0.085364957844015724 -0.084050662420315073
leaf_weight=3.6555981785058966 3.2180248498916617 1.6007281914353364 5.7940292358398438 1.2411606498062631 2.6061143539845943 1.530334912240505 1.5444432944059361 1.2508484311401842 1.4117558225989344 1.455076966434717 1.7191718406975267
leaf_count=25 15 23 24 21 38 23 19 19 20 20 30
internal_value=0.0025672 0.0627749 0.0329383 -0.0466565 0.00567496 -0.0847223 -0.0859597 -0.0843064 -0.0851207 -0.0852906 -0.0841107
internal_weight=27.0273 12.1572 8.9392 14.8701 6.26171 8.60835 3.14517 4.21118 4.39717 2.86683 2.96033
internal_count=277 81 66 196 63 133 42 70 63 40 51
is_linear=0
shrinkage=0.1


Tree=28
num_leaves=11
num_cat=0
split_feature=5 5 0 5 1 0 5 5 0 5
split_gain=35.5475 6.00041 3.5834 3.564 3.98563 0.727552 0.165946 0.0133218 0.00828641 0.00789374
threshold=27.650000000000002 24.050000000000004 -0.3794095225512602 31.150000000000002 -0.5 0.12940952255126059 28.650000000000002 29.850000000000005 -0.60355339059327362 24.900000000000002
decision_type=2 2 2 2 2 2 2 2 2 2
left_child=1 -1 6 4 5 -4 -2 -8 9 -3
right_child=2 8 3 -5 -6 -7 7 -9 -10 -11
leaf_value=-0.015435804805215558 0.087673393653049325 -0.11058491932314679 0.064208963430035612 -0.027977469229473969 -0.007796593718154738 0.11166117733214267 0.10551289328568261 0.11292803073944202 -0.11181148673513519 -0.10576301099463403
leaf_weight=10.172001063823702 5.7743737250566474 5.3817315846681621 5.6475700438022631 5.9114515781402579 5.850980460643771 7.5514929741621017 5.0320411473512632 4.6726546287536621 6.610283136367797 9.1967878043651563
leaf_count=34 22 22 22 20 20 30 22 19 26 40
internal_value=0.0013338 -0.0785674 0.0632955 0.0398545 0.0609036 0.0913575 0.101096 0.109083 -0.108875 -0.107543
internal_weight=71.8014 31.3608 40.4406 24.9615 19.05 13.1991 15.4791 9.7047 21.1888 14.5785
internal_count=277 122 155 92 72 52 63 41 88 62
is_linear=0
shrinkage=0.1


Tree=29
num_leaves=7
num_cat=0
split_feature=5 6 5 5 5 5
split_gain=12.4914 8.38171 3.0136 0.00688998 0.00132923 0.000357296
threshold=32.150000000000006 83.100000000000009 23.650000000000002 31.750000000000004 24.050000000000004 31.450000000000003
decision_type=2 2 2 2 2 2
left_child=1 2 -1 4 -4 -6
right_child=-2 -3 3 -5 5 -7
leaf_value=0.090329929934882869 0.30146015418696775 0.26537922763705829 -0.086020489372571216 -0.092746093277782007 -0.081860301856220868 -0.084453220823687711
leaf_weight=1.1359955072402925 1.24144895374775 0.85275243595242578 0.99861127883195688 0.74032607674598683 5.808982826769352 0.58494868502020825
leaf_count=15 6 11 13 5 217 10
internal_value=0.00208353 -0.034636 -0.0622379 -0.0835485 -0.0826274 -0.0820975
internal_weight=11.3631 10.1216 9.26886 8.13287 7.39254 6.39393
internal_count=277 271 260 245 240 227
is_linear=0
shrinkage=0.1


Tree=30
num_leaves=10
num_cat=0
split_feature=5 0 6 5 6 2 1 5 0
split_gain=22.8388 5.94322 5.02958 1.98127 0.965855 0.165824 0.00434535 0.00158457 0.000249199
threshold=28.250000000000004 -0.70710678118654735 70.700000000000003 24.450000000000003 69.15000000000002 -0.8783796973249266 -0.5 31.050000000000004 -0.3794095225512602
decision_type=2 2 2 2 2 2 2 2 2
left_child=1 3 -3 -1 -5 -2 7 8 -7
right_child=5 2 -4 4 -6 6 -8 -9 -10
leaf_value=0.0360967071535215 -0.071580253880344114 0.046663916870939098 -0.099614203390480174 0.068890537896432083 0.11774821617787246 -0.090582071551679799 -0.096107634621724225 -0.093701449509668439 -0.091701951794406253
leaf_weight=10.582871794700624 4.8287221342325237 4.9702044725418073 4.459715723991394 8.6698436886072177 7.5870428681373587 3.6077482104301444 3.2742959111928913 3.6937856078147897 4.4231446310877791
leaf_count=35 34 20 25 32 28 28 19 24 32
internal_value=-0.00139991 0.045777 -0.0225158 0.069771 0.0916923 -0.0876979 -0.0928868 -0.0919873 -0.0911989
internal_weight=56.0974 36.2697 9.42992 26.8398 16.2569 19.8277 14.999 11.7247 8.03089
internal_count=277 140 45 95 60 137 103 84 60
is_linear=0
shrinkage=0.1


Tree=31
num_leaves=10
num_cat=0
split_feature=1 5 5 0 5 5 6 6 2
split_gain=14.6175 5.96143e-05 2.04231e-05 1.15542e-05 1.05929e-05 1.81169e-05 2.65871e-06 7.15931e-07 1.61197e-07
threshold=0.78656609248549303 27.650000000000002 31.150000000000002 0.12940952255126059 24.450000000000003 25.950000000000003 61.850000000000001 57.650000000000013 -0.60785761079279388
decision_type=2 2 2 2 2 2 2 2 2
left_child=1 4 3 7 -1 -6 -5 -3 -9
right_child=-2 2 -4 6 5 -7 -8 8 -10
leaf_value=-0.083368537654273323 0.1015045156792756 -0.08255090767776653 -0.083066441611306593 -0.082877305154691799 -0.082749153023025837 -0.083268942209035524 -0.082644570773534154 -0.082472466397686572 -0.082415448792685211
leaf_weight=1.6636212021112458 7.3183658421039572 0.74719735980033908 1.1393428184092043 1.1682643517851832 1.1632546186447146 1.5831291303038595 0.84651989117264737 0.79702850244939449 1.312100876122712
leaf_count=35 24 20 26 28 29 34 22 22 37
internal_value=-0.00681592 -0.0828902 -0.0826853 -0.0825961 -0.0831694 -0.0830488 -0.0827795 -0.0824668 -0.082437
internal_weight=17.7388 10.4205 6.01045 4.87111 4.41 2.74638 2.01478 2.85633 2.10913
internal_count=277 253 155 129 98 63 50 79 59
is_linear=0
shrinkage=0.1


Tree=32
num_leaves=11
num_cat=0
split_feature=0 6 5 0 1 1 5 5 5 2
split_gain=6.58472 3.6357 3.61168 2.85713 3.21651 0.000128769 4.54355e-05 1.82069e-05 2.53684e-05 1.12246e-06
threshold=1.0000000180025095e-35 66.550000000000011 30.650000000000002 -0.91597561503675329 1.0000000180025095e-35 0.37940952255126026 30.850000000000005 24.050000000000004 24.900000000000002 -0.60785761079279388
decision_type=2 2 2 2 2 2 2 2 2 2
left_child=3 2 -2 4 -1 6 9 -7 -9 -5
right_child=1 -3 -4 5 -6 7 -8 8 -10 -11
leaf_value=-0.084504531581686151 -0.02102939061447516 0.15087884143182004 0.10909481543450056 -0.083644100826299778 0.064474573650618899 -0.084328035983359251 -0.084329977058354474 -0.085087823134892382 -0.084463072547550297 -0.083512350508402264
leaf_weight=2.3543110229074955 5.9803959280252439 3.0710914842784396 3.3155687265098095 1.1962209790945055 3.769684262573719 1.3930465057492258 1.1396005079150198 1.3024724982678892 1.297337409108877 1.4075286686420461
leaf_count=39 38 20 23 23 24 23 19 19 21 28
internal_value=0.00350128 0.0565462 0.0253817 -0.0438292 0.00720099 -0.0842247 -0.0838034 -0.0846198 -0.0847761 -0.0835729
internal_weight=26.2273 12.3671 9.29596 13.8602 6.124 7.73621 3.74335 3.99286 2.59981 2.60375
internal_count=277 81 61 196 63 133 70 63 40 51
is_linear=0
shrinkage=0.1


Tree=33
num_leaves=12
num_cat=0
split_feature=5 1 5 5 9 1 5 5 0 0 5
split_gain=28.9628 7.23116 3.71017 4.08523 1.59215 0.569375 0.0513795 0.00888082 0.0127423 0.00550759 0.00140177
threshold=28.250000000000004 -0.98296291314453399 24.050000000000004 27.650000000000002 1.0000000180025095e-35 -0.5 30.950000000000003 24.550000000000004 -0.60355339059327362 0.12940952255126059 25.950000000000003
decision_type=2 2 2 2 2 2 2 2 2 2 2
left_child=2 -2 -1 7 5 6 9 -4 10 -3 -9
right_child=1 4 3 -5 -6 -7 -8 8 -10 -11 -12
leaf_value=-0.011355751742205347 -0.04901167417937391 0.10112544606967876 -0.10844729082994664 -0.0050533159085560152 0.033506014127251495 0.068472346401331693 0.11461971787138879 -0.10018584313204149 -0.10750846296909047 0.10530042530634523 -0.10256598413788416
leaf_weight=10.051752626895903 4.5268991291522971 8.6580345332622581 4.5159817934036317 5.2378414869308463 4.6401813924312583 5.2459498047828701 4.8650373220443717 5.2235531508922595 4.9889095574617341 4.9755927175283423 4.7015347331762314
leaf_count=34 15 42 19 18 19 20 19 26 21 22 22
internal_value=0.0011483 0.0683622 -0.0625657 -0.0834329 0.0870813 0.097551 0.105797 -0.104562 -0.103386 0.102649 -0.101313
internal_weight=67.6313 32.9117 34.7196 24.6678 28.3848 23.7446 18.4987 19.43 14.914 13.6336 9.92509
internal_count=277 137 140 106 122 103 83 88 69 64 48
is_linear=0
shrinkage=0.1


Tree=34
num_leaves=7
num_cat=0
split_feature=5 6 5 5 5 5
split_gain=8.74336 6.19696 2.72532 0.00478934 0.000995015 0.000324966
threshold=32.150000000000006 83.100000000000009 23.650000000000002 31.750000000000004 24.050000000000004 31.450000000000003
decision_type=2 2 2 2 2 2
left_child=1 2 -1 4 -4 -6
right_child=-2 -3 3 -5 5 -7
leaf_value=0.078513364546037315 0.22946030199338452 0.19695930905324355 -0.085464089256717266 -0.091255184046877422 -0.08167133631990435 -0.084220146592319869
leaf_weight=1.214298851788042 1.4741864055395133 1.0518114715814579 0.91674260050058354 0.67311520874500264 5.1968374587595463 0.55349888280034054
leaf_count=15 6 11 13 5 217 10
internal_value=0.00270275 -0.0320955 -0.0602588 -0.0832161 -0.0824045 -0.0819167
internal_weight=11.0805 9.6063 8.55449 7.34019 6.66708 5.75034
internal_count=277 271 260 245 240 227
is_linear=0
shrinkage=0.1


Tree=35
num_leaves=10
num_cat=0
split_feature=1 0 6 1 0 5 5 0 0
split_gain=19.1454 3.5518 7.14451 1.48388 3.89138 0.0027034 0.000844494 0.000693844 0.000134689
threshold=-0.37940952255126015 -0.60355339059327362 67.550000000000011 0.37940952255126026 -0.98296291314453399 28.950000000000003 31.150000000000002 0.37940952255126054 -0.3794095225512602
decision_type=2 2 2 2 2 2 2 2 2
left_child=5 3 -3 4 -2 -1 7 8 -7
right_child=1 2 -4 -5 -6 6 -8 -9 -10
leaf_value=-0.093859749486922578 0.094146498390335051 0.089787116917035781 -0.085468034187533654 0.086438351049129447 -0.0047399187661542668 -0.089021001601521529 -0.091933862330848437 -0.091380124481642344 -0.089942238225451401
leaf_weight=3.2278768792748478 7.0537526011466989 3.9495701938867551 5.6590001881122589 10.637941628694533 9.1308738142252004 2.7261500582098961 3.6162950098514548 3.0711991712450981 3.7981934249401075
leaf_count=23 27 17 31 39 36 24 26 23 31
internal_value=-0.001685 0.0387386 -0.01343 0.0574267 0.0383578 -0.0912654 -0.0906315 -0.0901407 -0.0895573
internal_weight=52.8709 36.4311 9.60857 26.8226 16.1846 16.4397 13.2118 9.59554 6.52434
internal_count=277 150 48 102 63 127 104 78 55
is_linear=0
shrinkage=0.1


Tree=36
num_leaves=10
num_cat=0
split_feature=1 5 5 5 5 0 6 0 3
split_gain=11.9181 5.63162e-05 1.49273e-05 1.33203e-05 1.73806e-05 7.19533e-06 2.3506e-06 2.25694e-06 1.10857e-07
threshold=0.78656609248549303 27.650000000000002 31.150000000000002 24.450000000000003 25.950000000000003 0.78656609248549325 61.600000000000009 -0.3794095225512602 -0.22252093395631442
decision_type=2 2 2 2 2 2 2 2 2
left_child=1 3 5 -1 -5 6 7 -3 -8
right_child=-2 2 -4 4 -6 -7 8 -9 -10
leaf_value=-0.083095034680269519 0.087496098503657416 -0.082185513196301921 -0.082711806627322748 -0.082404991829294047 -0.08294427962366327 -0.082567609231814942 -0.082110580514760112 -0.082398810869992498 -0.082163708896513213
leaf_weight=1.5310641452670117 7.3838445246219626 0.93440582975745257 1.0150113273411987 1.0254719667136671 1.4323557540774343 0.74810186401009549 0.84194877929985523 1.0575033724308009 0.73612034507095792
leaf_count=35 24 29 26 29 34 20 27 30 23
internal_value=-0.00740731 -0.0825793 -0.0823667 -0.0828635 -0.0827193 -0.0822856 -0.0822265 -0.0822988 -0.0821354
internal_weight=16.7058 9.32198 5.33309 3.98889 2.45783 4.31808 3.56998 1.99191 1.57807
internal_count=277 253 155 98 63 129 109 59 50
is_linear=0
shrinkage=0.1


Tree=37
num_leaves=11
num_cat=0
split_feature=0 6 0 0 5 5 1 5 5 2
split_gain=5.31665 3.25732 2.79968 2.71229 2.80167 1.06417 0.000124615 3.26046e-05 1.54879e-05 1.37193e-06
threshold=1.0000000180025095e-35 66.90000000000002 0.12940952255126059 -0.91597561503675329 25.450000000000003 28.450000000000003 -1.0000000180025095e-35 30.850000000000005 24.450000000000003 -0.60785761079279388
decision_type=2 2 2 2 2 2 2 2 2 2
left_child=3 2 -2 4 -1 -4 7 9 -8 -5
right_child=1 -3 5 6 -6 -7 8 -9 -10 -11
leaf_value=0.058297292481330303 0.09341487283852512 0.1387085592104326 0.023655765383527604 -0.083191934745520724 -0.084434044789150273 -0.059843426028111213 -0.084369323626382761 -0.083791300372458577 -0.083955323571599183 -0.083036632313996078
leaf_weight=3.9042519144713879 3.4295551627874357 3.1267656236886969 2.9549288153648376 1.0579605177044871 2.1230703257024288 3.1570550203323364 1.8512283824384232 1.0068782567977903 1.765348747372627 1.2303050160408022
leaf_count=25 14 18 12 23 38 37 31 19 32 28
internal_value=0.00407936 0.0501293 0.0211018 -0.041007 0.00802146 -0.0194745 -0.0837619 -0.0833171 -0.0841672 -0.0831084
internal_weight=25.6073 12.6683 9.54154 12.939 6.02732 6.11198 6.91172 3.29514 3.61658 2.28827
internal_count=277 81 63 196 63 49 133 70 63 51
is_linear=0
shrinkage=0.1


Tree=38
num_leaves=12
num_cat=0
split_feature=5 1 5 5 9 1 5 5 0 0 5
split_gain=23.1319 6.01991 3.47166 3.92239 1.44114 0.644742 0.0335742 0.00789772 0.0103829 0.00457386 0.00111357
threshold=28.250000000000004 -0.98296291314453399 24.050000000000004 27.650000000000002 1.0000000180025095e-35 -0.5 30.950000000000003 24.550000000000004 -0.60355339059327362 0.12940952255126059 25.950000000000003
decision_type=2 2 2 2 2 2 2 2 2 2 2
left_child=2 -2 -1 7 5 6 9 -4 10 -3 -9
right_child=1 4 3 -5 -6 -7 -8 8 -10 -11 -12
leaf_value=-0.0078385184927523867 -0.043156785608002297 0.097539817155711028 -0.10485174992407152 -0.0026896430216373311 0.029794415572027694 0.060833326418684469 0.10910980765515468 -0.096824014348698695 -0.10373270097317133 0.10153606653809122 -0.099061794356552269
leaf_weight=9.9368837177753431 4.5226216018199947 7.7254791855812162 4.1974594593048158 5.2542107701301566 4.4331645071506491 5.0032228529453269 4.5108646750450125 4.6580996364355105 4.6225603967905 4.5513169318437576 4.2550611793994904
leaf_count=34 15 42 19 18 19 20 19 26 21 22 22
internal_value=0.00101985 0.0633925 -0.0572275 -0.0785771 0.0817681 0.0923417 0.101732 -0.101062 -0.0998869 0.0990213 -0.0978923
internal_weight=63.6709 30.7467 32.9243 22.9874 26.224 21.7909 16.7877 17.7332 13.5357 12.2768 8.91316
internal_count=277 137 140 106 122 103 83 88 69 64 48
is_linear=0
shrinkage=0.1


Tree=39
num_leaves=7
num_cat=0
split_feature=5 5 5 6 5 5
split_gain=6.69303 5.36101 0.0032336 0.000505523 0.000231081 1.89949e-05
threshold=32.150000000000006 24.050000000000004 31.750000000000004 81.65000000000002 31.450000000000003 27.650000000000002
decision_type=2 2 2 2 2 2
left_child=1 -1 3 4 5 -3
right_child=-2 2 -4 -5 -6 -7
leaf_value=0.081098869954460348 0.19128498359082111 -0.081697634547289288 -0.089702722521156061 -0.085118772177966442 -0.083729660975220416 -0.081285623468917961
leaf_weight=2.9633348323404771 1.6204212009906775 1.9764109775424001 0.60114073753356922 0.46945606917142857 0.49970896914601315 2.5792615069076419
leaf_count=34 6 81 5 7 10 134
internal_value=0.00405579 -0.029323 -0.0827376 -0.0819798 -0.0816883 -0.0814644
internal_weight=10.7097 9.08931 6.12598 5.52484 5.05538 4.55567
internal_count=277 271 237 232 225 215
is_linear=0
shrinkage=0.1


Tree=40
num_leaves=11
num_cat=0
split_feature=1 0 6 5 5 3 5 5 0 0
split_gain=15.9757 2.69016 5.97744 1.27919 2.74966 0.0896981 0.00254453 0.000652524 0.00037046 0.000109142
threshold=-0.37940952255126015 -0.60355339059327362 67.550000000000011 26.950000000000003 24.450000000000003 -0.22252093395631442 28.950000000000003 31.150000000000002 0.37940952255126054 -0.3794095225512602
decision_type=2 2 2 2 2 2 2 2 2 2
left_child=6 3 -3 4 -2 -6 -1 8 9 -8
right_child=1 2 -4 -5 5 -7 7 -9 -10 -11
leaf_value=-0.092455906349602435 0.026048639611056235 0.07935610694776829 -0.081721237777464872 0.0052247289280169928 0.10748408376489355 0.088880679767385659 -0.087720684545071481 -0.090357150500630146 -0.089656921269023651 -0.088602781062635763
leaf_weight=2.9057608768343917 10.570593297481539 4.0902580618858355 5.2748008370399475 4.9068051129579535 5.3713206797838202 5.0084876865148535 2.3967730924487096 3.2389947175979605 2.6936311274766922 3.3819071277976036
leaf_count=23 35 17 31 23 23 21 24 26 23 31
internal_value=-0.00192052 0.034552 -0.0113695 0.051184 0.0619482 0.0985075 -0.0898071 -0.0891499 -0.0886884 -0.0882369
internal_weight=49.8393 35.2223 9.36506 25.8572 20.9504 10.3798 14.6171 11.7113 8.47231 5.77868
internal_count=277 150 48 102 79 44 127 104 78 55
is_linear=0
shrinkage=0.1


Tree=41
num_leaves=10
num_cat=0
split_feature=1 5 5 5 5 0 6 0 5
split_gain=9.80006 4.81934e-05 1.13362e-05 1.10892e-05 1.29973e-05 6.2207e-06 1.67191e-06 1.15693e-06 3.19983e-07
threshold=0.78656609248549303 27.650000000000002 31.150000000000002 24.450000000000003 25.950000000000003 0.78656609248549325 61.600000000000009 1.0000000180025095e-35 28.950000000000003
decision_type=2 2 2 2 2 2 2 2 2
left_child=1 3 5 -1 -5 6 7 -3 -8
right_child=-2 2 -4 4 -6 -7 8 -9 -10
leaf_value=-0.08279703302959969 0.076107116984143922 -0.081953339218500953 -0.082408572709241804 -0.082150140473553734 -0.082641727832151235 -0.082291333272647912 -0.081929277693487346 -0.082118198119181807 -0.081832396497036386
leaf_weight=1.3913448937237247 7.3520960509777078 1.0395827293396003 0.90519133396446694 0.92259331978857551 1.289659773930907 0.67155340127646912 0.59898633696138837 0.72084723226726044 0.79127606377005577
leaf_count=35 24 36 26 29 34 20 21 23 29
internal_value=-0.00804051 -0.0823004 -0.0820904 -0.0825758 -0.0824367 -0.082015 -0.0819561 -0.0820208 -0.0818741
internal_weight=15.6831 8.33104 4.72744 3.6036 2.21225 3.82225 3.15069 1.76043 1.39026
internal_count=277 253 155 98 63 129 109 59 50
is_linear=0
shrinkage=0.1


Tree=42
num_leaves=12
num_cat=0
split_feature=0 6 6 0 1 5 1 5 5 2 6
split_gain=4.36697 2.94623 3.70141 2.497 2.35146 1.57732 0.000102702 2.28884e-05 1.25294e-05 1.71021e-06 1.38759e-06
threshold=1.0000000180025095e-35 67.550000000000011 61.350000000000001 -0.91597561503675329 1.0000000180025095e-35 30.650000000000002 0.37940952255126026 30.850000000000005 24.050000000000004 -0.60785761079279388 76.300000000000026
decision_type=2 2 2 2 2 2 2 2 2 2 2
left_child=3 2 5 4 -1 -2 7 9 -8 -5 -10
right_child=1 -3 -4 6 -6 -7 8 -9 10 -11 -12
leaf_value=-0.083736146720089957 0.013276479393857499 0.13019881773188086 -0.072425243995933405 -0.082816767544801703 0.050311752539110015 0.11124955057147218 -0.083454583087812229 -0.083327392031105202 -0.083783504717387533 -0.082632027574526562 -0.083945348421355731
leaf_weight=1.9270421303808687 3.4202111810445768 3.0881929621100417 3.0829100236296654 0.93865227326750811 4.0778768733143806 3.1628972887992859 1.1338593028485777 0.88880532979965199 1.0342319495975973 1.0749998353421706 1.0860334224998949
leaf_count=39 23 15 23 23 24 20 23 19 20 28 20
internal_value=0.00428676 0.0451677 0.0180011 -0.0385865 0.00729436 0.0603483 -0.0833372 -0.0829047 -0.0837229 -0.0827181 -0.0838664
internal_weight=24.9157 12.7542 9.66602 12.1615 6.00492 6.58311 6.15658 2.90246 3.25412 2.01365 2.12027
internal_count=277 81 66 196 63 43 133 70 63 51 40
is_linear=0
shrinkage=0.1


Tree=43
num_leaves=12
num_cat=0
split_feature=1 1 5 5 9 5 0 5 0 6 5
split_gain=18.8021 5.56174 2.80023 4.88165 2.10184 0.0097832 0.00820637 0.00586784 0.00781107 0.00307525 0.000579204
threshold=-0.37940952255126015 -0.98296291314453399 24.050000000000004 27.650000000000002 1.0000000180025095e-35 30.950000000000003 0.12940952255126059 24.550000000000004 -0.60355339059327362 59.850000000000001 25.650000000000002
decision_type=2 2 2 2 2 2 2 2 2 2 2
left_child=1 -1 -2 7 5 6 9 -4 10 -3 -9
right_child=2 4 3 -5 -6 -7 -8 8 -10 -11 -12
leaf_value=-0.036461427297146916 -0.0036464187874345058 0.098275793066880834 -0.10156753206849237 -0.00092669279448454099 0.018004809910708554 0.10409177406304662 0.10122573865314742 -0.094393004036243885 -0.10056910158427718 0.094249075379995356 -0.096091964510578207
leaf_weight=4.5234190225601223 9.8064051270484907 3.9087372422218376 3.8831384479999604 7.5786460787057868 3.8108088225126258 4.0958762168884268 6.1983654201030731 3.8722772151231784 4.2623722106218294 3.6843315064907074 4.1648504585027695
leaf_count=15 34 22 19 28 17 19 31 24 21 23 24
internal_value=0.000957918 0.0644067 -0.0486054 -0.0671601 0.0854347 0.0998004 0.0985259 -0.0981786 -0.0971086 0.0963219 -0.0952734
internal_weight=59.7892 26.2215 33.5677 23.7613 21.6981 17.8873 13.7914 16.1826 12.2995 7.59307 8.03713
internal_count=277 127 150 116 112 95 76 88 69 45 48
is_linear=0
shrinkage=0.1


Tree=44
num_leaves=7
num_cat=0
split_feature=5 5 5 6 5 5
split_gain=5.24868 4.76793 0.00211943 0.000378929 0.000160317 1.60735e-05
threshold=32.150000000000006 24.050000000000004 31.750000000000004 81.65000000000002 31.450000000000003 24.650000000000002
decision_type=2 2 2 2 2 2
left_child=1 -1 3 4 5 -3
right_child=-2 2 -4 -5 -6 -7
leaf_value=0.072500378430835885 0.16482588764903741 -0.081875808883871873 -0.088400552986435052 -0.084623310093350071 -0.083300373181017157 -0.081242199158298847
leaf_weight=3.1138684153556806 1.7243271768093116 0.45012998953461636 0.5357651263475417 0.42800742015242565 0.45045363157987584 3.6221875315532088
leaf_count=34 6 17 5 7 10 198
internal_value=0.00559209 -0.0263333 -0.0824259 -0.0817794 -0.0815102 -0.0813122
internal_weight=10.3247 8.60041 5.48654 4.95078 4.52277 4.07232
internal_count=277 271 237 232 225 215
is_linear=0
shrinkage=0.1


Tree=45
num_leaves=12
num_cat=0
split_feature=5 0 5 5 5 0 6 5 5 6 0
split_gain=13.2774 2.71127 4.29027 1.44246 1.0011 0.311553 0.0837597 0.000399911 0.000706912 0.000115202 8.24495e-05
threshold=28.250000000000004 -0.70710678118654735 26.350000000000005 24.450000000000003 26.650000000000002 0.78656609248549325 70.700000000000003 28.950000000000003 31.150000000000002 62.850000000000001 1.0000000180025095e-35
decision_type=2 2 2 2 2 2 2 2 2 2 2
left_child=1 3 -3 -1 6 7 -5 -2 9 10 -9
right_child=5 2 -4 4 -6 -7 -8 8 -10 -11 -12
leaf_value=0.022800645797591782 -0.089108691714668009 -0.095736704271155465 0.047413170417406676 0.082477949980033147 0.034833152616466106 -0.045801342428200088 0.10203366864766449 -0.086994775232290378 -0.089034513654795561 -0.086550791145449682 -0.087832367609175441
leaf_weight=10.529516339302061 2.6639821976423255 3.721497870981695 4.7863594740629196 4.4208968281745893 4.6681961864233008 2.0351379513740531 4.3407157510519028 2.1977794244885427 2.8952344730496407 2.0886659547686577 2.5259372070431709
leaf_count=35 25 26 19 20 19 13 21 24 26 24 25
internal_value=-0.00216188 0.033291 -0.0152033 0.0505112 0.0722373 -0.082059 0.0921663 -0.0880234 -0.0877255 -0.0871692 -0.0874427
internal_weight=46.8739 32.4672 8.50786 23.9593 13.4298 14.4067 8.76161 12.3716 9.70762 6.81238 4.72372
internal_count=277 140 45 95 60 137 41 124 99 73 49
is_linear=0
shrinkage=0.1


Tree=46
num_leaves=9
num_cat=0
split_feature=1 5 5 5 5 1 6 0
split_gain=8.11589 4.27619e-05 1.17922e-05 1.32358e-05 8.69916e-06 4.78481e-06 1.25945e-06 8.41812e-07
threshold=0.78656609248549303 27.650000000000002 24.450000000000003 25.950000000000003 31.150000000000002 -0.5 61.600000000000009 1.0000000180025095e-35
decision_type=2 2 2 2 2 2 2 2
left_child=1 2 -1 -4 5 6 7 -3
right_child=-2 4 3 -5 -6 -7 -8 -9
leaf_value=-0.082567444777689958 0.066609632122050164 -0.081687855999256223 -0.081865884334384575 -0.082392720426398391 -0.082142595275056088 -0.081955586333545105 -0.081607750706090873 -0.081843416667437094
leaf_weight=1.2781383618712427 7.2517908811569214 0.77662164159119151 0.80605612881481636 1.1676803994923828 0.80627507157623757 1.0394429787993433 0.93413406051695336 0.630112424492836
leaf_count=35 24 31 29 34 26 36 39 23
internal_value=-0.00866913 -0.0820588 -0.0823308 -0.0821776 -0.0818474 -0.081777 -0.0816978 -0.0817575
internal_weight=14.6903 7.43846 3.25187 1.97374 4.18659 3.38031 2.34087 1.40673
internal_count=277 253 98 63 155 129 93 54
is_linear=0
shrinkage=0.1


Tree=47
num_leaves=12
num_cat=0
split_feature=0 0 6 6 5 6 5 1 5 5 6
split_gain=3.52459 2.36571 2.11517 2.45603 1.81644 1.80621 0.360077 9.17993e-05 2.31577e-05 1.3054e-05 1.61296e-06
threshold=1.0000000180025095e-35 -0.91597561503675329 67.550000000000011 61.250000000000007 24.450000000000003 57.100000000000009 25.950000000000003 0.37940952255126026 30.950000000000003 24.450000000000003 58.250000000000007
decision_type=2 2 2 2 2 2 2 2 2 2 2
left_child=1 4 3 5 -1 -2 -6 8 10 -9 -3
right_child=2 7 -4 -5 6 -7 -8 9 -10 -11 -12
leaf_value=0.060488292548037052 -0.0018459923360467645 -0.082475940303192025 0.11139557310111883 -0.049186782688929294 -0.011168157727123249 0.10728887003001944 -0.083446766013496973 -0.083565059933989105 -0.083038344961192473 -0.083143377079161279 -0.082284876529550743
leaf_weight=3.1272475868463516 2.8714113980531675 0.72215550206601831 3.1843534372746936 3.5163811296224594 1.2631903067231181 3.2138535939157009 1.5169731080532072 1.5269817523658278 0.68721139430999745 1.4138758257031439 1.1382848303765056
leaf_count=17 22 20 15 26 12 18 34 31 16 32 34
internal_value=0.00472649 -0.0357126 0.0407691 0.0173461 0.00820459 0.0557922 -0.0506064 -0.0829817 -0.0825423 -0.0833623 -0.082359
internal_weight=24.1819 11.3959 12.786 9.60165 5.90741 6.08526 2.78016 5.48851 2.54765 2.94086 1.86044
internal_count=277 196 81 66 63 40 46 133 70 63 54
is_linear=0
shrinkage=0.1


Tree=48
num_leaves=12
num_cat=0
split_feature=5 1 5 5 9 1 5 5 0 0 5
split_gain=15.3223 4.15615 3.32224 3.13653 1.20098 0.590969 0.0151054 0.00503875 0.00624463 0.00258698 0.00076925
threshold=28.250000000000004 -0.98296291314453399 24.050000000000004 27.650000000000002 1.0000000180025095e-35 -0.5 31.050000000000004 24.550000000000004 -0.60355339059327362 0.12940952255126059 26.150000000000002
decision_type=2 2 2 2 2 2 2 2 2 2 2
left_child=2 -2 -1 7 5 6 9 -4 10 -3 -9
right_child=1 4 3 -5 -6 -7 -8 8 -10 -11 -12
leaf_value=-0.00095719222035587411 -0.031928789942786161 0.092154606451727947 -0.099101982136709094 -0.004744361373299962 0.024547258856086402 0.054024833605215067 0.10128675766827139 -0.092149240184529441 -0.097997016140765281 0.095420522577397998 -0.094247330225325818
leaf_weight=9.7091443836689013 4.4893854260444668 6.1394420564174705 3.5884144753217724 5.0897936671972266 4.0731487572193137 4.6687231063842765 3.2406517565250388 4.1414892673492449 3.9248933345079386 4.009270653128624 3.0231161266565323
leaf_count=34 15 43 19 18 19 20 16 29 21 24 19
internal_value=0.000805861 0.0558007 -0.0488602 -0.0723883 0.0735969 0.0846605 0.0953428 -0.0958449 -0.0947909 0.0934448 -0.0930345
internal_weight=56.0975 26.6206 29.4769 19.7677 22.1312 18.0581 13.3894 14.6779 11.0895 10.1487 7.16461
internal_count=277 137 140 106 122 103 83 88 69 67 48
is_linear=0
shrinkage=0.1


Tree=49
num_leaves=7
num_cat=0
split_feature=5 6 5 5 5 5
split_gain=4.2099 4.5571 2.07399 0.00114369 0.00131947 0.000107754
threshold=32.150000000000006 83.100000000000009 23.650000000000002 31.750000000000004 24.050000000000004 31.450000000000003
decision_type=2 2 2 2 2 2
left_child=1 2 -1 4 -4 -6
right_child=-2 -3 3 -5 5 -7
leaf_value=0.05264730643725303 0.14569545244529525 0.15468103865435873 -0.085551195668016111 -0.087277145874212175 -0.081209752293275372 -0.082924489041477367
leaf_weight=1.4271110147237758 1.7931640148162848 1.2207478135824201 0.92911839112639416 0.47557168453931797 3.7103555593639612 0.40663422644138325
leaf_count=15 6 11 13 5 217 10
internal_value=0.00694442 -0.0235106 -0.0548149 -0.0825891 -0.0821473 -0.0813791
internal_weight=9.9627 8.16954 6.94879 5.52168 5.04611 4.11699
internal_count=277 271 260 245 240 227
is_linear=0
shrinkage=0.1


Tree=50
num_leaves=11
num_cat=0
split_feature=1 6 1 2 5 5 5 0 4 4
split_gain=11.3899 1.80301 2.24739 1.5527 1.53998 0.0033691 0.000433886 0.000202519 3.78794e-05 2.24871e-06
threshold=-0.37940952255126015 74.350000000000009 -0.12940952255126037 1.0000000180025095e-35 23.950000000000003 28.850000000000005 31.150000000000002 1.0000000180025095e-35 1.0000000180025095e-35 1.0000000180025095e-35
decision_type=2 2 2 2 2 2 2 2 2 2
left_child=5 2 -2 -4 -3 -1 7 8 -7 -9
right_child=1 4 3 -5 -6 6 -8 9 -10 -11
leaf_value=-0.09133226790002455 0.0019805314911314239 -0.047831449313520139 0.099201266501319552 0.030813351285384035 0.027025651548932651 -0.085573823899138826 -0.087976531414068637 -0.08705960276560816 -0.086251410152804228 -0.086901118545667996
leaf_weight=2.0647733435034743 7.7034701183438292 4.733370512723921 7.6819129735231417 5.8467745929956436 6.5527826473116875 1.737338110804556 2.596395842730999 1.8001396283507347 1.5711624622344971 1.7810983136296272
leaf_count=19 35 21 34 25 35 23 26 20 19 20
internal_value=-0.00237187 0.0279277 0.0450953 0.0696456 -0.00436914 -0.0876716 -0.0868748 -0.0864597 -0.0858956 -0.0869808
internal_weight=44.0692 32.5183 21.2322 13.5287 11.2862 11.5509 9.48613 6.88974 3.3085 3.58124
internal_count=277 150 94 59 56 127 108 82 42 40
is_linear=0
shrinkage=0.1


Tree=51
num_leaves=8
num_cat=0
split_feature=1 5 0 5 1 5 6
split_gain=6.74351 3.66652e-05 1.97857e-05 5.77622e-06 6.49952e-06 2.65554e-06 1.01315e-06
threshold=0.78656609248549303 24.450000000000003 0.91597561503675362 31.150000000000002 -0.5 26.550000000000004 62.850000000000001
decision_type=2 2 2 2 2 2 2
left_child=1 -1 3 4 6 -6 -3
right_child=-2 2 -4 -5 5 -7 -8
leaf_value=-0.082355018395343246 0.058302558466920465 -0.081538937191673266 -0.08221315439427318 -0.08192298645049928 -0.081627636904161374 -0.081861904144540379 -0.081387418566258349
leaf_weight=1.17290130443871 7.1068316102027893 1.4115154910832646 0.75769091397523869 0.72138602659106243 0.95009630732238315 0.98605763725936413 0.64203838445246209
leaf_count=35 24 62 24 26 39 36 31
internal_value=-0.00940175 -0.0818477 -0.0817389 -0.0816626 -0.0816155 -0.0817469 -0.0814916
internal_weight=13.7485 6.64169 5.46878 4.71109 3.98971 1.93615 2.05355
internal_count=277 253 218 194 168 75 93
is_linear=0
shrinkage=0.1


Tree=52
num_leaves=12
num_cat=0
split_feature=0 0 6 6 5 6 5 1 5 5 2
split_gain=2.86558 2.23474 1.65073 2.11683 1.46273 0.883079 0.379337 7.93025e-05 1.69754e-05 1.43547e-05 1.64798e-06
threshold=1.0000000180025095e-35 -0.91597561503675329 67.550000000000011 61.250000000000007 24.450000000000003 57.300000000000004 25.950000000000003 0.37940952255126026 30.950000000000003 24.450000000000003 -0.60785761079279388
decision_type=2 2 2 2 2 2 2 2 2 2 2
left_child=1 4 3 5 -1 -2 -6 8 10 -9 -3
right_child=2 7 -4 -5 6 -7 -8 9 -10 -11 -12
leaf_value=0.053763260013078878 0.014799242757490602 -0.082172954468053339 0.099020253084807955 -0.0470835728081909 -0.006106588072589186 0.090586513216927456 -0.083118624329136345 -0.083261805696004415 -0.082684589839842809 -0.082796102349468437 -0.081971389629973468
leaf_weight=3.2386232987046242 3.1930085234343988 0.75879741087555896 3.2329906746745101 3.3921720013022423 1.1967545300722124 2.965294361114502 1.3738440200686453 1.3988363780081274 0.6073275115340947 1.2563130147755144 0.871482828631999
leaf_count=17 24 24 15 26 12 16 34 31 16 32 30
internal_value=0.00529738 -0.0328794 0.037258 0.0163504 0.00905781 0.0512917 -0.0472653 -0.0826719 -0.0822333 -0.0830415 -0.0820652
internal_weight=23.4854 10.702 12.7835 9.55047 5.80922 6.1583 2.5706 4.89276 2.23761 2.65515 1.63028
internal_count=277 196 81 66 63 40 46 133 70 63 54
is_linear=0
shrinkage=0.1


Tree=53
num_leaves=12
num_cat=0
split_feature=1 1 5 5 9 0 5 0 6 5 5
split_gain=12.5798 4.21034 2.56694 3.92651 1.91505 0.00508795 0.00419165 0.00481881 0.00376144 0.000921796 0.000767021
threshold=-0.37940952255126015 -0.98296291314453399 24.050000000000004 27.650000000000002 1.0000000180025095e-35 0.12940952255126059 24.550000000000004 -0.60355339059327362 59.850000000000001 30.150000000000002 26.150000000000002
decision_type=2 2 2 2 2 2 2 2 2 2 2
left_child=1 -1 -2 6 5 8 -4 10 -3 -7 -8
right_child=2 4 3 -5 -6 9 7 -9 -10 -11 -12
leaf_value=-0.029586656809767981 0.0011900822927571823 0.095149821916883245 -0.09694985056925394 -0.0028413937753358921 0.01228948924176476 0.098079700632910549 -0.090237208193846397 -0.095770124808443935 0.090648647776207306 0.095774826292635673 -0.092453978426437156
leaf_weight=4.4589150995016125 9.6260304152965563 4.2373180389404315 3.3044952452182796 7.3737677186727515 3.4726363569498053 3.4774831086397171 3.6362075209617633 3.5893979221582377 3.3042572736740112 3.463195726275444 2.7347949296236038
leaf_count=15 34 28 19 28 17 20 29 21 26 21 19
internal_value=0.00060042 0.057385 -0.0414538 -0.0613433 0.0789835 0.0949758 -0.0938636 -0.0928397 0.0931777 0.0969296 -0.0911888
internal_weight=52.6785 22.4138 30.2647 20.6387 17.9549 14.4823 13.2649 9.9604 7.54158 6.94068 6.371
internal_count=277 127 150 116 112 95 88 69 54 41 48
is_linear=0
shrinkage=0.1


Tree=54
num_leaves=7
num_cat=0
split_feature=5 5 5 6 5 5
split_gain=3.41298 3.8817 0.000852962 0.000490952 7.76995e-05 1.71125e-05
threshold=32.150000000000006 24.050000000000004 31.750000000000004 84.100000000000009 31.450000000000003 24.900000000000002
decision_type=2 2 2 2 2 2
left_child=1 -1 3 4 5 -3
right_child=-2 2 -4 -5 -6 -7
leaf_value=0.060744496626939405 0.13064157468202964 -0.081606941997428045 -0.086314166282110472 -0.085185054102624308 -0.082620174176171512 -0.08098996688515149
leaf_weight=3.3309024758636951 1.8379440307617185 0.53648063912987787 0.42066883295774449 0.3456643484532832 0.36877976357936848 2.7743623182177544
leaf_count=34 6 25 5 5 10 192
internal_value=0.00808608 -0.0208781 -0.0820296 -0.0815818 -0.0812433 -0.0810899
internal_weight=9.6148 7.77686 4.44596 4.02529 3.67962 3.31084
internal_count=277 271 237 232 227 217
is_linear=0
shrinkage=0.1


Tree=55
num_leaves=11
num_cat=0
split_feature=1 6 1 2 5 5 5 0 2 5
split_gain=9.53438 1.52368 1.83005 1.43929 1.18415 0.00246476 0.000387355 0.000183298 3.92691e-05 2.69362e-05
threshold=-0.37940952255126015 74.350000000000009 -0.12940952255126037 1.0000000180025095e-35 23.950000000000003 28.650000000000002 31.150000000000002 1.0000000180025095e-35 -0.60785761079279388 30.350000000000005
decision_type=2 2 2 2 2 2 2 2 2 2
left_child=5 2 -2 -4 -3 -1 7 8 -7 -9
right_child=1 4 3 -5 -6 6 -8 9 -10 -11
leaf_value=-0.090494618149681044 0.00207416119306342 -0.043795095544537123 0.093292048288364959 0.025912530930795787 0.0226675557663557 -0.085444470732398317 -0.087126640802517377 -0.086427516160134152 -0.084729138149848005 -0.08585860861231924
leaf_weight=1.4358468987047661 7.6806638985872295 4.6435374915599805 7.2307578846812266 5.6453858613967896 6.3418644666671753 1.4521748460829247 2.3361984901130199 1.6282639540731909 1.6275033801794045 1.7023796737194059
leaf_count=14 35 21 34 25 35 20 26 20 25 22
internal_value=-0.00252057 0.0246394 0.0407062 0.0637503 -0.00542626 -0.0866547 -0.0860243 -0.0856225 -0.0850664 -0.0861367
internal_weight=41.7246 31.5422 20.5568 12.8761 10.9854 10.1824 8.74652 6.41032 3.07968 3.33064
internal_count=277 150 94 59 56 127 113 87 45 42
is_linear=0
shrinkage=0.1


Tree=56
num_leaves=8
num_cat=0
split_feature=1 5 0 5 1 5 1
split_gain=5.7833 3.08535e-05 1.72832e-05 5.28816e-06 5.38589e-06 1.61796e-06 1.17439e-06
threshold=0.78656609248549303 24.450000000000003 0.91597561503675362 31.150000000000002 -0.5 26.550000000000004 -0.9159756150367534
decision_type=2 2 2 2 2 2 2
left_child=1 -1 3 4 6 -6 -3
right_child=-2 2 -4 -5 5 -7 -8
leaf_value=-0.082148413272707999 0.052568215011998466 -0.081417904416524592 -0.082018861886821268 -0.081741991716970552 -0.081458792200345742 -0.081651930413752322 -0.081249279794464169
leaf_weight=1.0733402259647844 6.9770789444446564 0.64426260814070646 0.6924416497349738 0.64821260794997204 0.85415428504347823 0.88123643212020397 1.15071183629334
leaf_count=35 24 31 24 26 39 36 62
internal_value=-0.00918335 -0.0816631 -0.0815561 -0.0814795 -0.0814313 -0.0815569 -0.0813098
internal_weight=12.9214 5.94436 4.87102 4.17858 3.53037 1.73539 1.79497
internal_count=277 253 218 194 168 75 93
is_linear=0
shrinkage=0.1


Tree=57
num_leaves=12
num_cat=0
split_feature=0 0 6 6 5 6 6 1 9 5 6
split_gain=2.30475 2.10892 1.34599 1.80929 1.21979 0.695593 0.390751 6.66525e-05 1.86645e-05 1.3206e-05 2.26611e-06
threshold=1.0000000180025095e-35 -0.91597561503675329 67.550000000000011 61.250000000000007 24.450000000000003 57.300000000000004 66.15000000000002 0.37940952255126026 1.0000000180025095e-35 24.450000000000003 57.750000000000007
decision_type=2 2 2 2 2 2 2 2 2 2 2
left_child=1 4 3 5 -1 -2 -6 8 10 -9 -3
right_child=2 7 -4 -5 6 -7 -8 9 -10 -11 -12
leaf_value=0.04914111119633563 0.013713044058758209 -0.081927215586875587 0.089520413874620008 -0.045190475520819735 -0.0061795607333037881 0.080513999022942137 -0.086911195683125109 -0.082971725833666257 -0.082455778899911014 -0.082502695966419223 -0.0816680592887917
leaf_weight=3.3183812648057938 3.1737169288098794 0.56387371942401088 3.2391515970230094 3.2833545673638582 1.2667479049414399 3.0634256787598133 1.1382452715188263 1.2791147213429215 0.55811444483697403 1.131177209317684 0.84011638909578323
leaf_count=17 24 20 15 26 27 16 19 31 16 32 34
internal_value=0.0055915 -0.0301084 0.0338382 0.0148935 0.00983943 0.0465229 -0.0443886 -0.0823993 -0.0819666 -0.0827516 -0.0817721
internal_weight=22.8554 10.0958 12.7596 9.5205 5.72337 6.23714 2.40499 4.3724 1.9621 2.41029 1.40399
internal_count=277 196 81 66 63 40 46 133 70 63 54
is_linear=0
shrinkage=0.1


Tree=58
num_leaves=12
num_cat=0
split_feature=1 5 5 5 5 6 1 5 0 1 5
split_gain=10.0988 3.77217 2.37057 3.69544 0.37583 0.19267 0.0448184 0.00308534 0.00357609 0.000693016 0.000365608
threshold=-0.37940952255126015 31.150000000000002 24.050000000000004 27.650000000000002 30.650000000000002 66.15000000000002 -0.9159756150367534 24.550000000000004 -0.60355339059327362 -0.60355339059327384 26.150000000000002
decision_type=2 2 2 2 2 2 2 2 2 2 2
left_child=1 4 -2 7 5 6 -1 -4 10 -8 -9
right_child=2 -3 3 -5 -6 -7 9 8 -10 -11 -12
leaf_value=0.10687601940063669 0.0028964728615397451 -0.013909733718021339 -0.094913991459042599 -0.0021103881881868016 0.051624869070616176 0.066558242134992715 0.090610132637536478 -0.089024516665929448 -0.093856744498137024 0.092836135084856289 -0.090641666693637879
leaf_weight=2.9584593325853339 9.5532025992870349 5.8918092101812354 3.0196365788579014 7.3461716622114173 3.4052864462137213 2.7651456743478766 2.9522165134549132 3.2902530729770678 3.2714428603649104 2.657629363238815 2.4309267997741699
leaf_count=18 34 26 19 28 22 17 24 29 21 20 19
internal_value=0.000273675 0.0537213 -0.0378651 -0.0579805 0.0807568 0.0895099 0.0969168 -0.0921483 -0.0912196 0.0916647 -0.0897116
internal_weight=49.5422 20.6305 28.9116 19.3584 14.7387 11.3335 8.56831 12.0123 8.99262 5.60985 5.72118
internal_count=277 127 150 116 101 79 62 88 69 44 48
is_linear=0
shrinkage=0.1


Tree=59
num_leaves=7
num_cat=0
split_feature=5 6 5 5 6 5
split_gain=2.78554 5.08451 1.34122 0.000612698 8.92693e-05 6.19044e-05
threshold=32.150000000000006 86.250000000000014 24.050000000000004 31.750000000000004 78.950000000000017 31.450000000000003
decision_type=2 2 2 2 2 2
left_child=1 2 -1 4 5 -4
right_child=-2 -3 3 -5 -6 -7
leaf_value=0.0068821651679172348 0.11823668915473831 0.27622746437984819 -0.080922217947693276 -0.085514795554815975 -0.082830162866823473 -0.082361435283719669
leaf_weight=3.1210442185401917 1.8625862002372739 0.54272605478763569 2.7569581242278232 0.37239294499158848 0.32104751095175732 0.33519656211137761
leaf_count=32 6 5 209 5 10 10
internal_value=0.00885716 -0.0184913 -0.0416504 -0.0816632 -0.081243 -0.0810782
internal_weight=9.31195 7.44937 6.90664 3.7856 3.4132 3.09215
internal_count=277 271 266 234 229 219
is_linear=0
shrinkage=0.1


Tree=60
num_leaves=11
num_cat=0
split_feature=1 6 2 1 5 5 5 0 2 3
split_gain=8.04466 1.28481 1.57237 1.23638 0.907313 0.00137345 0.000542446 9.36553e-05 2.37406e-05 1.2072e-05
threshold=-0.37940952255126015 74.350000000000009 1.0000000180025095e-35 -0.12940952255126037 23.950000000000003 28.750000000000004 31.150000000000002 1.0000000180025095e-35 -0.60785761079279388 -0.22252093395631442
decision_type=2 2 2 2 2 2 2 2 2 2
left_child=5 2 3 -2 -3 -1 7 8 -7 -9
right_child=1 4 -4 -5 -6 6 -8 9 -10 -11
leaf_value=-0.088691549490642951 0.021967035702076851 -0.040117477287421863 0.0029904904306702561 0.087744943809012016 0.018788140732553998 -0.084642695320683747 -0.086628312182764206 -0.085378312507078294 -0.084039763297939052 -0.084963356462475492
leaf_weight=1.4123670570552329 4.9262818992137909 4.5569939613342267 8.1739508733153325 6.8045861870050484 6.1353139206767082 1.2593659572303293 2.1798491254448891 1.3417484350502493 1.3564886748790743 1.4683170393109319
leaf_count=16 22 21 38 34 35 20 26 19 24 22
internal_value=-0.0028227 0.021642 0.0366609 0.0601221 -0.00631706 -0.0858277 -0.0852959 -0.0847606 -0.08433 -0.0851615
internal_weight=39.6153 30.5971 19.9048 11.7309 10.6923 9.01814 7.60577 5.42592 2.61585 2.81007
internal_count=277 150 94 56 56 127 111 85 44 41
is_linear=0
shrinkage=0.1


Tree=61
num_leaves=8
num_cat=0
split_feature=1 5 0 5 1 5 1
split_gain=5.02061 2.55908e-05 1.47026e-05 7.03443e-06 5.30951e-06 9.81807e-07 7.80733e-07
threshold=0.78656609248549303 24.450000000000003 0.91597561503675362 31.150000000000002 -0.5 26.550000000000004 -0.9159756150367534
decision_type=2 2 2 2 2 2 2
left_child=1 -1 3 4 6 -6 -3
right_child=-2 2 -4 -5 5 -7 -8
leaf_value=-0.081964894044353628 0.047853524087697302 -0.081227703005944882 -0.08184567255420877 -0.081636220300442847 -0.081313789608782411 -0.081472497909971048 -0.081080059560491344
leaf_weight=0.98336709663271893 6.8519119620323181 0.55866864789277326 0.63287709467113007 0.60540938936173905 0.77007172815501712 0.78931172005832195 0.99790734518319379
leaf_count=35 24 31 24 26 39 36 62
internal_value=-0.00879029 -0.0815041 -0.0814001 -0.0813243 -0.0812637 -0.0813941 -0.0811331
internal_weight=12.1895 5.33761 4.35425 3.72137 3.11596 1.55938 1.55658
internal_count=277 253 218 194 168 75 93
is_linear=0
shrinkage=0.1


Tree=62
num_leaves=12
num_cat=0
split_feature=1 0 0 5 5 6 0 1 2 5 5
split_gain=2.05605 3.2035 2.58873 1.34677 4.25038 0.446009 0.000926047 5.29715e-05 3.62826e-05 1.87922e-05 1.19538e-05
threshold=-0.98296291314453399 0.91597561503675362 -0.91597561503675329 24.250000000000004 24.550000000000004 66.15000000000002 -1.0000000180025095e-35 0.37940952255126026 -1.0000000180025095e-35 31.150000000000002 24.450000000000003
decision_type=2 2 2 2 2 2 2 2 2 2 2
left_child=-1 2 3 -2 -5 -6 7 9 -8 -4 -9
right_child=1 -3 6 4 5 -7 8 10 -10 -11 -12
leaf_value=0.070433915584897006 -0.051820347328844656 0.049652925340812143 -0.08154851889661402 0.18744023552431552 0.0049293463754771618 -0.086260010246493379 -0.084306103524283804 -0.082711491811786483 -0.085099302393493517 -0.082283376270718911 -0.082242882169460685
leaf_weight=4.0830198079347637 2.1574282944202459 6.2841101735830298 1.2500717379152813 1.3533007875084879 1.1184152923524382 1.0306079555302856 1.1892999485135081 1.1690997686237099 1.1195236667990629 0.48223785310983647 1.0186737570911644
leaf_count=15 12 24 55 6 26 19 23 31 19 15 32
internal_value=0.00631074 -0.00809632 -0.0386214 0.0103321 0.048618 -0.0388024 -0.0831019 -0.0821662 -0.0846907 -0.0817531 -0.0824933
internal_weight=22.2558 18.1728 11.8887 5.65975 3.50232 2.14902 6.22891 3.92008 2.30882 1.73231 2.18777
internal_count=277 262 238 63 51 45 175 133 42 70 63
is_linear=0
shrinkage=0.1


Tree=63
num_leaves=12
num_cat=0
split_feature=5 1 5 5 5 0 5 0 5 0 5
split_gain=8.1985 3.1833 2.79504 2.40524 1.05741 0.975713 0.00224067 0.00267099 0.001959 0.00189397 0.000157862
threshold=28.250000000000004 -0.98296291314453399 24.050000000000004 27.650000000000002 31.450000000000003 0.78656609248549325 24.550000000000004 -0.60355339059327362 28.950000000000003 0.12940952255126059 26.150000000000002
decision_type=2 2 2 2 2 2 2 2 2 2 2
left_child=2 -2 -1 6 5 8 -4 10 -3 -10 -8
right_child=1 4 3 -5 -6 -7 7 -9 9 -11 -12
leaf_value=0.0041740120707089183 -0.031072557375370985 0.092580159063741715 -0.093178619810530036 -0.0062691701611074348 0.013485718329171892 0.026124372965479106 -0.08802566760968332 -0.092258952163546182 0.088115268346107112 0.091247512493349447 -0.089148322202255603
leaf_weight=9.4881145209074038 4.3599359989166286 3.1945975944399851 2.7510825023055068 4.8898590952157965 3.2771368771791449 3.0016522705554953 2.9863976463675481 2.9799647331237793 3.975734680891037 3.7525741010904312 2.1573110073804855
leaf_count=34 15 25 19 18 16 13 29 21 39 29 19
internal_value=-4.04545e-05 0.0452484 -0.0387096 -0.0645196 0.0645927 0.0766206 -0.090712 -0.0898767 0.0904972 0.0896362 -0.0884965
internal_weight=46.8144 21.5616 25.2527 15.7646 17.2017 13.9246 10.8748 8.12367 10.9229 7.72831 5.14371
internal_count=277 137 140 106 122 106 88 69 93 68 48
is_linear=0
shrinkage=0.1


Tree=64
num_leaves=10
num_cat=0
split_feature=6 6 4 5 5 5 5 5 6
split_gain=2.82222 3.13041 1.46899 1.11262 0.793398 0.540156 0.0746559 0.00358641 2.01933e-05
threshold=86.250000000000014 52.900000000000013 1.0000000180025095e-35 24.150000000000002 31.750000000000004 23.650000000000002 31.750000000000004 23.750000000000004 69.950000000000017
decision_type=2 2 2 2 2 2 2 2 2
left_child=1 -1 5 -4 8 -3 7 -7 -5
right_child=-2 2 3 4 -6 6 -8 -9 -10
leaf_value=0.12813384177701581 0.20853742802372899 -0.01280367520251092 0.10810639091993986 -0.080919961849028679 0.079908169414416946 -0.092103673630678798 -0.12680418671609506 -0.08182838170995467 -0.081965503386436336
leaf_weight=1.4285219367593507 0.65664102137088853 1.2827542647719381 1.0191726274788382 0.69676290266215779 0.45113006234169006 0.39518818259239274 0.4580828621983527 2.4184130695648491 0.25136623065918684
leaf_count=16 5 11 11 58 3 4 3 151 15
internal_value=0.00887775 -0.00672737 -0.0343562 0.0286312 -0.0292558 -0.0678029 -0.0893668 -0.0832716 -0.0811972
internal_weight=9.05803 8.40139 6.97287 2.41843 1.39926 4.55444 3.27168 2.8136 0.948129
internal_count=277 272 256 87 76 169 158 155 73
is_linear=0
shrinkage=0.1


Tree=65
num_leaves=11
num_cat=0
split_feature=1 6 2 1 5 5 5 0 2 2
split_gain=6.91314 1.10141 1.43407 1.04175 0.739619 0.00129261 0.000453738 0.000123159 1.58764e-05 1.47407e-05
threshold=-0.37940952255126015 74.350000000000009 1.0000000180025095e-35 -0.12940952255126037 23.950000000000003 28.650000000000002 31.150000000000002 1.0000000180025095e-35 -0.60785761079279388 -1.0000000180025095e-35
decision_type=2 2 2 2 2 2 2 2 2 2
left_child=5 2 3 -2 -3 -1 7 8 -7 -9
right_child=1 4 -4 -5 -6 6 -8 9 -10 -11
leaf_value=-0.08833990066084918 0.02180495478239191 -0.037346605437524556 0.001171434628673402 0.083019274773233898 0.01643130109287691 -0.08393445162984986 -0.085983528181985763 -0.084427253945841649 -0.083407475084263896 -0.084905239537709384
leaf_weight=1.1437938995659331 4.9039565548300752 4.4883130788803083 7.9865013584494582 6.4191559925675437 5.9446022212505341 1.0842002108693121 1.9842207245528696 1.3047908917069437 1.2094463407993319 1.2762974537909029
leaf_count=14 22 21 38 34 35 20 26 22 25 20
internal_value=-0.00272356 0.0194756 0.0336206 0.0565078 -0.00670433 -0.0852277 -0.0847087 -0.0841898 -0.0836566 -0.0846636
internal_weight=37.7453 29.7425 19.3096 11.3231 10.4329 8.00275 6.85896 4.87473 2.29365 2.58109
internal_count=277 150 94 56 56 127 113 87 45 42
is_linear=0
shrinkage=0.1


Tree=66
num_leaves=8
num_cat=0
split_feature=1 5 0 5 1 1 5
split_gain=4.35459 2.12726e-05 1.15576e-05 6.24846e-06 4.65606e-06 7.66182e-07 4.42702e-07
threshold=0.78656609248549303 24.450000000000003 0.91597561503675362 31.150000000000002 -0.5 -0.9159756150367534 26.950000000000003
decision_type=2 2 2 2 2 2 2
left_child=1 -1 3 4 5 -3 -6
right_child=-2 2 -4 -5 6 -7 -8
leaf_value=-0.081796686055324988 0.043481291528692047 -0.081091261131751982 -0.081671328672938442 -0.081492906836389559 -0.081202520652957494 -0.080934865357971827 -0.081315920557852042
leaf_weight=0.90092872455716122 6.721187487244606 0.49199776630848702 0.57445531897246827 0.55067644547671069 0.79406516812741779 0.86215999349951755 0.60773996729403734
leaf_count=35 24 31 24 26 44 62 31
internal_value=-0.00841629 -0.0813589 -0.0812573 -0.0811854 -0.0811239 -0.0809917 -0.0812517
internal_weight=11.5032 4.78202 3.88109 3.30664 2.75596 1.35416 1.40181
internal_count=277 253 218 194 168 93 75
is_linear=0
shrinkage=0.1


Tree=67
num_leaves=8
num_cat=0
split_feature=1 6 1 0 1 6 5
split_gain=1.71854 1.31875 1.54155 2.67487 1.59638 0.000625005 1.06456e-05
threshold=0.37940952255126026 75.350000000000009 -0.98296291314453399 0.91597561503675362 1.0000000180025095e-35 69.15000000000002 24.450000000000003
decision_type=2 2 2 2 2 2 2
left_child=1 2 -1 4 5 -4 -2
right_child=6 -3 3 -5 -6 -7 -8
leaf_value=0.059913448710971498 -0.082482984724701738 0.096128828212324935 -0.08248728999337368 0.040349062867279649 0.012675322940560139 -0.085345321160436555 -0.082019137403334219
leaf_weight=4.1996407806873384 1.0699447933584441 1.8281986713409413 3.9315263722091931 6.0273323059082031 2.7094466686248779 0.95005471073091019 0.92044090852141369
leaf_count=15 31 9 132 23 17 18 32
internal_value=0.00627494 0.0152454 0.00694644 -0.00938757 -0.0488788 -0.0830435 -0.0822685
internal_weight=21.6366 19.6462 17.818 13.6184 7.59103 4.88158 1.99039
internal_count=277 214 205 190 167 150 63
is_linear=0
shrinkage=0.1


Tree=68
num_leaves=12
num_cat=0
split_feature=5 1 5 5 5 0 5 5 5 0 2
split_gain=6.74599 2.60359 2.54724 2.25275 1.51747 0.987691 0.00154838 0.0023366 0.00154202 0.00185696 0.00011166
threshold=28.250000000000004 -0.98296291314453399 24.050000000000004 27.650000000000002 31.550000000000004 0.78656609248549325 28.850000000000005 30.850000000000005 24.550000000000004 -0.60355339059327362 1.0000000180025095e-35
decision_type=2 2 2 2 2 2 2 2 2 2 2
left_child=2 -2 -1 8 5 6 -3 -8 -4 10 -10
right_child=1 4 3 -5 -6 -7 7 -9 9 -11 -12
leaf_value=0.0045047645014366366 -0.025890510280930437 0.091888014512327088 -0.091629282614394528 -0.0060932301207155433 -0.010280153308378269 0.023614391635149463 0.087839130687073413 0.091620683527652347 -0.087079583389004095 -0.090828732544492335 -0.088061853917281011
leaf_weight=9.4533132016658801 4.3544513881206539 2.2201490476727477 2.4871855005621892 4.8279865980148307 2.4788112044334403 2.9157474339008322 5.7924541011452657 2.275994561612606 2.4868387281894675 2.7127514556050309 2.1645735055208206
leaf_count=34 15 19 19 18 12 13 60 18 27 21 21
internal_value=-0.000369653 0.0425185 -0.0359802 -0.062052 0.0615124 0.0749898 0.0895494 0.0889059 -0.0894765 -0.0887494 -0.0875367
internal_weight=44.1703 20.0376 24.1326 14.6793 15.6832 13.2043 10.2886 8.06845 9.85135 7.36416 4.65141
internal_count=277 137 140 106 122 110 97 78 88 69 48
is_linear=0
shrinkage=0.1


Tree=69
num_leaves=7
num_cat=0
split_feature=6 5 5 5 6 5
split_gain=2.06104 2.7772 1.20834 0.000544335 4.86739e-05 4.29696e-05
threshold=86.250000000000014 32.150000000000006 24.050000000000004 31.750000000000004 78.950000000000017 31.450000000000003
decision_type=2 2 2 2 2 2
left_child=1 2 -1 4 5 -4
right_child=-2 -3 3 -5 -6 -7
leaf_value=0.006425569128033725 0.16791727229756317 0.10184448386934464 -0.080750758661872771 -0.085203397896895558 -0.082319870278508192 -0.082040676823775277
leaf_weight=3.1291229315102083 0.74770602583885271 1.855144143104553 2.2067973110824837 0.35404268652200688 0.26796510256826866 0.29247488267719735
leaf_count=32 5 6 209 5 10 10
internal_value=0.00905605 -0.0055983 -0.0374877 -0.0815114 -0.081039 -0.0809017
internal_weight=8.85325 8.10555 6.2504 3.12128 2.76724 2.49927
internal_count=277 272 266 234 229 219
is_linear=0
shrinkage=0.1


Tree=70
num_leaves=11
num_cat=0
split_feature=1 6 0 0 6 5 5 0 2 2
split_gain=5.94085 1.09259 1.92931 1.42585 0.555751 0.00116701 0.0003551 0.000117759 1.31614e-05 9.94263e-06
threshold=-0.37940952255126015 62.150000000000013 -0.60355339059327362 -0.91597561503675329 69.15000000000002 28.650000000000002 31.150000000000002 1.0000000180025095e-35 -1.0000000180025095e-35 -0.60785761079279388
decision_type=2 2 2 2 2 2 2 2 2 2
left_child=5 -2 3 4 -3 -1 7 9 -9 -7
right_child=1 2 -4 -5 -6 6 -8 8 -10 -11
leaf_value=-0.087787200193161607 0.056946019842837342 -0.024955076286568484 -0.045220382612177312 0.057256894716164332 0.020978227351706812 -0.08333527881065643 -0.085342575987467667 -0.083914673876324175 -0.084394402044731504 -0.082885102217038528
leaf_weight=1.0412829555571068 5.6363970860838917 4.8443180024623924 5.2886152118444434 7.3761906847357741 5.7731530293822289 0.93147704377770368 1.7945089489221571 1.1501183845102789 1.1375152356922624 1.0365711003541949
leaf_count=14 26 26 35 38 25 20 26 22 20 25
internal_value=-0.0026725 0.0174412 0.00787744 0.0234837 2.07386e-05 -0.084695 -0.0841628 -0.0836653 -0.0841532 -0.0830982
internal_weight=36.0101 28.9187 23.2823 17.9937 10.6175 7.09147 6.05019 4.25568 2.28763 1.96805
internal_count=277 150 124 89 51 127 113 87 42 45
is_linear=0
shrinkage=0.1


Tree=71
num_leaves=8
num_cat=0
split_feature=1 5 0 5 1 1 2
split_gain=3.79232 1.81205e-05 9.10128e-06 4.83204e-06 4.06358e-06 7.16488e-07 7.15111e-07
threshold=0.78656609248549303 24.450000000000003 0.91597561503675362 31.150000000000002 -0.5 -0.9159756150367534 1.0000000180025095e-35
decision_type=2 2 2 2 2 2 2
left_child=1 -1 3 4 5 -3 -6
right_child=-2 2 -4 -5 6 -7 -8
leaf_value=-0.0816517413283704 0.039597479569333204 -0.080973009436510826 -0.081515405807541019 -0.081346321037473857 -0.081059613507997008 -0.080811254261637114 -0.081210643473877464
leaf_weight=0.82672301866114128 6.5932732969522476 0.4331207918003207 0.52196422033011902 0.49740460701286782 0.68247448466718219 0.74461393244564544 0.57989043276757002
leaf_count=35 24 31 24 26 43 62 32
internal_value=-0.00800547 -0.0812311 -0.0811306 -0.0810623 -0.0810043 -0.0808707 -0.081129
internal_weight=10.8795 4.28619 3.45947 2.9375 2.4401 1.17773 1.26236
internal_count=277 253 218 194 168 93 75
is_linear=0
shrinkage=0.1


Tree=72
num_leaves=10
num_cat=0
split_feature=1 6 0 1 5 5 5 0 5
split_gain=1.54975 1.01738 1.18355 1.18363 0.782306 1.44251 0.00026536 1.17764e-05 9.30773e-06
threshold=0.37940952255126026 75.350000000000009 1.0000000180025095e-35 -1.0000000180025095e-35 30.650000000000002 28.450000000000003 26.550000000000004 -0.91597561503675329 24.450000000000003
decision_type=2 2 2 2 2 2 2 2 2
left_child=1 2 3 6 5 -4 -1 -8 -2
right_child=8 -3 4 -5 -6 -7 7 -9 -10
leaf_value=-0.084103484636854395 -0.082277227796027863 0.084137364061833392 0.039991219253061545 0.013281847524523686 0.063246966008060998 -0.044694737631294945 -0.081877407938756655 -0.081367450386235718 -0.08182246679752804
leaf_weight=0.50587017089129105 0.97930425964295753 1.8998854812234629 5.2703197747468931 2.6951330155134241 3.6037782393395892 3.252802150323987 0.68765736557543911 1.3261394146829781 0.83280813135206699
leaf_count=13 31 9 21 17 25 34 25 70 32
internal_value=0.00634039 0.0146664 0.00705549 -0.0327831 0.0241868 0.00767129 -0.0820559 -0.0815416 -0.0820682
internal_weight=21.0537 19.2416 17.3417 5.2148 12.1269 8.52312 2.51967 2.0138 1.81211
internal_count=277 214 205 125 80 55 108 95 63
is_linear=0
shrinkage=0.1


Tree=73
num_leaves=12
num_cat=0
split_feature=5 5 5 5 0 1 5 5 0 0 2
split_gain=5.51796 2.38992 2.36884 2.10687 0.613221 0.712656 0.00267299 0.00117312 0.00129072 0.000469411 0.000164218
threshold=28.250000000000004 31.150000000000002 24.050000000000004 27.650000000000002 0.78656609248549325 -0.98296291314453399 28.950000000000003 24.550000000000004 -0.60355339059327362 0.12940952255126059 1.0000000180025095e-35
decision_type=2 2 2 2 2 2 2 2 2 2 2
left_child=2 4 -1 7 5 -2 -7 -4 10 -8 -9
right_child=1 -3 3 -5 -6 6 9 8 -10 -11 -12
leaf_value=0.0053422208355506113 0.025885750701769197 -0.017172490130398354 -0.090420912672619855 -0.0061352848824006399 0.02116471360277776 0.09048648218673172 0.085713858426011924 -0.086126024960296005 -0.089603716613703754 0.087570000814227777 -0.087376705503177138
leaf_weight=9.395721763372423 2.4111935496330252 5.2641627714037886 2.2679661586880666 4.7653685063123694 2.8353224024176589 2.599656358361246 2.8820695802569389 2.1976856663823119 2.4687483757734308 2.5840973854064941 2.0100885257124901
leaf_count=34 8 26 19 18 13 25 38 27 21 27 21
internal_value=-0.00071144 0.0398666 -0.0333355 -0.0598424 0.0624218 0.073587 0.0878468 -0.088456 -0.0877885 0.0865913 -0.0867235
internal_weight=41.6821 18.5765 23.1056 13.7099 13.3123 10.477 8.06582 8.94449 6.67652 5.46617 4.20777
internal_count=277 137 140 106 111 98 90 88 69 65 48
is_linear=0
shrinkage=0.1


Tree=74
num_leaves=7
num_cat=0
split_feature=6 5 6 5 6 5
split_gain=1.81855 2.32823 0.556843 0.101326 0.00156572 7.80181e-05
threshold=52.900000000000013 24.050000000000004 56.650000000000013 32.45000000000001 86.250000000000014 31.450000000000003
decision_type=2 2 2 2 2 2
left_child=-1 -2 -3 4 5 -4
right_child=1 2 3 -5 -6 -7
leaf_value=0.11342263505860169 0.045416593347461356 0.00861286190963312 -0.080868123001061637 -0.14280310328433241 -0.088562714629813827 -0.082741450597058772
leaf_weight=1.4023418226279316 3.6218492686748505 0.74336593225598369 1.9452504660002898 0.30796816945075978 0.32065633684396733 0.25100030191242684
leaf_count=16 34 27 188 1 3 8
internal_value=0.00925209 -0.0110651 -0.0683954 -0.0886602 -0.0820352 -0.0810822
internal_weight=8.59243 7.19009 3.56824 2.82488 2.51691 2.19625
internal_count=277 261 227 200 199 196
is_linear=0
shrinkage=0.1


Tree=75
num_leaves=12
num_cat=0
split_feature=1 6 2 0 0 2 5 5 0 5 2
split_gain=5.14816 0.959735 1.63281 1.29388 1.69605 2.07163 0.000994965 0.000339776 0.000104668 1.29651e-05 6.16198e-06
threshold=-0.37940952255126015 62.150000000000013 0.87837969732492682 -0.60355339059327362 -0.91597561503675329 -1.0000000180025095e-35 28.650000000000002 31.150000000000002 1.0000000180025095e-35 30.250000000000004 -0.60785761079279388
decision_type=2 2 2 2 2 2 2 2 2 2 2
left_child=6 -2 3 4 5 -3 -1 8 10 -10 -8
right_child=1 2 -4 -5 -6 -7 7 -9 9 -11 -12
leaf_value=-0.087258455973191387 0.052621696443704694 0.026377661747822537 0.066880762813733868 -0.054094728008924009 0.047569643321536959 -0.07422209828025042 -0.082830174036922902 -0.084929326134306399 -0.083962116282906174 -0.083454757096457097 -0.082447491810056686
leaf_weight=0.94698569551110168 5.6091809198260334 4.3131206333637282 3.7236956320703021 4.256022483110427 6.3138960674405089 3.8960734829306611 0.79940483719110478 1.6658445186913011 0.95915338024497065 1.0606173910200594 0.88836053758859668
leaf_count=14 26 22 21 30 33 18 20 26 19 23 25
internal_value=-0.00272101 0.0156134 0.00638855 -0.0056064 0.0086032 -0.0213669 -0.0842697 -0.083743 -0.08321 -0.0836957 -0.0826287
internal_weight=34.4324 28.112 22.5028 18.7791 14.5231 8.20919 6.32037 5.37338 3.70754 2.01977 1.68777
internal_count=277 150 124 103 73 40 127 113 87 42 45
is_linear=0
shrinkage=0.1


Tree=76
num_leaves=8
num_cat=0
split_feature=1 5 0 5 1 2 1
split_gain=3.22469 1.27384e-05 6.86e-06 4.64855e-06 3.66557e-06 6.4051e-07 6.08122e-07
threshold=0.78656609248549303 24.450000000000003 0.91597561503675362 31.150000000000002 -0.5 1.0000000180025095e-35 -0.9159756150367534
decision_type=2 2 2 2 2 2 2
left_child=1 -1 3 4 6 -6 -3
right_child=-2 2 -4 -5 5 -7 -8
leaf_value=-0.081486890845847204 0.034643102627263798 -0.080865049467439928 -0.081376462050549742 -0.081251778706477942 -0.080956024618630495 -0.081106087398071847 -0.080705445772343065
leaf_weight=0.74718995112925801 6.413651242852211 0.37986691854894261 0.47561276517808426 0.461883159354329 0.6162696201354263 0.52823441661894321 0.64252769760787498
leaf_count=35 24 31 24 26 43 32 62
internal_value=-0.00879056 -0.0811162 -0.081027 -0.0809638 -0.0809024 -0.0810253 -0.0807647
internal_weight=10.2652 3.85158 3.10439 2.62878 2.1669 1.1445 1.02239
internal_count=277 253 218 194 168 75 93
is_linear=0
shrinkage=0.1


Tree=77
num_leaves=10
num_cat=0
split_feature=5 5 0 3 6 2 6 5 5
split_gain=1.43303 2.81515 2.02504 1.21796 1.19026 0.558851 0.330334 0.00135287 3.72991e-05
threshold=24.250000000000004 24.450000000000003 1.0000000180025095e-35 -0.56174490092936669 61.350000000000001 0.6078576107927941 74.350000000000009 25.050000000000004 26.800000000000001
decision_type=2 2 2 2 2 2 2 2 2
left_child=6 -2 5 -4 -5 7 -1 -3 -9
right_child=1 2 3 4 -6 -7 -8 8 -10
leaf_value=-0.094233265568911956 0.1478926774079122 -0.086699463313904879 0.080839264600894231 0.036533704233825084 -0.036060110784748557 -0.00069848407255666269 -0.026444556013246252 -0.082324269031401165 -0.081379130579297188
leaf_weight=1.3902930747717648 1.5013074502348924 0.72878651879728185 2.93772879987955 5.5586681272834522 3.8044434878975153 1.1843054573982952 1.4884551987051962 0.5965670384466647 1.3914599949494002
leaf_count=13 8 15 15 37 29 36 27 23 74
internal_value=0.0062517 0.0168921 0.00475335 0.0246629 0.0070372 -0.0580245 -0.0591832 -0.0830138 -0.0816627
internal_weight=20.582 17.7033 16.202 12.3008 9.36311 3.90112 2.87875 2.71681 1.98803
internal_count=277 237 229 81 66 148 40 112 97
is_linear=0
shrinkage=0.1


Tree=78
num_leaves=12
num_cat=0
split_feature=1 5 5 5 1 5 0 5 0 2 2
split_gain=4.53733 2.63192 1.83414 2.65635 0.76194 0.0050276 0.00128881 0.000777642 0.000901961 0.000128931 3.54558e-05
threshold=-0.37940952255126015 31.150000000000002 24.050000000000004 27.650000000000002 -0.98296291314453399 28.650000000000002 0.12940952255126059 24.550000000000004 -0.60355339059327362 1.0000000180025095e-35 -0.60785761079279388
decision_type=2 2 2 2 2 2 2 2 2 2 2
left_child=1 4 -2 7 -1 -6 10 -4 9 -9 -7
right_child=2 -3 3 -5 5 6 -8 8 -10 -11 -12
leaf_value=0.022863459335712939 0.007580067026486819 -0.015795933828827852 -0.089232251699430998 -0.0035240855663024109 0.092707900765904197 0.085160033150160089 0.087702792882734595 -0.085498428734894161 -0.088573982662329784 -0.086658969649076392 0.084462368161895868
leaf_weight=2.3874292075633994 9.3190650790929812 5.1507283151149741 2.0664205066859704 6.980546072125434 1.5360928438603867 1.379503734409808 3.1700448989868164 1.999042090028522 2.2559728473424938 1.8369086831808088 1.5434495396912109
leaf_count=8 34 26 19 28 14 20 34 27 21 21 25
internal_value=-0.000675739 0.0422948 -0.0273233 -0.0488088 0.0721664 0.0875952 0.0863062 -0.0875559 -0.0869873 -0.0860542 0.0847916
internal_weight=39.6252 15.1672 24.458 15.1389 10.0165 7.62909 6.093 8.15834 6.09192 3.83595 2.92295
internal_count=277 127 150 116 101 93 79 88 69 48 45
is_linear=0
shrinkage=0.1


Tree=79
num_leaves=9
num_cat=0
split_feature=6 5 6 4 6 5 5 5
split_gain=1.65462 2.13736 1.10839 1.37774 0.564037 0.00103609 0.000482765 4.86151e-05
threshold=86.250000000000014 32.150000000000006 71.450000000000017 1.0000000180025095e-35 81.40000000000002 23.850000000000005 31.750000000000004 24.900000000000002
decision_type=2 2 2 2 2 2 2 2
left_child=1 2 5 4 -4 -1 7 -7
right_child=-2 -3 3 -5 -6 6 -8 -9
leaf_value=-0.086882726928609821 0.14662200691643137 0.090469751969757692 0.011241958136949724 0.097356117508725096 -0.092213824719271781 -0.082389853191187939 -0.085055196118460019 -0.080781287178210967
leaf_weight=0.45318114757537875 0.79936423897743214 1.8026608526706693 1.0310371457599106 1.0775138023309412 1.0779463984072206 0.21290602255612645 0.34430447220802296 1.598775854334235
leaf_count=5 5 6 38 21 11 11 5 175
internal_value=0.00976835 -0.00462902 -0.0342082 0.00536384 -0.0416365 -0.0825363 -0.0816227 -0.0809703
internal_weight=8.39769 7.59833 5.79566 3.1865 2.10898 2.60917 2.15599 1.81168
internal_count=277 272 266 70 49 196 191 186
is_linear=0
shrinkage=0.1


Tree=80
num_leaves=12
num_cat=0
split_feature=5 6 0 5 0 3 1 5 0 2 5
split_gain=4.44882 1.48765 2.83747 0.585709 0.577721 0.187824 0.00388053 0.000362046 8.87169e-05 6.18659e-06 4.24394e-06
threshold=28.250000000000004 67.550000000000011 -0.60355339059327362 24.350000000000005 0.91597561503675362 -0.22252093395631442 -0.37940952255126015 31.150000000000002 -1.0000000180025095e-35 -1.0000000180025095e-35 29.750000000000004
decision_type=2 2 2 2 2 2 2 2 2 2 2
left_child=1 5 3 -3 6 -1 7 8 10 -10 -2
right_child=4 2 -4 -5 -6 -7 -8 -9 9 -11 -12
leaf_value=0.036787024438552959 -0.082045401219363823 0.0071359548129167928 -0.071264989045970381 0.050343371051985275 -0.0053532998537041019 0.067460409214311429 -0.089995947817127608 -0.084576627897226142 -0.083042385300171939 -0.08340923355378535 -0.082365662286758581
leaf_weight=3.9262680485844612 0.81119422800838903 8.7582774758338946 4.2136578634381285 4.8885180205106726 1.088304206728935 4.0612451881170299 1.0459576770663259 1.5483171790838239 0.96388072706758976 0.87885838001966432 0.84456401690840721
leaf_count=21 27 30 33 36 6 20 9 26 24 20 25
internal_value=-0.00283536 0.0165091 0.000465658 0.0226136 -0.0724648 0.0523829 -0.0844524 -0.0833035 -0.08274 -0.0832173 -0.0822088
internal_weight=33.029 25.848 17.8605 13.6468 7.18108 7.98751 6.09277 5.04681 3.4985 1.84274 1.65576
internal_count=277 140 99 66 137 41 131 122 96 44 52
is_linear=0
shrinkage=0.1


Tree=81
num_leaves=8
num_cat=0
split_feature=1 5 0 5 1 1 2
split_gain=2.79753 9.40451e-06 5.29446e-06 4.62824e-06 3.2691e-06 5.72028e-07 4.80477e-07
threshold=0.78656609248549303 24.450000000000003 0.91597561503675362 31.150000000000002 -0.5 -0.9159756150367534 1.0000000180025095e-35
decision_type=2 2 2 2 2 2 2
left_child=1 -1 3 4 5 -3 -6
right_child=-2 2 -4 -5 6 -7 -8
leaf_value=-0.081347772050980413 0.03096880649758655 -0.080768904667356159 -0.081253237045651336 -0.081170058414641408 -0.080864290488128709 -0.080602747816440723 -0.08100087887803549
leaf_weight=0.67907263152301345 6.2741925865411758 0.33263840060681171 0.43478010036051262 0.42951173894107331 0.55791868362575747 0.54942337842658173 0.47835084237158298
leaf_count=35 24 31 24 26 43 62 32
internal_value=-0.00884788 -0.0810141 -0.0809327 -0.0808733 -0.0808069 -0.0806654 -0.0809273
internal_weight=9.73589 3.4617 2.78262 2.34784 1.91833 0.882062 1.03627
internal_count=277 253 218 194 168 93 75
is_linear=0
shrinkage=0.1


Tree=82
num_leaves=10
num_cat=0
split_feature=1 5 5 0 6 6 5 5 5
split_gain=1.2891 0.847647 2.46616 1.27964 0.977967 1.55486 0.722058 0.000268496 8.73179e-06
threshold=0.37940952255126026 24.250000000000004 24.450000000000003 1.0000000180025095e-35 67.550000000000011 61.250000000000007 25.450000000000003 26.800000000000001 24.450000000000003
decision_type=2 2 2 2 2 2 2 2 2
left_child=1 -1 -3 6 5 -5 -4 -8 -2
right_child=8 2 3 4 -6 -7 7 -9 -10
leaf_value=-0.047746614927337588 -0.081991690068084766 0.14507788487130552 0.02704487280944548 0.03654582198431916 0.073339538947288077 -0.050152613460819596 -0.083964520443859089 -0.081299730816018864 -0.081512156818064008
leaf_weight=2.0136489644646707 0.85014914348721393 1.4600062668323541 0.85799587145447676 6.1246644221246225 2.9559209980070582 3.1235051983967423 0.49602251872420344 1.5904964217916129 0.68622784875333309
leaf_count=12 31 5 8 40 15 26 15 93 32
internal_value=0.00626246 0.0135259 0.0209547 0.00899185 0.023268 0.00726403 -0.0501783 -0.0819332 -0.0817775
internal_weight=20.1586 18.6223 16.6086 15.1486 12.2041 9.24817 2.94451 2.08652 1.53638
internal_count=277 214 202 197 81 66 116 108 63
is_linear=0
shrinkage=0.1


Tree=83
num_leaves=11
num_cat=0
split_feature=5 5 5 5 0 6 5 5 0 2
split_gain=3.70107 2.21033 1.81576 1.76371 0.612892 0.62839 0.00365703 0.000529945 0.000656577 8.51823e-05
threshold=28.250000000000004 24.050000000000004 31.150000000000002 27.650000000000002 -1.0000000180025095e-35 59.850000000000001 28.950000000000003 24.550000000000004 -0.60355339059327362 1.0000000180025095e-35
decision_type=2 2 2 2 2 2 2 2 2 2
left_child=1 -1 4 7 6 -6 -2 -3 9 -9
right_child=2 3 -4 -5 5 -7 -8 8 -10 -11
leaf_value=0.0083480107544725464 0.089992908764638696 -0.088209007800099826 -0.015440265357317039 -0.0078295078109103002 0.007526003820510792 0.066624337886147994 0.084115282429564286 -0.084951946925592825 -0.087675560531695632 -0.085942121886273523
leaf_weight=9.2910546362400073 2.0809817947447309 1.8703722171485404 4.9959511905908576 4.5797960013151169 3.3675437048077592 3.863227654248476 2.1546220406889915 1.8192894048988817 2.0644567534327511 1.6629740968346594
leaf_count=34 23 19 26 18 22 28 38 27 21 21
internal_value=-0.000732523 -0.0282673 0.0348736 -0.0566243 0.0567956 0.0391008 0.087003 -0.0867534 -0.0862625 -0.0854248
internal_weight=37.7503 21.2879 16.4623 11.9969 11.4664 7.23077 4.2356 7.41709 5.54672 3.48226
internal_count=277 140 137 106 111 50 61 88 69 48
is_linear=0
shrinkage=0.1


Tree=84
num_leaves=8
num_cat=0
split_feature=6 5 2 9 5 6 5
split_gain=1.34577 2.08961 0.528206 0.577444 0.0813366 0.00155436 0.000203993
threshold=52.900000000000013 24.050000000000004 -0.8783796973249266 1.0000000180025095e-35 32.45000000000001 86.250000000000014 31.550000000000004
decision_type=2 2 2 2 2 2 2
left_child=-1 -2 3 -3 5 6 -4
right_child=1 2 4 -5 -6 -7 -8
leaf_value=0.1013183291970353 0.043498312933070549 -0.08144951302144407 -0.080823823456430771 0.099837637771521548 -0.13760886782943171 -0.088768522494392946 -0.083766471568961332
leaf_weight=1.3461120524443684 3.6517326906323433 0.35192008176818523 1.5645903148688383 0.35088742664083838 0.30422613024711598 0.3249390348792075 0.27733976393938053
leaf_count=16 34 36 173 8 1 3 6
internal_value=0.00993687 -0.00808485 -0.0674338 0.00906088 -0.0891898 -0.0823918 -0.0812669
internal_weight=8.17175 6.82564 3.1739 0.702808 2.4711 2.16687 1.84193
internal_count=277 261 227 44 183 182 179
is_linear=0
shrinkage=0.1


Tree=85
num_leaves=12
num_cat=0
split_feature=1 6 2 5 0 0 5 5 0 2 2
split_gain=3.91283 0.784387 1.44408 0.919925 0.824298 1.48756 0.000733183 0.000324414 6.35415e-05 3.97828e-06 2.35522e-06
threshold=-0.37940952255126015 62.150000000000013 0.87837969732492682 23.650000000000002 -0.91597561503675329 -0.60355339059327362 28.650000000000002 31.150000000000002 1.0000000180025095e-35 -1.0000000180025095e-35 -0.60785761079279388
decision_type=2 2 2 2 2 2 2 2 2 2 2
left_child=6 -2 3 -3 -5 -6 -1 8 10 -10 -8
right_child=1 2 -4 4 5 -7 7 -9 9 -11 -12
leaf_value=-0.086390425954925867 0.046275734199473333 0.034156363622796067 0.063427816589890024 -0.050048915183795943 0.039913105174887532 -0.046549083910549086 -0.082041410073943791 -0.084275867913430433 -0.082695641156624589 -0.083013665973637393 -0.081765194534465971
leaf_weight=0.78138868510723369 5.4795477390289333 4.0307510979473653 3.4002326019108287 5.5093116164207556 4.3322630375623783 3.6802270188927446 0.58704748749732938 1.4446231387555597 0.79096267372369766 0.78246076405048348 0.65105579793453272
leaf_count=14 26 15 21 32 28 28 20 26 22 20 25
internal_value=-0.00280358 0.01259 0.00378054 -0.00777416 -0.0202733 0.000200047 -0.0835748 -0.0830579 -0.0824321 -0.0828538 -0.0818962
internal_weight=31.4699 26.4323 20.9528 17.5526 13.5218 8.01249 5.03754 4.25615 2.81153 1.57342 1.2381
internal_count=277 150 124 103 88 56 127 113 87 42 45
is_linear=0
shrinkage=0.1


Tree=86
num_leaves=8
num_cat=0
split_feature=1 5 0 5 5 0 2
split_gain=2.37272 7.07071e-06 4.0333e-06 4.7479e-06 2.47225e-06 5.37427e-07 3.41587e-07
threshold=0.78656609248549303 24.450000000000003 0.91597561503675362 31.150000000000002 28.250000000000004 -1.0000000180025095e-35 1.0000000180025095e-35
decision_type=2 2 2 2 2 2 2
left_child=1 -1 3 4 6 -6 -3
right_child=-2 2 -4 -5 5 -7 -8
leaf_value=-0.08122351139726669 0.026451878083956722 -0.080784545471648039 -0.081138949951756301 -0.081099803388099884 -0.080530979770640443 -0.080685616054909828 -0.080916107893777608
leaf_weight=0.61795646604150567 6.0916266590356827 0.42256352305412359 0.39445896819233883 0.4010334969498216 0.47643260052427727 0.42544383602216762 0.37028354872018099
leaf_count=35 24 36 24 26 61 44 27
internal_value=-0.0098242 -0.0809207 -0.0808456 -0.0807904 -0.0807172 -0.0806039 -0.080846
internal_weight=9.1998 3.10817 2.49022 2.09576 1.69472 0.901876 0.792847
internal_count=277 253 218 194 168 105 63
is_linear=0
shrinkage=0.1


Tree=87
num_leaves=10
num_cat=0
split_feature=1 6 6 5 1 3 2 2 5
split_gain=1.16178 0.801641 2.01152 1.16609 1.08233 1.76504 1.09168 0.621875 6.70912e-06
threshold=0.37940952255126026 56.650000000000013 59.550000000000004 30.950000000000003 -0.37940952255126015 -0.22252093395631442 -0.60785761079279388 0.6078576107927941 24.450000000000003
decision_type=2 2 2 2 2 2 2 2 2
left_child=1 3 -3 -1 6 -6 -4 -7 -2
right_child=8 2 4 -5 5 7 -8 -9 -10
leaf_value=-0.10457639522233536 -0.081808333800417882 0.11642323873555072 0.017876228429923823 0.027217665100399819 0.070945928198835773 -0.047755068499093362 -0.10258944059728858 0.016719797517082642 -0.081366648298828143
leaf_weight=1.3150538997724717 0.77486503683030494 1.9649812076240767 1.4484625468030574 1.3714831452816723 4.4703316753730187 2.6887210365384755 1.5651117833331252 3.3722318187355995 0.61834183894097805
leaf_count=24 31 28 26 19 32 22 39 24 32
internal_value=0.00639807 0.0131366 0.0218721 -0.0372952 0.00815541 0.0232768 -0.0446881 -0.0118821 -0.0816123
internal_weight=19.5896 18.1964 15.5098 2.68654 13.5449 10.5313 3.01357 6.06095 1.39321
internal_count=277 214 171 43 143 78 65 46 63
is_linear=0
shrinkage=0.1


Tree=88
num_leaves=12
num_cat=0
split_feature=1 1 5 0 5 5 5 5 0 5 2
split_gain=3.05645 2.20569 1.81213 1.57618 2.47644 3.09139 0.00237968 0.00255614 0.000711805 0.000579938 5.11895e-05
threshold=-0.37940952255126015 -0.98296291314453399 31.750000000000004 0.91597561503675362 27.650000000000002 24.050000000000004 28.750000000000004 31.050000000000004 -1.0000000180025095e-35 24.550000000000004 1.0000000180025095e-35
decision_type=2 2 2 2 2 2 2 2 2 2 2
left_child=1 -1 6 4 5 -2 -3 8 -8 -7 -11
right_child=3 2 -4 -5 -6 9 7 -9 -10 10 -12
leaf_value=-0.022620990749820491 0.0084628764684390491 0.09060249219553039 -0.025215344850995421 -0.074897634305023525 0.069743001254767595 -0.087315163098509688 0.083472304906040184 0.089386860759279763 0.086063851411379663 -0.084739005035797635 -0.08546574994776221
leaf_weight=4.2023117095232001 9.2818832099437767 1.4352435320615748 1.7922197282314298 4.6510533168911925 3.2292403206229201 1.6928618401288975 2.1339570768177492 1.6615537106990812 2.1056167073547858 1.9688787460327151 1.908883314579725
leaf_count=15 34 16 9 24 16 19 44 15 28 31 26
internal_value=-0.000685798 0.0373305 0.064929 -0.0229792 -0.00962458 -0.0268807 0.0869506 0.0860623 0.0847594 -0.0857709 -0.0850968
internal_weight=36.0637 13.3309 9.12859 22.7328 18.0817 14.8525 7.33637 5.90113 4.23957 5.57062 3.87776
internal_count=277 127 112 150 126 110 103 87 72 76 57
is_linear=0
shrinkage=0.1


Tree=89
num_leaves=9
num_cat=0
split_feature=6 5 6 2 1 5 5 5
split_gain=1.39108 1.63363 1.00854 1.20557 0.423759 0.000814674 0.000386579 4.83884e-05
threshold=86.250000000000014 32.150000000000006 71.450000000000017 1.0000000180025095e-35 0.60355339059327384 23.850000000000005 31.750000000000004 24.900000000000002
decision_type=2 2 2 2 2 2 2 2
left_child=1 2 5 4 -4 -1 7 -7
right_child=-2 -3 3 -5 -6 6 -8 -9
leaf_value=-0.086420208920668221 0.13182406546141415 0.08055914041491595 0.001670835159723584 -0.088249011973101102 0.088935345115302822 -0.082381530231340414 -0.084727123390663447 -0.080682582599233832
leaf_weight=0.42678438127040896 0.83593298494815815 1.7173147797584531 1.1108871111646301 0.96897799521684636 1.1150083472020922 0.19209452951326955 0.31964829564094532 1.3169304383918641
leaf_count=5 5 6 23 25 22 11 5 175
internal_value=0.00974637 -0.00449105 -0.031289 0.00485415 0.0453839 -0.0824862 -0.081568 -0.0808989
internal_weight=8.00358 7.16765 5.45033 3.19487 2.2259 2.25546 1.82867 1.50902
internal_count=277 272 266 70 45 196 191 186
is_linear=0
shrinkage=0.1


Tree=90
num_leaves=11
num_cat=0
split_feature=1 6 2 1 6 5 5 0 5 2
split_gain=3.36263 0.77791 1.27719 0.742031 0.652161 0.00038369 0.000232678 4.71339e-05 1.74239e-06 1.34438e-06
threshold=-0.37940952255126015 74.350000000000009 1.0000000180025095e-35 -0.12940952255126037 78.950000000000017 28.750000000000004 31.150000000000002 1.0000000180025095e-35 30.500000000000004 -0.60785761079279388
decision_type=2 2 2 2 2 2 2 2 2 2
left_child=5 2 3 -2 -3 -1 7 9 -9 -7
right_child=1 4 -4 -5 -6 6 -8 8 -10 -11
leaf_value=-0.085196837431525757 0.018204909304688599 -0.041065237839663683 -0.0089727514275965061 0.072750496562792963 0.012849195691874184 -0.08173455655608311 -0.083790396632635863 -0.082405173645876906 -0.082633821355879045 -0.081506968573705013
leaf_weight=0.74632705189287918 4.7548050507903152 4.2255555838346464 6.9594247862696639 5.2454119548201561 4.7833730950951576 0.50236802175641071 1.2898930348455904 0.69366139359772183 0.64150135777890682 0.53698875568807181
leaf_count=16 22 27 38 34 29 20 26 22 19 24
internal_value=-0.0024031 0.0113083 0.0239228 0.0468157 -0.0124389 -0.0831302 -0.0827092 -0.0821219 -0.082515 -0.081617
internal_weight=30.3793 25.9686 16.9596 10.0002 9.00893 4.41074 3.66441 2.37452 1.33516 1.03936
internal_count=277 150 94 56 56 127 111 85 41 44
is_linear=0
shrinkage=0.1


Tree=91
num_leaves=7
num_cat=0
split_feature=5 1 5 0 5 5
split_gain=2.17593 3.71656 6.52233e-06 3.34961e-06 3.25058e-06 2.06533e-06
threshold=23.750000000000004 0.78656609248549303 24.450000000000003 0.91597561503675362 31.150000000000002 28.250000000000004
decision_type=2 2 2 2 2 2
left_child=-1 2 -2 4 5 -4
right_child=1 -3 3 -5 -6 -7
leaf_value=-0.10878859144245584 -0.081246360148460539 0.070660919608556069 -0.080768693011342041 -0.081042549806361136 -0.08098198262606765 -0.08053409970704202
leaf_weight=1.7659213906154034 0.32268988806754384 4.4432408958673477 0.72085767751559637 0.36439591925591219 0.35764068318530906 0.78282875474542379
leaf_count=22 18 19 63 24 26 105
internal_value=-0.00960622 0.0154448 -0.0808262 -0.0807653 -0.080711 -0.0806466
internal_weight=8.75758 6.99165 2.54841 2.22572 1.86133 1.50369
internal_count=277 255 236 218 194 168
is_linear=0
shrinkage=0.1


Tree=92
num_leaves=10
num_cat=0
split_feature=5 5 0 6 5 2 2 5 5
split_gain=1.01459 1.61124 1.37017 0.702652 1.10183 0.636827 0.406842 0.00179808 3.06052e-05
threshold=24.250000000000004 24.450000000000003 1.0000000180025095e-35 67.550000000000011 30.650000000000002 0.6078576107927941 -1.0000000180025095e-35 25.050000000000004 26.800000000000001
decision_type=2 2 2 2 2 2 2 2 2
left_child=-1 -2 5 4 6 7 -4 -3 -9
right_child=1 2 3 -5 -6 -7 -8 8 -10
leaf_value=-0.053413796032316697 0.10918725725552925 -0.087609636368642746 -0.047718302058470739 0.063985205541259277 0.04970187875286642 0.011832830198153234 0.0068199706930247295 -0.082084724524617333 -0.081128084738756545
leaf_weight=2.5334918461740044 1.6225404385477329 0.67807099223136891 2.856551998294889 2.7890922985970965 3.5840636603534222 1.0292881438508628 2.6244792081415644 0.48993065860122431 1.0536300744861362
leaf_count=40 8 15 21 15 25 36 20 23 74
internal_value=0.00556046 0.0144924 0.00432062 0.0200928 0.00658832 -0.0531914 -0.0216038 -0.0833173 -0.0814317
internal_weight=19.2611 16.7276 15.1051 11.8542 9.06509 3.25092 5.48103 2.22163 1.54356
internal_count=277 237 229 81 66 148 41 112 97
is_linear=0
shrinkage=0.1


Tree=93
num_leaves=12
num_cat=0
split_feature=0 1 5 5 1 5 6 2 2 5 2
split_gain=2.49691 3.48612 2.80496 2.51258 1.61427 0.276699 0.21276 0.02857 0.0159269 0.000433998 1.65243e-05
threshold=0.91597561503675362 -0.12940952255126037 30.650000000000002 24.050000000000004 -0.98296291314453399 26.950000000000003 68.600000000000009 -0.8783796973249266 0.6078576107927941 24.550000000000004 1.0000000180025095e-35
decision_type=2 2 2 2 2 2 2 2 2 2 2
left_child=1 2 6 -3 -4 9 7 -1 -9 -5 -11
right_child=-2 3 4 5 -6 -7 -8 8 -10 10 -12
leaf_value=0.10515316602500141 -0.070189422198374346 0.0097141821563182344 -0.061388341986148044 -0.08661689152162215 0.038649999772566071 -0.037352107725876819 0.054980480070777327 0.085758825683991929 0.098862432827074603 -0.084314152360275493 -0.084783309214248426
leaf_weight=1.928710814565419 4.5106928497552863 9.2326851338148099 2.7326756864786148 1.5524285361170758 3.9368512444198132 1.6389199048280714 1.6925723180174825 2.6333021819591549 1.4319920241832731 1.4436834715306761 1.564076345413923
leaf_count=21 24 34 10 19 38 12 11 44 15 25 24
internal_value=-0.000852998 0.00964641 0.0451148 -0.0233496 -0.00233827 -0.0725934 0.0862891 0.0951299 0.0903745 -0.085259 -0.0845581
internal_weight=34.2986 29.7879 14.3561 15.4318 6.66953 6.19911 7.68658 5.99401 4.06529 4.56019 3.00776
internal_count=277 253 139 114 48 80 91 80 59 68 49
is_linear=0
shrinkage=0.1


Tree=94
num_leaves=10
num_cat=0
split_feature=6 6 2 5 5 5 6 5 5
split_gain=1.11105 1.40472 1.20445 0.642416 1.25811 0.810679 0.528545 0.058396 0.00122698
threshold=86.250000000000014 52.900000000000013 -0.60785761079279388 23.100000000000005 24.150000000000002 32.150000000000006 79.950000000000017 32.45000000000001 23.650000000000002
decision_type=2 2 2 2 2 2 2 2 2
left_child=1 -1 3 -3 -5 -6 7 8 -4
right_child=-2 2 6 4 5 -7 -8 -9 -10
leaf_value=0.091500590399482454 0.115632195112177 -0.090448579141148594 -0.086738800085334911 0.14728979037265008 -0.0815609952189459 0.12133003064557349 -0.0067047323083617777 -0.13054611104295014 -0.081357077862435456
leaf_weight=1.2719812644645569 0.88572961837053288 0.3456261828541759 0.60928152501583177 0.84220525622367837 0.65962825831957161 0.28075605630874634 1.1762320604175327 0.2965923249721526 1.3903613588772712
leaf_count=16 5 3 7 8 75 1 13 1 148
internal_value=0.0102196 -0.0033657 -0.024911 0.034325 0.0585174 -0.0209869 -0.0612157 -0.0891385 -0.0829969
internal_weight=7.75839 6.87266 5.60068 2.12822 1.78259 0.940384 3.47247 2.29624 1.99964
internal_count=277 272 256 87 84 76 169 156 155
is_linear=0
shrinkage=0.1


Tree=95
num_leaves=13
num_cat=0
split_feature=5 1 5 0 0 8 6 5 5 0 5 2
split_gain=3.16246 2.31731 1.16856 0.745176 0.940866 1.08498 0.00979749 0.00022312 0.000184583 3.35458e-05 2.09235e-06 7.84691e-07
threshold=23.100000000000005 -0.37940952255126015 24.450000000000003 -0.98296291314453399 -0.91597561503675329 1.0000000180025095e-35 76.300000000000026 28.750000000000004 31.150000000000002 1.0000000180025095e-35 30.500000000000004 -0.60785761079279388
decision_type=2 2 2 2 2 2 2 2 2 2 2 2
left_child=-1 7 6 -4 -5 -6 -3 -2 9 11 -11 -9
right_child=1 2 3 4 5 -7 -8 8 -10 10 -12 -13
leaf_value=0.12196722430246221 -0.084447955347839262 -0.031566853272017317 0.062589666796754651 -0.03947676390671704 -0.0067291989411714902 0.065206147570473633 -0.024866919434512105 -0.081477723519376793 -0.083417852366162892 -0.082064020385575184 -0.082331985662618401 -0.081289940826205873
leaf_weight=1.9129464924335504 0.64607841894030871 4.3791242018342036 2.9808476418256822 3.2183329612016722 4.9188509546220356 3.6544223800301356 4.3513594977557659 0.42959621362388201 1.1644993163645265 0.59451068006455876 0.57151245512068272 0.46167659386992466
leaf_count=8 16 17 25 21 27 29 23 20 26 22 19 24
internal_value=-0.00233868 -0.0110264 0.000777422 0.0179193 0.00662688 0.0239338 -0.0282275 -0.0827519 -0.0824118 -0.0818423 -0.0821954 -0.0813805
internal_weight=29.2838 27.3708 23.5029 14.7725 11.7916 8.57327 8.73048 3.86787 3.2218 2.0573 1.16602 0.891273
internal_count=277 269 142 102 77 56 40 127 111 85 41 44
is_linear=0
shrinkage=0.1


Tree=96
num_leaves=8
num_cat=0
split_feature=1 5 0 5 5 0 2
split_gain=1.84608 4.26199e-06 2.94299e-06 2.51934e-06 1.80778e-06 3.97516e-07 2.63078e-07
threshold=0.78656609248549303 24.450000000000003 0.91597561503675362 31.150000000000002 28.250000000000004 -1.0000000180025095e-35 1.0000000180025095e-35
decision_type=2 2 2 2 2 2 2
left_child=1 -1 3 4 6 -6 -3
right_child=-2 2 -4 -5 5 -7 -8
leaf_value=-0.081019271387976766 0.022046263950490145 -0.080637820826897078 -0.080964045938133944 -0.0808908601097168 -0.080390695328081199 -0.080544092887837093 -0.080764862190174966
leaf_weight=0.50963027216494117 5.7922476977109909 0.34423751756548859 0.33800589479506005 0.32271050848066796 0.34968639304861415 0.32682308787480008 0.30960763897746801
leaf_count=35 24 36 24 26 61 44 27
internal_value=-0.00895487 -0.0807612 -0.0806952 -0.0806402 -0.0805794 -0.0804648 -0.080698
internal_weight=8.29295 2.5007 1.99107 1.65307 1.33035 0.676509 0.653845
internal_count=277 253 218 194 168 105 63
is_linear=0
shrinkage=0.1


Tree=97
num_leaves=11
num_cat=0
split_feature=5 5 0 3 6 3 5 1 2 1
split_gain=0.866664 1.29977 1.1195 0.777047 1.01492 0.686924 1.93249 0.00135369 7.21387e-06 3.15535e-06
threshold=24.250000000000004 24.450000000000003 1.0000000180025095e-35 -0.56174490092936669 61.350000000000001 1.0000000180025095e-35 25.350000000000005 -1.0000000180025095e-35 1.0000000180025095e-35 -0.37940952255126015
decision_type=2 2 2 2 2 2 2 2 2 2
left_child=-1 -2 5 -4 -5 7 -7 8 -3 -8
right_child=1 2 3 4 -6 6 9 -9 -10 -11
leaf_value=-0.051030064440964334 0.097289042654358282 -0.080948481130388147 0.063825909346647156 0.030109550481837263 -0.039024813269304577 0.21643477752808626 -0.080811573131862519 -0.086402097178023593 -0.081499290649411985 -0.081255702628548546
leaf_weight=2.4227988403290537 1.6474024690687681 0.47096255235374274 2.7760387212038031 5.4674180671572667 3.4718853589147329 0.32708745449781407 0.27576062735170126 1.0782476561143961 0.4802254824899137 0.38095379061996937
leaf_count=40 8 39 15 37 29 7 26 28 27 21
internal_value=0.00479195 0.0130507 0.00362861 0.0176107 0.00325885 -0.0507331 0.0178428 -0.0839763 -0.0812266 -0.0810692
internal_weight=18.7988 16.376 14.7286 11.7153 8.9393 3.01324 0.983802 2.02944 0.951188 0.656714
internal_count=277 237 229 81 66 148 54 94 66 47
is_linear=0
shrinkage=0.1


Tree=98
num_leaves=12
num_cat=0
split_feature=0 1 5 5 1 5 6 2 2 5 2
split_gain=2.14662 2.95214 2.4677 2.2401 1.31694 0.310597 0.215237 0.0214711 0.0124518 0.000325455 2.12383e-05
threshold=0.91597561503675362 -0.12940952255126037 30.650000000000002 24.050000000000004 -0.98296291314453399 26.950000000000003 68.600000000000009 -0.8783796973249266 0.6078576107927941 24.550000000000004 1.0000000180025095e-35
decision_type=2 2 2 2 2 2 2 2 2 2 2
left_child=1 2 6 -3 -4 9 7 -1 -9 -5 -11
right_child=-2 3 4 5 -6 -7 -8 8 -10 10 -12
leaf_value=0.1029932167693226 -0.065856015236789495 0.0092059942808575788 -0.055189524039880561 -0.085986662668898373 0.03684724183763035 -0.032846566769313329 0.052485970650399338 0.085096384948709983 0.097277905456995342 -0.083819911174161849 -0.084377096973769564
leaf_weight=1.7486597895622242 4.3992254585027686 9.2358479052782041 2.673434391617775 1.4028826281428326 3.7151973284780979 1.5969291999936102 1.6377061009407041 2.3177060429006846 1.3153528813272712 1.2943740300834181 1.4509516581892965
leaf_count=21 24 34 10 19 38 12 11 44 15 25 24
internal_value=-0.000857181 0.00921518 0.0433015 -0.0212923 -0.00166715 -0.0703211 0.0842291 0.0938888 0.0895067 -0.0847476 -0.0841144
internal_weight=32.7883 28.389 13.4081 14.981 6.38863 5.74514 7.01942 5.38172 3.63306 4.14821 2.74533
internal_count=277 253 139 114 48 80 91 80 59 68 49
is_linear=0
shrinkage=0.1


Tree=99
num_leaves=7
num_cat=0
split_feature=6 5 6 5 6 5
split_gain=0.904562 1.34005 0.845083 0.0418786 0.00213593 2.41842e-05
threshold=50.650000000000006 24.050000000000004 56.650000000000013 32.45000000000001 86.250000000000014 31.450000000000003
decision_type=2 2 2 2 2 2
left_child=-1 -2 -3 4 5 -4
right_child=1 2 3 -5 -6 -7
leaf_value=0.1076640723288092 0.03845394088867226 0.024860261942354397 -0.080633843739889355 -0.1238626541350276 -0.089556721788837557 -0.081906815497546845
leaf_weight=0.85316681303083886 3.7176620550453663 0.97806470817886326 1.2136488554533573 0.28589999675750721 0.34779315441846836 0.17016905918717373
leaf_count=6 34 37 188 1 3 8
internal_value=0.0106749 -0.00165122 -0.0514238 -0.0884053 -0.0825511 -0.0807904
internal_weight=7.5664 6.71324 2.99558 2.01751 1.73161 1.38382
internal_count=277 271 237 200 199 196
is_linear=0
shrinkage=0.1


Tree=100
num_leaves=11
num_cat=0
split_feature=5 6 0 2 0 3 0 0 5 0
split_gain=2.63731 0.977173 1.89475 0.727208 0.43357 0.184848 0.0210163 0.00211537 0.00012351 2.30263e-05
threshold=28.250000000000004 67.550000000000011 -0.60355339059327362 -0.8783796973249266 -0.91597561503675329 -0.22252093395631442 0.91597561503675362 -0.91597561503675329 31.150000000000002 -1.0000000180025095e-35
decision_type=2 2 2 2 2 2 2 2 2 2
left_child=1 5 4 -2 -3 -1 7 -5 9 -9
right_child=3 2 -4 6 -6 -7 -8 8 -10 -11
leaf_value=0.026118713550720946 0.0040178208199968283 0.0002085363494800601 -0.065239980322161259 -0.088445797316263897 0.037750797563037904 0.058177761291623845 -0.10039069929225918 -0.081117493967376608 -0.083096426066324849 -0.081923758556992188
leaf_weight=3.4993029944598675 1.1023878939449785 6.9619541689753595 3.6360176168382123 0.69082977995276484 5.5115984566509715 3.700379326939589 0.9991919845342635 0.6479464396834379 0.82239524461328972 0.78137689549475831
leaf_count=21 34 32 33 8 34 20 5 39 20 31
internal_value=-0.00221879 0.0119687 -0.00171914 -0.0677803 0.0167971 0.0425959 -0.0878601 -0.0836052 -0.08212 -0.0815583
internal_weight=28.3534 23.3093 16.1096 5.04413 12.4736 7.19968 3.94174 2.94255 2.25172 1.42932
internal_count=277 140 99 137 66 41 103 98 90 70
is_linear=0
shrinkage=0.1


Tree=101
num_leaves=7
num_cat=0
split_feature=5 1 5 0 5 5
split_gain=1.89374 2.93609 4.8926e-06 2.5813e-06 2.08053e-06 1.39746e-06
threshold=23.750000000000004 0.78656609248549303 24.450000000000003 0.91597561503675362 31.150000000000002 28.250000000000004
decision_type=2 2 2 2 2 2
left_child=-1 2 -2 4 5 -4
right_child=1 -3 3 -5 -6 -7
leaf_value=-0.10112768764534544 -0.081082962354772276 0.065404363295489196 -0.080624269462001671 -0.080890827465444889 -0.080812992193174948 -0.0804056457962007
leaf_weight=1.7243502503260968 0.27586335409432683 4.1770095229148865 0.58399365842342355 0.31317839119583357 0.29253734694793809 0.58552089077420533
leaf_count=22 18 19 63 24 26 105
internal_value=-0.0083861 0.0172909 -0.0806912 -0.0806303 -0.0805745 -0.0805148
internal_weight=7.95245 6.2281 2.05109 1.77523 1.46205 1.16951
internal_count=277 255 236 218 194 168
is_linear=0
shrinkage=0.1


Tree=102
num_leaves=12
num_cat=0
split_feature=5 5 0 6 6 3 2 5 1 5 2
split_gain=0.713526 1.02229 0.940952 0.693336 1.13835 0.654927 1.45748 0.0314695 0.00121214 0.000142377 5.17895e-06
threshold=24.250000000000004 24.450000000000003 1.0000000180025095e-35 67.550000000000011 61.250000000000007 1.0000000180025095e-35 0.6078576107927941 30.500000000000004 -1.0000000180025095e-35 26.650000000000002 1.0000000180025095e-35
decision_type=2 2 2 2 2 2 2 2 2 2 2
left_child=-1 -2 5 4 7 8 9 -4 10 -7 -3
right_child=1 2 3 -5 -6 6 -8 -9 -10 -11 -12
leaf_value=-0.048062072645769394 0.085540780863999299 -0.080828263675193399 0.019316094738453235 0.060190498013014508 -0.049368811871175589 -0.084021615047132958 0.16794209539370414 0.033765784493250448 -0.086231218063232001 -0.080860227760325032 -0.081327582697741138
leaf_weight=2.3039648532867458 1.6686696112155939 0.40850120177492755 2.8954894039779884 2.667928207665681 2.9021399738267064 0.24595031607896078 0.38730846578255296 3.1435255333781242 1.0161698441952434 0.33855019742622972 0.4226324949413538
leaf_count=40 8 39 18 15 26 10 14 22 28 30 27
internal_value=0.00398771 0.0114377 0.00286739 0.0154519 0.00210241 -0.0489554 0.0174983 0.0268377 -0.0839146 -0.0821905 -0.0810822
internal_weight=18.4008 16.0969 14.4282 11.6091 8.94115 2.81911 0.971809 6.03901 1.8473 0.584501 0.831134
internal_count=277 237 229 81 66 148 54 40 94 40 66
is_linear=0
shrinkage=0.1


Tree=103
num_leaves=12
num_cat=0
split_feature=0 1 1 5 5 6 5 5 1 5 2
split_gain=1.75697 2.3912 2.25274 1.98456 0.907113 0.416534 0.160482 0.053207 0.00139728 0.000264563 2.81104e-05
threshold=0.91597561503675362 -0.12940952255126037 -0.9159756150367534 24.050000000000004 31.150000000000002 63.250000000000007 31.050000000000004 28.250000000000004 -0.5 24.550000000000004 1.0000000180025095e-35
decision_type=2 2 2 2 2 2 2 2 2 2 2
left_child=1 2 4 -3 -1 -5 7 -4 -9 -7 -11
right_child=-2 3 6 5 -6 9 -8 8 -10 10 -12
leaf_value=0.035933181772673392 -0.060331463744611707 0.0091174528774385158 0.10653488145179862 -0.021246352292390438 -0.040053719492674215 -0.085572859509990648 0.05259144399815896 0.082668491352450024 0.086882222784264287 -0.083509341917688648 -0.084167024372354779
leaf_weight=3.185894243419173 4.2823183648288241 9.2278330326080305 1.6243153214454675 1.4250224381685246 3.0994097739458084 1.3028472624719145 1.3320978656411169 1.9344779327511812 1.3266433887183642 1.3445901218801739 1.2578339353203771
leaf_count=31 24 34 9 11 17 19 12 55 15 28 22
internal_value=-0.000814253 0.00860417 0.0406805 -0.0189437 -0.00153749 -0.0675233 0.0833587 0.0917479 0.0843827 -0.0844096 -0.0838272
internal_weight=31.3433 27.061 12.5028 14.5581 6.2853 5.33029 6.21753 4.88544 3.26112 3.90527 2.60242
internal_count=277 253 139 114 48 80 91 79 70 69 50
is_linear=0
shrinkage=0.1


Tree=104
num_leaves=9
num_cat=0
split_feature=6 5 6 4 6 5 5 5
split_gain=0.908997 1.22611 0.874949 0.889219 0.623664 0.00053402 0.000268879 6.15013e-05
threshold=86.250000000000014 32.150000000000006 71.450000000000017 1.0000000180025095e-35 81.40000000000002 23.850000000000005 31.750000000000004 24.150000000000002
decision_type=2 2 2 2 2 2 2 2
left_child=1 2 5 4 -4 -1 7 -7
right_child=-2 -3 3 -5 -6 6 -8 -9
leaf_value=-0.085693188218790808 0.10474404147299124 0.074461818573890837 0.022053541509267225 0.071444595831292215 -0.091838124836393364 -0.083011818276873026 -0.08423945882382701 -0.080536659000941757
leaf_weight=0.37881644070148457 0.90783384442329396 1.5865826606750486 0.92224907549098145 1.2324501334223896 1.0044687706977127 0.11131936125457276 0.2801508605480193 1.0222087735310195
leaf_count=5 5 6 38 21 11 3 5 183
internal_value=0.0109782 -0.00204119 -0.0265538 0.00510965 -0.0373224 -0.0823588 -0.0814654 -0.0807797
internal_weight=7.44608 6.53825 4.95166 3.15917 1.92672 1.7925 1.41368 1.13353
internal_count=277 272 266 70 49 196 191 186
is_linear=0
shrinkage=0.1


Tree=105
num_leaves=12
num_cat=0
split_feature=5 6 2 5 5 5 0 0 0 5 0
split_gain=2.28191 0.796685 0.722225 0.57872 0.651285 0.929773 0.431953 0.0174389 0.00160455 0.00010622 1.57292e-05
threshold=28.250000000000004 63.050000000000004 -0.8783796973249266 23.650000000000002 24.450000000000003 26.650000000000002 -0.60355339059327362 0.91597561503675362 -0.91597561503675329 31.150000000000002 1.0000000180025095e-35
decision_type=2 2 2 2 2 2 2 2 2 2 2
left_child=1 -1 -2 -3 -5 6 -6 8 -4 10 -10
right_child=2 3 7 4 5 -7 -8 -9 9 -11 -12
leaf_value=0.049970429158709716 0.0059497188129566921 0.033325667504914912 -0.087781426958150777 -0.033934055279834438 0.058654648842327531 -0.034090565400973466 -0.0011954025404647037 -0.099059399663301295 -0.080965693189964744 -0.082861114696740651 -0.081680559119596485
leaf_weight=4.2674083858728471 1.0752566540613768 4.4588339589536217 0.61117103695869479 5.7239752858877173 3.1842057220637852 3.0021849349141121 1.9409394338726924 0.96010431647300709 0.56082440167665415 0.75615366175770748 0.68219914194196463
leaf_count=22 34 17 8 30 36 20 15 5 39 20 31
internal_value=-0.00207333 0.0110598 -0.0658984 0.00199114 -0.00809567 0.010102 0.0359889 -0.0875358 -0.0832974 -0.0819265 -0.081358
internal_weight=27.2233 22.5775 4.64571 18.3101 13.8513 8.12733 5.12515 3.57045 2.61035 1.99918 1.24302
internal_count=277 140 137 118 101 71 51 103 98 90 70
is_linear=0
shrinkage=0.1


Tree=106
num_leaves=7
num_cat=0
split_feature=5 1 5 0 5 5
split_gain=1.60776 2.52859 3.4838e-06 2.15002e-06 1.92287e-06 1.06111e-06
threshold=23.750000000000004 0.78656609248549303 24.450000000000003 0.91597561503675362 31.150000000000002 28.250000000000004
decision_type=2 2 2 2 2 2
left_child=-1 2 -2 4 5 -4
right_child=1 -3 3 -5 -6 -7
leaf_value=-0.09420394328501297 -0.080978409544953847 0.061128624801272916 -0.080559054005470684 -0.080822368915150933 -0.080758801748362058 -0.080356267775895135
leaf_weight=1.7018643356859682 0.24862484447658051 3.9785630106925964 0.5228461781516669 0.28955419547855843 0.26979926927015174 0.50947974831797183
leaf_count=22 18 19 63 24 26 105
internal_value=-0.00870959 0.0162952 -0.0806303 -0.0805759 -0.0805211 -0.080459
internal_weight=7.52073 5.81887 1.8403 1.59168 1.30213 1.03233
internal_count=277 255 236 218 194 168
is_linear=0
shrinkage=0.1


Tree=107
num_leaves=11
num_cat=0
split_feature=5 5 0 3 5 6 6 1 2 1
split_gain=0.614233 0.848949 0.767457 0.64403 1.34147 0.628522 0.768948 0.000933533 4.05802e-06 2.69826e-06
threshold=24.250000000000004 24.450000000000003 1.0000000180025095e-35 -1.0000000180025095e-35 25.350000000000005 56.650000000000013 61.350000000000001 1.0000000180025095e-35 1.0000000180025095e-35 -0.37940952255126015
decision_type=2 2 2 2 2 2 2 2 2 2
left_child=-1 -2 3 7 -5 -4 -7 8 -3 -6
right_child=1 2 5 4 9 6 -8 -9 -10 -11
leaf_value=-0.045716643050359239 0.077937147187924175 -0.080743300737902562 -0.03372805672203507 0.16081010228772649 -0.080676046611711683 0.055753744123596662 -0.0021732070081266733 -0.085742156917625212 -0.081211403251095063 -0.081126237269769058
leaf_weight=2.209864258766177 1.6725022718310345 0.36076231999322661 2.2416405938565722 0.39319293387234244 0.22468206007033587 4.3631044663488847 4.8266051188111305 0.92880510305985808 0.38055008323863149 0.32674682978540659
leaf_count=40 8 39 20 7 26 23 38 28 27 21
internal_value=0.00364838 0.0105886 0.00256921 -0.0463055 0.0196853 0.0137485 0.0253294 -0.08363 -0.0809836 -0.0809428
internal_weight=17.9285 15.7186 14.0461 2.61474 0.944622 11.4314 9.18971 1.67012 0.741312 0.551429
internal_count=277 237 229 148 54 81 61 94 66 47
is_linear=0
shrinkage=0.1


Tree=108
num_leaves=12
num_cat=0
split_feature=0 1 1 5 5 6 5 5 1 5 2
split_gain=1.53982 1.99693 2.04215 1.75875 0.776644 0.424253 0.167302 0.0425396 0.000927198 0.00018472 2.11163e-05
threshold=0.91597561503675362 -0.12940952255126037 -0.9159756150367534 24.050000000000004 31.150000000000002 63.250000000000007 31.050000000000004 28.250000000000004 -0.5 24.550000000000004 1.0000000180025095e-35
decision_type=2 2 2 2 2 2 2 2 2 2 2
left_child=1 2 4 -3 -1 -5 7 -4 -9 -7 -11
right_child=-2 3 6 5 -6 9 -8 8 -10 10 -12
leaf_value=0.03377605470678071 -0.05720446047499881 0.0086616281069816 0.10442674495983073 -0.018684357875163354 -0.03754768331774052 -0.084958966489059984 0.049426187681635009 0.082374466195601306 0.086020365468349555 -0.083128918560656323 -0.083729247930454498
leaf_weight=3.0960900280624655 4.1654405966401091 9.2424807846546155 1.5439483746886278 1.3911549523472775 3.0118688941001892 1.1674912422895434 1.2363780252635477 1.7083356268703962 1.1788779087364649 1.209972742944956 1.1360436826944349
leaf_count=31 24 34 9 11 17 19 12 55 15 28 22
internal_value=-0.000769662 0.0082987 0.0387206 -0.0170233 -0.00139408 -0.0654246 0.0819526 0.0910281 0.0838631 -0.0839311 -0.0834196
internal_weight=30.0881 25.9226 11.7755 14.1471 6.10796 4.90466 5.66754 4.43116 2.88721 3.51351 2.34602
internal_count=277 253 139 114 48 80 91 79 70 69 50
is_linear=0
shrinkage=0.1


Tree=109
num_leaves=12
num_cat=0
split_feature=0 5 6 6 6 5 6 5 6 5 5
split_gain=0.738118 1.00074 1.84234 0.688453 3.34087 0.0319472 0.00162468 0.000328299 1.16911e-05 2.16132e-07 3.43021e-08
threshold=-0.78656609248549303 24.050000000000004 56.650000000000013 71.850000000000009 71.450000000000017 32.45000000000001 86.250000000000014 24.050000000000004 79.300000000000026 25.450000000000003 28.250000000000004
decision_type=2 2 2 2 2 2 2 2 2 2 2
left_child=3 -2 -3 4 7 6 8 -1 -4 -9 -11
right_child=1 2 5 -5 -6 -7 -8 9 -10 10 -12
leaf_value=-0.08477604259491478 0.084127621192402857 0.065308852003021958 -0.080655171361362243 -0.088676035170655768 0.36473653320653104 -0.12124293678488825 -0.089175192164776318 -0.080490971670604913 -0.081691366577616498 -0.080335987725551727 -0.080254469901864425
leaf_weight=0.37425620481371913 2.1166843324899673 1.6646149668376895 0.62315140257123836 1.1978871268220244 0.22106208233162761 0.28056704998016346 0.33832107484340668 0.087170838145539165 0.13194029126316309 0.13450435781851411 0.083767871838063002
leaf_count=6 16 35 111 24 5 1 3 14 7 27 28
internal_value=0.0109862 0.0313388 -0.00543386 -0.0390095 0.0270401 -0.0911406 -0.0834165 -0.0827906 -0.0808362 -0.0803579 -0.0803047
internal_weight=7.25393 5.15528 3.03859 2.09865 0.900761 1.37398 1.09341 0.679699 0.755092 0.305443 0.218272
internal_count=277 173 157 104 80 122 121 75 118 69 55
is_linear=0
shrinkage=0.1


Tree=110
num_leaves=11
num_cat=0
split_feature=1 6 2 3 1 5 5 0 0 2
split_gain=2.04455 0.53779 1.08759 0.729243 0.51954 8.58303e-05 0.000124519 1.60531e-05 1.06671e-05 9.41152e-07
threshold=-0.37940952255126015 74.350000000000009 1.0000000180025095e-35 -0.22252093395631442 -0.12940952255126037 28.650000000000002 31.150000000000002 1.0000000180025095e-35 0.37940952255126054 -0.60785761079279388
decision_type=2 2 2 2 2 2 2 2 2 2
left_child=5 2 4 -3 -2 -1 7 9 -9 -7
right_child=1 3 -4 -5 -6 6 -8 8 -10 -11
leaf_value=-0.083463191569060735 0.016953131368585957 -0.048183761786429642 -0.013396095707230951 0.012302800206306565 0.064750805466349537 -0.081069131322473953 -0.082810983028115168 -0.08197292577989955 -0.081268245990712543 -0.080822049389842429
leaf_weight=0.41521873511374296 4.5190872848033923 3.3975603319704533 6.1655650399625292 4.8222249709069711 4.5775983296334743 0.30843987781554505 0.93266075570136298 0.42208108212798834 0.43744773417711258 0.30820894148200728
leaf_count=14 22 24 38 32 34 20 26 17 25 25
internal_value=-0.00174537 0.00792269 0.0190287 -0.0126987 0.0410057 -0.0821353 -0.0819065 -0.081335 -0.0816143 -0.0809456
internal_weight=26.3061 23.482 15.2623 8.21979 9.09669 2.82406 2.40884 1.47618 0.859529 0.616649
internal_count=277 150 94 56 56 127 113 87 42 45
is_linear=0
shrinkage=0.1


Tree=111
num_leaves=7
num_cat=0
split_feature=5 1 5 0 5 5
split_gain=1.32984 2.20068 3.20438e-06 1.81828e-06 1.69616e-06 7.67522e-07
threshold=23.750000000000004 0.78656609248549303 24.450000000000003 0.91597561503675362 31.150000000000002 28.250000000000004
decision_type=2 2 2 2 2 2
left_child=-1 2 -2 4 5 -4
right_child=1 -3 3 -5 -6 -7
leaf_value=-0.086319865420814448 -0.080926387291138602 0.057461312186816549 -0.080498454260913788 -0.080760638317841582 -0.080703531758045344 -0.080314583662290093
leaf_weight=1.6740531171672044 0.23286950681358565 3.8041186630725861 0.46434357296675421 0.26866039168089617 0.24819405935704708 0.44418791402131319
leaf_count=22 18 19 63 24 26 105
internal_value=-0.00834321 0.0155543 -0.0805825 -0.0805263 -0.0804718 -0.0804086
internal_weight=7.13643 5.46237 1.65826 1.42539 1.15673 0.908531
internal_count=277 255 236 218 194 168
is_linear=0
shrinkage=0.1


Tree=112
num_leaves=13
num_cat=0
split_feature=1 1 2 2 2 0 6 5 0 5 5 6
split_gain=0.558692 1.22372 0.852733 0.832265 1.47845 0.912923 0.484019 0.00399751 0.000232216 3.4276e-05 6.98483e-06 8.90143e-08
threshold=-0.98296291314453399 -0.37940952255126015 -0.8783796973249266 1.0000000180025095e-35 0.87837969732492682 0.91597561503675362 69.750000000000014 23.350000000000005 0.12940952255126059 30.500000000000004 31.450000000000003 58.250000000000007
decision_type=2 2 2 2 2 2 2 2 2 2 2 2
left_child=-1 8 -3 5 6 7 -5 -4 10 -10 11 -2
right_child=1 2 3 4 -6 -7 -8 -9 9 -11 -12 -13
leaf_value=0.036231625758097637 -0.080462875466063982 0.07014533455503745 -0.092840432775488577 0.023730378145823027 -0.049683706832787104 -0.00041221528399085027 0.10197054519012838 -0.08372615930031152 -0.082674327547803628 -0.083704534739919026 -0.081136619917328817 -0.080356130168037748
leaf_weight=3.979480758309367 0.13694376684725362 1.7373336097225553 0.84628996998071127 1.5231095449998977 1.7737487852573393 3.0858683437108994 1.6442619943991301 1.1155519466847179 0.66493403166532494 0.6279406538233161 0.21786639792844653 0.1818663077428937
leaf_count=15 21 19 6 19 22 12 21 51 25 17 14 35
internal_value=0.00328742 -0.00638384 0.00548405 -0.00576234 0.0234125 -0.0343211 0.0643468 -0.0876578 -0.0824488 -0.0831747 -0.0807002 -0.080402
internal_weight=17.5352 13.5557 11.7262 9.98883 4.94112 5.04771 3.16737 1.96184 1.82955 1.29287 0.536676 0.31881
internal_count=277 262 150 131 62 69 40 57 112 42 70 56
is_linear=0
shrinkage=0.1


Tree=113
num_leaves=12
num_cat=0
split_feature=0 1 1 5 5 5 5 5 1 5 2
split_gain=1.32902 1.67007 1.84887 1.56329 0.639332 0.510014 0.167523 0.0314762 0.000593318 0.000202421 7.40099e-06
threshold=0.91597561503675362 -0.12940952255126037 -0.9159756150367534 24.050000000000004 31.150000000000002 27.200000000000006 31.050000000000004 28.250000000000004 -0.5 24.550000000000004 1.0000000180025095e-35
decision_type=2 2 2 2 2 2 2 2 2 2 2
left_child=1 2 4 -3 -1 9 7 -4 -9 -5 -11
right_child=-2 3 6 5 -6 -7 -8 8 -10 10 -12
leaf_value=0.030927429249944467 -0.05397933330695024 0.008057559764262319 0.10186153030286836 -0.084636614837204471 -0.034668792512901329 -0.0068486711811925911 0.047060907680069625 0.082130921880330721 0.085234578378814208 -0.08279537828726985 -0.083155785937272242
leaf_weight=3.0107011720538166 4.0562962703406802 9.2401205301284772 1.4461175426840811 1.0754286050796502 2.9336148649454117 1.1707568317651746 1.170540641993284 1.5125039294362097 1.0390978083014459 1.1609767489135268 1.1188917718827722
leaf_count=31 24 34 9 19 17 6 12 55 15 30 25
internal_value=-0.000902667 0.00775109 0.0365882 -0.0155273 -0.00144535 -0.0636768 0.0803328 0.0900749 0.0833948 -0.0835057 -0.0829723
internal_weight=28.935 24.8788 11.1126 13.7662 5.94432 4.52605 5.16826 3.99772 2.5516 3.3553 2.27987
internal_count=277 253 139 114 48 80 91 79 70 74 55
is_linear=0
shrinkage=0.1


Tree=114
num_leaves=9
num_cat=0
split_feature=6 5 6 4 6 5 5 5
split_gain=0.725666 0.979787 0.766714 0.692906 0.629896 0.000330686 0.000184395 3.48406e-05
threshold=86.250000000000014 32.150000000000006 71.450000000000017 1.0000000180025095e-35 81.40000000000002 23.850000000000005 31.750000000000004 24.250000000000004
decision_type=2 2 2 2 2 2 2 2
left_child=1 2 5 4 -4 -1 7 -7
right_child=-2 -3 3 -5 -6 6 -8 -9
leaf_value=-0.084911125634898041 0.093476029304149499 0.069117910672386138 0.024731859860256156 0.059162254669784413 -0.091696114646167046 -0.082416606381297983 -0.0837757343211913 -0.080505679267762253
leaf_weight=0.3335813283920287 0.9158482328057288 1.4798314273357389 0.89853239851072431 1.3239647909067571 0.96237892657518387 0.107518167234957 0.24914956465363503 0.84728012559935451
leaf_count=5 5 6 38 21 11 4 5 182
internal_value=0.0103859 -0.00188352 -0.0241328 0.00386348 -0.0354794 -0.082125 -0.0813531 -0.0807209
internal_weight=7.11808 6.20224 4.72241 3.18488 1.86091 1.53753 1.20395 0.954798
internal_count=277 272 266 70 49 196 191 186
is_linear=0
shrinkage=0.1


Tree=115
num_leaves=12
num_cat=0
split_feature=5 1 6 2 0 0 5 5 0 0 2
split_gain=2.29132 1.44272 0.778717 0.88025 0.570366 0.953823 6.3091e-05 9.76164e-05 1.13875e-05 8.98423e-06 6.64651e-07
threshold=23.100000000000005 -0.37940952255126015 68.050000000000011 1.0000000180025095e-35 -0.60355339059327362 -0.91597561503675329 31.150000000000002 28.450000000000003 1.0000000180025095e-35 0.37940952255126054 -0.60785761079279388
decision_type=2 2 2 2 2 2 2 2 2 2 2
left_child=-1 6 3 -3 5 -4 7 -2 10 -10 -9
right_child=1 2 4 -5 -6 -7 -8 8 9 -11 -12
leaf_value=0.10246929825081184 -0.083128060781315169 0.046226302527271002 -0.036912882020747197 -0.020451597325909662 -0.056817480797061143 0.025737122457192032 -0.082602617840813186 -0.080930382734228992 -0.081763191596631257 -0.081085986604067545 -0.08070945831179123
leaf_weight=1.9582926444709325 0.31473596207797827 5.3938475064933318 4.9074968509376093 3.1281228438019753 2.8419881500303683 4.8138421624898902 0.85730652604252089 0.26845299825072289 0.37931553740054369 0.40514613967388868 0.27637309301644541
leaf_count=8 11 34 26 21 28 33 26 20 17 27 26
internal_value=-0.00147111 -0.0101008 -0.0015825 0.0217511 -0.0174102 -0.00588966 -0.0819071 -0.0815445 -0.0811695 -0.0814134 -0.0808183
internal_weight=25.5449 23.5866 21.0853 8.52197 12.5633 9.72134 2.50133 1.64402 1.32929 0.784462 0.544826
internal_count=277 269 142 55 87 59 127 101 90 44 46
is_linear=0
shrinkage=0.1


Tree=116
num_leaves=8
num_cat=0
split_feature=1 5 0 5 5 1 2
split_gain=1.142 1.82652e-06 1.47218e-06 1.43414e-06 6.27763e-07 1.44465e-07 1.36501e-07
threshold=0.78656609248549303 24.450000000000003 0.91597561503675362 31.150000000000002 28.250000000000004 -0.9159756150367534 1.0000000180025095e-35
decision_type=2 2 2 2 2 2 2
left_child=1 -1 3 4 6 -6 -3
right_child=-2 2 -4 -5 5 -7 -8
leaf_value=-0.080739597634274046 0.015211320334610515 -0.080397836256678068 -0.080702877696207903 -0.080653176558716289 -0.080356940955097489 -0.080230484587419271 -0.080511862145314986
leaf_weight=0.35822117747738946 5.159742072224617 0.21359627973288275 0.24835245823487628 0.22811513394117355 0.14357167668640569 0.24365881341509565 0.20646492158994079
leaf_count=35 24 36 24 26 31 74 27
internal_value=-0.00790366 -0.0805399 -0.0804842 -0.0804318 -0.0803692 -0.0802774 -0.0804539
internal_weight=6.80172 1.64198 1.28376 1.03541 0.807292 0.38723 0.420061
internal_count=277 253 218 194 168 105 63
is_linear=0
shrinkage=0.1


Tree=117
num_leaves=13
num_cat=0
split_feature=1 5 3 8 5 6 6 6 1 0 0 5
split_gain=0.479731 1.10072 0.811213 1.27317 1.37547 0.950655 1.03586 0.357126 0.00938006 0.0068245 0.000120867 4.50324e-06
threshold=-0.98296291314453399 29.150000000000002 -0.22252093395631442 1.0000000180025095e-35 24.450000000000003 65.40000000000002 70.700000000000003 75.950000000000017 -0.5 -0.60355339059327362 0.12940952255126059 31.450000000000003
decision_type=2 2 2 2 2 2 2 2 2 2 2 2
left_child=-1 2 3 -2 -5 -4 -7 -8 10 -6 11 -3
right_child=1 8 5 4 9 6 7 -9 -10 -11 -12 -13
leaf_value=0.033645964050015825 0.08044623585764793 -0.080363864813746244 0.027350587032650382 0.071220936936687948 -0.084093528612435048 -0.12976668783959167 0.013562470707704966 -0.056933830017049214 -0.10048066709251975 -0.099045369232034663 -0.082925339389584629 -0.081055241572228209
leaf_weight=3.9587913751602199 2.7467408515512943 0.17723935237154342 2.7492462988011521 0.90991119667887721 0.70897113997489225 1.1374949282035229 1.6426508612930777 1.277439698576927 0.37332239001989265 0.53610257059335675 0.74659608490765095 0.20110459392890334
leaf_count=15 21 34 33 9 42 18 24 26 5 8 28 14
internal_value=0.00311171 -0.00604104 0.00428616 0.0353042 -0.0222339 -0.0180505 -0.0488123 -0.0172772 -0.0867456 -0.0905315 -0.0821875 -0.0807314
internal_weight=17.1656 13.2068 11.7086 4.90173 2.15498 6.80683 4.05759 2.92009 1.49826 1.24507 1.12494 0.378344
internal_count=277 262 181 80 59 101 68 50 81 50 76 48
is_linear=0
shrinkage=0.1


Tree=118
num_leaves=12
num_cat=0
split_feature=0 1 5 5 1 5 6 1 5 5 2
split_gain=1.11412 1.38263 1.65784 1.37759 0.792531 0.597403 0.357326 0.0327179 0.0108817 0.00014558 1.60403e-05
threshold=0.91597561503675362 -0.12940952255126037 30.650000000000002 24.050000000000004 -0.98296291314453399 27.650000000000002 68.600000000000009 -0.98296291314453399 28.350000000000005 24.550000000000004 1.0000000180025095e-35
decision_type=2 2 2 2 2 2 2 2 2 2 2
left_child=1 2 6 -3 -4 9 7 -1 -9 -5 -11
right_child=-2 3 4 5 -6 -7 -8 8 -10 10 -12
leaf_value=0.10829755434491917 -0.050230054080566446 0.0074808124675637749 -0.045167405566306724 -0.084241704511587856 0.031624680443092253 0.0038113027416661902 0.03064965818918676 0.096681295798433403 0.082653659873353741 -0.082499230913725491 -0.083041003468945163
leaf_weight=0.91948622465133922 3.9652441181242457 9.2307848781347257 2.4993085116147995 0.97666398435831014 2.9072811231017113 1.0505043268203733 1.2811222802847622 0.76378967799246655 2.0037958100438118 1.0806307736784222 1.1055991034954784
leaf_count=4 24 34 10 19 38 4 11 8 68 31 26
internal_value=-0.00115138 0.00701896 0.0344454 -0.0141459 -0.00387406 -0.0615259 0.0761462 0.0919546 0.086525 -0.0832267 -0.0827732
internal_weight=27.7842 23.819 10.3748 13.4442 5.40659 4.2134 4.96819 3.68707 2.76759 3.16289 2.18623
internal_count=277 253 139 114 48 80 91 80 76 76 57
is_linear=0
shrinkage=0.1


Tree=119
num_leaves=12
num_cat=0
split_feature=0 8 5 6 6 5 5 5 5 5 6
split_gain=0.610374 0.947915 1.30566 1.18057 0.698825 2.30878 0.0225417 0.000396337 2.44845e-05 6.87361e-06 2.33652e-07
threshold=-0.78656609248549303 1.0000000180025095e-35 24.150000000000002 56.650000000000013 71.850000000000009 23.350000000000005 32.45000000000001 23.850000000000005 24.350000000000005 31.450000000000003 67.550000000000011
decision_type=2 2 2 2 2 2 2 2 2 2 2
left_child=4 -2 -3 -4 5 -1 9 -7 -9 -5 -10
right_child=1 2 3 6 -6 7 -8 8 10 -11 -12
leaf_value=0.26728721703303998 -0.036789766562351438 0.14203806787345738 0.061867665224263506 -0.080360434349787402 -0.088191962476131383 -0.086230081234033806 -0.11745242289075669 -0.082125345700316932 -0.080237354309886544 -0.08124525847232103 -0.080446461891583221
leaf_weight=0.27959001064300526 1.5240839374018831 1.2012310326099398 1.5326865732204171 0.30466588877607126 1.1342369276098905 0.22563645616173744 0.27149134874343872 0.10593700362369418 0.16525488311890513 0.12333715800195932 0.078970786184072495
leaf_count=3 37 8 34 85 24 3 1 5 54 8 15
internal_value=0.0100637 0.0288417 0.0579754 0.0127377 -0.036725 0.0315196 -0.0949128 -0.0829617 -0.0808557 -0.0806154 -0.080305
internal_weight=6.94712 4.9575 3.43341 2.23218 1.98963 0.855389 0.699494 0.575799 0.350163 0.428003 0.244226
internal_count=277 173 136 128 104 80 94 77 74 93 69
is_linear=0
shrinkage=0.1


Tree=120
num_leaves=13
num_cat=0
split_feature=5 1 5 0 0 5 6 5 5 0 0 2
split_gain=1.94602 1.26104 0.690195 0.352965 0.500369 1.29779 0.00183991 5.30851e-05 5.96212e-05 7.79942e-06 6.03772e-06 4.36219e-07
threshold=23.100000000000005 -0.37940952255126015 24.450000000000003 -0.98296291314453399 -1.0000000180025095e-35 25.150000000000002 75.950000000000017 31.150000000000002 28.450000000000003 1.0000000180025095e-35 0.37940952255126054 -0.60785761079279388
decision_type=2 2 2 2 2 2 2 2 2 2 2 2
left_child=-1 7 6 -4 5 -5 -3 8 -2 11 -11 -10
right_child=1 2 3 4 -6 -7 -8 -9 9 10 -12 -13
leaf_value=0.093739926731566892 -0.082667312425103293 -0.026156496526643071 0.048034319157555211 0.044472039303993183 0.024660253965543753 -0.064873136756841365 -0.02316396741668874 -0.082361617616674779 -0.080805716368837335 -0.08154208131566959 -0.080949093394138943 -0.080613132689828573
leaf_weight=1.9702198989689375 0.27185466326773466 3.9354940131306666 2.3082256875932279 1.836068741977219 5.5868729278445111 2.6550142224878073 4.2988010235130787 0.77661714516580094 0.23189139645546675 0.33311932068318129 0.35435428936034441 0.23866989277303197
leaf_count=8 11 16 25 23 24 30 24 26 20 17 27 26
internal_value=-0.00161423 -0.00984434 -0.0021558 0.0127612 0.00468233 -0.0201701 -0.0245942 -0.0816961 -0.0813346 -0.0810217 -0.0812364 -0.080708
internal_weight=24.7972 22.827 20.6205 12.3862 10.078 4.49108 8.2343 2.20651 1.42989 1.15803 0.687474 0.470561
internal_count=277 269 142 102 77 53 40 127 101 90 44 46
is_linear=0
shrinkage=0.1


Tree=121
num_leaves=7
num_cat=0
split_feature=5 1 5 0 5 5
split_gain=1.11959 1.74027 2.13849e-06 1.10772e-06 1.05578e-06 5.69749e-07
threshold=23.750000000000004 0.78656609248549303 24.450000000000003 0.91597561503675362 31.150000000000002 28.250000000000004
decision_type=2 2 2 2 2 2
left_child=-1 2 -2 4 5 -4
right_child=1 -3 3 -5 -6 -7
leaf_value=-0.079933100007029856 -0.080798821649687491 0.052716132717922172 -0.080421008836823266 -0.080641397817014404 -0.080594409979463419 -0.08024294704605639
leaf_weight=1.6190304057672618 0.19844077294692386 3.5544541478157043 0.38564080372452714 0.22721147909760475 0.20658384007401764 0.33649427257478237
leaf_count=22 18 19 63 24 26 105
internal_value=-0.00782154 0.0159623 -0.0804955 -0.0804435 -0.0803951 -0.080338
internal_weight=6.52786 4.90883 1.35437 1.15593 0.928719 0.722135
internal_count=277 255 236 218 194 168
is_linear=0
shrinkage=0.1


Tree=122
num_leaves=10
num_cat=0
split_feature=5 5 6 5 6 6 6 6 2
split_gain=0.427003 0.756914 1.51955 0.934313 0.958213 2.24565 1.11815 0.39865 0.0233997
threshold=24.250000000000004 26.350000000000005 71.850000000000009 26.800000000000001 69.15000000000002 61.350000000000001 56.650000000000013 74.350000000000009 -1.0000000180025095e-35
decision_type=2 2 2 2 2 2 2 2 2
left_child=7 2 -2 -3 5 6 -5 -1 -7
right_child=1 3 -4 4 -6 8 -8 -9 -10
leaf_value=-0.088759723308102279 0.10668528352288081 -0.081555421252753793 -0.023817289896049976 -0.035696556521149191 0.082563446660600545 -0.11923705126624605 0.051600227255465675 0.00037078282461895109 -0.09559227661074722
leaf_weight=0.93191828392446341 1.9867776404134923 1.3830287046730507 1.6195473214611409 2.2520784253720176 1.4084190404973913 0.63968964293599118 4.2102910920511931 1.0872740251943467 1.2106834575533865
leaf_count=13 25 11 33 43 19 26 50 27 30
internal_value=0.00235613 0.0082751 0.0480785 -0.00465191 0.00628914 -0.00663393 0.0211781 -0.0407656 -0.103766
internal_weight=16.7297 14.7105 3.60632 11.1042 9.72116 8.31274 6.46237 2.01919 1.85037
internal_count=277 237 58 179 168 149 93 40 56
is_linear=0
shrinkage=0.1


Tree=123
num_leaves=12
num_cat=0
split_feature=5 6 5 0 6 2 5 5 6 2 1
split_gain=0.964483 1.34773 1.49532 1.97187 1.22209 1.04442 0.930294 0.912959 0.4557 0.292582 0.20479
threshold=28.250000000000004 74.350000000000009 23.850000000000005 0.91597561503675362 59.850000000000001 1.0000000180025095e-35 23.750000000000004 30.650000000000002 68.050000000000011 -1.0000000180025095e-35 -0.9159756150367534
decision_type=2 2 2 2 2 2 2 2 2 2 2
left_child=1 2 -1 8 7 10 -3 -2 -4 -8 -6
right_child=4 6 3 -5 5 -7 9 -9 -10 -11 -12
leaf_value=-0.11242042920914726 0.043554460029475946 0.047875396133964826 -0.011107914461245389 -0.10071098493320248 -0.004027322725868524 0.12808898203843802 -0.051233189613692193 -0.035618491211830021 0.05363238488901248 0.0057450966874600575 0.050990007053256174
leaf_weight=2.2861664444208198 2.3436817210167629 3.9984755367040625 2.2992555592209101 1.9854976274073122 1.2336387895047662 1.5898372614756224 1.7667770776897671 3.847359349951148 2.0625918209552765 1.8395568151026962 1.4982591271400454
leaf_count=9 34 14 31 17 12 25 18 35 27 24 31
internal_value=-0.000758951 -0.0160369 -0.0430753 -0.0180988 0.0228398 0.0636477 0.0146591 -0.00564676 0.0195059 -0.0221691 0.0261459
internal_weight=26.7511 16.2383 8.63351 6.34735 10.5128 4.32174 7.60481 6.19104 4.36185 3.60633 2.7319
internal_count=277 140 84 75 137 68 56 69 58 42 43
is_linear=0
shrinkage=0.1


Tree=124
num_leaves=9
num_cat=0
split_feature=2 6 6 5 5 0 5 5
split_gain=0.564752 0.81143 0.873645 1.11841 0.155702 0.0849337 0.0185944 0.00225812
threshold=-0.8783796973249266 86.250000000000014 52.900000000000013 23.650000000000002 24.250000000000004 0.37940952255126054 32.45000000000001 24.050000000000004
decision_type=2 2 2 2 2 2 2 2
left_child=4 2 -2 -4 -1 -6 7 -5
right_child=1 -3 3 6 5 -7 -8 -9
leaf_value=0.11868900049001251 0.076053000621359668 0.082741613500290107 0.019477070655169119 -0.087784506218312519 0.013714064080871807 0.084000280221112777 -0.11286568851704924 -0.08083966257624961
leaf_weight=0.46607496589422204 0.79769482649862755 0.93220234662294377 1.7923858538269999 0.91499804705381416 0.39766677096486092 0.30286392115522176 0.25799947977066029 0.95878819725476205
leaf_count=4 11 5 16 12 36 13 1 179
internal_value=0.010552 -0.00251865 -0.0193509 -0.0387444 0.0739001 0.0441013 -0.0876965 -0.0842309
internal_weight=6.82067 5.65407 4.72187 3.92417 1.16661 0.700531 2.13179 1.87379
internal_count=277 224 219 208 53 49 192 191
is_linear=0
shrinkage=0.1


Tree=125
num_leaves=13
num_cat=0
split_feature=5 1 0 0 6 6 5 5 5 0 0 2
split_gain=1.58799 1.15506 0.620693 1.04776 0.982326 0.98183 0.391862 4.73977e-05 4.7956e-05 5.34984e-06 4.38285e-06 3.88583e-07
threshold=23.100000000000005 -0.37940952255126015 -0.91597561503675329 -0.98296291314453399 74.350000000000009 81.40000000000002 26.650000000000002 31.150000000000002 28.450000000000003 1.0000000180025095e-35 0.37940952255126054 -0.60785761079279388
decision_type=2 2 2 2 2 2 2 2 2 2 2 2
left_child=-1 7 3 -3 6 -6 -4 8 -2 11 -11 -10
right_child=1 2 4 -5 5 -7 -8 -9 9 10 -12 -13
leaf_value=0.084821962050005126 -0.082466943923234948 0.0263541452380553 0.061453608948970354 -0.049698764504549776 -0.060781650535469335 0.027967394766441986 0.014753982029908519 -0.082225677433125643 -0.08073397268696042 -0.081377545372014165 -0.080841638191743212 -0.080541210587191159
leaf_weight=1.9594472125172639 0.24610182736069264 2.7596692144870758 3.2614710647612757 5.2721078358590656 2.8289716951549053 2.2285122200846672 4.0011756680905819 0.72465980611741532 0.20903993304818869 0.29649447929114103 0.31446667155250907 0.2092726584523914
leaf_count=8 11 27 23 31 26 17 18 26 20 17 27 26
internal_value=-0.00149759 -0.00906465 -0.00193839 -0.0235675 0.0121621 -0.0216756 0.0357256 -0.0815799 -0.0812129 -0.0809131 -0.0811017 -0.0806375
internal_weight=24.3114 22.3519 20.3519 8.03178 12.3201 5.05748 7.26265 2.00004 1.27538 1.02927 0.610961 0.418313
internal_count=277 269 142 58 84 43 41 127 101 90 44 46
is_linear=0
shrinkage=0.1


Tree=126
num_leaves=7
num_cat=0
split_feature=5 1 5 0 5 5
split_gain=0.945199 1.54049 1.87484e-06 8.23552e-07 9.60733e-07 4.33073e-07
threshold=23.750000000000004 0.78656609248549303 24.450000000000003 0.91597561503675362 31.150000000000002 28.250000000000004
decision_type=2 2 2 2 2 2
left_child=-1 2 -2 4 5 -4
right_child=1 -3 3 -5 -6 -7
leaf_value=-0.073953017719880804 -0.080751909931432775 0.049801549634096165 -0.080380477259660493 -0.080585965377703128 -0.080559368932293041 -0.080216372150100912
leaf_weight=1.5838058111257849 0.18600599700584997 3.4410693645477295 0.34968428267165996 0.20715872291475534 0.19268873916007578 0.29773061780724674
leaf_count=22 18 19 63 24 26 105
internal_value=-0.00718817 0.0154338 -0.0804593 -0.0804074 -0.0803633 -0.080305
internal_weight=6.25814 4.67434 1.23327 1.04726 0.840104 0.647415
internal_count=277 255 236 218 194 168
is_linear=0
shrinkage=0.1


Tree=127
num_leaves=13
num_cat=0
split_feature=1 5 3 8 5 6 6 6 1 0 0 5
split_gain=0.409644 0.942154 0.669109 1.09968 1.13392 0.833959 0.907496 0.28042 0.00647271 0.00505301 8.52692e-05 3.8197e-06
threshold=-0.98296291314453399 29.150000000000002 -0.22252093395631442 1.0000000180025095e-35 24.450000000000003 65.40000000000002 70.700000000000003 75.950000000000017 -0.5 -0.60355339059327362 0.12940952255126059 31.450000000000003
decision_type=2 2 2 2 2 2 2 2 2 2 2 2
left_child=-1 2 3 -2 -5 -4 -7 -8 10 -6 11 -3
right_child=1 8 5 4 9 6 7 -9 -10 -11 -12 -13
leaf_value=0.031567291750746324 0.073914345725261135 -0.08031290702962926 0.024419483638121658 0.059707961091545782 -0.083971778508500308 -0.12780816317588437 0.010025723638227688 -0.054058683061603566 -0.098060289643782828 -0.097417450685003015 -0.082664927873230903 -0.080996125910523839
leaf_weight=3.7772167623043087 2.6970614143647254 0.14791999710723758 2.7704701218754035 0.91499895695596967 0.64760087407194089 1.0310598383657636 1.5645639169961216 1.2115849480032919 0.33750201854854711 0.49173117429017987 0.64532931707799435 0.18314537871629
leaf_count=15 21 34 33 9 42 18 24 26 5 8 28 14
internal_value=0.00267028 -0.005963 0.00333352 0.0319277 -0.0231952 -0.0173215 -0.047696 -0.0179424 -0.0861221 -0.0897749 -0.0819956 -0.0806909
internal_weight=16.4202 12.643 11.3291 4.75139 2.05433 6.57768 3.80721 2.77615 1.3139 1.13933 0.976395 0.331065
internal_count=277 262 181 80 59 101 68 50 81 50 76 48
is_linear=0
shrinkage=0.1


Tree=128
num_leaves=9
num_cat=0
split_feature=0 5 5 6 6 1 5 3
split_gain=0.840123 1.0441 1.60089 3.64372 1.2159 1.04027 0.932387 0.0441046
threshold=0.91597561503675362 23.650000000000002 23.850000000000005 72.850000000000009 59.550000000000004 -0.12940952255126037 30.650000000000002 1.0000000180025095e-35
decision_type=2 2 2 2 2 2 2 2
left_child=1 -1 -3 4 6 -6 -4 -5
right_child=-2 2 3 7 5 -7 -8 -9
leaf_value=-0.035213865262096959 -0.045017415534403644 0.087379401613564223 0.051892204851812451 -0.088510100893476426 0.088442458309544614 0.0070317772429835147 -0.035807758180375453 -0.11431689867609379
leaf_weight=4.7525072544813218 3.7143255956470957 2.7705487459898022 1.8064776118844728 1.29867585748434 4.0290704648941809 2.5712479297071642 3.6854275576770306 1.3513292036950586
leaf_count=18 24 10 35 25 74 41 33 17
internal_value=-0.000989381 0.00635544 0.0176363 0.00452922 0.0278027 0.0567278 -0.00696021 -0.10167
internal_weight=25.9796 22.2653 17.5128 14.7422 12.0922 6.60032 5.49191 2.65001
internal_count=277 253 235 225 183 115 68 42
is_linear=0
shrinkage=0.1


Tree=129
num_leaves=12
num_cat=0
split_feature=0 8 5 5 6 6 5 5 5 5 1
split_gain=0.513057 0.79407 0.935872 1.01881 0.633626 1.72417 0.000220836 0.000150964 1.87386e-05 4.63771e-06 2.41204e-08
threshold=-0.78656609248549303 1.0000000180025095e-35 24.150000000000002 32.150000000000006 71.850000000000009 71.450000000000017 23.850000000000005 31.750000000000004 24.150000000000002 31.150000000000002 1.0000000180025095e-35
decision_type=2 2 2 2 2 2 2 2 2 2 2
left_child=4 -2 -3 7 5 6 -1 9 -8 -4 -10
right_child=1 2 3 -5 -6 -7 8 -9 10 -11 -12
leaf_value=-0.084859534152088884 -0.034954420580245837 0.12068734205957538 -0.080369480561241505 0.064714726129695435 -0.087391288081275054 0.20883445537735296 -0.082063905573624252 -0.083661676715461486 -0.080209693727948922 -0.081006240282758768 -0.080287438130438496
leaf_weight=0.26111471280455578 1.4509550624061374 1.2830873988568785 0.34349116240628097 1.3201044648885725 1.0335065661929546 0.32851709797978401 0.079403845593333244 0.23027309589087963 0.13176097016548738 0.17148371459916234 0.057244682684540749
leaf_count=4 37 8 103 6 24 5 3 5 53 14 15
internal_value=0.00945311 0.0268373 0.0536131 0.0119436 -0.0346555 0.0288645 -0.082789 -0.0815333 -0.0807748 -0.0805815 -0.0802332
internal_weight=6.69094 4.79939 3.34844 2.06535 1.89155 0.858041 0.529524 0.745248 0.268409 0.514975 0.189006
internal_count=277 173 136 128 104 80 75 122 71 117 68
is_linear=0
shrinkage=0.1


Tree=130
num_leaves=12
num_cat=0
split_feature=5 8 6 5 5 5 5 0 5 5 1
split_gain=1.31512 1.14391 0.580315 0.300957 0.455162 0.605049 0.355783 0.0183467 0.0019565 3.65405e-05 2.588e-05
threshold=28.250000000000004 1.0000000180025095e-35 63.050000000000004 26.650000000000002 24.450000000000003 23.750000000000004 25.650000000000002 0.91597561503675362 28.450000000000003 31.150000000000002 -0.5
decision_type=2 2 2 2 2 2 2 2 2 2 2
left_child=2 -2 -1 4 5 -4 -6 8 -3 10 -10
right_child=1 7 3 -5 6 -7 -8 -9 9 -11 -12
leaf_value=0.042912830281231773 0.065053529653403691 -0.08959928781247832 0.017383870362394395 -0.031665507878773369 0.0098743267767875814 -0.032489665957326587 0.069075386817924037 -0.10232203420701061 -0.080793270925512695 -0.082026853472662725 -0.081915779638841266
leaf_weight=3.887303736060864 0.60168973403051529 0.35417711781337846 5.1460883058607596 2.5436243358999482 2.6027572918683282 4.6129701845347881 1.6642346046864984 0.62750740349292744 0.79542028391733832 0.66454094275832165 0.27689178474247367
leaf_count=22 4 10 21 20 34 26 17 3 82 26 12
internal_value=-0.00133503 -0.0597117 0.00813968 -1.82236e-05 0.00572101 -0.00619065 0.0329642 -0.0873258 -0.0828255 -0.0814442 -0.0810831
internal_weight=23.7772 3.32023 20.457 16.5697 14.0261 9.75906 4.26699 2.71854 2.09103 1.73685 1.07231
internal_count=277 137 140 118 98 47 51 133 130 120 94
is_linear=0
shrinkage=0.1


Tree=131
num_leaves=7
num_cat=0
split_feature=6 1 5 0 5 1
split_gain=0.925787 1.67273 1.15653e-06 6.08736e-07 7.3266e-07 3.79338e-07
threshold=82.000000000000014 0.78656609248549303 24.450000000000003 0.91597561503675362 31.150000000000002 -0.12940952255126037
decision_type=2 2 2 2 2 2
left_child=1 2 -1 4 5 -4
right_child=-2 -3 3 -5 -6 -7
leaf_value=-0.080614672737355564 -0.066440529448190053 0.059385614695663495 -0.080200671184086525 -0.080535713326464725 -0.080512869691118122 -0.080363570296918013
leaf_weight=0.25749654509127118 1.7776475879363713 3.0099120438098907 0.29367879976052746 0.18914960417896509 0.17679653991945088 0.27852896787226245
leaf_count=31 14 16 113 24 26 53
internal_value=-0.00593743 0.0196366 -0.0804269 -0.0803754 -0.0803349 -0.08028
internal_weight=5.98321 4.20556 1.19565 0.938154 0.749004 0.572208
internal_count=277 263 247 216 192 166
is_linear=0
shrinkage=0.1


Tree=132
num_leaves=11
num_cat=0
split_feature=1 6 2 2 2 0 0 0 5 2
split_gain=0.374035 0.902242 0.814887 0.570053 1.15669 0.934193 0.891051 0.0176014 0.003314 1.91128e-05
threshold=-0.98296291314453399 57.300000000000004 -0.8783796973249266 1.0000000180025095e-35 0.87837969732492682 -0.91597561503675329 0.91597561503675362 0.91597561503675362 23.650000000000002 -0.60785761079279388
decision_type=2 2 2 2 2 2 2 2 2 2
left_child=-1 7 -3 6 5 -5 8 9 -4 -2
right_child=1 2 3 4 -6 -7 -8 -9 -10 -11
leaf_value=0.030128560342908218 -0.081659976960451491 0.06848844230823023 -0.090482494300726315 0.10391414236279149 -0.047921747854488418 -0.0043361687826442659 0.0027581402096467189 -0.10801272411021841 -0.082153287664148728 -0.082791073051363948
leaf_weight=3.7340638637542751 0.30139487027190626 1.5987858343869437 0.89928977470844795 1.6390751926228402 1.8617091150954364 1.5521713983034717 2.7475015372037888 0.47481405735015869 1.0189269965048877 0.29621398728340753
leaf_count=15 24 36 12 17 31 37 11 2 73 19
internal_value=0.00238494 -0.00597643 0.00233042 -0.00855301 0.0147194 0.0512629 -0.0337569 -0.09364 -0.0860581 -0.0822206
internal_weight=16.1239 12.3899 11.3175 9.71867 5.05296 3.19125 4.66572 1.07242 1.91822 0.597609
internal_count=277 262 217 181 85 54 96 45 85 43
is_linear=0
shrinkage=0.1


Tree=133
num_leaves=13
num_cat=0
split_feature=5 5 6 2 5 1 5 5 5 5 1 5
split_gain=0.723249 1.30282 0.967286 1.06055 0.815193 0.812599 0.255056 1.17955 0.131001 0.000155309 4.9993e-05 1.00348e-05
threshold=28.250000000000004 24.050000000000004 59.850000000000001 1.0000000180025095e-35 27.650000000000002 -0.98296291314453399 31.550000000000004 29.150000000000002 29.550000000000004 24.450000000000003 0.37940952255126026 26.350000000000005
decision_type=2 2 2 2 2 2 2 2 2 2 2 2
left_child=1 -1 5 8 9 -2 7 -7 -4 -3 11 -11
right_child=2 4 3 -5 -6 6 -8 -9 -10 10 -12 -13
leaf_value=0.010315485693826747 -0.057770485310399883 -0.084299754664724627 0.043994124718302191 0.1304923541933759 -0.012167930283074771 -0.039118729883456403 -0.013411443039369831 0.10049226020113598 -0.0019935784816524529 -0.082707410801972706 -0.082059548699711382 -0.0831981458026574
leaf_weight=8.932243227958681 1.9572969675064085 0.7235256209969515 1.2127036098390824 1.3563892496749756 3.1655707098543644 1.0601653279736627 1.3552260622382162 1.4100856734439728 1.2661567972972987 0.77479618415236495 0.93773528560996045 0.90155931562185287
leaf_count=34 9 14 27 25 18 13 11 36 16 21 32 21
internal_value=-0.00106188 -0.0144739 0.0204623 0.0594032 -0.0485225 -0.00536406 0.0214496 0.040575 0.0205044 -0.0830031 -0.0826443 -0.0829713
internal_weight=25.0535 15.4354 9.61802 3.83525 6.50319 5.78277 3.82548 2.47025 2.47886 3.33762 2.61409 1.67636
internal_count=277 140 137 68 106 69 60 49 43 88 74 42
is_linear=0
shrinkage=0.1


Tree=134
num_leaves=12
num_cat=0
split_feature=2 6 6 5 6 6 5 6 5 5 5
split_gain=0.483294 0.851027 0.822821 0.618154 1.22716 0.451385 0.0125101 0.00293904 0.00139885 0.000249418 7.75548e-06
threshold=1.0000000180025095e-35 90.600000000000009 83.100000000000009 23.650000000000002 56.650000000000013 50.650000000000006 32.45000000000001 83.100000000000009 24.050000000000004 23.850000000000005 24.250000000000004
decision_type=2 2 2 2 2 2 2 2 2 2 2
left_child=2 5 3 -1 -5 -2 8 9 -6 -7 -11
right_child=1 -3 -4 4 6 7 -8 -9 -10 10 -12
leaf_value=0.062971958846045617 0.070151634805863047 0.098537453931038091 0.11756872718918154 0.052049649757190487 -0.087860646114237828 -0.084318973789434315 -0.10990469097409623 -0.091990812806057559 -0.080382345132198468 -0.081665380198018847 -0.080629836298079627
leaf_weight=1.2782059647142889 0.21297381818294514 0.39582809060811985 0.81393590942025174 1.1565901903668421 0.63366835191845872 0.405634995549917 0.24757505953311909 0.54531470499932766 0.41325526544824243 0.092337592970579863 0.33364639547653496
leaf_count=12 3 2 4 32 7 7 1 5 118 5 81
internal_value=0.00848788 -0.0326655 0.026475 0.00659338 -0.0228072 -0.0653301 -0.0896892 -0.0862854 -0.0849087 -0.0825443 -0.0808543
internal_weight=6.52897 1.98574 4.54323 3.72929 2.45109 1.58991 1.2945 1.37693 1.04692 0.831619 0.425984
internal_count=277 103 174 170 158 101 126 98 125 93 86
is_linear=0
shrinkage=0.1


Tree=135
num_leaves=11
num_cat=0
split_feature=1 5 8 3 0 8 5 0 5 5
split_gain=1.28738 1.42055 1.04091 0.699586 1.54511 0.305587 0.130296 0.0132025 0.0017539 2.85789e-05
threshold=0.78656609248549303 28.250000000000004 1.0000000180025095e-35 -0.22252093395631442 -0.78656609248549303 1.0000000180025095e-35 24.050000000000004 0.91597561503675362 28.450000000000003 31.150000000000002
decision_type=2 2 2 2 2 2 2 2 2 2
left_child=1 3 -3 5 6 -1 -5 8 -4 -10
right_child=-2 2 7 4 -6 -7 -8 -9 9 -11
leaf_value=-0.030297911110089965 -0.086187066613789262 0.058123054558759546 -0.089295470033923116 -0.0089582703466502614 0.084002497444717036 0.010118193978231155 0.018034735453836492 -0.099893378122411447 -0.080954788956185408 -0.081838136098778491
leaf_weight=3.330046109855175 1.6591129489243019 0.62021260801703215 0.33410041313617922 3.5335146039724359 3.7423177994787737 4.2691915370523956 3.620536221191287 0.58927170932292927 0.93421030184254028 0.60243686754256487
leaf_count=16 24 4 10 12 20 37 31 3 94 26
internal_value=-0.00130261 0.00522473 -0.0576517 0.0156961 0.0319377 -0.00759246 0.0047024 -0.0868404 -0.0827288 -0.0813011
internal_weight=23.235 21.5758 3.08023 18.4956 10.8964 7.59924 7.15405 2.46002 1.87075 1.53665
internal_count=277 253 137 116 63 53 43 133 130 120
is_linear=0
shrinkage=0.1


Tree=136
num_leaves=7
num_cat=0
split_feature=5 1 5 0 5 1
split_gain=0.791776 1.87962 1.58525e-06 4.71914e-07 5.35671e-07 2.91099e-07
threshold=24.050000000000004 0.78656609248549303 24.450000000000003 0.91597561503675362 31.150000000000002 -0.12940952255126037
decision_type=2 2 2 2 2 2
left_child=-1 2 -2 4 5 -4
right_child=1 -3 3 -5 -6 -7
leaf_value=-0.041613512611345466 -0.080744031495753432 0.09210167247609452 -0.080180739401078172 -0.080490095573691522 -0.080465151298358337 -0.080330242753493694
leaf_weight=2.979640862904489 0.1112023680470885 1.8280707374215126 0.25868560862727474 0.17306466121226549 0.16009924956597388 0.26229196763597418
leaf_count=34 11 14 113 24 26 55
internal_value=-0.00575568 0.0324927 -0.0803889 -0.0803426 -0.0803052 -0.080256
internal_weight=5.77306 2.79341 0.965344 0.854141 0.681077 0.520978
internal_count=277 243 229 218 194 168
is_linear=0
shrinkage=0.1


Tree=137
num_leaves=9
num_cat=0
split_feature=5 5 6 5 6 6 6 2
split_gain=0.330157 0.493687 1.25947 1.24424 0.897176 1.93528 0.944348 0.0179199
threshold=24.250000000000004 26.350000000000005 71.850000000000009 26.650000000000002 68.600000000000009 61.350000000000001 56.650000000000013 -1.0000000180025095e-35
decision_type=2 2 2 2 2 2 2 2
left_child=-1 2 -2 -3 5 6 -5 -7
right_child=1 3 -4 4 -6 7 -8 -9
leaf_value=-0.036945231269692701 0.093353897574164679 -0.10298041759611579 -0.02750335172814233 -0.034202085941568858 0.078197069915741879 -0.11561235526389219 0.048760189694733301 -0.093980173093486441
leaf_weight=1.8660172950476415 1.9654142265208059 1.1132834539748717 1.5362520294729618 2.074769010068847 1.5552568391431121 0.62209599453490227 4.0509778705891222 0.9961347129428757
leaf_count=40 25 8 33 43 22 27 50 29
internal_value=0.00255274 0.00784978 0.0403314 -0.00307358 0.00888704 -0.0050328 0.0206612 -0.102296
internal_weight=15.7802 13.9142 3.50167 10.4125 9.29923 7.74398 6.12575 1.61823
internal_count=277 237 58 179 171 149 93 56
is_linear=0
shrinkage=0.1


Tree=138
num_leaves=9
num_cat=0
split_feature=0 5 5 6 6 2 5 3
split_gain=0.738217 0.836029 1.25814 3.12223 1.05182 0.93625 0.816843 0.0335592
threshold=0.91597561503675362 23.650000000000002 23.850000000000005 72.850000000000009 59.550000000000004 -0.60785761079279388 27.650000000000002 -1.0000000180025095e-35
decision_type=2 2 2 2 2 2 2 2
left_child=1 -1 -3 4 5 -4 -6 -5
right_child=-2 2 3 7 6 -7 -8 -9
leaf_value=-0.031267527323729373 -0.043102513224441558 0.077655573741253522 0.038466334654900951 -0.087683938371576564 0.00078846899274714703 -0.048118164398230252 0.080428203409588409 -0.11155290933828964
leaf_weight=4.6322652101516786 3.5617634858936063 2.8161763101816204 2.3701643096283078 1.1237085573375227 1.8895651679486034 2.6397595712915045 4.0446402709931135 1.2379754427820433
leaf_count=18 24 10 34 25 39 34 76 17
internal_value=-0.00104275 0.00617539 0.0169337 0.00408192 0.0265845 -0.00715557 0.0550694 -0.100196
internal_weight=24.316 20.7543 16.122 13.3058 10.9441 5.00992 5.93421 2.36168
internal_count=277 253 235 225 183 68 115 42
is_linear=0
shrinkage=0.1


Tree=139
num_leaves=10
num_cat=0
split_feature=2 6 6 6 6 5 6 5 0
split_gain=0.42506 0.581533 0.753686 1.22379 0.63808 0.949217 0.255035 0.557558 4.34921e-05
threshold=-0.8783796973249266 86.250000000000014 81.40000000000002 79.950000000000017 52.900000000000013 23.350000000000005 76.300000000000026 32.150000000000006 -0.3794095225512602
decision_type=2 2 2 2 2 2 2 2 2
left_child=6 2 3 4 -2 -6 7 8 -1
right_child=1 -3 -4 -5 5 -7 -8 -9 -10
leaf_value=-0.083210559960934224 0.0650466067421238 0.067998551879014546 -0.092534413771724278 0.17753390657927764 0.055735297754367509 -0.086955847414607157 0.12306072563192111 0.1009589875971581 -0.080708945049657171
leaf_weight=0.16095641057472676 0.71141118137165982 0.91842342913150776 1.0682017933577297 0.36224439740180958 0.66808989271521602 1.5427289588842539 0.43779640644788742 0.40290836989879608 0.12230711791198678
leaf_count=23 11 5 14 3 7 184 4 2 24
internal_value=0.0075944 -0.00431059 -0.019568 0.00416275 -0.0173286 -0.0438358 0.0634255 0.0253765 -0.0821304
internal_weight=6.39507 5.2711 4.35268 3.28447 2.92223 2.21082 1.12397 0.686172 0.283264
internal_count=277 224 219 205 202 191 53 49 47
is_linear=0
shrinkage=0.1


Tree=140
num_leaves=9
num_cat=0
split_feature=5 6 6 1 8 0 5 5
split_gain=1.19646 0.994708 1.37703 0.949839 0.81365 0.82943 1.64184e-05 5.00063e-05
threshold=23.100000000000005 81.65000000000002 77.050000000000011 -0.37940952255126015 1.0000000180025095e-35 -0.91597561503675329 31.150000000000002 28.250000000000004
decision_type=2 2 2 2 2 2 2 2
left_child=-1 2 3 6 -5 -6 7 -2
right_child=1 -3 -4 4 5 -7 -8 -9
leaf_value=0.074209406479054912 -0.082514848791089793 0.064712272410433702 -0.083913852886457363 -0.023279981789214203 0.00083607790720203296 0.066315279104020172 -0.081693162738075933 -0.080636056014077334
leaf_weight=1.9355774670839334 0.17576397210360528 1.7243912890553463 2.4909457378089419 6.5125492811202994 5.5465301610529414 2.9706054031848899 0.54999861074611545 0.73025230667553842
leaf_count=8 5 14 19 33 51 25 26 96
internal_value=-0.000976057 -0.00800601 -0.0146139 -0.00414281 0.0033282 0.0236739 -0.0812622 -0.0810005
internal_weight=22.6366 20.701 18.9766 16.4857 15.0297 8.51714 1.45601 0.906016
internal_count=277 269 255 236 109 76 127 101
is_linear=0
shrinkage=0.1


Tree=141
num_leaves=7
num_cat=0
split_feature=6 1 5 0 5 1
split_gain=0.839698 1.35219 8.33323e-07 3.75794e-07 4.40986e-07 2.23401e-07
threshold=82.000000000000014 0.78656609248549303 24.450000000000003 0.91597561503675362 31.150000000000002 -0.12940952255126037
decision_type=2 2 2 2 2 2
left_child=1 2 -1 4 5 -4
right_child=-2 -3 3 -5 -6 -7
leaf_value=-0.080534651945772501 -0.064442739197162452 0.055871171351679183 -0.080161283265167194 -0.080452359713202956 -0.080430578510131578 -0.080300843454347112
leaf_weight=0.22404860518872771 1.7065921339672057 2.7763617113232613 0.22893845301587146 0.15856107324361801 0.14631961984559894 0.22986127878539253
leaf_count=31 14 16 113 24 26 53
internal_value=-0.00625842 0.0201216 -0.0803651 -0.0803153 -0.0802794 -0.0802312
internal_weight=5.47068 3.76409 0.987729 0.76368 0.605119 0.4588
internal_count=277 263 247 216 192 166
is_linear=0
shrinkage=0.1


Tree=142
num_leaves=9
num_cat=0
split_feature=5 5 6 5 6 6 6 2
split_gain=0.298866 0.418759 1.03475 1.03213 0.762534 1.67079 0.814177 0.0176934
threshold=24.250000000000004 26.350000000000005 71.850000000000009 26.650000000000002 68.600000000000009 61.350000000000001 56.650000000000013 -0.60785761079279388
decision_type=2 2 2 2 2 2 2 2
left_child=-1 2 -2 -3 5 6 -5 -7
right_child=1 3 -4 4 -6 7 -8 -9
leaf_value=-0.035360168287374254 0.085376181895113298 -0.093760638043707309 -0.024605505226163112 -0.032815768723858434 0.073178120145897183 -0.11471743702724885 0.044773815451214789 -0.09175610876022916
leaf_weight=1.8166104075498886 1.9749284018762403 1.1032393858768035 1.5091385596897451 2.031775799347086 1.5247426654677836 0.51593636022880673 4.0447515733540058 0.96010909671895184
leaf_count=40 25 8 33 43 22 16 50 40
internal_value=0.0027467 0.00781273 0.0377371 -0.00242823 0.00867214 -0.00435058 0.0188306 -0.099782
internal_weight=15.4812 13.6646 3.48407 10.1806 9.07732 7.55257 6.07653 1.47605
internal_count=277 237 58 179 171 149 93 56
is_linear=0
shrinkage=0.1


Tree=143
num_leaves=9
num_cat=0
split_feature=0 5 5 6 6 5 5 6
split_gain=0.601649 0.724663 0.973917 2.70603 0.928762 1.00364 0.6511 0.00123541
threshold=0.91597561503675362 23.650000000000002 23.850000000000005 72.850000000000009 62.150000000000013 27.650000000000002 31.150000000000002 78.950000000000017
decision_type=2 2 2 2 2 2 2 2
left_child=1 -1 -3 4 6 -6 -4 -5
right_child=-2 2 3 7 5 -7 -8 -9
leaf_value=-0.029503912961850783 -0.039670728026848408 0.06828408467158853 0.028171376839383214 -0.10073528617847512 0.0052860092658142061 0.10489648584451156 -0.03642141552047639 -0.095932281324452279
leaf_weight=4.5832180231809678 3.4648095518350592 2.8754425048828116 3.6981202652677876 0.98072327114641611 1.7832372598350046 2.3372833048924804 2.699862627312541 1.1797331739217041
leaf_count=18 24 10 70 25 36 54 23 17
internal_value=-0.00117988 0.00544272 0.01574 0.00382361 0.0247609 0.0617881 0.000914088 -0.0981126
internal_weight=23.6024 20.1376 15.5544 12.679 10.5185 4.12052 6.39798 2.16046
internal_count=277 253 235 225 183 90 93 42
is_linear=0
shrinkage=0.1


Tree=144
num_leaves=12
num_cat=0
split_feature=0 6 6 8 5 5 5 5 5 5 3
split_gain=0.414863 0.627477 1.24715 0.577765 0.543966 0.806788 0.000152687 0.000138721 1.02937e-05 3.62832e-06 5.27735e-08
threshold=-0.78656609248549303 71.850000000000009 71.450000000000017 1.0000000180025095e-35 24.150000000000002 32.150000000000006 23.850000000000005 31.750000000000004 24.050000000000004 30.950000000000003 1.0000000180025095e-35
decision_type=2 2 2 2 2 2 2 2 2 2 2
left_child=1 2 6 -2 -5 7 -1 9 -8 -6 -10
right_child=3 -3 -4 4 5 -7 8 -9 10 -11 -12
leaf_value=-0.084372684752776983 -0.033062024747417089 -0.087569452145259186 0.16608972104025366 0.093740727250546885 -0.080281346100199213 0.059643487352018444 -0.081819735572393568 -0.08368383761748055 -0.08015899426686976 -0.080880293840236192 -0.080278433676726574
leaf_weight=0.23630038276314713 1.2950485036708412 0.98356128972955048 0.37170746689662337 1.3659917488694193 0.22012533113593225 1.1440952271223066 0.054218588396906853 0.21764915250241756 0.08351593668339774 0.18711457960307598 0.066408568061888218
leaf_count=4 37 24 5 8 93 6 2 5 44 24 25
internal_value=0.00669127 -0.0338542 0.0311982 0.0231264 0.0463376 0.00973342 -0.0826421 -0.0816458 -0.0806389 -0.0805565 -0.0802119
internal_weight=6.22574 1.79571 0.812151 4.43002 3.13498 1.76898 0.440443 0.624889 0.204143 0.40724 0.149925
internal_count=277 104 80 173 136 128 75 122 71 117 69
is_linear=0
shrinkage=0.1


Tree=145
num_leaves=11
num_cat=0
split_feature=5 2 6 2 5 1 0 5 5 1
split_gain=0.94943 1.07005 0.538132 0.714473 0.584485 0.41506 0.014368 0.00128286 1.05907e-05 8.79714e-06
threshold=28.250000000000004 -0.8783796973249266 74.350000000000009 1.0000000180025095e-35 23.950000000000003 -0.12940952255126037 0.91597561503675362 28.450000000000003 31.150000000000002 -0.5
decision_type=2 2 2 2 2 2 2 2 2 2
left_child=2 -2 3 5 -4 -1 7 -3 9 -9
right_child=1 6 4 -5 -6 -7 -8 8 -10 -11
leaf_value=0.014594606784227485 0.055429186224826558 -0.08932119368299761 -0.03886376631221624 -0.0081016532717169288 0.018245875470788226 0.063627038580914758 -0.099352787255825539 -0.080495245388797279 -0.081474065775397536 -0.081361455078951955
leaf_weight=3.2140403408557212 0.66163128940388594 0.23781331814825468 4.1808399986475697 5.1946355272084475 3.1364881880581379 3.7299258671700972 0.96085731685161579 0.35278129926882729 0.38238406786695123 0.1756077222526069
leaf_count=17 34 8 21 34 35 33 5 59 20 11
internal_value=-0.000763927 -0.0555276 0.00703598 0.0199485 -0.0143844 0.0409322 -0.0903295 -0.0827809 -0.0810732 -0.0807831
internal_weight=22.227 2.77108 19.4559 12.1386 7.31733 6.94397 2.10944 1.14859 0.910773 0.528389
internal_count=277 137 140 84 56 50 103 98 90 70
is_linear=0
shrinkage=0.1


Tree=146
num_leaves=7
num_cat=0
split_feature=5 1 5 0 5 1
split_gain=0.727373 1.04229 8.78776e-07 3.05632e-07 3.83837e-07 1.83555e-07
threshold=23.750000000000004 0.78656609248549303 24.450000000000003 0.91597561503675362 31.150000000000002 -0.12940952255126037
decision_type=2 2 2 2 2 2
left_child=-1 2 -2 4 5 -4
right_child=1 -3 3 -5 -6 -7
leaf_value=-0.064575598183478106 -0.080568919909638811 0.045663602755039084 -0.080143146510628968 -0.080422177911898818 -0.080405357163335273 -0.080275694363909023
leaf_weight=1.4722139823716132 0.13889173511415753 3.0005039200186729 0.20042105502216156 0.14631856372579932 0.13647338235750794 0.21824582898989309
leaf_count=22 18 19 113 24 26 55
internal_value=-0.00481234 0.0180951 -0.0803391 -0.0802936 -0.0802597 -0.0802122
internal_weight=5.31307 3.84085 0.840351 0.701459 0.55514 0.418667
internal_count=277 255 236 218 194 168
is_linear=0
shrinkage=0.1


Tree=147
num_leaves=11
num_cat=0
split_feature=1 6 2 2 2 0 6 0 5 5
split_gain=0.317933 0.776255 0.637193 0.478238 0.957594 0.781254 0.690932 0.0119183 0.00191617 3.03709e-05
threshold=-0.98296291314453399 57.300000000000004 -0.8783796973249266 1.0000000180025095e-35 0.87837969732492682 0.91597561503675362 69.950000000000017 0.91597561503675362 23.650000000000002 31.150000000000002
decision_type=2 2 2 2 2 2 2 2 2 2
left_child=-1 7 -3 5 6 8 -5 9 -4 -2
right_child=1 2 3 4 -6 -7 -8 -9 -10 -11
leaf_value=0.028744875047150138 -0.081211792010642186 0.062548358691978043 -0.089015371902620821 0.0037623612512626458 -0.044657235697532209 0.0020709946231472222 0.097667668388045747 -0.10436654028794852 -0.082250653937994064 -0.082766758392777709
leaf_weight=3.4745429903268823 0.28008927369955827 1.4941037533571933 0.78038492053746977 1.7213983305264267 1.8137035546824334 2.5962236076593399 1.4381153266876934 0.44200466573238373 0.90354608395136893 0.22773822792805731
leaf_count=15 30 36 12 34 31 11 20 2 73 13
internal_value=0.00218398 -0.00570561 0.00195264 -0.00783151 0.0132588 -0.0323369 0.0465052 -0.0923597 -0.0853856 -0.0819091
internal_weight=15.1719 11.6973 10.7475 9.25337 4.97322 4.28015 3.15951 0.949832 1.68393 0.507828
internal_count=277 262 217 181 85 96 54 45 85 43
is_linear=0
shrinkage=0.1


Tree=148
num_leaves=9
num_cat=0
split_feature=0 5 5 6 6 2 1 3
split_gain=0.486394 0.58268 0.814873 2.3627 0.841304 0.795827 0.717015 0.0161252
threshold=0.91597561503675362 23.650000000000002 23.850000000000005 72.850000000000009 59.550000000000004 -0.60785761079279388 -0.12940952255126037 -1.0000000180025095e-35
decision_type=2 2 2 2 2 2 2 2
left_child=1 -1 -3 4 5 -4 -6 -5
right_child=-2 2 3 7 6 -7 -8 -9
leaf_value=-0.026558287815049583 -0.036048020254675316 0.062179782472330192 0.035900825710665725 -0.086420872147282543 0.081756577353888998 -0.046930175839323532 0.0087658858529941468 -0.10438942485543533
leaf_weight=4.4871935099363389 3.3762195184826842 2.8946608603000632 2.1685375981032848 0.93683043587952886 3.0402647359296697 2.4938960643485171 2.4148071343079192 1.0697089852765191
leaf_count=18 24 10 34 25 74 34 41 17
internal_value=-0.00100401 0.00506165 0.0145089 0.00312725 0.0227865 -0.00840477 0.0494456 -0.0960001
internal_weight=22.8821 19.5059 15.0187 12.124 10.1175 4.66243 5.45507 2.00654
internal_count=277 253 235 225 183 68 115 42
is_linear=0
shrinkage=0.1


Tree=149
num_leaves=12
num_cat=0
split_feature=2 6 6 5 6 6 5 6 5 5 5
split_gain=0.396544 0.618624 0.512059 0.470537 0.949183 0.333143 0.00695119 0.00245742 0.000867109 0.000150302 3.41795e-06
threshold=1.0000000180025095e-35 90.600000000000009 83.100000000000009 23.650000000000002 56.650000000000013 50.650000000000006 32.45000000000001 83.100000000000009 24.050000000000004 23.850000000000005 24.250000000000004
decision_type=2 2 2 2 2 2 2 2 2 2 2
left_child=2 5 3 -1 -5 -2 8 9 -6 -7 -11
right_child=1 -3 -4 4 6 7 -8 -9 -10 10 -12
leaf_value=0.050831863117628877 0.059239828482681126 0.076788197572890238 0.090599154766488915 0.045037781069285826 -0.086845296235176311 -0.083730325970581707 -0.10426193779289164 -0.091499542568085623 -0.080332895407140739 -0.08132574582507246 -0.080554332636765036
leaf_weight=1.3414884172379973 0.1817532218992709 0.38563900440931309 0.86015799269080151 1.0187118652975189 0.575084328651428 0.34142715483903863 0.223189577460289 0.50635350402444601 0.31723426654934883 0.074361868668347597 0.25235902442364022
leaf_count=12 3 2 4 32 7 7 1 5 118 5 81
internal_value=0.00532878 -0.0349709 0.0215188 0.00442298 -0.0247479 -0.0667485 -0.088478 -0.0862452 -0.08453 -0.0822631 -0.0807299
internal_weight=6.07776 1.74189 4.33587 3.47571 2.13422 1.35625 1.11551 1.1745 0.892319 0.668148 0.326721
internal_count=277 103 174 170 158 101 126 98 125 93 86
is_linear=0
shrinkage=0.1


Tree=150
num_leaves=9
num_cat=0
split_feature=5 6 5 5 2 8 6 0
split_gain=0.900205 0.845271 1.25726 0.995394 0.986529 0.483784 1.05249 0.0119768
threshold=23.100000000000005 81.65000000000002 24.050000000000004 28.250000000000004 -0.8783796973249266 1.0000000180025095e-35 63.050000000000004 0.91597561503675362
decision_type=2 2 2 2 2 2 2 2
left_child=-1 2 -2 5 -5 -4 -7 -6
right_child=1 -3 3 4 7 6 -8 -9
leaf_value=0.065347516622378032 -0.060741871770559501 0.060135038629878602 -0.016820866125454838 0.050342396281783663 -0.082507177629545028 0.089737608282781989 0.0061753215762930377 -0.09817433610515533
leaf_weight=1.8895792514085794 4.2622189559042516 1.7184645533561695 3.444195169955492 0.67460990790278286 1.0378719931468303 2.047112559899686 5.7160250321030617 0.92084908485412587
leaf_count=8 19 14 21 34 98 16 62 5
internal_value=-0.000602606 -0.00688967 -0.0132522 0.00137224 -0.0539523 0.0143716 0.0282104 -0.0898727
internal_weight=21.7109 19.8213 18.1029 13.8407 2.63333 11.2073 7.76314 1.95872
internal_count=277 269 255 236 137 99 78 103
is_linear=0
shrinkage=0.1


Tree=151
num_leaves=7
num_cat=0
split_feature=6 1 5 0 5 1
split_gain=0.754693 1.14062 5.117e-07 2.6046e-07 3.03698e-07 1.41904e-07
threshold=82.000000000000014 0.78656609248549303 24.450000000000003 0.91597561503675362 31.150000000000002 -0.12940952255126037
decision_type=2 2 2 2 2 2
left_child=1 2 -1 4 5 -4
right_child=-2 -3 3 -5 -6 -7
leaf_value=-0.08045898861982137 -0.059352544728322978 0.05485270580779103 -0.080128224234031264 -0.080394580907746899 -0.080373216059738239 -0.080252412868380765
leaf_weight=0.1906472998671237 1.6652687583118675 2.6209914982318878 0.17758507374674093 0.13582514738664031 0.12450374872423708 0.19093557097949077
leaf_count=31 14 16 113 24 26 53
internal_value=-0.00409102 0.0226567 -0.0803155 -0.080272 -0.0802382 -0.0801926
internal_weight=5.10576 3.44049 0.819497 0.62885 0.493024 0.368521
internal_count=277 263 247 216 192 166
is_linear=0
shrinkage=0.1


Tree=152
num_leaves=10
num_cat=0
split_feature=1 6 2 6 2 0 2 0 2
split_gain=0.278306 0.720079 0.586277 0.479117 0.48599 0.568839 0.395178 0.00939901 1.39379e-05
threshold=-0.98296291314453399 57.300000000000004 -0.8783796973249266 76.300000000000026 1.0000000180025095e-35 0.91597561503675362 0.87837969732492682 0.91597561503675362 -1.0000000180025095e-35
decision_type=2 2 2 2 2 2 2 2 2
left_child=-1 7 -3 4 5 -4 -6 8 -2
right_child=1 2 3 -5 6 -7 -8 -9 -10
leaf_value=0.027128688105350129 -0.081319886259090868 0.060131565651171427 -0.085051230051148577 -0.06115595508334376 0.049943914906959659 0.0013540356916671977 -0.015787422230604736 -0.10234532903532474 -0.082411674172102461
leaf_weight=3.416349172592164 0.25687487493269145 1.4859687096904952 1.0779337685089543 1.4120243834331629 2.5582798980176449 2.5989333689212799 1.4235981794772672 0.42323653399944305 0.2146242477465411
leaf_count=15 27 36 66 40 39 11 25 2 16
internal_value=0.00207987 -0.00539301 0.00190731 -0.00763096 0.00223731 -0.0239771 0.0264437 -0.0915274 -0.0818169
internal_weight=14.8678 11.4515 10.5567 9.07077 7.65875 3.67687 3.98188 0.894736 0.471499
internal_count=277 262 217 181 141 77 64 45 43
is_linear=0
shrinkage=0.1


Tree=153
num_leaves=10
num_cat=0
split_feature=0 5 5 5 6 5 6 5 0
split_gain=0.458774 0.506877 0.648741 1.85292 0.860075 0.58854 0.412828 0.000112304 3.53099e-05
threshold=0.91597561503675362 23.650000000000002 24.050000000000004 27.650000000000002 62.150000000000013 31.150000000000002 68.600000000000009 24.450000000000003 -0.91597561503675329
decision_type=2 2 2 2 2 2 2 2 2
left_child=1 -1 -3 7 5 -5 -6 -4 -9
right_child=-2 2 3 4 6 -7 -8 8 -10
leaf_value=-0.024771780349406299 -0.035405546076569261 0.047002836683751728 -0.083632350948093709 0.029276278822572402 0.10898491754816371 -0.034695731192907892 0.022606815279317717 -0.0823646031926627 -0.08140238556300268
leaf_weight=4.4189483374357286 3.3226575553417197 4.2068456262350074 0.5536962747573847 3.3501858403906208 1.3662053043954077 2.5197795797139406 0.92990550305694331 0.94997269846498977 0.63716967683285441
leaf_count=18 24 16 14 65 43 23 12 30 32
internal_value=-0.00113307 0.00488169 0.0139102 0.000403145 0.0221126 0.00181524 0.0740025 -0.0824061 -0.0819783
internal_weight=22.2554 18.9327 14.5138 10.3069 8.16608 5.86997 2.29611 2.14084 1.58714
internal_count=277 253 235 219 143 88 55 76 62
is_linear=0
shrinkage=0.1


Tree=154
num_leaves=10
num_cat=0
split_feature=2 6 6 6 6 5 6 0 3
split_gain=0.381985 0.429074 0.671006 0.789858 0.462466 0.962709 0.134382 0.0826813 3.75131e-05
threshold=-0.8783796973249266 86.250000000000014 81.40000000000002 79.950000000000017 71.850000000000009 23.350000000000005 76.300000000000026 0.37940952255126054 -0.22252093395631442
decision_type=2 2 2 2 2 2 2 2 2
left_child=6 2 3 4 5 -2 7 -1 -6
right_child=1 -3 -4 -5 8 -7 -8 -9 -10
leaf_value=-0.0025286899706635606 0.14809807390565016 0.056707694306048377 -0.092975614087190878 0.12880713799256086 -0.084906968163059621 -0.028400141172209903 0.10050474544846751 0.07407853434571679 -0.086338880298668153
leaf_weight=0.3522748688701538 0.38941882550716478 0.87025536596775044 0.9741934579797088 0.42512767016887654 0.3726214817725122 1.497233870992204 0.45521492883563042 0.23478357132989913 0.35944521386409167
leaf_count=36 3 5 14 3 15 158 4 13 26
internal_value=0.00476591 -0.006953 -0.0207411 0.00237783 -0.0181469 0.00803037 0.059728 0.028109 -0.08561
internal_weight=5.93057 4.8883 4.01804 3.04385 2.61872 1.88665 1.04227 0.587058 0.732067
internal_count=277 224 219 205 202 161 53 49 41
is_linear=0
shrinkage=0.1


Tree=155
num_leaves=11
num_cat=0
split_feature=5 2 6 2 2 1 0 5 5 1
split_gain=0.75892 0.902537 0.501662 0.587768 0.547408 0.371009 0.00978809 0.000684114 9.05021e-06 3.13132e-06
threshold=28.250000000000004 -0.8783796973249266 74.350000000000009 1.0000000180025095e-35 1.0000000180025095e-35 -0.12940952255126037 0.91597561503675362 28.450000000000003 31.150000000000002 -0.5
decision_type=2 2 2 2 2 2 2 2 2 2
left_child=2 -2 3 5 -4 -1 7 -3 9 -9
right_child=1 6 4 -5 -6 -7 -8 8 -10 -11
leaf_value=0.013675299262622712 0.04502291810714816 -0.087563565084705558 -0.037771546031307189 -0.0068874058393319244 0.018882340708411324 0.060963765263673288 -0.096998159088884442 -0.08040420288270439 -0.081296072842902134 -0.080998024456692852
leaf_weight=3.1628722418099677 0.68928571091964874 0.19508262630551942 4.1982391383498898 5.0034023057669401 2.8723805956542492 3.4895894788205641 0.87721163034439087 0.27924746158532809 0.33123415289446712 0.13020598888397206
leaf_count=17 34 8 32 34 24 33 5 59 20 11
internal_value=-0.00065331 -0.0523779 0.00625823 0.019006 -0.0147564 0.0384808 -0.0894092 -0.0822951 -0.0809074 -0.080593
internal_weight=21.2288 2.50227 18.7265 11.6559 7.07062 6.65246 1.81298 0.93577 0.740688 0.409453
internal_count=277 137 140 84 56 50 103 98 90 70
is_linear=0
shrinkage=0.1


Tree=156
num_leaves=7
num_cat=0
split_feature=5 1 5 0 5 1
split_gain=0.668503 0.874315 5.23154e-07 2.19651e-07 2.595e-07 1.08449e-07
threshold=23.750000000000004 0.78656609248549303 24.450000000000003 0.91597561503675362 31.150000000000002 -0.12940952255126037
decision_type=2 2 2 2 2 2
left_child=-1 2 -2 4 5 -4
right_child=1 -3 3 -5 -6 -7
leaf_value=-0.060598598267610097 -0.080484691858144261 0.044780025479367928 -0.08011451305579248 -0.080369276693238359 -0.080348824741055272 -0.080228486862107512
leaf_weight=1.424970176303759 0.11662016576156053 2.8713577315211296 0.15646794962231081 0.12591381859965622 0.11602347553707659 0.17898946907371271
leaf_count=22 18 19 113 24 26 55
internal_value=-0.00270427 0.0204343 -0.0802915 -0.0802525 -0.0802199 -0.0801753
internal_weight=4.99034 3.56537 0.694015 0.577395 0.451481 0.335457
internal_count=277 255 236 218 194 168
is_linear=0
shrinkage=0.1


Tree=157
num_leaves=13
num_cat=0
split_feature=1 1 2 2 2 0 6 5 0 5 5 6
split_gain=0.262324 0.61451 0.415762 0.429041 0.746441 0.533195 0.1214 0.00104627 4.129e-05 6.77386e-06 5.24225e-06 2.67475e-08
threshold=-0.98296291314453399 -0.37940952255126015 -0.8783796973249266 1.0000000180025095e-35 0.87837969732492682 -1.0000000180025095e-35 68.050000000000011 23.650000000000002 0.12940952255126059 30.750000000000004 31.450000000000003 59.850000000000001
decision_type=2 2 2 2 2 2 2 2 2 2 2 2
left_child=-1 8 -3 5 6 7 -5 -4 10 -10 11 -2
right_child=1 2 3 4 -6 -7 -8 -9 9 -11 -12 -13
leaf_value=0.026248198258806001 -0.08024126329622519 0.050108155602392457 -0.087949680205149788 0.02111502102816885 -0.0397964154692384 -0.006451123665304849 0.061131482354210009 -0.082112563015202353 -0.0817632137523404 -0.082399870237125819 -0.08104775929859015 -0.080150534326085876
leaf_weight=3.3688636273145685 0.092764141387305155 1.508798534516244 0.67851990088820124 1.3822274114936592 1.6859465248417107 2.7820346951484693 1.6790698999539015 0.56093941698782146 0.35823955223895609 0.31325075961649418 0.15623438637703657 0.050010625214781612
leaf_count=15 28 19 12 16 22 12 24 45 27 15 14 28
internal_value=0.00176952 -0.00556201 0.00162055 -0.0067225 0.0136364 -0.0307555 0.0430634 -0.085308 -0.081625 -0.0820602 -0.0806475 -0.0802095
internal_weight=14.6169 11.248 10.2775 8.76874 4.74724 4.02149 3.0613 1.23946 0.970499 0.67149 0.299009 0.142775
internal_count=277 262 150 131 62 69 40 57 112 42 70 56
is_linear=0
shrinkage=0.1


Tree=158
num_leaves=9
num_cat=0
split_feature=6 5 0 0 1 1 5 5
split_gain=0.415318 2.1244 0.607792 0.591792 0.557643 0.601007 0.807095 0.592583
threshold=74.350000000000009 23.850000000000005 0.91597561503675362 -0.78656609248549303 -0.98296291314453399 -0.12940952255126037 31.750000000000004 25.150000000000002
decision_type=2 2 2 2 2 2 2 2
left_child=1 -1 4 -2 -3 6 -6 -7
right_child=3 2 -4 -5 5 7 -8 -9
leaf_value=-0.10665856079623513 0.057575939704968875 -0.018194695994841262 -0.033269721594319943 -0.0035948081734757014 0.085707881936433805 0.056553395022709924 -0.018667930308329906 -0.037624994008906051
leaf_weight=1.9815711528062845 2.5571662057191133 3.1034061126410952 3.2120170518755904 4.1453313706442705 2.8664270653389385 1.0768741080537445 0.9990500584244727 1.7600958980619905
leaf_count=9 17 15 23 39 115 16 9 34
internal_value=-0.000951432 -0.0101989 0.00448415 0.0197433 0.0168508 0.0330778 0.0587315 -0.0018762
internal_weight=21.7019 14.9994 13.0179 6.7025 9.80585 6.70245 3.86548 2.83697
internal_count=277 221 212 56 189 174 124 50
is_linear=0
shrinkage=0.1


Tree=159
num_leaves=13
num_cat=0
split_feature=0 6 6 2 5 6 5 5 6 5 5 3
split_gain=0.351794 0.542673 0.885644 0.420571 0.437338 0.810925 0.0946459 0.00421692 0.000822751 0.0001241 5.81633e-06 4.0263e-08
threshold=-0.78656609248549303 71.850000000000009 71.450000000000017 -0.8783796973249266 23.950000000000003 52.900000000000013 29.150000000000002 32.45000000000001 81.65000000000002 23.850000000000005 24.050000000000004 1.0000000180025095e-35
decision_type=2 2 2 2 2 2 2 2 2 2 2 2
left_child=1 2 9 6 -5 -6 -2 8 -7 -1 -11 -12
right_child=3 -3 -4 4 5 7 -8 -9 -10 10 11 -13
leaf_value=-0.084171414007618184 0.11648784346086392 -0.087745751351718915 0.12772635645616087 0.039426941272521755 0.058034104205847904 -0.080900070491372184 0.050376213991789189 -0.10055693219438624 -0.087264830896715911 -0.081513408117814129 -0.080128048346955874 -0.080245665264751839
leaf_weight=0.22673306614160516 0.40679725614609186 0.90113136195577681 0.41131330188363791 1.6499007772654297 0.60785628505982447 0.36128322724834994 0.46301197266438976 0.20329852402210236 0.46385710127651691 0.045477565377950668 0.064162744267378002 0.053267779614543542
leaf_count=4 14 24 5 13 9 102 26 1 8 2 44 25
internal_value=0.00378062 -0.0345118 0.0253801 0.0194632 0.00309708 -0.0335349 0.0812957 -0.0876565 -0.0844781 -0.0826587 -0.0805532 -0.0801814
internal_weight=5.85809 1.70209 0.800954 4.15601 3.2862 1.6363 0.869809 1.02844 0.82514 0.389641 0.162908 0.117431
internal_count=277 104 80 173 133 120 40 111 110 75 71 69
is_linear=0
shrinkage=0.1


Tree=160
num_leaves=9
num_cat=0
split_feature=5 6 5 1 6 5 5 5
split_gain=0.673835 0.754743 1.11781 0.807953 0.164947 0.299096 1.53156e-05 1.82898e-05
threshold=23.100000000000005 81.65000000000002 24.050000000000004 -0.37940952255126015 64.90000000000002 26.650000000000002 28.350000000000005 31.450000000000003
decision_type=2 2 2 2 2 2 2 2
left_child=-1 2 -2 6 -5 -6 -4 -8
right_child=1 -3 3 4 5 -7 7 -9
leaf_value=0.057399232322661212 -0.057875661415467627 0.057269099322107359 -0.082033127492183125 -0.0031283478901772501 0.033883193737562017 -0.014426145821867237 -0.080586576129025811 -0.081496258443786163
leaf_weight=1.8312246985733533 4.1165163703262868 1.7079108115285624 0.14982315106318 5.6375925401225597 4.5800391379743814 1.779535027220845 0.56341745355166495 0.36368589568883181
leaf_count=8 19 14 7 39 52 18 99 21
internal_value=-0.000520022 -0.00613227 -0.0124313 0.00187736 0.00932538 0.0203653 -0.081095 -0.0809434
internal_weight=20.7297 18.8985 17.1906 13.0741 11.9972 6.35957 1.07693 0.927103
internal_count=277 269 255 236 109 70 127 120
is_linear=0
shrinkage=0.1


Tree=161
num_leaves=7
num_cat=0
split_feature=6 1 5 0 5 1
split_gain=0.661995 0.935853 3.27775e-07 1.90151e-07 1.74659e-07 8.79345e-08
threshold=82.000000000000014 0.78656609248549303 24.450000000000003 0.91597561503675362 31.150000000000002 -0.12940952255126037
decision_type=2 2 2 2 2 2
left_child=1 2 -1 4 5 -4
right_child=-2 -3 3 -5 -6 -7
leaf_value=-0.080396075974571254 -0.054427484917529814 0.052297783299728041 -0.080101506070396261 -0.080345371321749889 -0.080311909013787763 -0.080211404812841502
leaf_weight=0.16298891487531397 1.6234385515563188 2.5005559772253036 0.1348841785802507 0.11694459314458072 0.10355375858489424 0.15819890634156752
leaf_count=31 14 16 113 24 26 53
internal_value=-0.00247807 0.0240669 -0.0802725 -0.0802333 -0.0802003 -0.0801608
internal_weight=4.80056 3.17713 0.67657 0.513581 0.396637 0.293083
internal_count=277 263 247 216 192 166
is_linear=0
shrinkage=0.1


Tree=162
num_leaves=10
num_cat=0
split_feature=6 6 5 5 5 6 6 6 6
split_gain=0.225954 0.690753 0.35286 0.825801 0.59114 0.432519 1.20171 0.572834 0.00410882
threshold=76.300000000000026 72.850000000000009 26.350000000000005 26.650000000000002 24.900000000000002 61.350000000000001 68.600000000000009 56.650000000000013 77.800000000000026
decision_type=2 2 2 2 2 2 2 2 2
left_child=1 2 4 -4 -1 7 -7 -5 -2
right_child=8 -3 3 5 -6 6 -8 -9 -10
leaf_value=-0.012875235169096142 -0.038677951889258683 0.081310327630742571 -0.093723786887863217 -0.030895222034741626 0.081716371795352336 -0.098020104284918627 0.054462700892221133 0.036722039428433433 -0.028651771268413881
leaf_weight=1.4317305539734655 0.7849495084956295 1.1115922173485149 1.0569738659542034 1.8535974363330749 1.2267553238198159 1.3064997833571399 0.855117548839189 3.8660510786576197 0.85281898966059089
leaf_count=20 9 18 7 43 21 56 18 50 35
internal_value=0.00150203 0.00600734 -0.00121075 -0.0107239 0.030774 0.000407389 -0.0376992 0.0148089 -0.0334571
internal_weight=14.3461 12.7083 11.5967 8.93824 2.65849 7.88127 2.16162 5.71965 1.63777
internal_count=277 233 215 174 41 167 74 93 44
is_linear=0
shrinkage=0.1


Tree=163
num_leaves=9
num_cat=0
split_feature=0 5 5 6 6 2 1 2
split_gain=0.377891 0.408083 0.559493 1.99128 0.744524 0.773263 0.552788 0.0169096
threshold=0.91597561503675362 23.650000000000002 23.850000000000005 72.850000000000009 59.550000000000004 -0.60785761079279388 -0.12940952255126037 -0.60785761079279388
decision_type=2 2 2 2 2 2 2 2
left_child=1 -1 -3 4 5 -4 -6 -5
right_child=-2 2 3 7 6 -7 -8 -9
leaf_value=-0.022254924847214565 -0.032558011945176539 0.052502719238618503 0.036073522506886571 -0.10567877700590492 0.080029456181590186 -0.04980444659093225 0.012141414061571263 -0.085927487244261538
leaf_weight=4.2644581049680772 3.2010218221694222 2.8605225533246985 1.9951529391109941 0.78312206268310547 2.5837634892668588 2.2097556274384242 2.2386300843209015 0.97076707892119773
leaf_count=18 24 10 34 11 74 34 41 31
internal_value=-0.000911537 0.00474579 0.0131863 0.0027547 0.0216979 -0.00905691 0.0485148 -0.0947466
internal_weight=21.1072 17.9062 13.6417 10.7812 9.0273 4.20491 4.82239 1.75389
internal_count=277 253 235 225 183 68 115 42
is_linear=0
shrinkage=0.1


Tree=164
num_leaves=7
num_cat=0
split_feature=5 5 6 5 6 6
split_gain=0.341065 0.838823 0.000659299 0.000177972 3.04811e-06 4.31146e-06
threshold=32.150000000000006 24.050000000000004 86.250000000000014 31.750000000000004 79.950000000000017 56.000000000000007
decision_type=2 2 2 2 2 2
left_child=1 -1 3 4 5 -3
right_child=-2 2 -4 -5 -6 -7
leaf_value=0.01610813125071622 0.057367489885002954 -0.080840285380831517 -0.086961381516428488 -0.083834103418101602 -0.08118613951720903 -0.080250672599889036
leaf_weight=3.5862700287252665 0.97657510638236988 0.17962599277961977 0.27592674642801285 0.21407459117472172 0.059256586944684386 0.40062412546831183
leaf_count=34 6 28 3 5 6 195
internal_value=0.00357811 -0.00756096 -0.082712 -0.0813384 -0.080503 -0.0804332
internal_weight=5.69235 4.71578 1.12951 0.853581 0.639507 0.58025
internal_count=277 271 237 234 229 223
is_linear=0
shrinkage=0.1


Tree=165
num_leaves=11
num_cat=0
split_feature=5 2 6 2 2 3 0 5 5 1
split_gain=0.599765 0.909178 0.449597 0.501382 0.466209 0.320437 0.00777961 0.000666726 5.37907e-06 1.81232e-06
threshold=28.250000000000004 -0.8783796973249266 74.350000000000009 1.0000000180025095e-35 1.0000000180025095e-35 1.0000000180025095e-35 0.91597561503675362 28.350000000000005 31.150000000000002 -0.5
decision_type=2 2 2 2 2 2 2 2 2 2
left_child=2 -2 3 5 -4 -1 7 -3 9 -9
right_child=1 6 4 -5 -6 -7 -8 8 -10 -11
leaf_value=0.016479665502896715 0.050636970606468858 -0.0881769439580561 -0.036306461017727602 -0.006197952865321453 0.016685154745528081 0.061751740158373397 -0.096139102225320947 -0.080329142894902672 -0.0810881687718122 -0.080814852757344929
leaf_weight=3.5620997510850483 0.65011773654259775 0.15072208654601016 4.0660254377871743 4.9127697870135307 2.8059247210621834 2.7864318583160639 0.84114862978458405 0.22683948802296083 0.27353698178194463 0.11615937366150308
leaf_count=29 34 3 32 34 24 21 5 63 20 12
internal_value=-0.000564587 -0.0491592 0.00548795 0.0177884 -0.0146692 0.03635 -0.0894969 -0.0822149 -0.0807574 -0.0804936
internal_weight=20.3918 2.25852 18.1333 11.2613 6.87195 6.34853 1.60841 0.767258 0.616536 0.342999
internal_count=277 137 140 84 56 50 103 98 95 75
is_linear=0
shrinkage=0.1


Tree=166
num_leaves=7
num_cat=0
split_feature=5 1 5 0 5 1
split_gain=0.629204 1.1222 3.29044e-07 1.58319e-07 1.48642e-07 6.48258e-08
threshold=24.050000000000004 0.78656609248549303 24.450000000000003 0.91597561503675362 31.150000000000002 -0.12940952255126037
decision_type=2 2 2 2 2 2
left_child=-1 2 -2 4 5 -4
right_child=1 -3 3 -5 -6 -7
leaf_value=-0.032051944178366286 -0.08045485814976866 0.089932003127535992 -0.080092241350127033 -0.080322714326554967 -0.080292302435197069 -0.080191064484334357
leaf_weight=2.773789195343852 0.066019329475238586 1.3864042535424232 0.12013664501137067 0.10816133813932538 0.095151240704581141 0.14834257774055037
leaf_count=34 11 14 113 24 26 55
internal_value=-0.00157094 0.0423679 -0.0802458 -0.0802165 -0.0801849 -0.0801468
internal_weight=4.698 1.92422 0.537811 0.471792 0.36363 0.268479
internal_count=277 243 229 218 194 168
is_linear=0
shrinkage=0.1


Tree=167
num_leaves=10
num_cat=0
split_feature=2 6 6 6 5 5 3 6 6
split_gain=0.223352 0.671167 2.08296 0.978778 0.450726 0.815464 0.934959 0.601111 1.07817
threshold=0.87837969732492682 60.550000000000004 59.550000000000004 56.650000000000013 24.250000000000004 26.950000000000003 -0.56174490092936669 61.350000000000001 69.15000000000002
decision_type=2 2 2 2 2 2 2 2 2
left_child=1 2 3 -1 -3 6 -6 -7 -9
right_child=-2 4 -4 -5 5 7 -8 8 -10
leaf_value=-0.028545608424912029 -0.029618061094487322 -0.026017449166224966 -0.13584748666940535 0.087202537556693716 0.0058450207911739105 0.061609294699730824 0.10717655604150032 -0.096590181845600365 0.061974643641276264
leaf_weight=1.7728397725149974 1.9577436094405136 1.4757877462543545 1.2168633784167466 1.2426299104699863 1.5485806574579331 0.88117132987827096 2.2100132976192981 1.175380222906824 0.67512499238364387
leaf_count=39 37 36 13 24 29 8 27 50 14
internal_value=0.00173613 0.00676823 -0.0254125 0.0191525 0.0238657 0.0352084 0.0654269 -0.00637016 -0.0387405
internal_weight=14.1561 12.1984 4.23233 3.01547 7.96606 6.49027 3.75859 2.73168 1.85051
internal_count=277 240 76 63 164 128 56 72 64
is_linear=0
shrinkage=0.1


Tree=168
num_leaves=10
num_cat=0
split_feature=6 5 0 0 6 2 1 2 5
split_gain=0.40795 1.81892 0.460965 0.452132 0.436626 0.706352 0.702331 0.663882 0.531737
threshold=74.350000000000009 23.850000000000005 0.91597561503675362 -0.78656609248549303 59.550000000000004 1.0000000180025095e-35 -0.12940952255126037 -0.60785761079279388 27.650000000000002
decision_type=2 2 2 2 2 2 2 2 2
left_child=1 -1 4 -2 7 6 -6 -3 -7
right_child=3 2 -4 -5 5 8 -8 -9 -10
leaf_value=-0.10375696261874889 0.052583442420751005 0.033293976084045128 -0.029920271650413194 -0.0013785866704929736 0.029803928803673548 0.027035941473770371 -0.088976041254019131 -0.047740632855430412 0.11850389578856085
leaf_weight=1.825473472476008 2.5391783379018307 1.9068928016349671 3.1110357306897631 3.9966517295688382 1.7596416284795839 1.3104460183531048 0.69418486393988255 2.1518832319416088 1.2340993871912358
leaf_count=9 17 34 23 39 48 21 24 34 28
internal_value=-0.00104098 -0.0106748 0.00328939 0.0195857 0.0146966 0.0344819 -0.0037988 -0.00966898 0.0713977
internal_weight=20.5295 13.9937 12.1682 6.53583 9.05715 4.99837 2.45383 4.05878 2.54455
internal_count=277 221 212 56 189 121 72 68 49
is_linear=0
shrinkage=0.1


Tree=169
num_leaves=13
num_cat=0
split_feature=0 6 5 2 5 6 5 5 6 5 5 6
split_gain=0.306947 0.49163 0.77834 0.372014 0.342658 0.678491 0.133132 0.00336942 0.000523036 0.000268866 4.12696e-06 3.34556e-07
threshold=-0.78656609248549303 71.850000000000009 23.350000000000005 -0.8783796973249266 23.950000000000003 52.900000000000013 24.650000000000002 32.45000000000001 81.65000000000002 23.850000000000005 24.050000000000004 69.750000000000014
decision_type=2 2 2 2 2 2 2 2 2 2 2 2
left_child=1 2 -1 6 -5 -6 -2 8 -7 -4 -11 -12
right_child=3 -3 9 4 5 7 -8 -9 -10 10 11 -13
leaf_value=0.11605714477117501 0.12059633228153928 -0.087306845800018323 -0.085993038227402493 0.032679157314913575 0.053899814100610149 -0.080794563259080451 0.040753058851686064 -0.098848199999644157 -0.086288953936754745 -0.081396325535937591 -0.080131194545669415 -0.080483674356062809
leaf_weight=0.4187335632741449 0.37987470626831088 0.83468590048141778 0.20237837731838226 1.6749493367969992 0.54904701979830839 0.30269798208610155 0.46382571393041871 0.19290004670619965 0.40516509767621756 0.042111044749617577 0.08143343185656704 0.040231008140835911
leaf_count=3 2 24 3 13 9 102 38 1 8 2 63 9
internal_value=0.00280724 -0.0338798 0.0229369 0.0177797 0.00187023 -0.033723 0.0767024 -0.0871322 -0.0839394 -0.0835553 -0.0805431 -0.0802477
internal_weight=5.58803 1.61957 0.784887 3.96846 3.12476 1.44981 0.8437 0.900763 0.707863 0.366154 0.163775 0.121664
internal_count=277 104 80 173 133 120 40 111 110 77 74 72
is_linear=0
shrinkage=0.1


Tree=170
num_leaves=11
num_cat=0
split_feature=5 2 3 5 6 6 0 5 5 1
split_gain=0.553136 0.837792 0.337756 0.391714 0.37886 0.215166 0.00652551 0.000468752 4.76073e-06 1.19761e-06
threshold=28.250000000000004 -0.8783796973249266 -0.22252093395631442 25.650000000000002 74.350000000000009 71.850000000000009 0.91597561503675362 28.350000000000005 31.150000000000002 -0.5
decision_type=2 2 2 2 2 2 2 2 2 2
left_child=2 -2 4 5 -1 -4 7 -3 9 -9
right_child=1 6 3 -5 -6 -7 -8 8 -10 -11
leaf_value=0.0066054126969704091 0.045839761286226591 -0.087208956912748173 -0.016043092267580657 0.045647528938195882 -0.041175973962026276 0.018582037702877911 -0.095183504588884929 -0.080307917987727517 -0.081031704774341795 -0.080725595497516345
leaf_weight=4.4306775322184029 0.66293560294434462 0.13829615735448786 3.0846942849457246 3.2780012302100658 2.6531287338584661 4.2915386371314526 0.80644935369491577 0.20583840156905364 0.25393804768100381 0.10300075728446234
leaf_count=38 34 3 17 27 24 34 5 63 20 12
internal_value=-0.000198074 -0.0478493 0.00563261 0.0168844 -0.0112904 0.00410203 -0.0890492 -0.0819928 -0.080711 -0.0804472
internal_weight=19.9085 2.17046 17.738 10.6542 7.08381 7.37623 1.50752 0.701073 0.562777 0.308839
internal_count=277 137 140 78 62 51 103 98 95 75
is_linear=0
shrinkage=0.1


Tree=171
num_leaves=7
num_cat=0
split_feature=6 1 5 8 5 1
split_gain=0.651121 1.31834 1.29686e-07 6.0211e-08 9.21043e-08 7.81263e-08
threshold=76.750000000000014 0.78656609248549303 24.250000000000004 1.0000000180025095e-35 31.150000000000002 -0.37940952255126015
decision_type=2 2 2 2 2 2
left_child=1 2 -1 -4 5 -5
right_child=-2 -3 3 4 -6 -7
leaf_value=-0.080348724202977881 -0.027621247946392799 0.11995058162422201 -0.08028766307895116 -0.080084271461928966 -0.080275854201474373 -0.080198510105404713
leaf_weight=0.073351204395293967 3.0479234700324014 0.98686650767922401 0.072287926595890672 0.093459436524426343 0.08790239569498226 0.1665417351177898
leaf_count=16 41 7 20 100 26 67
internal_value=-0.00119408 0.0532152 -0.080226 -0.0802046 -0.0801874 -0.0801574
internal_weight=4.52833 1.48041 0.493543 0.420191 0.347904 0.260001
internal_count=277 236 229 213 193 167
is_linear=0
shrinkage=0.1


Tree=172
num_leaves=11
num_cat=0
split_feature=1 6 2 6 3 2 0 1 0 2
split_gain=0.246491 0.637029 0.467306 0.347901 0.419531 0.336973 0.479995 0.283251 0.00744832 8.50938e-06
threshold=-0.98296291314453399 57.300000000000004 -0.8783796973249266 76.300000000000026 1.0000000180025095e-35 1.0000000180025095e-35 0.91597561503675362 1.0000000180025095e-35 0.91597561503675362 -1.0000000180025095e-35
decision_type=2 2 2 2 2 2 2 2 2 2
left_child=-1 8 -3 5 -5 6 -4 -7 9 -2
right_child=1 2 3 4 -6 7 -8 -9 -10 -11
leaf_value=0.026678708423916911 -0.081103202627183013 0.055996022012104865 -0.08482064825789766 -0.11061202964687662 0.0032837565689873699 -0.00012979944194575017 0.00098834151182454954 0.054967330370674285 -0.10098790394534816 -0.082050641741452351
leaf_weight=3.1189741641283044 0.19678549782838672 1.3632002334343258 0.8892939299694248 0.66011540172621586 0.6340376241132617 2.3958896431140606 2.4418514221906662 1.5282303104177115 0.41084444522857666 0.1829101808834811
leaf_count=15 27 36 66 21 19 48 11 16 2 16
internal_value=0.00194079 -0.00526801 0.00162155 -0.00704844 -0.0548117 0.0014713 -0.0219195 0.0213275 -0.0916565 -0.0815596
internal_weight=13.8221 10.7032 9.91262 8.54942 1.29415 7.25527 3.33115 3.92412 0.79054 0.379696
internal_count=277 262 217 181 40 141 77 64 45 43
is_linear=0
shrinkage=0.1


Tree=173
num_leaves=8
num_cat=0
split_feature=1 1 6 5 0 1 5
split_gain=0.376364 0.80273 0.602327 1.35785 0.485107 0.717018 0.511217
threshold=0.78656609248549303 0.60355339059327384 74.350000000000009 23.850000000000005 -0.3794095225512602 -0.12940952255126037 28.450000000000003
decision_type=2 2 2 2 2 2 2
left_child=1 2 3 -1 5 -5 -6
right_child=-2 -3 -4 4 6 -7 -8
leaf_value=-0.099851178619755496 0.034385202336444647 -0.07204732186212276 0.044198487640654704 0.087034114608133692 -0.055689550635434452 -0.0004355237656099358 0.003219914340179856
leaf_weight=1.4464415609836603 2.5444418480619779 1.701121197082103 2.604617416858674 1.4533321743365388 1.9856143323704571 2.6386912632733579 5.70731529337354
leaf_count=8 24 19 18 59 21 46 82
internal_value=-0.00155563 -0.00677024 0.000241893 -0.00841102 0.00281201 0.0306304 -0.0119851
internal_weight=20.0816 17.5371 15.836 13.2314 11.785 4.09202 7.69293
internal_count=277 253 234 216 208 105 103
is_linear=0
shrinkage=0.1


Tree=174
num_leaves=7
num_cat=0
split_feature=5 5 6 5 6 6
split_gain=0.308911 0.681893 0.000330475 0.000126839 3.16395e-06 2.58498e-06
threshold=32.150000000000006 24.050000000000004 86.250000000000014 31.750000000000004 56.000000000000007 81.40000000000002
decision_type=2 2 2 2 2 2
left_child=1 -1 3 4 -3 -6
right_child=-2 2 -4 -5 5 -7
leaf_value=0.012191440949522566 0.056385802081674236 -0.08082957502506477 -0.085590686155270851 -0.083452058276071286 -0.080221965382543378 -0.081073284894806294
leaf_weight=3.5713579468429089 0.89059750735759724 0.17007891181856383 0.22849777340888977 0.19257226400077343 0.34141000415547751 0.039828390814363956
leaf_count=34 6 28 3 5 196 5
internal_value=0.00253282 -0.00802264 -0.0822644 -0.0812426 -0.0804709 -0.0803109
internal_weight=5.43434 4.54375 0.972387 0.74389 0.551317 0.381238
internal_count=277 271 237 234 229 201
is_linear=0
shrinkage=0.1


Tree=175
num_leaves=9
num_cat=0
split_feature=5 6 6 5 8 0 2 0
split_gain=0.537557 0.601725 1.03545 0.475244 1.26238 0.915889 0.770445 0.00519454
threshold=23.100000000000005 81.65000000000002 77.050000000000011 28.250000000000004 1.0000000180025095e-35 -0.91597561503675329 -0.8783796973249266 0.91597561503675362
decision_type=2 2 2 2 2 2 2 2
left_child=-1 2 3 4 -2 -6 -5 -8
right_child=1 -3 -4 6 5 -7 7 -9
leaf_value=0.052158407166853119 -0.030564921051718288 0.051240459241305658 -0.077074147000394985 0.041815424838825804 0.008975975448737154 0.08808222141092735 -0.081854031433530219 -0.094132001070041493
leaf_weight=1.7643161527812505 5.3048791792243719 1.6801504679024208 2.1032129675149909 0.67160999937914834 4.476711006835103 2.1745264083147102 0.62748144997748878 0.76430235803127289
leaf_count=8 30 14 19 34 42 27 98 5
internal_value=-0.000492382 -0.00571023 -0.0116451 -0.00182936 0.00581934 0.0348386 -0.046149 -0.0885965
internal_weight=19.5672 17.8029 16.1227 14.0195 11.9561 6.65124 2.06339 1.39178
internal_count=277 269 255 236 99 69 137 103
is_linear=0
shrinkage=0.1


Tree=176
num_leaves=7
num_cat=0
split_feature=5 1 5 8 5 1
split_gain=0.602501 0.617925 2.1746e-07 4.37603e-08 6.22934e-08 6.09375e-08
threshold=23.750000000000004 0.78656609248549303 24.450000000000003 1.0000000180025095e-35 31.150000000000002 -0.37940952255126015
decision_type=2 2 2 2 2 2
left_child=-1 2 -2 -4 5 -5
right_child=1 -3 3 4 -6 -7
leaf_value=-0.055897110917849192 -0.080362137928490757 0.043367986174750961 -0.080257692282125287 -0.080076622918275081 -0.080247985338135652 -0.080181895578457979
leaf_weight=1.3457135697826741 0.08564577694051001 2.6158746331930161 0.070435741828987486 0.083797687198966853 0.078789722290821373 0.15992609818931647
leaf_count=22 18 19 22 100 26 70
internal_value=-3.78596e-05 0.024254 -0.0802178 -0.0801863 -0.0801707 -0.0801457
internal_weight=4.44018 3.09447 0.478595 0.392949 0.322514 0.243724
internal_count=277 255 236 218 196 170
is_linear=0
shrinkage=0.1


Tree=177
num_leaves=12
num_cat=0
split_feature=1 6 3 8 5 6 6 3 0 0 2
split_gain=0.213606 0.579274 0.420812 1.3179 0.817255 0.449333 0.602393 0.25374 0.00566636 0.00555452 6.65726e-06
threshold=-0.98296291314453399 57.300000000000004 -0.22252093395631442 1.0000000180025095e-35 24.450000000000003 64.90000000000002 70.700000000000003 -1.0000000180025095e-35 0.91597561503675362 0.91597561503675362 -1.0000000180025095e-35
decision_type=2 2 2 2 2 2 2 2 2 2 2
left_child=-1 9 3 -3 -5 -4 -7 -8 -6 10 -2
right_child=1 2 5 4 8 6 7 -9 -10 -11 -12
leaf_value=0.025036083700409963 -0.081025304529791176 0.079844923826725256 0.013991074284200315 0.045258786425368458 -0.084112545687362442 -0.1094535151581017 -0.053156637372236387 0.016436169296597903 -0.09936878929836751 -0.098915577618075845 -0.081905300604106154
leaf_weight=3.1089666038751611 0.17835471319267526 2.1521488884463906 2.7096076055895537 0.76144738867878725 0.76486298959935062 0.92280909471446682 0.90478959504980472 1.2445871229283525 0.35711660981178284 0.38641634583473206 0.16596121469046821
leaf_count=15 27 21 42 9 67 25 15 36 2 2 16
internal_value=0.00200008 -0.00478959 0.00160387 0.0263852 -0.034702 -0.015693 -0.0418738 -0.0128592 -0.0889685 -0.0906857 -0.0814495
internal_weight=13.6571 10.5481 9.81737 4.03558 1.88343 5.78179 3.07219 2.14938 1.12198 0.730732 0.344316
internal_count=277 262 217 99 78 118 76 51 69 45 43
is_linear=0
shrinkage=0.1


Tree=178
num_leaves=10
num_cat=0
split_feature=6 5 5 5 6 6 5 5 6
split_gain=0.332339 0.821902 0.993167 1.33231 0.632327 1.01861 0.37045 9.59561e-05 1.98695e-05
threshold=82.000000000000014 23.650000000000002 24.050000000000004 27.650000000000002 62.150000000000013 66.15000000000002 28.450000000000003 24.650000000000002 71.200000000000017
decision_type=2 2 2 2 2 2 2 2 2
left_child=1 -1 -3 7 6 -6 -5 -4 -9
right_child=-2 2 3 4 5 -7 -8 8 -10
leaf_value=-0.052781725383721917 0.038053139716692053 0.053361509954217859 -0.08345072686555749 -0.048477577303783985 0.11291478783353599 -0.015558965142802412 0.0044218528612319811 -0.082166362753364197 -0.081395149840765971
leaf_weight=3.0707196518778863 1.9211987424641837 3.2014191150665274 0.55407292302697841 1.7786913672462086 1.2561988066881897 1.2130821307655422 5.1764987756032497 1.0149812353774903 0.49797316081821907
leaf_count=14 14 12 17 17 33 25 80 37 28
internal_value=-0.00145661 -0.00572973 0.00410382 -0.0096189 0.00632738 0.0497996 -0.00910643 -0.0823248 -0.0819125
internal_weight=19.6848 17.7636 14.6929 11.4915 9.42447 2.46928 6.95519 2.06703 1.51295
internal_count=277 263 249 237 155 58 97 82 65
is_linear=0
shrinkage=0.1


Tree=179
num_leaves=11
num_cat=0
split_feature=6 3 5 5 8 6 6 5 5 5
split_gain=0.302338 0.507478 0.377514 0.857078 0.763207 0.292053 0.00321242 0.000121621 5.37783e-05 1.62531e-06
threshold=86.250000000000014 -0.56174490092936669 23.100000000000005 23.350000000000005 1.0000000180025095e-35 79.950000000000017 84.100000000000009 23.650000000000002 24.350000000000005 30.950000000000003
decision_type=2 2 2 2 2 2 2 2 2 2
left_child=1 6 -3 -4 -5 -6 7 -1 -9 -10
right_child=-2 2 3 4 5 -7 -8 8 9 -11
leaf_value=-0.084860594122413591 0.060389407416665444 -0.087297890980347237 0.17530751084105617 -0.085827942454523964 -0.00021517083031324566 0.070158964015249486 -0.09861260503207199 -0.083566272159462385 -0.080218726710737473 -0.080912014964618709
leaf_weight=0.24724422767758358 0.76255756616592396 0.38865084573626552 0.31011736392974887 0.76660547842038917 1.442431602336 0.99752164259552945 0.19140017032623291 0.092861119657754898 0.089755972832790576 0.054255444440059364
leaf_count=4 5 5 1 29 161 7 1 2 56 6
internal_value=0.00208867 -0.00761646 0.00622638 0.0165624 0.00120957 0.0285558 -0.0876452 -0.0833092 -0.0816899 -0.0804799
internal_weight=5.3434 4.58084 3.90533 3.51668 3.20656 2.43995 0.675517 0.484117 0.236873 0.144011
internal_count=277 272 203 198 197 168 69 68 64 62
is_linear=0
shrinkage=0.1


Tree=180
num_leaves=7
num_cat=0
split_feature=5 6 5 2 0 0
split_gain=0.420647 0.578822 0.90521 0.62354 0.475456 0.932416
threshold=23.100000000000005 81.65000000000002 24.050000000000004 0.87837969732492682 -0.98296291314453399 -0.91597561503675329
decision_type=2 2 2 2 2 2
left_child=-1 2 -2 4 -4 -6
right_child=1 -3 3 -5 5 -7
leaf_value=0.046219000433851798 -0.0538175412509658 0.050251572892471008 0.042450294005172425 0.0556579153387224 -0.071098209647399699 0.0034611883415331074
leaf_weight=1.7261881902813936 3.825339242815974 1.6783985700458277 1.5874101333320147 1.8392179976217455 2.3222817317582667 6.0388837200589425
leaf_count=8 19 14 22 33 21 160
internal_value=-0.000851878 -0.0055509 -0.0115496 0.00216705 -0.00772194 -0.0172474
internal_weight=19.0177 17.2915 15.6131 11.7878 9.94858 8.36117
internal_count=277 269 255 236 203 181
is_linear=0
shrinkage=0.1


Tree=181
num_leaves=7
num_cat=0
split_feature=6 1 5 8 5 1
split_gain=0.592859 1.10882 7.92923e-08 4.24428e-08 4.91719e-08 4.29623e-08
threshold=76.750000000000014 0.78656609248549303 24.350000000000005 1.0000000180025095e-35 31.150000000000002 -0.37940952255126015
decision_type=2 2 2 2 2 2
left_child=1 2 -1 -4 5 -5
right_child=-2 -3 3 4 -6 -7
leaf_value=-0.080288567717911069 -0.022993822235962882 0.11736768235556268 -0.080246715865764595 -0.080070237473886738 -0.080225884701414271 -0.080164657707594775
leaf_weight=0.069155532401054876 2.9881100514903665 0.93074897304177284 0.060914991074241476 0.076331870513967948 0.071802051505073905 0.13071049828431613
leaf_count=18 41 7 20 100 26 65
internal_value=0.00178856 0.0570655 -0.080191 -0.0801711 -0.0801546 -0.0801298
internal_weight=4.32777 1.33966 0.408915 0.339759 0.278844 0.207042
internal_count=277 236 229 211 191 165
is_linear=0
shrinkage=0.1


Tree=182
num_leaves=11
num_cat=0
split_feature=1 6 2 2 0 2 6 0 5 2
split_gain=0.207317 0.518694 0.384833 0.312701 0.533376 0.490791 0.603212 0.00420015 0.00107278 5.23074e-06
threshold=-0.98296291314453399 57.300000000000004 -0.8783796973249266 1.0000000180025095e-35 0.91597561503675362 0.87837969732492682 69.950000000000017 0.91597561503675362 23.650000000000002 -1.0000000180025095e-35
decision_type=2 2 2 2 2 2 2 2 2 2
left_child=-1 7 -3 4 8 6 -5 9 -4 -2
right_child=1 2 3 5 -6 -7 -8 -9 -10 -11
leaf_value=0.024260521338183343 -0.080941915361065639 0.051631889985295276 -0.087613895310253737 -0.0059817638052190114 -0.0024272161736542249 -0.033439139824737278 0.083875237298094846 -0.097086292257552095 -0.081579230660585686 -0.081754278991507209
leaf_weight=3.0760715380311021 0.16454448702279478 1.2825139653286886 0.59562002867460095 1.6890018818376122 2.3906108438968658 1.6948865169542839 1.3396184938028453 0.36252321302890778 0.58283726160880178 0.15292669693007965
leaf_count=15 27 36 12 34 11 31 20 2 73 16
internal_value=0.00149096 -0.0053389 0.000654422 -0.00722966 -0.0295692 0.00965005 0.0337638 -0.0897316 -0.0846293 -0.0813332
internal_weight=13.3312 10.2551 9.57509 8.29258 3.56907 4.72351 3.02862 0.679994 1.17846 0.317471
internal_count=277 262 217 181 96 85 54 45 85 43
is_linear=0
shrinkage=0.1


Tree=183
num_leaves=10
num_cat=0
split_feature=6 5 5 5 0 6 1 5 6
split_gain=0.322439 0.69165 0.788887 1.21688 0.620411 0.474104 0.390297 7.37011e-05 1.56859e-05
threshold=82.000000000000014 23.650000000000002 24.050000000000004 27.650000000000002 -0.3794095225512602 59.850000000000001 -0.12940952255126037 24.650000000000002 71.200000000000017
decision_type=2 2 2 2 2 2 2 2 2
left_child=1 -1 -3 7 6 -6 -5 -4 -9
right_child=-2 2 3 4 5 -7 -8 8 -10
leaf_value=-0.049487823224143322 0.037562213082092316 0.047446551785874605 -0.083171593965495505 0.086969703323237668 -0.032065259375783778 0.020027437433413318 0.00040158713531494161 -0.081999194201548109 -0.081282245359903568
leaf_weight=2.9783606305718484 1.9186457730829705 3.1752173602581015 0.50837010145187278 1.3115646168589594 3.861016504466531 3.1910581493284553 0.86382750421762544 0.92832396924495675 0.45460542244836688
leaf_count=14 14 12 17 59 44 48 4 37 28
internal_value=-0.00132919 -0.00564932 0.00348507 -0.00906914 0.00590818 -0.00849336 0.0525943 -0.082142 -0.0817635
internal_weight=19.191 17.2723 14.294 11.1188 9.22747 7.05207 2.17539 1.8913 1.38293
internal_count=277 263 249 237 155 92 63 82 65
is_linear=0
shrinkage=0.1


Tree=184
num_leaves=7
num_cat=0
split_feature=5 5 6 5 6 6
split_gain=0.282041 0.601513 0.00030342 7.83893e-05 2.35368e-06 1.47254e-06
threshold=32.150000000000006 24.050000000000004 86.250000000000014 31.750000000000004 56.000000000000007 79.950000000000017
decision_type=2 2 2 2 2 2
left_child=1 -1 3 4 -3 -6
right_child=-2 2 -4 -5 5 -7
leaf_value=0.010918419629292417 0.054726007472000876 -0.080743737739275526 -0.085357998501476198 -0.082939063923428827 -0.080187107078386666 -0.080819538587227402
leaf_weight=3.4700503163039684 0.86843127012252797 0.15144420927390445 0.22026724368333817 0.16557190753519535 0.28867681034898851 0.042197983362711966
leaf_count=34 6 28 3 5 195 6
internal_value=0.00270665 -0.00770669 -0.0821517 -0.0810617 -0.0804172 -0.0802678
internal_weight=5.20664 4.33821 0.868158 0.647891 0.482319 0.330875
internal_count=277 271 237 234 229 201
is_linear=0
shrinkage=0.1


Tree=185
num_leaves=7
num_cat=0
split_feature=1 1 2 0 0 2
split_gain=1.03282 0.625539 0.435779 0.47258 0.82033 0.703095
threshold=0.78656609248549303 0.37940952255126026 0.87837969732492682 -0.98296291314453399 0.91597561503675362 0.6078576107927941
decision_type=2 2 2 2 2 2
left_child=1 2 3 -1 5 -5
right_child=-2 -3 -4 4 -6 -7
leaf_value=0.038542365749068073 -0.085732059595827054 0.03892954329587147 0.036710614125441333 -0.028398245907042124 0.011117403492119517 -0.11659895121207593
leaf_weight=1.5188965555280471 1.3325296929106105 4.2542628636583677 2.0805282044457263 4.0226317640044744 4.2301995046436787 1.1657015510136259
leaf_count=22 24 39 29 121 21 21
internal_value=-0.000904667 0.00563966 -0.00523946 -0.0132192 -0.0215667 -0.048215
internal_weight=18.6048 17.2722 13.018 10.9374 9.41853 5.18833
internal_count=277 253 214 185 163 142
is_linear=0
shrinkage=0.1


Tree=186
num_leaves=7
num_cat=0
split_feature=5 6 1 5 8 5
split_gain=0.566666 0.55176 1.02463 1.5267e-07 3.05459e-08 3.14712e-08
threshold=23.750000000000004 82.000000000000014 0.78656609248549303 24.450000000000003 1.0000000180025095e-35 31.150000000000002
decision_type=2 2 2 2 2 2
left_child=-1 2 3 -2 -5 -6
right_child=1 -3 -4 4 5 -7
leaf_value=-0.052355315722509871 -0.080322103034393549 -0.02615254021210613 0.10219074409248748 -0.080227298176027056 -0.080126669852554427 -0.080206637800533304
leaf_weight=1.2828160828212274 0.070816938066855184 1.1728051030077038 1.3995263427495956 0.055868675990495498 0.20337101451878004 0.064924024220090359
leaf_count=22 17 9 13 20 170 26
internal_value=0.00317906 0.0271875 0.062048 -0.0801891 -0.08016 -0.080146
internal_weight=4.25013 2.96731 1.79451 0.394981 0.324164 0.268295
internal_count=277 255 246 233 216 196
is_linear=0
shrinkage=0.1


Tree=187
num_leaves=10
num_cat=0
split_feature=6 6 5 5 5 6 2 5 2
split_gain=0.21866 0.470589 0.235819 0.67837 0.486536 0.329884 1.50596 0.811436 0.00235283
threshold=76.300000000000026 72.850000000000009 26.350000000000005 26.650000000000002 24.900000000000002 59.850000000000001 1.0000000180025095e-35 28.450000000000003 0.6078576107927941
decision_type=2 2 2 2 2 2 2 2 2
left_child=1 2 4 -4 -1 6 -5 -7 -2
right_child=8 -3 3 5 -6 7 -8 -9 -10
leaf_value=-0.016420585314987253 -0.039136878307908018 0.068986095742896769 -0.085993281411444189 -0.029747685798422518 0.072811087036298655 0.020170429044618129 0.10305574282664672 -0.076791403912193468 -0.031107374947056333
leaf_weight=1.2731477655470365 0.78363105701282687 1.063410204136743 1.0030487079638968 2.1340544510749173 1.1749868093756957 2.1016209291701675 1.4234090907266361 1.4645267853920811 0.68300484819337726
leaf_count=20 31 18 7 55 21 31 22 59 13
internal_value=0.000989769 0.00557527 -0.000801376 -0.00899762 0.0264063 0.00184384 0.0233895 -0.0196493 -0.0353976
internal_weight=13.1048 11.6382 10.5748 8.12666 2.44813 7.12361 3.55746 3.56615 1.46664
internal_count=277 233 215 174 41 167 77 90 44
is_linear=0
shrinkage=0.1


Tree=188
num_leaves=10
num_cat=0
split_feature=6 5 5 5 0 6 1 5 6
split_gain=0.291317 0.598895 0.631192 1.10585 0.540907 0.41496 0.337402 6.83738e-05 1.35563e-05
threshold=82.000000000000014 23.650000000000002 24.050000000000004 27.650000000000002 -0.3794095225512602 59.850000000000001 -0.12940952255126037 24.550000000000004 71.200000000000017
decision_type=2 2 2 2 2 2 2 2 2
left_child=1 -1 -3 7 6 -6 -5 -4 -9
right_child=-2 2 3 4 5 -7 -8 8 -10
leaf_value=-0.046740215844548377 0.035487752446084916 0.04251879507794884 -0.083052364509434054 0.086020760287069606 -0.029957254550611614 0.019013724430675762 0.0034974631989312327 -0.081821355724549516 -0.081144077861944192
leaf_weight=2.9068678170442643 1.9371886989101756 3.1518976688385001 0.41940600704401632 1.1700158335734161 3.787515641190109 3.1857336345128715 0.85932460427284318 0.84179223515093304 0.45542464777827263
leaf_count=14 14 12 14 59 44 48 4 37 31
internal_value=-0.0012295 -0.00546888 0.00318005 -0.00838719 0.0056384 -0.00758483 0.0510763 -0.0819424 -0.0815836
internal_weight=18.7152 16.778 13.8711 10.7192 9.00259 6.97325 2.02934 1.71662 1.29722
internal_count=277 263 249 237 155 92 63 82 68
is_linear=0
shrinkage=0.1


Tree=189
num_leaves=11
num_cat=0
split_feature=6 3 5 5 8 6 6 5 5 5
split_gain=0.316308 0.459207 0.327815 0.647881 0.68611 0.231694 0.00224596 0.000117845 3.97483e-05 8.11629e-07
threshold=86.250000000000014 -0.56174490092936669 23.100000000000005 23.350000000000005 1.0000000180025095e-35 79.950000000000017 84.100000000000009 23.650000000000002 24.350000000000005 30.950000000000003
decision_type=2 2 2 2 2 2 2 2 2 2
left_child=1 6 -3 -4 -5 -6 7 -1 -9 -10
right_child=-2 2 3 4 5 -7 -8 8 9 -11
leaf_value=-0.084825130699041795 0.062830511930093744 -0.086624700183179221 0.15247292954583522 -0.085566357802640214 -5.9829632213442689e-05 0.063163556700571721 -0.096609730671165406 -0.08322549829977835 -0.080201435802493892 -0.080738084712936392
leaf_weight=0.24008204042911518 0.74505610391497601 0.34943138808012042 0.31173840165138278 0.70321156023419584 1.3584876456734485 1.011030552908778 0.17795935273170471 0.084612272679805756 0.076226235294598155 0.044713956245686859
leaf_count=4 5 5 1 29 161 7 1 2 56 6
internal_value=0.00261815 -0.00767713 0.00558934 0.01511 0.00117412 0.0269164 -0.0871129 -0.0833204 -0.081563 -0.0803998
internal_weight=5.10255 4.35749 3.7339 3.38447 3.07273 2.36952 0.623594 0.445635 0.205552 0.12094
internal_count=277 272 203 198 197 168 69 68 64 62
is_linear=0
shrinkage=0.1


Tree=190
num_leaves=11
num_cat=0
split_feature=5 8 6 2 2 3 0 5 2 5
split_gain=0.423238 0.737967 0.300842 0.403173 0.383377 0.229904 0.00478256 0.000413767 1.26473e-05 2.90018e-06
threshold=28.250000000000004 1.0000000180025095e-35 74.350000000000009 1.0000000180025095e-35 1.0000000180025095e-35 1.0000000180025095e-35 0.91597561503675362 28.350000000000005 -0.8783796973249266 31.150000000000002
decision_type=2 2 2 2 2 2 2 2 2 2
left_child=2 -2 3 5 -4 -1 7 -3 -9 -10
right_child=1 6 4 -5 -6 -7 -8 8 9 -11
leaf_value=0.015583117436498414 0.048305179647151697 -0.087074393442874931 -0.033178499478788023 -0.0073375348160068903 0.017186757628001658 0.056747482045892118 -0.094429882714622659 -0.081364911310183446 -0.080295427973543276 -0.080823270694386259
leaf_weight=3.1639790171757394 0.58806643355637778 0.12732234055874758 3.7155342921614638 4.3904570732265711 2.5476338732987642 2.3753475835546851 0.45249339193105698 0.34303584159351874 0.21979772555641841 0.19773515802808106
leaf_count=29 4 4 32 34 24 21 3 31 75 20
internal_value=-0.000803247 -0.0450881 0.00447072 0.0152959 -0.0126917 0.033235 -0.0860625 -0.0817983 -0.080915 -0.0805454
internal_weight=18.1214 1.92845 16.193 9.92978 6.26317 5.53933 1.34038 0.887891 0.760569 0.417533
internal_count=277 137 140 84 56 50 133 130 126 95
is_linear=0
shrinkage=0.1


Tree=191
num_leaves=7
num_cat=0
split_feature=5 8 6 1 5 5
split_gain=0.497785 0.50344 1.12146 0.69078 5.83321e-08 2.49988e-08
threshold=23.750000000000004 1.0000000180025095e-35 82.000000000000014 0.78656609248549303 24.350000000000005 31.150000000000002
decision_type=2 2 2 2 2 2
left_child=-1 -2 3 4 -3 -6
right_child=1 2 -4 -5 5 -7
leaf_value=-0.049492603692109359 0.08233456345330166 -0.080279899550473904 -0.10667687079402988 0.10227958779437624 -0.080116068219497141 -0.080190681696547
leaf_weight=1.2515947062056509 1.0213814624003132 0.030820155399851723 0.6805080473423003 0.82747383415699005 0.18716085875348654 0.059078052290715277
leaf_count=22 38 8 3 8 172 26
internal_value=0.00295297 0.0263424 -0.00569574 0.0565192 -0.0801502 -0.080134
internal_weight=4.05802 2.80642 1.78504 1.10453 0.277059 0.246239
internal_count=277 255 217 214 206 198
is_linear=0
shrinkage=0.1


Tree=192
num_leaves=13
num_cat=0
split_feature=5 3 8 5 5 5 3 0 6 5 6 6
split_gain=0.200386 0.244974 0.803106 0.506754 0.757103 0.27987 0.778619 0.387487 0.750601 0.04307 0.00387205 0.00193054
threshold=31.150000000000002 -0.22252093395631442 1.0000000180025095e-35 30.500000000000004 24.450000000000003 26.800000000000001 1.0000000180025095e-35 0.91597561503675362 72.300000000000011 31.050000000000004 61.600000000000009 69.750000000000014
decision_type=2 2 2 2 2 2 2 2 2 2 2 2
left_child=1 2 -1 4 -4 6 -3 8 9 -7 -6 -8
right_child=-2 5 3 -5 10 7 11 -9 -10 -11 -12 -13
leaf_value=0.056780756964958358 0.033874999143270135 -0.11021757445072343 0.03422039315315778 0.0445788257270818 -0.096658788493369951 -0.081621712753025752 0.002441693465520495 0.024450827871858139 0.081600858668201215 -0.13064872904393501 -0.086108736368710706 -0.0041321521138345304
leaf_weight=2.253317846916616 1.5781832316424704 1.0275789673905813 0.72951276972889889 0.81213768129236985 0.71635245642391943 0.37113287678221263 0.80999402585439362 2.3342007249593735 0.30675498163327575 0.3464592844247818 0.67632556971511804 0.9960737875662744
leaf_count=22 26 17 9 11 23 60 11 10 4 4 49 31
internal_value=0.00048212 -0.00414888 0.0118809 -0.0225983 -0.0483063 -0.0175782 -0.0407233 0.00194955 -0.0493246 -0.105292 -0.0915354 -0.00118388
internal_weight=12.958 11.3798 5.18765 2.93433 2.12219 6.19219 2.83365 3.35855 1.02435 0.717592 1.39268 1.80607
internal_count=277 251 114 92 81 137 59 78 68 64 72 42
is_linear=0
shrinkage=0.1


Tree=193
num_leaves=9
num_cat=0
split_feature=6 5 0 8 0 5 5 5
split_gain=0.265407 1.36494 0.453902 0.412866 0.52963 0.70328 0.57138 2.10722e-05
threshold=74.350000000000009 23.850000000000005 -0.78656609248549303 1.0000000180025095e-35 0.91597561503675362 27.650000000000002 30.650000000000002 25.450000000000003
decision_type=2 2 2 2 2 2 2 2
left_child=1 -1 -2 -3 5 7 -7 -5
right_child=2 3 -4 4 -6 6 -8 -9
leaf_value=-0.09962822471132815 0.049580119914303326 0.044225585396704563 -0.0056128949861748694 -0.082418767614515609 -0.061126431077889856 0.048417385279550119 -0.01227564507657474 -0.081407119937489128
leaf_weight=1.4757819622755075 2.4353940617293119 1.9790892712771881 3.8385010892525306 0.40035316068678906 1.4678237587213514 2.9402170550310984 3.2831962110940367 0.42390968464314938
leaf_count=9 17 22 39 17 7 94 48 24
internal_value=-0.000848243 -0.00958012 0.0158119 0.00308273 -0.0064793 0.0049021 0.0163984 -0.0818985
internal_weight=18.2443 11.9704 6.2739 10.4946 8.5155 7.04768 6.22341 0.824263
internal_count=277 221 56 212 190 183 142 41
is_linear=0
shrinkage=0.1


Tree=194
num_leaves=13
num_cat=0
split_feature=0 6 5 2 6 6 6 6 1 5 5 6
split_gain=0.276739 0.349652 0.46259 0.329123 0.327311 0.704521 0.874754 0.484229 0.0492306 0.000141446 1.83888e-06 9.71552e-08
threshold=-0.78656609248549303 71.850000000000009 23.350000000000005 -0.8783796973249266 86.250000000000014 81.40000000000002 79.950000000000017 52.900000000000013 -0.37940952255126015 23.850000000000005 24.050000000000004 69.750000000000014
decision_type=2 2 2 2 2 2 2 2 2 2 2 2
left_child=1 2 -1 8 5 6 7 -5 -2 -4 -11 -12
right_child=3 -3 9 4 -6 -7 -8 -9 -10 10 11 -13
leaf_value=0.081809050080429602 0.050113516712698904 -0.086129609274288921 -0.08496867862569718 0.054653586327372328 0.05809855661261483 -0.093943537448428233 0.17073262350022839 -0.08733728141663416 0.10121959054443307 -0.081061801660678723 -0.08008865099587327 -0.080321618659212779
leaf_weight=0.41448438167571999 0.37490236762096174 0.68796992208808661 0.17565959319472313 0.45179538498632676 0.74745967984199513 0.78186503634788085 0.31663000956177711 0.51276317103474867 0.3790838147979233 0.03224946279078722 0.052981401568104047 0.027035366831114516
leaf_count=3 32 24 3 9 5 13 2 104 8 2 63 9
internal_value=0.00238169 -0.0354583 0.0141713 0.0171417 0.00140299 -0.0191382 0.0265129 -0.0208293 0.0758083 -0.0831968 -0.0804243 -0.0801674
internal_weight=4.95488 1.39038 0.70241 3.5645 2.81051 2.06305 1.28119 0.964559 0.753986 0.287926 0.112266 0.0800168
internal_count=277 104 80 173 133 128 115 113 40 77 74 72
is_linear=0
shrinkage=0.1


Tree=195
num_leaves=11
num_cat=0
split_feature=5 2 6 0 0 3 0 5 5 1
split_gain=0.357917 0.728295 0.279045 0.747408 0.414251 0.127666 0.00361579 0.0002939 2.36563e-06 9.18364e-08
threshold=28.250000000000004 -0.8783796973249266 68.050000000000011 -0.60355339059327362 -0.91597561503675329 -0.22252093395631442 0.91597561503675362 28.350000000000005 31.150000000000002 -0.5
decision_type=2 2 2 2 2 2 2 2 2 2
left_child=2 -2 5 4 -4 -1 7 -3 9 -9
right_child=1 6 3 -5 -6 -7 -8 8 -10 -11
leaf_value=0.0076831360109483257 0.044480747566691292 -0.086357990295012274 -0.011599184504584727 -0.05705381875098247 0.032943743813441999 0.039136604297500294 -0.093001755722509946 -0.080220651580462543 -0.080764283198224818 -0.080371022173960319
leaf_weight=2.6276923818513751 0.62853515427559603 0.1108777982299205 4.6648680847138158 2.2041688561439505 3.7794957673177114 2.5357206473127034 0.70797219127416611 0.13924959208816279 0.18276078952476382 0.057339584920555464
leaf_count=23 34 3 31 32 34 20 5 63 20 12
internal_value=-0.00078949 -0.042699 0.00405227 -0.00519829 0.00833717 0.0231297 -0.0884306 -0.081829 -0.0805053 -0.0802645
internal_weight=17.6387 1.82674 15.8119 10.6485 8.44436 5.16341 1.1982 0.490228 0.37935 0.196589
internal_count=277 137 140 97 65 43 103 98 95 75
is_linear=0
shrinkage=0.1


Tree=196
num_leaves=8
num_cat=0
split_feature=6 5 1 5 8 5 1
split_gain=0.483231 1.09978 0.85887 3.7755e-08 4.53087e-08 2.20433e-08 2.13156e-08
threshold=76.750000000000014 23.850000000000005 0.78656609248549303 24.350000000000005 1.0000000180025095e-35 31.150000000000002 -0.37940952255126015
decision_type=2 2 2 2 2 2 2
left_child=2 -2 3 -1 -5 6 -6
right_child=1 -3 -4 4 5 -7 -8
leaf_value=-0.080233661948202445 -0.078208213061683615 0.047792532268211618 0.11386067762357743 -0.080225502004802177 -0.080054031765475667 -0.080177299329556959 -0.080131396582856895
leaf_weight=0.056914620567113383 1.4877208485268059 1.2963362199952824 0.79709790833294392 0.053967333806213214 0.055844434406026489 0.054621037852484733 0.098303381761069897
leaf_count=18 15 26 7 20 100 26 65
internal_value=0.00275281 -0.0195387 0.0583255 -0.0801598 -0.0801438 -0.0801227 -0.0801034
internal_weight=3.90081 2.78406 1.11675 0.319651 0.262736 0.208769 0.154148
internal_count=277 41 236 229 211 191 165
is_linear=0
shrinkage=0.1


Tree=197
num_leaves=9
num_cat=0
split_feature=5 6 6 5 6 6 2 5
split_gain=0.184004 0.512415 0.232771 0.737233 0.657668 0.74234 0.855354 0.440526
threshold=24.250000000000004 75.350000000000009 56.650000000000013 30.950000000000003 59.550000000000004 60.550000000000004 0.87837969732492682 26.950000000000003
decision_type=2 2 2 2 2 2 2 2
left_child=1 -1 3 -2 -4 -6 7 -7
right_child=2 -3 4 -5 5 6 -8 -9
leaf_value=-0.088162230788129486 -0.097869570457022492 0.02823894884441653 0.078474576072938798 0.037282902019116465 -0.06480753103081402 0.053940712259761485 -0.064439084303056879 -0.0023618184708044791
leaf_weight=0.78220126871019668 0.80192831286694743 0.73220063420012593 1.2613323151599605 0.81256360653787851 1.421508390980305 3.3226075243437663 1.1411804649978874 2.3887958128179889
leaf_count=15 24 25 28 19 15 56 23 72
internal_value=0.000823548 -0.0318832 0.00526584 -0.0298482 0.0112112 0.000957306 0.0145996 0.0303922
internal_weight=12.6643 1.5144 11.1499 1.61449 9.53542 8.27409 6.85258 5.7114
internal_count=277 40 237 43 194 166 151 128
is_linear=0
shrinkage=0.1


Tree=198
num_leaves=7
num_cat=0
split_feature=6 6 1 0 6 6
split_gain=0.257846 0.554299 0.480224 0.27001 0.357318 0.614448
threshold=83.100000000000009 76.750000000000014 0.37940952255126026 0.91597561503675362 71.450000000000017 62.150000000000013
decision_type=2 2 2 2 2 2
left_child=1 2 3 4 5 -1
right_child=-2 -3 -4 -5 -6 -7
leaf_value=-0.0038524421706832186 -0.043326448347616585 0.03674409608279805 -0.060620428673739395 -0.027169451666415129 -0.036850174403528023 0.058027651719815304
leaf_weight=4.5695946107152903 1.3275060290470708 3.6700387317687264 1.4942583949305106 2.8082255730405441 1.436307924101129 2.4731256664963439
leaf_count=93 11 30 27 24 17 75
internal_value=-0.000931828 0.00248907 -0.0073468 -0.000294188 0.00860681 0.0178774
internal_weight=17.7791 16.4516 12.7815 11.2873 8.47903 7.04272
internal_count=277 266 236 209 185 168
is_linear=0
shrinkage=0.1


Tree=199
num_leaves=11
num_cat=0
split_feature=6 3 5 5 8 6 6 5 5 5
split_gain=0.242572 0.382536 0.288504 0.507699 0.553321 0.163961 0.00143129 7.41895e-05 2.19028e-05 4.44086e-07
threshold=86.250000000000014 -0.56174490092936669 23.100000000000005 23.350000000000005 1.0000000180025095e-35 79.950000000000017 84.100000000000009 23.650000000000002 24.350000000000005 30.950000000000003
decision_type=2 2 2 2 2 2 2 2 2 2
left_child=1 6 -3 -4 -5 -6 7 -1 -9 -10
right_child=-2 2 3 4 5 -7 -8 8 9 -11
leaf_value=-0.084101881799914346 0.054914165311183108 -0.085914235245364207 0.13661407177154197 -0.084714573232608115 -0.00047287361858750377 0.053817513824422937 -0.094109943224412407 -0.082642813089404243 -0.080200034398567321 -0.080630262790771304
leaf_weight=0.20478328317403782 0.73194852471351612 0.32087383419275317 0.30334267020225558 0.60111767138005356 1.2742641169897972 0.98727984912693489 0.15931414067745209 0.071072148159146309 0.064641070501238573 0.038152930676005781
leaf_count=4 5 5 1 29 161 7 1 2 56 6
internal_value=0.0019603 -0.00766977 0.00443956 0.0135969 0.00056135 0.0232277 -0.0861579 -0.0828121 -0.081293 -0.0803597
internal_weight=4.75679 4.02484 3.48688 3.166 2.86266 2.26154 0.537964 0.378649 0.173866 0.102794
internal_count=277 272 203 198 197 168 69 68 64 62
is_linear=0
shrinkage=0.1


Tree=200
num_leaves=11
num_cat=0
split_feature=5 8 6 3 0 5 0 5 5 1
split_gain=0.345591 0.682939 0.248551 0.198243 0.172383 0.111951 0.00364694 0.000176338 7.76066e-06 3.46171e-06
threshold=28.250000000000004 1.0000000180025095e-35 68.050000000000011 -0.22252093395631442 -0.78656609248549303 26.950000000000003 0.91597561503675362 28.450000000000003 31.450000000000003 -0.98296291314453399
decision_type=2 2 2 2 2 2 2 2 2 2
left_child=2 -2 5 -4 -5 -1 7 -3 9 -9
right_child=1 6 3 4 -6 -7 -8 8 -10 -11
leaf_value=0.0076741791043692213 0.046802388531205275 -0.084589708538445926 -0.023503398965992978 -0.0069863816027162275 0.025565037429916938 0.037333953010369139 -0.093147050060615896 -0.080988111382798822 -0.081220512226369834 -0.080310238273798143
leaf_weight=2.5279104365035918 0.57978820055723179 0.15122185990912729 3.5593421151861548 4.2146262545138589 2.6496691145002833 2.5627243872731924 0.41516725718975067 0.10407506488263596 0.24487669090740383 0.27280134573811676
leaf_count=28 4 10 39 29 29 15 3 10 21 89
internal_value=-0.000280115 -0.0421705 0.00449351 -0.00435191 0.00557871 0.0226055 -0.0855874 -0.0815271 -0.0807822 -0.0804974
internal_weight=17.2822 1.76793 15.5143 10.4236 6.8643 5.09063 1.18814 0.772975 0.621753 0.376876
internal_count=277 137 140 97 58 43 133 130 120 99
is_linear=0
shrinkage=0.1


Tree=201
num_leaves=11
num_cat=0
split_feature=5 2 6 6 6 6 5 8 6 6
split_gain=0.438456 0.433233 0.620803 0.321341 0.191171 0.0120872 0.0629076 1.99199e-08 1.29439e-08 1.0915e-08
threshold=23.750000000000004 1.0000000180025095e-35 82.000000000000014 74.850000000000009 78.950000000000017 72.850000000000009 25.650000000000002 1.0000000180025095e-35 56.000000000000007 65.40000000000002
decision_type=2 2 2 2 2 2 2 2 2 2
left_child=-1 2 3 7 5 6 -3 -2 -9 -8
right_child=1 4 -4 -5 -6 -7 9 8 -10 -11
leaf_value=-0.047869311732004705 -0.080193872463116989 0.037179556580628902 -0.07170610810620015 0.086809797776695397 0.10015206955454366 0.036636173536849406 -0.080132975735999409 -0.080154979482799954 -0.080081045438927634 -0.080214784011497398
leaf_weight=1.1824106429703536 0.032309232337866201 0.10738756076898404 0.76572199026122689 0.62043335579801351 0.78183035168331116 0.067455366486683488 0.056625142024131492 0.034682028257520869 0.074644009844632819 0.022906484635313973
leaf_count=22 14 14 5 19 10 8 47 27 95 16
internal_value=0.00250745 0.0257392 -0.00811352 0.0557839 0.0756519 0.000349676 -0.0127454 -0.0801249 -0.0801045 -0.0801565
internal_weight=3.74641 2.564 1.52779 0.762069 1.0362 0.254375 0.186919 0.141635 0.109326 0.0795316
internal_count=277 255 160 155 95 85 77 136 122 63
is_linear=0
shrinkage=0.1


Tree=202
num_leaves=9
num_cat=0
split_feature=6 6 5 5 5 5 6 2
split_gain=0.193452 0.358853 0.202014 0.568623 0.518972 0.289552 0.512673 0.00723195
threshold=76.300000000000026 72.850000000000009 26.350000000000005 26.650000000000002 25.050000000000004 27.650000000000002 59.850000000000001 0.6078576107927941
decision_type=2 2 2 2 2 2 2 2
left_child=1 2 4 -4 -1 -5 -7 -2
right_child=7 -3 3 5 -6 6 -8 -9
leaf_value=-0.019193428033779256 -0.041378532552414624 0.060838303765809169 -0.081268394821824977 0.057449984904380302 0.076358839971508857 0.01949151777641955 -0.039797518400396685 -0.026900278882963754
leaf_weight=1.2263315669260904 0.75655678310431607 1.0354714994318772 0.94831592962145794 0.81163404998369504 1.0594870791537685 3.361760823201621 2.5760219210496871 0.63421732094138861
leaf_count=21 31 18 7 13 20 76 78 13
internal_value=0.000367531 0.00480322 -0.00100861 -0.00876014 0.0250955 0.00142752 -0.00623018 -0.0347762
internal_weight=12.4098 11.019 9.98355 7.69773 2.28582 6.74942 5.93778 1.39077
internal_count=277 233 215 174 41 167 154 44
is_linear=0
shrinkage=0.1


Tree=203
num_leaves=9
num_cat=0
split_feature=6 6 6 5 0 5 2 6
split_gain=0.230569 0.545315 0.675396 0.392723 0.694304 0.528894 0.323219 0.184208
threshold=82.000000000000014 79.950000000000017 76.750000000000014 28.250000000000004 -0.60355339059327362 28.950000000000003 -0.60785761079279388 55.350000000000001
decision_type=2 2 2 2 2 2 2 2
left_child=1 2 3 4 6 -5 -1 -7
right_child=-2 -3 -4 5 -6 7 -8 -9
leaf_value=-0.046671240102719586 0.031570328616525242 -0.064348039496378379 0.061362258636599977 0.072421488228187211 -0.081438538414725023 0.020436461375815299 0.011422365086038286 -0.018387688089040448
leaf_weight=1.344112316612154 1.9183780616149295 1.4156590029597271 1.62691419571638 1.1337962199468163 1.6088338503614084 2.0186334715690464 3.331601295620203 3.0971086759818718
leaf_count=23 14 9 18 30 27 29 49 78
internal_value=-0.00114212 -0.00517089 0.000744982 -0.00712309 -0.0247747 0.0106274 -0.00527762 -0.00306797
internal_weight=17.495 15.5767 14.161 12.5341 6.28455 6.24954 4.67571 5.11574
internal_count=277 263 254 236 99 137 72 107
is_linear=0
shrinkage=0.1


Tree=204
num_leaves=7
num_cat=0
split_feature=5 5 6 5 6 6
split_gain=0.236035 0.512659 0.000304996 4.51229e-05 2.46072e-06 4.90611e-07
threshold=32.150000000000006 24.050000000000004 86.250000000000014 31.750000000000004 55.350000000000001 79.950000000000017
decision_type=2 2 2 2 2 2
left_child=1 -1 3 4 -3 -6
right_child=-2 2 -4 -5 5 -7
leaf_value=0.010106953466134284 0.052644977816614071 -0.080743968029565738 -0.085372155814922801 -0.082504708069472577 -0.080159816221390748 -0.080578291505595603
leaf_weight=3.0992536563426261 0.77638616412878025 0.1306066715333144 0.22010330855846405 0.13621825817972422 0.22678120862110518 0.031964118941687047
leaf_count=34 6 26 3 5 197 6
internal_value=0.00235159 -0.00780389 -0.082247 -0.0809382 -0.0803901 -0.0802115
internal_weight=4.62131 3.84493 0.745674 0.52557 0.389352 0.258745
internal_count=277 271 237 234 229 203
is_linear=0
shrinkage=0.1


Tree=205
num_leaves=7
num_cat=0
split_feature=5 6 5 2 0 0
split_gain=0.328608 0.57596 0.81119 0.385611 0.302386 0.639777
threshold=23.100000000000005 81.65000000000002 24.050000000000004 0.87837969732492682 -0.98296291314453399 -0.91597561503675329
decision_type=2 2 2 2 2 2
left_child=-1 2 -2 4 -4 -6
right_child=1 -3 3 -5 5 -7
leaf_value=0.042537006651873516 -0.052760218408619566 0.052475956694377268 0.037362455446071322 0.047763223092522164 -0.061153350424345831 0.0046936109156572557
leaf_weight=1.6236492320895219 3.5171235343441358 1.5791275482624758 1.3880606638267607 1.6118824637378573 2.0395330144092414 5.3361857151612657
leaf_count=8 19 14 22 33 21 160
internal_value=-0.000260947 -0.00475224 -0.0112571 0.00281156 -0.0054562 -0.0135144
internal_weight=17.0956 15.4719 13.8928 10.3757 8.76378 7.37572
internal_count=277 269 255 236 203 181
is_linear=0
shrinkage=0.1


Tree=206
num_leaves=12
num_cat=0
split_feature=3 5 6 1 5 5 6 5 6 8 5
split_gain=0.420382 0.407669 0.402458 0.390703 0.281542 0.633227 0.129327 0.0790538 1.61439e-07 1.75595e-08 2.63576e-09
threshold=1.0000000180025095e-35 23.750000000000004 83.100000000000009 0.78656609248549303 23.650000000000002 23.850000000000005 77.800000000000026 26.350000000000005 77.800000000000026 1.0000000180025095e-35 28.750000000000004
decision_type=2 2 2 2 2 2 2 2 2 2 2
left_child=1 -1 3 8 -2 -6 7 -7 9 -3 -9
right_child=4 2 -4 -5 5 6 -8 10 -10 -11 -12
leaf_value=-0.10418355743031932 0.11758258030356039 -0.080208079951757272 -0.1067358902987426 0.091123190859749001 -0.048229626811011166 0.047573933774525706 0.090484496370668591 -0.080130691461569453 -0.080407957840640698 -0.080125209670145803 -0.080093337966467851
leaf_weight=0.57670001336373411 0.31894346931949291 0.032118852352141625 0.24316567380446941 0.48017462342977524 0.83205705159343757 0.13532065518666059 0.74817153275944293 0.03799312369665131 0.026716818567365408 0.12538555798528228 0.037571331806248054
leaf_count=10 10 14 4 8 6 14 9 29 6 119 48
internal_value=0.00233739 -0.0384387 0.00333813 0.0436247 0.0310202 0.0156061 0.0709885 0.00182141 -0.0801807 -0.0801421 -0.0801121
internal_weight=3.59432 1.48426 0.907562 0.664396 2.11006 1.79111 0.959057 0.210885 0.184221 0.157504 0.0755645
internal_count=277 161 151 147 116 106 100 91 139 133 77
is_linear=0
shrinkage=0.1


Tree=207
num_leaves=11
num_cat=0
split_feature=1 6 2 2 0 2 6 0 5 2
split_gain=0.170241 0.462944 0.297566 0.268452 0.499089 0.252282 0.429713 0.00258958 0.00115576 1.43759e-05
threshold=-0.98296291314453399 57.300000000000004 -0.8783796973249266 1.0000000180025095e-35 0.91597561503675362 0.87837969732492682 69.950000000000017 0.91597561503675362 23.650000000000002 1.0000000180025095e-35
decision_type=2 2 2 2 2 2 2 2 2 2
left_child=-1 7 -3 4 8 6 -5 9 -4 -2
right_child=1 2 3 5 -6 -7 -8 -9 -10 -11
leaf_value=0.022167947365978411 -0.081040159347321977 0.047733518453658724 -0.08818444812471303 -0.0073966015950155508 -0.001647295187492329 -0.023522201359225652 0.0704068411197354 -0.094384268333100707 -0.081585324022297429 -0.082396653607868672
leaf_weight=2.8076580092310914 0.17422529886243765 1.1409791221958565 0.55112443398684285 1.6283861288684423 2.214421421289444 1.5473583253333343 1.2584972707554696 0.32281607389450073 0.51190470102301333 0.14164318633265793
leaf_count=15 31 36 12 34 11 31 20 2 73 12
internal_value=0.000536363 -0.00586252 6.95437e-05 -0.00698255 -0.0286846 0.00905792 0.0265207 -0.0880856 -0.0850066 -0.0816484
internal_weight=12.299 9.49136 8.85267 7.71169 3.27745 4.43424 2.88688 0.638685 1.06303 0.315868
internal_count=277 262 217 181 96 85 54 45 85 43
is_linear=0
shrinkage=0.1


Tree=208
num_leaves=8
num_cat=0
split_feature=6 6 5 8 0 5 0
split_gain=0.235952 0.479777 1.11854 0.381308 0.472567 0.630069 0.08349
threshold=83.100000000000009 74.350000000000009 23.850000000000005 1.0000000180025095e-35 0.91597561503675362 27.650000000000002 -0.78656609248549303
decision_type=2 2 2 2 2 2 2
left_child=1 2 -1 -4 5 -5 -3
right_child=-2 6 3 4 -6 -7 -8
leaf_value=-0.096216272042885131 -0.0422203640143217 0.041336974097461704 0.042605269912108203 -0.081863397970391438 -0.060798018334038598 0.015063196723390399 0.014966986233314312
leaf_weight=1.3066012859344507 1.2981792278587807 2.4689694754779339 1.8923464375548036 0.75868293480016369 1.3687647581100462 5.7804692984791473 2.3372224811464539
leaf_count=9 11 17 22 41 7 142 28
internal_value=-0.00122683 0.0021174 -0.00930475 0.00228256 -0.00736657 0.00381762 0.0285134
internal_weight=17.2112 15.9131 11.1069 9.80026 7.90792 6.53915 4.80619
internal_count=277 266 221 212 190 183 45
is_linear=0
shrinkage=0.1


Tree=209
num_leaves=10
num_cat=0
split_feature=6 5 3 5 8 6 5 5 5
split_gain=0.235532 0.364296 0.267046 0.415667 0.49588 0.149126 7.21359e-05 1.79741e-05 2.49277e-07
threshold=86.250000000000014 23.100000000000005 -0.56174490092936669 23.350000000000005 1.0000000180025095e-35 50.650000000000006 23.650000000000002 24.350000000000005 30.950000000000003
decision_type=2 2 2 2 2 2 2 2 2
left_child=1 -1 6 -4 -5 -6 -3 -8 -9
right_child=-2 2 3 4 5 -7 7 8 -10
leaf_value=-0.087976452702013347 0.056128198025404412 -0.084273711862698039 0.12707710331488378 -0.084249958096241875 0.078719533946957423 0.01050980511731351 -0.082492127667915374 -0.080173551375338797 -0.080525210155613966
leaf_weight=0.488811640068889 0.69005678594112385 0.16486845910549197 0.29152452945709262 0.54156676947605031 0.38912527356296678 1.8181170835232476 0.066556824371218681 0.05408764293679269 0.032133128435816616
leaf_count=7 5 3 1 29 5 163 2 56 6
internal_value=0.00233163 -0.00731867 0.00442246 0.0135376 0.00149623 0.0225348 -0.0828231 -0.0812576 -0.0803046
internal_weight=4.53685 3.84679 3.35798 3.04033 2.74881 2.20724 0.317646 0.152778 0.0862208
internal_count=277 272 265 198 197 168 67 64 62
is_linear=0
shrinkage=0.1


Tree=210
num_leaves=12
num_cat=0
split_feature=5 2 8 6 0 0 3 0 0 5 1
split_gain=0.302325 0.664234 0.197336 0.52089 0.64583 0.386661 0.172805 0.00275496 0.000186293 1.36049e-06 1.17224e-07
threshold=28.250000000000004 -0.8783796973249266 1.0000000180025095e-35 77.050000000000011 -0.91597561503675329 -0.60355339059327362 -0.22252093395631442 0.91597561503675362 -0.98296291314453399 31.150000000000002 -0.5
decision_type=2 2 2 2 2 2 2 2 2 2 2
left_child=2 -2 5 4 6 -1 -4 8 -3 10 -10
right_child=1 7 3 -5 -6 -7 -8 -9 9 -11 -12
leaf_value=0.01242969795041248 0.042950444044835501 -0.085841314478093275 -0.014194803584175228 -0.024804980794230186 0.081729304461378993 -0.034680130007882691 0.0282421599801677 -0.091960446264899118 -0.080185041132641091 -0.08065076441095867 -0.080363179702735987
leaf_weight=4.0302451923489571 0.60719533811788995 0.079271644353866466 1.7862879978492863 2.3242750931531191 1.7576608601957562 3.0688851568847904 2.0732533968985081 0.66528249531984329 0.11749850009800855 0.15375495387706906 0.053879483486524826
leaf_count=22 34 1 19 23 27 25 24 5 64 20 13
internal_value=-0.000310801 -0.0405855 0.00417944 0.0150093 0.0314836 -0.00793542 0.00860132 -0.0880037 -0.0814946 -0.0804348 -0.080241
internal_weight=16.7175 1.67688 15.0406 7.94148 5.6172 7.09913 3.85954 1.06969 0.404405 0.325133 0.171378
internal_count=277 137 140 93 70 47 43 103 98 97 77
is_linear=0
shrinkage=0.1


Tree=211
num_leaves=12
num_cat=0
split_feature=3 5 6 1 5 6 5 6 8 5 5
split_gain=0.375078 0.374539 0.366537 0.355602 0.272893 0.133883 0.0577688 1.2011e-07 1.25719e-08 1.91986e-09 6.79933e-09
threshold=1.0000000180025095e-35 23.750000000000004 83.100000000000009 0.78656609248549303 23.850000000000005 75.950000000000017 25.950000000000003 77.800000000000026 1.0000000180025095e-35 28.750000000000004 31.150000000000002
decision_type=2 2 2 2 2 2 2 2 2 2 2
left_child=1 -1 3 7 -2 6 -6 8 -3 -8 -11
right_child=4 2 -4 -5 5 -7 9 -9 -10 10 -12
leaf_value=-0.10215017557471791 -0.0029140850745782935 -0.080189904655986036 -0.10394955933900459 0.090230581780516309 0.038993182245435382 0.08854301580311906 -0.080118202454110998 -0.080372310912854406 -0.080116420350145351 -0.080035982219145554 -0.080125648231738761
leaf_weight=0.54392388975247763 1.1345324582653122 0.02921695008990377 0.2291063207667321 0.45209509320557117 0.098510587064083555 0.74889374244958162 0.035322090741829015 0.024161646724678576 0.11460127128520958 0.015488155069760978 0.018628418416483328
leaf_count=10 16 14 4 8 11 11 30 6 119 35 13
internal_value=0.00268005 -0.0373632 0.0041346 0.0440697 0.0298737 0.0704465 -0.0102467 -0.080166 -0.0801313 -0.0801019 -0.0800849
internal_weight=3.44448 1.39311 0.849181 0.620075 2.05138 0.916843 0.167949 0.16798 0.143818 0.0694387 0.0341166
internal_count=277 161 151 147 116 100 89 139 133 78 48
is_linear=0
shrinkage=0.1


Tree=212
num_leaves=12
num_cat=0
split_feature=6 6 6 6 6 6 6 5 3 2 2
split_gain=0.186618 0.299674 0.154543 0.47714 0.547184 0.702086 0.244299 0.770371 0.331521 0.0081798 0.00685007
threshold=76.300000000000026 72.850000000000009 62.150000000000013 60.550000000000004 59.550000000000004 56.650000000000013 67.550000000000011 25.950000000000003 -0.22252093395631442 -1.0000000180025095e-35 0.6078576107927941
decision_type=2 2 2 2 2 2 2 2 2 2 2
left_child=1 2 3 4 5 -1 7 -4 -8 -9 -2
right_child=10 -3 6 -5 -6 -7 8 9 -10 -11 -12
leaf_value=-0.027638034810279107 -0.041346753016433639 0.056659314278337182 0.049509185901635597 0.05514639042339075 -0.059818661898774918 0.074104474804664741 0.041889750183000556 -0.10758827908765026 -0.032037807514768354 -0.089344537905830732 -0.026891255566186135
leaf_weight=1.5265865068358819 0.71425600245129384 1.0213076681829978 0.53758705081418179 1.6738840223842997 1.3692127264803273 1.2204927159473298 1.1897899581672393 0.53474712738534236 1.2375270421034654 0.454765968141148 0.60589899914339185
leaf_count=43 31 18 9 21 15 28 20 24 28 27 13
internal_value=0.000772942 0.00512427 -0.000276997 0.0101303 -0.0081754 0.0175649 -0.0155157 -0.0468521 0.00419902 -0.0992037 -0.0347123
internal_weight=12.0861 10.7659 9.74459 5.79018 4.11629 2.74708 3.95442 1.5271 2.42732 0.989513 1.32016
internal_count=277 233 215 107 86 71 108 60 48 51 44
is_linear=0
shrinkage=0.1


Tree=213
num_leaves=8
num_cat=0
split_feature=1 1 6 5 6 6 6
split_gain=0.233011 0.630196 0.380468 0.901099 0.359641 0.848946 0.801286
threshold=0.78656609248549303 0.60355339059327384 74.350000000000009 23.850000000000005 62.150000000000013 63.250000000000007 60.550000000000004
decision_type=2 2 2 2 2 2 2
left_child=1 2 3 -1 6 -6 -5
right_child=-2 -3 -4 4 5 -7 -8
leaf_value=-0.095070159119488254 0.028696725178544776 -0.067512260654658915 0.036351536013325463 0.0054641887186469059 0.10886982188852337 -0.002721415158677758 -0.086532357486014552
leaf_weight=1.0504303574562062 2.2426204755902281 1.4917245814576752 2.4801598638296136 5.0652250867569801 0.9508552337647419 2.4087879986036569 1.1644185832701621
leaf_count=8 24 19 18 86 17 85 20
internal_value=-0.00131594 -0.00592235 0.00108039 -0.00714145 0.00249044 0.0288614 -0.0117314
internal_weight=16.8542 14.6116 13.1199 10.6397 9.58929 3.35964 6.22964
internal_count=277 253 234 216 208 102 106
is_linear=0
shrinkage=0.1


Tree=214
num_leaves=13
num_cat=0
split_feature=0 2 6 6 6 6 6 6 1 5 5 5
split_gain=0.231049 0.24513 0.255067 0.643812 0.639188 0.40619 0.243716 0.339805 0.0340786 1.56875e-05 3.19347e-05 7.62061e-07
threshold=-0.78656609248549303 -0.8783796973249266 86.250000000000014 81.40000000000002 79.950000000000017 52.900000000000013 71.850000000000009 71.450000000000017 -0.37940952255126015 23.350000000000005 23.850000000000005 24.050000000000004
decision_type=2 2 2 2 2 2 2 2 2 2 2 2
left_child=6 8 3 4 5 -3 7 9 -2 -1 -11 -12
right_child=1 2 -4 -5 -6 -7 -8 -9 -10 10 11 -13
leaf_value=-0.083448098338069113 0.046615350574093203 0.052644233610818741 0.054315014398105224 -0.093472738445269168 0.14876409841261443 -0.08660404875292535 -0.084739356467228258 0.068434028033586974 0.091293579540350667 -0.083207971363042185 -0.080778511358686675 -0.080088802657720864
leaf_weight=0.09898995980620362 0.34046086177113466 0.41480505187064476 0.67114761471748341 0.69796594762010489 0.31838840339332819 0.42321286597143626 0.547093580593355 0.36598096019588411 0.34243313688784827 0.080244828015565872 0.023824642412364483 0.048901529022259638
leaf_count=2 32 9 5 13 2 104 24 5 8 2 2 69
internal_value=0.00201256 0.015863 0.0014898 -0.0176291 0.0281475 -0.0176784 -0.0361305 0.00690523 0.069019 -0.0824672 -0.0818325 -0.0803147
internal_weight=4.37345 3.20841 2.52552 1.85437 1.15641 0.838018 1.16504 0.617942 0.682894 0.251961 0.152971 0.0727262
internal_count=277 173 133 128 115 113 104 80 40 75 73 71
is_linear=0
shrinkage=0.1


Tree=215
num_leaves=11
num_cat=0
split_feature=5 8 6 3 0 3 0 5 2 5
split_gain=0.262226 0.651051 0.192818 0.128153 0.15599 0.0820365 0.00263058 9.03128e-05 6.04156e-06 1.15225e-06
threshold=28.250000000000004 1.0000000180025095e-35 68.050000000000011 -0.22252093395631442 -0.78656609248549303 -0.22252093395631442 0.91597561503675362 28.450000000000003 -0.8783796973249266 31.150000000000002
decision_type=2 2 2 2 2 2 2 2 2 2
left_child=2 -2 5 -4 -5 -1 7 -3 -9 -10
right_child=1 6 3 4 -6 -7 -8 8 9 -11
leaf_value=0.0074222066068432395 0.048820070990297948 -0.083722624003979729 -0.020023334677383479 -0.008359439882418232 0.023455905406986114 0.033446730162995923 -0.09168423570516146 -0.081063879550057838 -0.080196469929510239 -0.080600905469918591
leaf_weight=2.4827058324590325 0.55533998040482391 0.12281877905479521 3.3801498115062714 3.9702887069433923 2.5187219884246574 2.3652301589027074 0.38000606000423431 0.26648841437418003 0.14017619437072437 0.14161045046057552
leaf_count=23 4 10 39 29 29 20 3 30 70 20
internal_value=-0.000399771 -0.0387625 0.0037877 -0.00423464 0.00398975 0.0201192 -0.0850361 -0.0812716 -0.0807225 -0.0803997
internal_weight=16.3235 1.60644 14.7171 9.86916 6.48901 4.84794 1.0511 0.671094 0.548275 0.281787
internal_count=277 137 140 97 58 43 133 130 120 90
is_linear=0
shrinkage=0.1


Tree=216
num_leaves=8
num_cat=0
split_feature=6 1 5 8 3 5 6
split_gain=0.344738 0.416861 1.19076e-07 1.406e-08 9.35805e-09 2.97346e-09 2.20237e-09
threshold=82.000000000000014 0.78656609248549303 24.450000000000003 1.0000000180025095e-35 -0.56174490092936669 31.150000000000002 61.250000000000007
decision_type=2 2 2 2 2 2 2
left_child=1 2 -1 -4 6 -6 -5
right_child=-2 -3 3 4 5 -7 -8
leaf_value=-0.080249027334337072 -0.037534119082239858 0.047903173118882994 -0.080167422761817639 -0.0801609808898745 -0.08007479365666309 -0.080111935223079758 -0.080118827647806312
leaf_weight=0.09414124430622961 1.2547857777681199 1.733956228941679 0.038540727953659704 0.020572140725562682 0.084491982110193264 0.028936640592291951 0.031180105754174292
leaf_count=31 14 16 20 14 126 22 34
internal_value=0.00367833 0.0291298 -0.080156 -0.080113 -0.0801003 -0.0800843 -0.0801356
internal_weight=3.2866 2.03182 0.297863 0.203722 0.165181 0.113429 0.0517522
internal_count=277 263 247 216 196 148 48
is_linear=0
shrinkage=0.1


Tree=217
num_leaves=11
num_cat=0
split_feature=1 5 2 2 2 2 0 5 0 2
split_gain=0.172562 0.287917 1.14836 0.52495 0.446055 0.468517 0.433115 0.0411558 0.00242164 2.26474e-05
threshold=-0.98296291314453399 28.450000000000003 0.87837969732492682 0.87837969732492682 1.0000000180025095e-35 -0.8783796973249266 -1.0000000180025095e-35 28.750000000000004 0.91597561503675362 1.0000000180025095e-35
decision_type=2 2 2 2 2 2 2 2 2 2
left_child=-1 3 7 4 5 -2 -7 -3 9 -9
right_child=1 2 -4 -5 -6 6 -8 8 -10 -11
leaf_value=0.022872638594544609 0.051309942316679118 -0.1286389591213426 0.10515076954145726 -0.059607566757995972 0.046731711517673857 -0.085330760076876372 -0.0025832081702085916 -0.080921883773410599 -0.092918685989477667 -0.082350023500570663
leaf_weight=2.6861593723297128 1.0182227444602157 0.31586599402362459 0.37222488922998298 1.1782551361247895 2.4393762055551633 0.89854956703493227 2.1367252692580241 0.30552521691424772 0.29792331159114838 0.17443613227806054
leaf_count=15 21 8 14 22 39 59 11 66 2 20
internal_value=0.000591225 -0.00595915 -0.0465656 0.00180087 0.0129446 -0.00738833 -0.0270794 -0.0981977 -0.0858368 -0.0814409
internal_weight=11.8233 9.1371 1.46598 7.67113 6.49287 4.0535 3.03527 1.09375 0.777885 0.479961
internal_count=277 262 110 152 130 91 70 96 88 86
is_linear=0
shrinkage=0.1


Tree=218
num_leaves=7
num_cat=0
split_feature=0 6 6 5 5 5
split_gain=0.228049 0.247776 0.318519 0.647696 0.802205 0.857497
threshold=0.91597561503675362 83.100000000000009 81.40000000000002 23.650000000000002 24.050000000000004 27.650000000000002
decision_type=2 2 2 2 2 2
left_child=1 2 3 -1 -5 -6
right_child=-2 -3 -4 4 5 -7
leaf_value=-0.042109790439179048 -0.028460019603538084 -0.038827951572543373 0.051362664442370781 0.071937389398470913 -0.08169037120350571 0.01482653878012717
leaf_weight=2.5405479036271599 2.5813345941714934 1.2361241606995452 1.4988134121522296 1.9407365769147853 1.1023868934717027 5.5791627354337834
leaf_count=14 24 11 9 8 68 143
internal_value=-0.00116409 0.00390579 0.00807777 0.00226599 0.0153413 -0.00109776
internal_weight=16.4791 13.8978 12.6616 11.1628 8.62229 6.68155
internal_count=277 253 242 233 219 211
is_linear=0
shrinkage=0.1


Tree=219
num_leaves=7
num_cat=0
split_feature=5 5 6 5 5 1
split_gain=0.210764 0.429395 0.000178619 3.58812e-05 2.19926e-06 3.00001e-07
threshold=32.150000000000006 24.050000000000004 86.250000000000014 31.750000000000004 31.150000000000002 -0.98296291314453399
decision_type=2 2 2 2 2 2
left_child=1 -1 3 4 5 -3
right_child=-2 2 -4 -5 -6 -7
leaf_value=0.0083175832549785052 0.051554530928222986 -0.080522026717489842 -0.084550558029980738 -0.082367319828003577 -0.080813511580986236 -0.080180771457279532
leaf_weight=2.8246814031153922 0.70218156278133381 0.02916082658339314 0.1908017210662365 0.12296089204028249 0.083410456485580653 0.22095932631782456
leaf_count=34 6 8 3 5 15 206
internal_value=0.00158819 -0.00851714 -0.0819811 -0.0809072 -0.0803688 -0.0802206
internal_weight=4.17416 3.47197 0.647293 0.456492 0.333531 0.25012
internal_count=277 271 237 234 229 214
is_linear=0
shrinkage=0.1


Tree=220
num_leaves=9
num_cat=0
split_feature=5 6 5 5 2 8 0 0
split_gain=0.251054 0.478847 0.693463 0.304104 0.598097 0.306778 0.516535 0.00196781
threshold=23.100000000000005 81.65000000000002 24.050000000000004 28.250000000000004 -0.8783796973249266 1.0000000180025095e-35 -0.91597561503675329 0.91597561503675362
decision_type=2 2 2 2 2 2 2 2
left_child=-1 2 -2 5 -5 -4 -7 -6
right_child=1 -3 3 4 7 6 -8 -9
leaf_value=0.037558872815934834 -0.050818725391982546 0.0483337899320887 -0.017306973611861603 0.040973615114758194 -0.081251473250782927 0.0029402298108127372 0.069344765051572679 -0.090748737886289899
leaf_weight=1.5486123785376573 3.2734976066276422 1.518094609491526 2.718301260843873 0.58745501947123313 0.33902870104066229 3.7209983477368951 1.7095898129045943 0.61197138577699661
leaf_count=8 19 14 21 34 98 43 35 5
internal_value=-0.000710121 -0.00480323 -0.0110271 0.00241904 -0.038358 0.0101175 0.0238449 -0.087363
internal_weight=16.0275 14.4789 12.9608 9.68734 1.53846 8.14889 5.43059 0.951
internal_count=277 269 255 236 137 99 78 103
is_linear=0
shrinkage=0.1


Tree=221
num_leaves=11
num_cat=0
split_feature=3 6 5 6 6 5 5 6 5 6
split_gain=0.34723 0.308187 0.236332 0.213962 0.411494 0.202151 0.0753805 0.0422644 0.0218115 5.12172e-09
threshold=-0.56174490092936669 82.000000000000014 24.350000000000005 81.40000000000002 76.750000000000014 23.850000000000005 27.200000000000006 76.300000000000026 25.050000000000004 59.20000000000001
decision_type=2 2 2 2 2 2 2 2 2 2
left_child=2 3 -1 4 5 -2 -7 8 -4 -10
right_child=1 -3 7 -5 -6 6 -8 -9 9 -11
leaf_value=-0.10178884844255198 0.10547121394279582 -0.020692281379353819 0.037551210627859453 0.10829520920467342 -0.067263565833757824 0.032658251152115361 -0.08008480012030203 0.059251336114563471 -0.080164748170121355 -0.08009413980596021
leaf_weight=0.44133999652694944 0.48446969361975811 1.0390327920904381 0.024861248792149127 0.44452472450211633 0.33036295371130109 0.20030046766623855 0.084246415892266668 0.13919654267374426 0.016979608830297366 0.026009844536019955
leaf_count=8 10 11 6 3 13 44 125 10 10 37
internal_value=0.00498991 0.0214139 -0.0604372 0.049751 0.0260791 0.0661783 -0.00072183 0.0277074 -0.0370053 -0.080122
internal_weight=3.23132 2.58294 0.648387 1.5439 1.09938 0.769017 0.284547 0.207047 0.0678507 0.0429895
internal_count=277 206 71 195 192 179 169 63 53 47
is_linear=0
shrinkage=0.1


Tree=222
num_leaves=11
num_cat=0
split_feature=6 6 5 5 2 6 5 3 2 1
split_gain=0.167424 0.264385 0.159293 0.402551 0.291122 0.213407 0.358849 0.0985549 0.00750964 0.00272744
threshold=76.300000000000026 72.850000000000009 30.650000000000002 28.450000000000003 0.6078576107927941 60.95000000000001 26.350000000000005 1.0000000180025095e-35 0.6078576107927941 -0.98296291314453399
decision_type=2 2 2 2 2 2 2 2 2 2
left_child=1 2 3 5 9 -1 -7 -4 -2 -5
right_child=8 -3 7 4 -6 6 -8 -9 -10 -11
leaf_value=0.039559818859661228 -0.040887208107025556 0.053803972229472412 0.042293812712841605 -0.099491804181214047 -0.0053823706436526156 0.022475153441720516 -0.03604598862318182 0.0011472265016891946 -0.02540799116164635 -0.087994277160791112
leaf_weight=1.3324282186222225 0.67574996710754998 0.9986714955884971 1.200317182869185 0.3921922892332077 0.6871292659197934 2.1248831013217568 2.0671899450971978 1.1302575709414666 0.58451841399073601 0.43534608645131789
leaf_count=17 31 18 26 2 16 39 35 22 13 58
internal_value=0.000708739 0.00489204 -0.000321228 -0.00782372 -0.0534944 0.00469794 -0.00638272 0.022339 -0.0337079 -0.0934433
internal_weight=11.6287 10.3684 9.36974 7.03917 1.51467 5.5245 4.19207 2.33057 1.26027 0.827538
internal_count=277 233 215 167 76 91 74 48 44 60
is_linear=0
shrinkage=0.1


Tree=223
num_leaves=9
num_cat=0
split_feature=6 6 6 2 6 8 3 8
split_gain=0.213759 0.450254 0.412375 0.322708 1.11287 0.982063 0.474032 0.3758
threshold=82.000000000000014 79.950000000000017 76.750000000000014 0.6078576107927941 59.850000000000001 1.0000000180025095e-35 1.0000000180025095e-35 1.0000000180025095e-35
decision_type=2 2 2 2 2 2 2 2
left_child=1 2 3 5 -5 -1 -7 -6
right_child=-2 -3 -4 4 7 6 -8 -9
leaf_value=-0.076103636240752531 0.030803795910575839 -0.060810856259849236 0.049069565761839261 -0.066448851461839806 0.09305672059022696 0.02290814839078744 -0.038766190973690752 0.014034386758660554
leaf_weight=2.0887881196103963 1.8592735761776555 1.3230222021229554 1.5364591423422087 1.0548619793262335 1.3050446468405428 4.0244745399686552 1.8052509735571218 1.116812747553922
leaf_count=25 14 9 18 17 8 92 59 35
internal_value=-0.00108721 -0.00524682 0.000437851 -0.00611933 0.0192775 -0.0172701 0.00380988 0.0566164
internal_weight=16.114 14.2547 12.9317 11.3952 3.47672 7.91851 5.82973 2.42186
internal_count=277 263 254 236 60 176 151 43
is_linear=0
shrinkage=0.1


Tree=224
num_leaves=13
num_cat=0
split_feature=0 6 5 2 6 6 6 6 1 5 5 6
split_gain=0.204306 0.223336 0.300267 0.206503 0.23145 0.595003 0.504429 0.356086 0.0233394 9.31537e-05 4.76484e-07 4.57734e-08
threshold=-0.78656609248549303 71.850000000000009 23.350000000000005 -0.8783796973249266 86.250000000000014 81.40000000000002 79.950000000000017 52.900000000000013 -0.37940952255126015 23.850000000000005 24.050000000000004 69.750000000000014
decision_type=2 2 2 2 2 2 2 2 2 2 2 2
left_child=1 2 -1 8 5 6 7 -5 -2 -4 -11 -12
right_child=3 -3 9 4 -6 -7 -8 -9 -10 10 11 -13
leaf_value=0.063273846368265815 0.045690846888847184 -0.084489197058041088 -0.084579854655215891 0.050928703003319066 0.052392684171083143 -0.093151230166519314 0.13458817967691444 -0.086035090363148881 0.083803863732815481 -0.080690026318067681 -0.080059405335769121 -0.080249938600789786
leaf_weight=0.35838173329830147 0.31989787112979684 0.50729876922559924 0.15459984168410301 0.38701531221158869 0.63789623230695713 0.65547825692920003 0.31310418713837862 0.37254281996865757 0.32280816265847523 0.02116826269775629 0.03391360954992706 0.020070881902938709
leaf_count=3 32 24 3 9 5 13 2 104 8 2 63 9
internal_value=0.00110499 -0.0358716 0.00606375 0.0145676 0.000913361 -0.0180888 0.02778 -0.0162484 0.0648336 -0.0831759 -0.0802879 -0.0801302
internal_weight=4.10418 1.09543 0.588134 3.00874 2.36604 1.72814 1.07266 0.759558 0.642706 0.229753 0.0751528 0.0539845
internal_count=277 104 80 173 133 128 115 113 40 77 74 72
is_linear=0
shrinkage=0.1


Tree=225
num_leaves=11
num_cat=0
split_feature=5 2 6 0 1 3 0 1 5 1
split_gain=0.233801 0.52697 0.162703 0.250125 0.375075 0.358751 0.00154325 9.4818e-05 6.70915e-07 5.51858e-08
threshold=28.250000000000004 -0.8783796973249266 61.850000000000001 -0.60355339059327362 0.37940952255126026 1.0000000180025095e-35 0.91597561503675362 -0.12940952255126037 31.150000000000002 -0.5
decision_type=2 2 2 2 2 2 2 2 2 2
left_child=2 -2 -1 4 5 -4 7 8 9 -3
right_child=1 6 3 -5 -6 -7 -8 -9 -10 -11
leaf_value=0.029155284482316995 0.035064539591756948 -0.080143557256143916 0.013451728338042375 -0.025622409254976448 0.032702420296946658 -0.037720522012762714 -0.089890284295653738 -0.084630305216516752 -0.080512165122302998 -0.080282266704330141
leaf_weight=2.1002025790512553 0.5895743448054418 0.091892138181719929 3.141917694360016 3.0793542913161209 3.5574860465712845 2.4292794121429324 0.57284047454595566 0.064648352563381861 0.12065501417964697 0.04169747163541615
leaf_count=17 34 64 26 38 38 21 5 1 20 13
internal_value=-0.000469723 -0.0382886 0.0034456 -0.000977351 0.0073361 -0.00886155 -0.0867864 -0.0812107 -0.0803412 -0.0801869
internal_weight=15.7895 1.48131 14.3082 12.208 9.12868 5.5712 0.891733 0.318893 0.254245 0.13359
internal_count=277 137 140 123 85 47 103 98 97 77
is_linear=0
shrinkage=0.1


Tree=226
num_leaves=8
num_cat=0
split_feature=5 1 5 8 3 5 6
split_gain=0.364938 0.487683 1.38235e-07 1.13877e-08 7.94152e-09 2.03972e-09 9.31791e-10
threshold=24.050000000000004 0.78656609248549303 24.450000000000003 1.0000000180025095e-35 -0.56174490092936669 31.150000000000002 67.550000000000011
decision_type=2 2 2 2 2 2 2
left_child=-1 2 -2 -4 6 -6 -5
right_child=1 -3 3 4 5 -7 -8
leaf_value=-0.019210945423302928 -0.080311056379882451 0.087505105929004789 -0.080150278455384 -0.080111392612780219 -0.080063952386229931 -0.080097180992445116 -0.080140755609523065
leaf_weight=2.0531752912793313 0.037999981141183303 0.84315869770944118 0.037474266559002212 0.027243872347753717 0.073148633382515538 0.024715048057259992 0.017913289237185381
leaf_count=34 11 14 22 36 126 22 12
internal_value=0.0054024 0.0530032 -0.0801377 -0.0801012 -0.0800884 -0.0800723 -0.080123
internal_weight=3.11483 1.06165 0.218495 0.180495 0.143021 0.0978637 0.0451572
internal_count=277 243 229 218 196 148 48
is_linear=0
shrinkage=0.1


Tree=227
num_leaves=9
num_cat=0
split_feature=5 5 0 3 3 6 5 1
split_gain=0.16688 0.158396 0.271686 0.523473 0.249549 0.117424 0.00083425 7.95315e-05
threshold=24.250000000000004 24.450000000000003 -1.0000000180025095e-35 1.0000000180025095e-35 -0.56174490092936669 60.550000000000004 24.900000000000002 1.0000000180025095e-35
decision_type=2 2 2 2 2 2 2 2
left_child=-1 -2 3 6 -4 -6 -3 -8
right_child=1 2 4 -5 5 -7 7 -9
leaf_value=-0.032713929629795045 0.040727135263121564 -0.087939252869472614 0.040244072139807865 0.035530206427219456 -0.015899213037731421 0.012978074354499256 -0.080969939280308378 -0.083505210394838492
leaf_weight=1.352537248516456 1.0882569157984097 0.41082087135873446 1.8335098472889511 0.59231021089362912 2.9718165051890546 2.6761956803675275 0.3278407052566763 0.19874534185510129
leaf_count=40 8 12 15 54 31 35 66 16
internal_value=0.000272538 0.00469013 0.00033806 -0.0380619 0.00818954 -0.0022163 -0.0845618 -0.0819268
internal_weight=11.452 10.0995 9.01124 1.52972 7.48152 5.64801 0.937407 0.526586
internal_count=277 237 229 148 81 66 94 82
is_linear=0
shrinkage=0.1


Tree=228
num_leaves=8
num_cat=0
split_feature=1 1 6 5 0 5 5
split_gain=0.194424 0.486734 0.297053 0.791722 0.332952 0.423385 0.239632
threshold=0.78656609248549303 0.60355339059327384 74.350000000000009 23.850000000000005 -0.3794095225512602 24.050000000000004 28.450000000000003
decision_type=2 2 2 2 2 2 2
left_child=1 2 3 -1 5 -5 -6
right_child=-2 -3 -4 4 6 -7 -8
leaf_value=-0.093969603960948611 0.02734058847616443 -0.061762203563013242 0.032545501559990968 0.11298859190554147 -0.045899924414304821 0.012593366860689612 0.00047188921580549882
leaf_weight=0.94111109897493861 2.0919936131685981 1.3774654373992241 2.3923483779653916 0.51404139399528181 1.4647289300337449 2.2975100355106406 4.6590997792081907
leaf_count=8 24 19 18 2 21 103 82
internal_value=-0.00104667 -0.00539847 0.000929686 -0.0067285 0.00246009 0.0309488 -0.0106196
internal_weight=15.7383 13.6463 12.2688 9.87649 8.93538 2.81155 6.12383
internal_count=277 253 234 216 208 105 103
is_linear=0
shrinkage=0.1


Tree=229
num_leaves=16
num_cat=0
split_feature=0 3 6 6 6 6 6 2 6 5 5 5 5 5 5
split_gain=0.192473 0.201454 0.551411 0.381246 0.2916 0.196665 0.268281 0.173276 0.245761 0.315232 0.000704606 1.59113e-05 1.56774e-05 1.93195e-05 3.53453e-07
threshold=-0.78656609248549303 1.0000000180025095e-35 81.40000000000002 79.950000000000017 53.550000000000004 71.850000000000009 71.450000000000017 1.0000000180025095e-35 83.100000000000009 32.150000000000006 32.45000000000001 24.350000000000005 23.350000000000005 23.850000000000005 24.050000000000004
decision_type=2 2 2 2 2 2 2 2 2 2 2 2 2 2 2
left_child=5 7 3 4 -3 6 12 8 9 11 -6 -2 -1 -14 -15
right_child=1 2 -4 -5 10 -7 -8 -9 -10 -11 -12 -13 13 14 -16
leaf_value=-0.083330488862214253 -0.08249119351134894 0.050339836311359513 -0.090810887144928756 0.12935803518420358 -0.081658659215336715 -0.084131823376684525 0.058646755756004712 -0.0084591642954807821 0.11257057740546142 0.089508165836850007 -0.091886181596595562 -0.080642899527515507 -0.082741485048512739 -0.080602317815452698 -0.080067877349295102
leaf_weight=0.095888946205377801 0.073217816650867462 0.36188378534279764 0.55130915762856603 0.29496538639068604 0.12916179611784173 0.46658573416061699 0.34520788537338376 0.47083352030313108 0.51375848054885864 0.23325181007385254 0.14078037440776825 0.12800173149662442 0.069787684828042984 0.018525472842156887 0.037270728233124828
leaf_count=2 2 7 10 1 55 24 5 38 2 2 1 55 2 2 69
internal_value=0.00100265 0.0142182 -0.0116193 0.0354884 -0.00833422 -0.0360522 0.00353485 0.0411306 0.0657539 0.0103935 -0.0869925 -0.0813154 -0.0823676 -0.0816325 -0.0802453
internal_weight=3.93043 2.89716 1.4781 0.926791 0.631826 1.03327 0.566681 1.41906 0.94823 0.434471 0.269942 0.20122 0.221473 0.125584 0.0557962
internal_count=277 173 74 64 63 104 80 99 61 59 56 57 75 73 71
is_linear=0
shrinkage=0.1


Tree=230
num_leaves=8
num_cat=0
split_feature=5 6 6 9 2 8 1
split_gain=0.220678 0.376354 0.696309 0.246953 0.442464 0.459465 0.261448
threshold=23.100000000000005 81.65000000000002 77.050000000000011 1.0000000180025095e-35 1.0000000180025095e-35 1.0000000180025095e-35 0.37940952255126026
decision_type=2 2 2 2 2 2 2
left_child=-1 2 3 4 6 -6 -2
right_child=1 -3 -4 -5 5 -7 -8
leaf_value=0.035806278239838889 0.0033910832038285391 0.043828773213476668 -0.071399761865822642 0.0464140900424483 -0.06660580554786534 -0.0001429472727309046 0.062813449065023272
leaf_weight=1.5195493362843997 4.7605782599712221 1.4529779655858863 1.6062355572357763 1.0032224917376886 1.9014872238039968 2.2962106984923594 0.87680705357342947
leaf_count=8 110 14 19 32 13 64 17
internal_value=-0.000375497 -0.0043316 -0.00995462 -0.00084846 -0.00566945 -0.0302495 0.0126333
internal_weight=15.4171 13.8975 12.4445 10.8383 9.83508 4.1977 5.63739
internal_count=277 269 255 236 204 77 127
is_linear=0
shrinkage=0.1


Tree=231
num_leaves=8
num_cat=0
split_feature=5 1 5 8 3 5 6
split_gain=0.308086 0.441307 1.0223e-07 9.40665e-09 6.01091e-09 1.61385e-09 4.50879e-10
threshold=24.050000000000004 0.78656609248549303 24.450000000000003 1.0000000180025095e-35 -0.56174490092936669 31.150000000000002 61.600000000000009
decision_type=2 2 2 2 2 2 2
left_child=-1 2 -2 -4 6 -6 -5
right_child=1 -3 3 4 5 -7 -8
leaf_value=-0.016367559443460043 -0.080282777304876055 0.086680950693226538 -0.08013987695950385 -0.080125331172828829 -0.080058861740553114 -0.080089693499295692 -0.080104048554865193
leaf_weight=2.0304943239316349 0.034401640063151606 0.76739124860614538 0.034387204024824647 0.016881699659279881 0.067289166458066818 0.022705958981532604 0.024258039753476623
leaf_count=34 11 14 22 15 126 22 33
internal_value=0.00575917 0.0522055 -0.0801259 -0.0800933 -0.0800811 -0.0800666 -0.0801128
internal_weight=2.99781 0.967315 0.199924 0.165522 0.131135 0.0899951 0.0411397
internal_count=277 243 229 218 196 148 48
is_linear=0
shrinkage=0.1


Tree=232
num_leaves=11
num_cat=0
split_feature=1 5 2 2 2 2 0 5 0 2
split_gain=0.160416 0.244582 0.927541 0.417475 0.424311 0.441423 0.362717 0.0265713 0.00160576 1.79172e-05
threshold=-0.98296291314453399 28.450000000000003 0.87837969732492682 0.87837969732492682 1.0000000180025095e-35 -0.8783796973249266 -1.0000000180025095e-35 28.750000000000004 0.91597561503675362 1.0000000180025095e-35
decision_type=2 2 2 2 2 2 2 2 2 2
left_child=-1 3 7 4 5 -2 -7 -3 9 -9
right_child=1 2 -4 -5 -6 6 -8 8 -10 -11
leaf_value=0.021831453719846051 0.048770777626158071 -0.12079474111965718 0.08977622048877934 -0.055384581552615553 0.044423057903088453 -0.085239863547753938 -0.0067759776948038558 -0.080837478097990564 -0.091238341449325286 -0.082180875042915935
leaf_weight=2.5797780528664598 0.97213081084191655 0.29921177239884833 0.3692816497059539 1.125064986903453 2.3407228317228146 0.82370327984972336 2.0690072029829034 0.26961229571315926 0.26539123058319092 0.15714587586990092
leaf_count=15 21 8 14 22 39 59 11 66 2 20
internal_value=-6.58968e-05 -0.00656556 -0.0455031 0.000661674 0.0108228 -0.009527 -0.0291187 -0.0958946 -0.0851305 -0.0813322
internal_weight=11.271 8.69127 1.36064 7.33063 6.20556 3.86484 2.89271 0.991361 0.692149 0.426758
internal_count=277 262 110 152 130 91 70 96 88 86
is_linear=0
shrinkage=0.1


Tree=233
num_leaves=8
num_cat=0
split_feature=6 5 8 5 0 6 2
split_gain=0.192667 0.337426 0.407551 0.619465 0.50222 0.465442 0.188988
threshold=82.000000000000014 23.350000000000005 1.0000000180025095e-35 27.650000000000002 0.91597561503675362 62.150000000000013 -1.0000000180025095e-35
decision_type=2 2 2 2 2 2 2
left_child=1 -1 -3 6 5 -5 -4
right_child=-2 2 3 4 -6 -7 -8
leaf_value=-0.051571502397207231 0.029583366857801874 0.026045899340829227 -0.018871145795979608 -0.0025264661319120353 -0.057239028350372471 0.065827182870912646 -0.089725324723533145
leaf_weight=1.3967916145920742 1.8260103580541915 4.0953799758572087 0.56234375084750343 3.9419383648782969 1.1872818544507024 1.3330797808011992 1.1387511410284803
leaf_count=8 14 39 28 88 7 54 39
internal_value=-0.000923632 -0.005003 0.000303115 -0.0126114 0.00152188 0.0147476 -0.0663025
internal_weight=15.4816 13.6556 12.2588 8.16339 6.4623 5.27502 1.70109
internal_count=277 263 255 216 149 142 67
is_linear=0
shrinkage=0.1


Tree=234
num_leaves=11
num_cat=0
split_feature=6 5 6 2 6 0 0 5 5 6
split_gain=0.191486 0.267213 0.230372 0.126709 0.405873 4.88713e-05 8.76701e-06 1.37397e-05 3.16551e-06 2.83625e-07
threshold=86.250000000000014 32.150000000000006 71.450000000000017 -0.60785761079279388 81.40000000000002 -0.5 -0.70710678118654735 23.350000000000005 31.150000000000002 50.650000000000006
decision_type=2 2 2 2 2 2 2 2 2 2
left_child=1 2 5 -4 -5 6 7 -1 9 -7
right_child=-2 -3 3 4 -6 8 -8 -9 -10 -11
leaf_value=-0.083128513303923901 0.052205621726006929 0.049722717285656276 0.019580399722272677 0.033030000426077614 -0.091337996531520166 -0.080590986104765838 -0.083344881888678446 -0.081476514063508004 -0.080983024901965864 -0.080153931566084843
leaf_weight=0.090545590966939926 0.60972601920366276 0.61924283951520909 0.90829462325200427 0.50639289009268373 0.54461930732941255 0.018173461779952493 0.10216169001796593 0.11339533852151362 0.13054771200404502 0.081149599158379715
leaf_count=2 5 6 21 38 11 2 12 73 18 89
internal_value=0.000957562 -0.0090752 -0.0236668 -0.00777495 -0.0314157 -0.0817613 -0.0825887 -0.08221 -0.0806593 -0.0802339
internal_weight=3.72425 3.11452 2.49528 1.95931 1.05101 0.535973 0.306103 0.203941 0.229871 0.0993231
internal_count=277 272 266 70 49 196 87 75 109 91
is_linear=0
shrinkage=0.1


Tree=235
num_leaves=11
num_cat=0
split_feature=5 8 6 2 2 1 0 5 2 5
split_gain=0.213862 0.525669 0.156512 0.329429 0.245366 0.158044 0.00144204 5.18922e-05 5.57625e-06 6.0943e-07
threshold=28.250000000000004 1.0000000180025095e-35 74.350000000000009 1.0000000180025095e-35 1.0000000180025095e-35 -0.12940952255126037 0.91597561503675362 28.450000000000003 -0.8783796973249266 31.150000000000002
decision_type=2 2 2 2 2 2 2 2 2 2
left_child=2 -2 4 -4 5 -1 7 -3 -9 -10
right_child=1 6 3 -5 -6 -7 -8 8 9 -11
leaf_value=0.01022909886577698 0.041300636825563057 -0.083139579774275649 -0.029959293982262148 0.02035580191557855 -0.0069936794227392829 0.047485468304126553 -0.089550698493709099 -0.081009310383247379 -0.080150925793683089 -0.080483483008239709
leaf_weight=2.4291483797132951 0.53448282182216644 0.10562893396127104 3.2264289045706382 2.1808148184791207 3.6814919225871563 2.1431990968994796 0.31445573270320892 0.25181068037636578 0.10800503595964983 0.11250704911071807
leaf_count=17 4 10 32 24 34 33 3 30 70 20
internal_value=-0.000290001 -0.0371282 0.00355772 -0.00966653 0.0122212 0.0276923 -0.084101 -0.0811359 -0.0806878 -0.0803206
internal_weight=15.088 1.42689 13.6611 5.40724 8.25384 4.57235 0.892407 0.577952 0.472323 0.220512
internal_count=277 137 140 56 84 50 133 130 120 90
is_linear=0
shrinkage=0.1


Tree=236
num_leaves=12
num_cat=0
split_feature=3 6 6 6 5 5 5 5 5 5 5
split_gain=0.305776 0.270454 0.158824 0.363812 0.161239 0.0597674 0.0415591 0.14119 0.0145885 0.0378603 8.99783e-11
threshold=-0.56174490092936669 82.000000000000014 81.40000000000002 76.750000000000014 23.850000000000005 27.200000000000006 23.650000000000002 24.350000000000005 24.900000000000002 25.950000000000003 28.150000000000002
decision_type=2 2 2 2 2 2 2 2 2 2 2
left_child=6 2 3 4 -2 -6 -1 -8 -9 -10 -11
right_child=1 -3 -4 -5 5 -7 7 8 9 10 -12
leaf_value=-0.097428986847649973 0.1019243266360183 -0.019233648583267579 0.10288113273208561 -0.064918606514284619 0.031865077676178584 -0.080068890804245743 -0.09821969627219107 0.052882408224360716 0.064838195513430313 -0.08010015565921498 -0.080110210970311846
leaf_weight=0.19717899349052492 0.46313522569835208 0.95380852062953625 0.402132298797369 0.29410202568396926 0.16932143838494085 0.066412630105332937 0.19470049405936152 0.094862814527004957 0.036464759148657322 0.018365289695793763 0.017265151414903812
leaf_count=5 10 11 3 13 44 125 3 11 6 16 30
internal_value=0.00598705 0.0218044 0.0498613 0.0283894 0.0676559 0.000330267 -0.0604964 -0.0403605 0.0271128 -0.00679474 -0.080105
internal_weight=2.90775 2.34891 1.3951 0.992971 0.698869 0.235734 0.558838 0.361659 0.166958 0.0720952 0.0356304
internal_count=277 206 195 192 179 169 71 66 63 52 46
is_linear=0
shrinkage=0.1


Tree=237
num_leaves=11
num_cat=0
split_feature=1 5 2 2 2 2 5 5 0 2
split_gain=0.157573 0.220176 0.802589 0.37186 0.342557 0.379083 0.24518 0.0189793 0.00133677 1.4406e-05
threshold=-0.98296291314453399 28.450000000000003 0.87837969732492682 0.87837969732492682 1.0000000180025095e-35 -0.8783796973249266 28.150000000000002 28.750000000000004 0.91597561503675362 1.0000000180025095e-35
decision_type=2 2 2 2 2 2 2 2 2 2
left_child=-1 3 7 4 5 -2 -7 -3 9 -9
right_child=1 2 -4 -5 -6 6 -8 8 -10 -11
leaf_value=0.021324422254623054 0.045473672421931892 -0.11591071718529869 0.080482842015286049 -0.053790123724816674 0.039782282605414943 -0.04584648819595244 0.019847630798561593 -0.080769884913708082 -0.0905784436690939 -0.082025646932542093
leaf_weight=2.5683955922722825 0.95287434384226655 0.2845061316329518 0.36592629158985801 1.0940683505614286 2.3183504404150881 2.0320612463401635 0.78857133319979755 0.24624553808098426 0.25155892968177795 0.14523422550701071
leaf_count=15 21 8 14 22 39 61 9 66 2 20
internal_value=-0.000375337 -0.00694816 -0.0449291 -0.000111566 0.00952885 -0.00905813 -0.0274802 -0.0944054 -0.0848906 -0.0812358
internal_weight=11.0478 8.4794 1.29347 7.18593 6.09186 3.77351 2.82063 0.927545 0.643039 0.39148
internal_count=277 262 110 152 130 91 70 96 88 86
is_linear=0
shrinkage=0.1


Tree=238
num_leaves=7
num_cat=0
split_feature=0 6 6 5 5 5
split_gain=0.181183 0.214155 0.306966 0.450051 0.520054 0.738764
threshold=0.91597561503675362 83.100000000000009 81.40000000000002 23.650000000000002 24.050000000000004 27.650000000000002
decision_type=2 2 2 2 2 2
left_child=1 2 3 -1 -5 -6
right_child=-2 -3 -4 4 5 -7
leaf_value=-0.036967380548642868 -0.026176522268552178 -0.036839071737220667 0.051293179539347138 0.061861120022409011 -0.081580020052250624 0.014453216368457129
leaf_weight=2.3106685578823072 2.3934056842699656 1.1769047784619022 1.4310440318658937 1.7184747606515882 0.94741519726812828 5.1854053215356544
leaf_count=14 24 11 9 8 68 143
internal_value=-0.000927322 0.00380502 0.00793115 0.00182475 0.0132414 -0.000382266
internal_weight=15.1633 12.7699 11.593 10.162 7.8513 6.13282
internal_count=277 253 242 233 219 211
is_linear=0
shrinkage=0.1


Tree=239
num_leaves=11
num_cat=0
split_feature=6 3 5 5 8 6 6 5 5 5
split_gain=0.184588 0.255831 0.183217 0.246801 0.334218 0.106715 0.000525206 3.07318e-05 6.51335e-06 5.20758e-08
threshold=86.250000000000014 -0.56174490092936669 23.100000000000005 23.350000000000005 1.0000000180025095e-35 50.650000000000006 84.100000000000009 23.650000000000002 24.350000000000005 30.950000000000003
decision_type=2 2 2 2 2 2 2 2 2 2
left_child=1 6 -3 -4 -5 -6 7 -1 -9 -10
right_child=-2 2 3 4 5 -7 -8 8 9 -11
leaf_value=-0.083177060040139181 0.051987901546346742 -0.084166510813168977 0.10735615549465033 -0.08344072169229716 0.072091611559231744 0.0072180366399526913 -0.090152322400826351 -0.081815240461474759 -0.080182470887541352 -0.080378373548531376
leaf_weight=0.15222127921879369 0.60173529759049404 0.22315984033048186 0.23735654354095492 0.39326410189096539 0.30696402303874326 1.4576326151509418 0.12491411715745926 0.049362659454345703 0.036881546875520144 0.021467356906214263
leaf_count=4 5 5 1 29 5 163 1 2 56 6
internal_value=0.00143541 -0.00869344 0.00249606 0.0105703 -7.57527e-05 0.0185033 -0.0848233 -0.0822624 -0.0809698 -0.0802545
internal_weight=3.60496 3.00322 2.61838 2.39522 2.15786 1.7646 0.384847 0.259933 0.107712 0.0583489
internal_count=277 272 203 198 197 168 69 68 64 62
is_linear=0
shrinkage=0.1


Tree=240
num_leaves=11
num_cat=0
split_feature=5 2 6 0 0 3 0 0 5 1
split_gain=0.195197 0.479827 0.144161 0.585966 0.264234 0.0702849 0.00119437 6.17283e-05 4.32668e-07 3.08926e-08
threshold=28.250000000000004 -0.8783796973249266 68.050000000000011 -0.60355339059327362 -0.91597561503675329 -0.22252093395631442 0.91597561503675362 -0.98296291314453399 31.150000000000002 -0.5
decision_type=2 2 2 2 2 2 2 2 2 2
left_child=2 -2 5 4 -4 -1 7 -3 9 -9
right_child=1 6 3 -5 -6 -7 -8 8 -10 -11
leaf_value=0.0056608026459208155 0.033960687301722046 -0.084005216275365779 -0.0090838414597808129 -0.054849165320751153 0.029689854429753894 0.030653744439262717 -0.089255309721504722 -0.080119255253259802 -0.080440395049008226 -0.080234097623356523
leaf_weight=2.3617335250601172 0.56361611385364085 0.056756258010864258 3.8412640318274471 1.8279604734852917 3.2400912544690073 2.1490652500651768 0.53093608468770981 0.076044156099669635 0.10230827517807484 0.033850020496175359
leaf_count=23 34 1 31 32 34 20 5 64 20 13
internal_value=-0.000660571 -0.0367097 0.0030021 -0.00437269 0.00865716 0.0175681 -0.086505 -0.0810759 -0.0802924 -0.0801546
internal_weight=14.7836 1.36351 13.4201 8.90932 7.08136 4.5108 0.799895 0.268959 0.212202 0.109894
internal_count=277 137 140 97 65 43 103 98 97 77
is_linear=0
shrinkage=0.1


Tree=241
num_leaves=8
num_cat=0
split_feature=5 1 5 8 3 2 6
split_gain=0.287104 0.39696 1.10627e-07 9.06703e-09 5.3781e-09 1.04872e-09 7.71158e-10
threshold=24.050000000000004 0.78656609248549303 24.450000000000003 1.0000000180025095e-35 -0.56174490092936669 -1.0000000180025095e-35 67.550000000000011
decision_type=2 2 2 2 2 2 2
left_child=-1 2 -2 -4 6 -6 -5
right_child=1 -3 3 4 5 -7 -8
leaf_value=-0.01465759182292343 -0.080290158340888165 0.086722593417866256 -0.080134164766615543 -0.080092671075928074 -0.080044484250420544 -0.080068134194699422 -0.08012214996552508
leaf_weight=1.9167929893010298 0.032634198549203464 0.72269645519554615 0.031167853099759779 0.021409959801531042 0.031999697021092399 0.045283233499503361 0.015155854365730193
leaf_count=34 11 14 22 36 75 73 12
internal_value=0.00722168 0.0538015 -0.0801238 -0.0800864 -0.0800733 -0.0800583 -0.0801049
internal_weight=2.81714 0.900347 0.177651 0.145017 0.113849 0.0772829 0.0365658
internal_count=277 243 229 218 196 148 48
is_linear=0
shrinkage=0.1


Tree=242
num_leaves=11
num_cat=0
split_feature=1 5 2 2 2 2 5 5 0 2
split_gain=0.147659 0.206631 0.705047 0.322108 0.28396 0.336541 0.201469 0.0146942 0.00109314 1.08614e-05
threshold=-0.98296291314453399 28.450000000000003 0.87837969732492682 0.87837969732492682 1.0000000180025095e-35 -0.8783796973249266 28.150000000000002 28.750000000000004 0.91597561503675362 1.0000000180025095e-35
decision_type=2 2 2 2 2 2 2 2 2 2
left_child=-1 3 7 4 5 -2 -7 -3 9 -9
right_child=1 2 -4 -5 -6 6 -8 8 -10 -11
leaf_value=0.020801659573347175 0.04327381921482918 -0.11265616197795268 0.072941547924351952 -0.050690195814132394 0.03629500000282803 -0.042870881102006209 0.016989902143437503 -0.0807010109081642 -0.089888097367062755 -0.081842964673104784
leaf_weight=2.5595157667994508 0.94341318751685177 0.27289430934615644 0.36064187402371317 1.0695038223057052 2.3205030743556563 1.9819788659806366 0.78490234238415713 0.22436500999174314 0.23682434856891632 0.13246168519253843
leaf_count=15 21 8 14 22 39 61 9 66 2 20
internal_value=-0.00020482 -0.00666132 -0.0445512 -0.000112583 0.00885687 -0.00830357 -0.0258897 -0.0934498 -0.0846208 -0.0811249
internal_weight=10.887 8.32749 1.22719 7.1003 6.0308 3.71029 2.76688 0.866545 0.593651 0.356827
internal_count=277 262 110 152 130 91 70 96 88 86
is_linear=0
shrinkage=0.1


Tree=243
num_leaves=8
num_cat=0
split_feature=6 6 6 5 0 1 6
split_gain=0.172956 0.337732 0.283501 0.767689 0.27994 0.399507 0.207773
threshold=82.000000000000014 79.950000000000017 74.350000000000009 23.850000000000005 -0.3794095225512602 -0.12940952255126037 59.850000000000001
decision_type=2 2 2 2 2 2 2
left_child=1 2 3 -1 5 -5 -6
right_child=-2 -3 -4 4 6 -7 -8
leaf_value=-0.092387880534124944 0.028224800084292012 -0.055746141573949776 0.030650643486917331 0.085337631949299483 -0.028258639445094637 0.0017832401601150427 0.0095365073455680183
leaf_weight=0.9601203165948381 1.7949242251925177 1.1866459734737862 2.431052971398457 0.8542287763557358 3.037203386193144 1.7335743005387481 2.7912236289703287
leaf_count=9 14 9 33 59 45 50 58
internal_value=-0.000872215 -0.00489151 0.000219387 -0.00767068 0.00199383 0.0293644 -0.0101586
internal_weight=14.789 12.994 11.8074 9.37635 8.41623 2.5878 5.82843
internal_count=277 263 254 221 212 109 103
is_linear=0
shrinkage=0.1


Tree=244
num_leaves=16
num_cat=0
split_feature=0 3 6 6 6 6 5 2 6 5 5 5 5 6 6
split_gain=0.16201 0.182605 0.43969 0.292473 0.247313 0.178903 0.228298 0.147075 0.186977 0.26206 0.000585088 5.50767e-05 7.69016e-06 7.874e-08 2.49081e-10
threshold=-0.78656609248549303 1.0000000180025095e-35 81.40000000000002 79.950000000000017 53.550000000000004 71.850000000000009 23.350000000000005 1.0000000180025095e-35 83.100000000000009 32.150000000000006 32.45000000000001 23.850000000000005 24.350000000000005 68.050000000000011 58.250000000000007
decision_type=2 2 2 2 2 2 2 2 2 2 2 2 2 2 2
left_child=5 7 3 4 -3 6 -1 8 9 12 -6 -8 -2 14 -13
right_child=1 2 -4 -5 10 -7 11 -9 -10 -11 -12 13 -14 -15 -16
leaf_value=0.059025662110784353 -0.081973511948772948 0.04675085296807141 -0.089268016497826966 0.11695838236442557 -0.081216551367317702 -0.083719680074308883 -0.083967460077147671 -0.0064054396289897611 0.10708023552154129 0.088121937548684512 -0.091188223573053673 -0.080060103452096465 -0.080550636114573679 -0.080288419325330831 -0.080037451906229309
leaf_weight=0.30295369401574168 0.058732418343425019 0.32972080004401483 0.47312105842866004 0.27017819881439209 0.10457428987865569 0.41245629837794695 0.12560222670435905 0.43283571630672668 0.47157007455825806 0.20381615310907364 0.13454997539520264 0.0072985405859071753 0.10752142675119103 0.034074810500897001 0.014496858271741075
leaf_count=3 2 7 10 1 55 24 3 38 2 2 1 13 55 18 43
internal_value=0.00130622 0.0140051 -0.0121807 0.0312885 -0.00940117 -0.0353174 0.00589381 0.0409648 0.0653261 0.01212 -0.0868274 -0.0828056 -0.0810533 -0.0801935 -0.080045
internal_weight=3.4835 2.58662 1.31214 0.839023 0.568845 0.896882 0.484426 1.27448 0.84164 0.37007 0.239124 0.181472 0.166254 0.0558702 0.0217954
internal_count=277 173 74 64 63 104 80 99 61 59 56 77 57 74 56
is_linear=0
shrinkage=0.1


Tree=245
num_leaves=12
num_cat=0
split_feature=5 8 5 6 1 6 6 0 5 2 5
split_gain=0.178105 0.439796 0.149959 0.111716 0.106255 0.127039 0.214844 0.000982926 2.89848e-05 4.87553e-06 3.58129e-07
threshold=28.250000000000004 1.0000000180025095e-35 26.350000000000005 63.050000000000004 0.37940952255126026 81.65000000000002 78.450000000000017 0.91597561503675362 28.450000000000003 -0.8783796973249266 31.150000000000002
decision_type=2 2 2 2 2 2 2 2 2 2 2
left_child=2 -2 4 -4 -1 6 -6 8 -3 -10 -11
right_child=1 7 3 -5 5 -7 -8 -9 9 10 -12
leaf_value=-0.014868501716688404 0.034828314046338654 -0.082644719459750382 0.0342346323697734 0.001965624643252146 0.024277800776826682 0.029593938678773152 -0.033509142277721976 -0.088460416931936403 -0.080958676233280347 -0.080124501526167943 -0.080405524017470253
leaf_weight=4.682879086583851 0.52525768475607038 0.089110460656230073 2.1647638017311683 2.1270275991410017 1.2076839986257257 1.5649606836959717 1.3768896665424106 0.27250023931264877 0.23432342859450728 0.088663964037550613 0.092823100800160319
leaf_count=38 4 10 16 26 30 16 14 3 30 70 20
internal_value=-0.00059306 -0.0358602 0.00290748 0.018242 -0.00454378 0.007108 -0.00650726 -0.0836202 -0.0810081 -0.0806573 -0.0802682
internal_weight=14.4269 1.30268 13.1242 4.29179 8.83241 4.14953 2.58457 0.777421 0.504921 0.41581 0.181487
internal_count=277 137 140 42 98 60 44 133 130 120 90
is_linear=0
shrinkage=0.1


Tree=246
num_leaves=12
num_cat=0
split_feature=3 6 6 6 5 5 5 5 5 5 5
split_gain=0.277923 0.257094 0.13663 0.310661 0.135152 0.0483203 0.0357769 0.11102 0.0122759 0.0300687 1.62676e-10
threshold=-0.56174490092936669 82.000000000000014 81.40000000000002 76.750000000000014 23.850000000000005 27.200000000000006 23.650000000000002 24.350000000000005 24.900000000000002 25.950000000000003 28.150000000000002
decision_type=2 2 2 2 2 2 2 2 2 2 2
left_child=6 2 3 4 -2 -6 -1 -8 -9 -10 -11
right_child=1 -3 -4 -5 5 -7 7 8 9 10 -12
leaf_value=-0.095961225086215532 0.097793827675456746 -0.019780716418617037 0.1003949853355529 -0.061671857726087013 0.029019652157507132 -0.080059403586332997 -0.094922900049045023 0.049643548159169493 0.061476245790856199 -0.080085701222922634 -0.08010038273735276
leaf_weight=0.18566479813307557 0.440733890864067 0.8923358533065765 0.37984104594215751 0.26725726819131523 0.15253482002299279 0.055347011530102463 0.1708690861123614 0.082491497159935534 0.029798623902024701 0.015565572757623158 0.01465061456838157
leaf_count=5 10 11 3 13 44 125 3 11 6 16 30
internal_value=0.0061659 0.0215248 0.0499712 0.0290589 0.0664438 -2.18457e-05 -0.0611755 -0.0405661 0.0246093 -0.00980078 -0.0800928
internal_weight=2.68709 2.18805 1.29571 0.915873 0.648616 0.207882 0.49904 0.313375 0.142506 0.0600148 0.0302162
internal_count=277 206 195 192 179 169 71 66 63 52 46
is_linear=0
shrinkage=0.1


Tree=247
num_leaves=9
num_cat=0
split_feature=6 6 5 5 5 2 6 2
split_gain=0.1452 0.252569 0.146907 0.592164 0.486367 0.495312 0.323546 0.00670044
threshold=76.300000000000026 72.850000000000009 26.350000000000005 25.150000000000002 26.650000000000002 0.87837969732492682 61.350000000000001 0.6078576107927941
decision_type=2 2 2 2 2 2 2 2
left_child=1 2 3 -1 -4 6 -6 -2
right_child=7 -3 4 -5 5 -7 -8 -9
leaf_value=-0.027876735604643668 -0.042129607295272278 0.052971119540170378 -0.081129397869131079 0.081946415273830245 0.004161623799912733 0.078530690956211596 -0.05493983294430882 -0.026559012109579255
leaf_weight=1.0798277111607566 0.58469472825527258 0.93011655996088016 0.81921082077315066 0.90032139432150859 3.9249607067467878 0.72459411792806339 1.2123965827086065 0.52410110551863909
leaf_count=24 31 18 7 17 82 19 66 13
internal_value=-0.000508501 0.0034522 -0.00186552 0.0220569 -0.00895561 0.00113072 -0.00978609 -0.0347698
internal_weight=10.7002 9.59143 8.66131 1.98015 6.68116 5.86195 5.13736 1.1088
internal_count=277 233 215 41 174 167 148 44
is_linear=0
shrinkage=0.1


Tree=248
num_leaves=7
num_cat=0
split_feature=0 6 6 5 5 6
split_gain=0.179757 0.209031 0.363891 0.363986 0.665257 0.470761
threshold=0.91597561503675362 83.100000000000009 81.65000000000002 23.650000000000002 23.750000000000004 71.450000000000017
decision_type=2 2 2 2 2 2
left_child=1 2 3 -1 -5 -6
right_child=-2 -3 -4 4 5 -7
leaf_value=-0.033258440499695584 -0.026111862182147779 -0.036331469127262386 0.068854542130164703 0.10693460178839001 0.018017810135207757 -0.042363616215091167
leaf_weight=2.1689440421760047 2.3134680883958945 1.1472519207745779 0.91653357958421189 0.68808016180992115 5.5837134014582261 1.6795965053606776
leaf_count=14 24 11 6 3 174 45
internal_value=-0.000557777 0.00429432 0.00851726 0.0030529 0.0129577 0.00405497
internal_weight=14.4976 12.1841 11.0369 10.1203 7.95139 7.26331
internal_count=277 253 242 236 222 219
is_linear=0
shrinkage=0.1


Tree=249
num_leaves=10
num_cat=0
split_feature=6 5 3 5 8 2 5 5 6
split_gain=0.157563 0.232034 0.163049 0.208233 0.272206 0.0950481 2.35933e-05 4.05345e-06 3.57007e-08
threshold=86.250000000000014 23.100000000000005 -0.56174490092936669 23.350000000000005 1.0000000180025095e-35 -0.8783796973249266 23.650000000000002 24.350000000000005 56.650000000000013
decision_type=2 2 2 2 2 2 2 2 2
left_child=1 -1 6 -4 -5 -6 -3 -8 -9
right_child=-2 2 3 4 5 -7 7 8 -10
leaf_value=-0.085672935724296059 0.049719686225824504 -0.082978053621038675 0.10335434270320538 -0.082844428619151145 0.050423432397715642 -0.00037720412279459786 -0.081550613435746488 -0.080353045849190702 -0.080169572338232381
leaf_weight=0.33927660062909204 0.56527206674218167 0.11441609077155712 0.2186302095651621 0.32678780535934637 0.56242486173141615 1.0670756424296968 0.042606587521731853 0.015196913765976205 0.035102204419672489
leaf_count=7 5 3 1 29 48 120 2 5 57
internal_value=0.00167798 -0.00830051 0.00271881 0.0107961 0.000452049 0.0171567 -0.0820168 -0.0808329 -0.080225
internal_weight=3.28679 2.72152 2.38224 2.17492 1.95629 1.6295 0.207322 0.0929057 0.0502991
internal_count=277 272 265 198 197 168 67 64 62
is_linear=0
shrinkage=0.1


Tree=250
num_leaves=10
num_cat=0
split_feature=0 5 5 6 6 2 1 0 3
split_gain=0.16287 0.999028 0.621415 0.451631 0.571991 0.370326 0.271045 0.151974 0.410729
threshold=-0.70710678118654735 26.350000000000005 26.650000000000002 66.550000000000011 61.250000000000007 1.0000000180025095e-35 0.37940952255126026 -0.98296291314453399 -1.0000000180025095e-35
decision_type=2 2 2 2 2 2 2 2 2
left_child=6 -2 -3 4 5 -4 7 -1 -9
right_child=1 2 3 -5 -6 -7 -8 8 -10
leaf_value=0.020904986394328483 -0.094342505073481103 0.086372413731481301 0.0016967936406216016 -0.092869142862696208 0.066597106607297465 -0.1011526907355158 0.030030099965251463 0.014332584051067802 -0.048661721127141372
leaf_weight=1.5370177961885927 1.2151622404344387 0.82717525213956822 1.1506937212543569 0.55507924067205738 0.98716011832584616 0.50317851261934254 3.3137685139663517 2.1560174222686328 1.9906920527282617
leaf_count=27 26 4 50 23 28 23 39 33 24
internal_value=-0.000862218 -0.0148802 0.00911991 -0.0108736 0.00635988 -0.0295944 0.00729925 -0.00595346 -0.0159088
internal_weight=14.2359 5.23845 4.02329 3.19611 2.64103 1.65387 8.9975 5.68373 4.14671
internal_count=277 154 128 124 101 73 123 84 57
is_linear=0
shrinkage=0.1


Tree=251
num_leaves=8
num_cat=0
split_feature=5 1 5 8 3 1 5
split_gain=0.262593 0.35111 9.87035e-08 8.69567e-09 4.75419e-09 1.15818e-09 8.12163e-10
threshold=24.050000000000004 0.78656609248549303 24.450000000000003 1.0000000180025095e-35 -0.56174490092936669 1.0000000180025095e-35 25.950000000000003
decision_type=2 2 2 2 2 2 2
left_child=-1 2 -2 -4 5 -5 -6
right_child=1 -3 3 4 6 -7 -8
leaf_value=-0.014244239821320932 -0.08028064331586289 0.086237214623012412 -0.080129187808135285 -0.080081463027769972 -0.080070103213597199 -0.080119825446532358 -0.080044424135542094
leaf_weight=1.7594404509291055 0.030482820118777343 0.66132706496864557 0.028156407286587748 0.01869779439221031 0.016375613486161233 0.013589503592811525 0.049686967242450919
leaf_count=34 11 14 22 38 17 10 131
internal_value=0.00752254 0.0543227 -0.0801191 -0.0800802 -0.0800662 -0.0800976 -0.0800508
internal_weight=2.57776 0.818316 0.156989 0.126506 0.0983499 0.0322873 0.0660626
internal_count=277 243 229 218 196 48 148
is_linear=0
shrinkage=0.1


Tree=252
num_leaves=9
num_cat=0
split_feature=5 6 9 5 5 6 6 6
split_gain=0.138464 0.396054 0.13351 0.407388 0.359093 0.47466 0.73063 0.0936918
threshold=24.250000000000004 75.950000000000017 1.0000000180025095e-35 26.350000000000005 26.800000000000001 69.15000000000002 61.350000000000001 64.90000000000002
decision_type=2 2 2 2 2 2 2 2
left_child=1 -1 3 7 -5 6 -6 -2
right_child=2 -3 -4 4 5 -7 -8 -9
leaf_value=-0.086936338986114914 0.077617699579026742 0.026467799081274987 -0.028876717967090033 -0.062907586071362417 0.011462100679612227 0.074463779089791834 -0.091825890849463576 0.030406572634763707
leaf_weight=0.63626035721972651 0.76363848056643824 0.59684656199533492 1.1144694469985559 0.87630833167349909 3.970752142733545 0.85647085274104018 0.82759237087520876 0.93506790755782276
leaf_count=16 11 24 36 9 74 17 52 38
internal_value=-0.000550864 -0.0320466 0.00360543 0.00800411 -0.00334271 0.00588787 -0.00635245 0.0516299
internal_weight=10.5774 1.23311 9.3443 8.22983 6.53112 5.65482 4.79834 1.69871
internal_count=277 40 237 201 152 143 126 49
is_linear=0
shrinkage=0.1


Tree=253
num_leaves=7
num_cat=0
split_feature=0 6 6 5 8 5
split_gain=0.150318 0.176826 0.310606 0.327438 0.346108 0.577864
threshold=0.91597561503675362 83.100000000000009 81.65000000000002 23.350000000000005 1.0000000180025095e-35 27.650000000000002
decision_type=2 2 2 2 2 2
left_child=1 2 3 -1 -5 -6
right_child=-2 -3 -4 4 5 -7
leaf_value=-0.044270414910271283 -0.023977783308664402 -0.033858158897774125 0.063703665777389992 0.042070056583839464 -0.060710202177479244 0.013380261236908941
leaf_weight=1.284657407552001 2.274077811744065 1.1142392284236837 0.91564262146130282 2.4039416185114488 1.3423701481660852 4.8781721839040983
leaf_count=8 24 11 6 20 66 142
internal_value=-0.000414149 0.00407412 0.00797864 0.00282944 0.00984518 -0.00260819
internal_weight=14.2131 11.939 10.8248 9.90914 8.62448 6.22054
internal_count=277 253 242 236 228 208
is_linear=0
shrinkage=0.1


Tree=254
num_leaves=16
num_cat=0
split_feature=0 3 6 6 6 6 5 2 6 5 5 5 5 6 6
split_gain=0.151956 0.148972 0.392288 0.242729 0.222656 0.147596 0.181231 0.131347 0.156382 0.227189 0.000421226 3.4843e-05 3.7816e-06 5.29451e-08 1.36015e-10
threshold=-0.78656609248549303 1.0000000180025095e-35 81.40000000000002 79.950000000000017 53.550000000000004 71.850000000000009 23.350000000000005 1.0000000180025095e-35 83.100000000000009 32.150000000000006 32.45000000000001 23.850000000000005 24.350000000000005 68.050000000000011 58.250000000000007
decision_type=2 2 2 2 2 2 2 2 2 2 2 2 2 2 2
left_child=5 7 3 4 -3 6 -1 8 9 12 -6 -8 -2 14 -13
right_child=1 2 -4 -5 10 -7 11 -9 -10 -11 -12 13 -14 -15 -16
leaf_value=0.051409292212005069 -0.081588391120677201 0.045708655104400725 -0.088328091483891272 0.11165287134711753 -0.0809977421392402 -0.083272637877511407 -0.083372664766096505 -0.0059884995084086082 0.10324886124371085 0.08698364822766752 -0.089988464062879248 -0.080051091032437072 -0.080503857196919493 -0.080252216768952056 -0.080033071756299437
leaf_weight=0.27921103313565288 0.047721179202199204 0.31934961513616122 0.42190713668242097 0.25390616059303284 0.090230867092031986 0.36395018085022457 0.10961486026644707 0.41228644483999233 0.43604384362697601 0.17977737635374069 0.12334601581096649 0.0062606719438917926 0.09853651536104735 0.030317585304146633 0.012659584121138323
leaf_count=3 2 7 10 1 55 24 3 38 2 2 1 13 55 18 43
internal_value=0.00144304 0.0141142 -0.01053 0.031186 -0.00715141 -0.036208 0.00289398 0.0394798 0.0640782 0.0116909 -0.0861901 -0.0823801 -0.0808577 -0.0801703 -0.080039
internal_weight=3.18512 2.38311 1.20874 0.786833 0.532926 0.802014 0.438064 1.17437 0.762079 0.326035 0.213577 0.158853 0.146258 0.0492378 0.0189203
internal_count=277 173 74 64 63 104 80 99 61 59 56 77 57 74 56
is_linear=0
shrinkage=0.1


Tree=255
num_leaves=8
num_cat=0
split_feature=2 0 0 0 5 2 5
split_gain=0.163708 0.227568 0.27601 0.302401 0.811177 0.387445 0.191988
threshold=0.87837969732492682 -0.98296291314453399 -0.91597561503675329 -0.70710678118654735 26.550000000000004 -1.0000000180025095e-35 28.250000000000004
decision_type=2 2 2 2 2 2 2
left_child=1 -1 -3 5 -5 -4 -6
right_child=-2 2 3 4 6 -7 -8
leaf_value=0.03678658162931181 0.028396051409365314 -0.033181635905518501 -0.0089170940000060511 -0.093473946920964279 0.024897668376058651 0.060201265256114106 -0.026960616015029061
leaf_weight=1.1814856561832119 1.681132657366107 3.3761558337137076 1.6905959529394752 1.0320096844807292 2.2186676748096947 1.5587716617883396 1.052592958032619
leaf_count=22 37 30 30 24 15 22 97
internal_value=-0.000845898 -0.00490523 -0.00941243 0.00121281 -0.0161749 0.02424 0.00821124
internal_weight=13.7914 12.1103 10.9288 7.55264 4.30327 3.24937 3.27126
internal_count=277 240 218 188 136 52 112
is_linear=0
shrinkage=0.1


Tree=256
num_leaves=12
num_cat=0
split_feature=3 6 6 6 5 5 5 5 5 5 5
split_gain=0.259623 0.234101 0.109564 0.257798 0.113817 0.0389206 0.0328649 0.0836575 0.00972616 0.023566 4.04473e-10
threshold=-0.56174490092936669 82.000000000000014 81.40000000000002 76.750000000000014 23.850000000000005 27.200000000000006 23.650000000000002 24.350000000000005 24.900000000000002 25.950000000000003 28.250000000000004
decision_type=2 2 2 2 2 2 2 2 2 2 2
left_child=6 2 3 4 -2 -6 -1 -8 -9 -10 -11
right_child=1 -3 -4 -5 5 -7 7 8 9 10 -12
leaf_value=-0.095369181481872262 0.094307968448978929 -0.018959919433666733 0.096725479181897556 -0.058289459285059589 0.026358810454825132 -0.080049847743656533 -0.091646906725579291 0.045382795885373112 0.057599521079860098 -0.080068282441584565 -0.080093776685805612
leaf_weight=0.18036891799420152 0.41526799369603418 0.82359469507355232 0.35720473201945424 0.23469857883173972 0.1361159447405953 0.045986854634975316 0.14304248831467703 0.070543698326218873 0.02446704579051584 0.014193155235261656 0.011082086290116422
leaf_count=5 10 11 3 13 44 125 3 11 6 18 28
internal_value=0.00675758 0.0220207 0.0504005 0.0305134 0.0654028 -0.000512822 -0.0624847 -0.0399602 0.0215049 -0.0123585 -0.0800795
internal_weight=2.45657 2.01287 1.18927 0.832069 0.597371 0.182103 0.443697 0.263328 0.120286 0.0497423 0.0252752
internal_count=277 206 195 192 179 169 71 66 63 52 46
is_linear=0
shrinkage=0.1


Tree=257
num_leaves=8
num_cat=0
split_feature=5 9 6 2 5 2 5
split_gain=0.15629 0.134996 0.175852 0.370964 0.235113 0.247162 0.370653
threshold=31.150000000000002 1.0000000180025095e-35 60.550000000000004 1.0000000180025095e-35 24.250000000000004 0.87837969732492682 26.950000000000003
decision_type=2 2 2 2 2 2 2
left_child=1 2 3 -1 -4 6 -6
right_child=-2 -3 4 -5 5 -7 -8
leaf_value=-0.062050242685756797 0.032576628259185066 -0.045897855771872324 -0.030918615014429537 0.011751618788698929 0.056022480817099346 -0.03401697214294213 -0.0089263552828224031
leaf_weight=1.26638741274655 1.2389305021788466 0.75086951610865149 1.185368202277459 1.4735957933298776 2.1824566280120057 0.7257783039822242 1.4708345481121794
leaf_count=38 26 27 39 19 45 22 61
internal_value=-0.000735064 -0.00529272 -0.00162128 -0.0223587 0.00859004 0.0192846 0.0298737
internal_weight=10.2942 9.05529 8.30442 2.73998 5.56444 4.37907 3.65329
internal_count=277 251 224 57 167 128 106
is_linear=0
shrinkage=0.1


Tree=258
num_leaves=8
num_cat=0
split_feature=6 6 6 5 6 6 6
split_gain=0.141495 0.304872 0.260549 0.680379 0.243913 0.700112 0.619401
threshold=82.000000000000014 79.950000000000017 74.350000000000009 23.850000000000005 62.150000000000013 63.250000000000007 60.550000000000004
decision_type=2 2 2 2 2 2 2
left_child=1 2 3 -1 6 -6 -5
right_child=-2 -3 -4 4 5 -7 -8
leaf_value=-0.09106886285713188 0.026923571355542783 -0.053779193420061835 0.030965223693373276 0.0059721532077859473 0.10416656635451634 -0.0066512037948899816 -0.083535441008469796
leaf_weight=0.86191025935113241 1.7073415843769915 1.1101165954023589 2.3234977035317561 4.3073449265211821 0.81751645309850607 1.8837017678597474 0.9422564337728544
leaf_count=9 14 9 33 86 17 89 20
internal_value=-4.57004e-05 -0.00380566 0.00117596 -0.00667805 0.00247035 0.0268875 -0.0100937
internal_weight=13.9537 12.2463 11.1362 8.81273 7.95082 2.70122 5.2496
internal_count=277 263 254 221 212 106 106
is_linear=0
shrinkage=0.1


Tree=259
num_leaves=16
num_cat=0
split_feature=0 6 6 3 6 6 6 2 6 5 5 5 5 5 5
split_gain=0.144379 0.133116 0.174143 0.126985 0.348549 0.21841 0.202843 0.129832 0.135107 0.208299 0.000344934 1.1619e-05 5.00717e-06 2.82108e-06 4.71812e-08
threshold=-0.78656609248549303 71.850000000000009 71.450000000000017 1.0000000180025095e-35 81.40000000000002 79.950000000000017 53.550000000000004 1.0000000180025095e-35 83.100000000000009 32.150000000000006 32.45000000000001 23.350000000000005 23.850000000000005 24.350000000000005 24.050000000000004
decision_type=2 2 2 2 2 2 2 2 2 2 2 2 2 2 2
left_child=1 2 11 7 5 6 -5 8 9 13 -8 -1 -13 -2 -14
right_child=3 -3 -4 4 -6 -7 10 -9 -10 -11 -12 12 14 -15 -16
leaf_value=-0.08275333598682931 -0.081441144612002608 -0.083084720910287235 0.051612278055314667 0.043119555339323809 -0.087621981168963137 0.10819647506478092 -0.08093557445319069 -0.0073365296875721039 0.10083581608526537 0.086481337267535693 -0.089367273806476966 -0.081752950357904974 -0.080310682871025496 -0.080459562734048334 -0.08004896739709419
leaf_weight=0.080407012254000043 0.043445425108075364 0.34048604471900035 0.25893017533235252 0.31204503332264699 0.38187665189616382 0.24086214601993561 0.082748451233783271 0.40762856607398135 0.40983287990093231 0.16875749081373215 0.117288738489151 0.042580190114676952 0.009626245591789484 0.089796516158457962 0.024217999474785756
leaf_count=2 2 24 5 7 10 1 55 38 2 2 1 2 2 55 69
internal_value=0.00108628 -0.0367233 0.00124412 0.0137703 -0.00980258 0.0296657 -0.00727193 0.0376667 0.0634377 0.0126859 -0.0858794 -0.0819142 -0.0810313 -0.0807796 -0.0801234
internal_weight=3.01053 0.756248 0.415762 2.25428 1.13482 0.752944 0.512082 1.11946 0.711832 0.301999 0.200037 0.156831 0.0764244 0.133242 0.0338442
internal_count=277 104 80 173 74 64 63 99 61 59 56 75 73 57 71
is_linear=0
shrinkage=0.1


Tree=260
num_leaves=9
num_cat=0
split_feature=5 6 5 5 6 6 6 5
split_gain=0.158936 0.403015 0.633511 0.227005 0.302361 0.207621 0.106202 0.0692725
threshold=23.100000000000005 81.65000000000002 24.050000000000004 26.650000000000002 68.600000000000009 61.250000000000007 68.600000000000009 24.650000000000002
decision_type=2 2 2 2 2 2 2 2
left_child=-1 2 -2 6 5 -5 -4 -8
right_child=1 -3 3 4 -6 -7 7 -9
leaf_value=0.031525321724932678 -0.052641618225673953 0.049340368554907699 0.0037057164106559359 -0.020488893175379656 -0.071467549019892815 0.028132645375958117 0.019667832589975287 0.057232418979434554
leaf_weight=1.3684257119894034 2.696618386777117 1.2494246028363694 1.8043666672892853 2.1398026218812451 0.7201455074828117 1.4896334364166248 1.0469699529930947 0.92430937895551313
leaf_count=8 19 14 24 90 22 59 13 28
internal_value=-0.000773124 -0.00443455 -0.0106431 0.0032955 -0.0122775 -0.000533102 0.0212357 0.0372814
internal_weight=13.4397 12.0713 10.8218 8.12523 4.34958 3.62944 3.77565 1.97128
internal_count=277 269 255 236 171 149 65 41
is_linear=0
shrinkage=0.1


Tree=261
num_leaves=9
num_cat=0
split_feature=5 1 5 1 1 6 5 1
split_gain=0.229094 0.171381 8.44075e-08 5.64554e-09 3.09881e-09 1.76923e-09 1.49953e-09 1.28913e-10
threshold=23.350000000000005 0.78656609248549303 24.450000000000003 -0.37940952255126015 -0.12940952255126037 74.850000000000009 31.150000000000002 -0.98296291314453399
decision_type=2 2 2 2 2 2 2 2
left_child=-1 2 -2 6 -5 -6 7 -4
right_child=1 -3 3 4 5 -7 -8 -9
leaf_value=-0.091180058939529351 -0.0802168893759303 0.02409832422176518 -0.08003425415024179 -0.080110885454823533 -0.080054122787001081 -0.080096140153542966 -0.080059122468805879 -0.080013150882868408
leaf_weight=0.22249807964544777 0.06280106183839973 1.9225503038614988 0.0036540975852408222 0.03123627937384299 0.027327422940288226 0.015824454487301409 0.017108594045566861 0.01392766296339687
leaf_count=11 26 22 8 36 42 13 26 93
internal_value=0.00529627 0.0155453 -0.0801245 -0.0800714 -0.0800869 -0.0800695 -0.080038 -0.0800175
internal_weight=2.31693 2.09443 0.17188 0.109079 0.0743882 0.0431519 0.0346904 0.0175818
internal_count=277 266 244 218 91 55 127 101
is_linear=0
shrinkage=0.1


Tree=262
num_leaves=11
num_cat=0
split_feature=1 5 2 8 3 3 5 5 0 2
split_gain=0.137648 0.233643 0.546764 0.312457 0.462745 0.372133 0.198834 0.0135173 0.000880609 9.19949e-06
threshold=-0.98296291314453399 28.450000000000003 0.87837969732492682 1.0000000180025095e-35 -0.56174490092936669 -0.22252093395631442 25.350000000000005 28.750000000000004 0.91597561503675362 1.0000000180025095e-35
decision_type=2 2 2 2 2 2 2 2 2 2
left_child=-1 3 7 5 -5 -2 -6 -3 9 -9
right_child=1 2 -4 4 6 -7 -8 8 -10 -11
leaf_value=0.020130573345684667 0.055410071823141262 -0.11189607968621328 0.057475595733334078 -0.088888437092108002 0.020834707770634418 -0.012903186483913809 -0.037058913570136479 -0.080657008148460552 -0.08927874286217527 -0.081760442625007312
leaf_weight=2.4186040796339512 1.6518923519179227 0.26774301118712152 0.34079707713681273 0.77756835301261196 1.5935209939489143 1.5416022127028552 0.94507173151941959 0.19817034561128821 0.22146790474653244 0.1221149138364126
leaf_count=15 20 8 14 31 35 28 38 66 2 20
internal_value=-0.000667169 -0.00723399 -0.0487808 0.000107574 -0.0213921 0.0224331 -0.000718031 -0.0935147 -0.0844303 -0.0810777
internal_weight=10.0786 7.65995 1.15029 6.50966 3.31616 3.19349 2.53859 0.809496 0.541753 0.320285
internal_count=277 262 110 152 104 48 73 96 88 86
is_linear=0
shrinkage=0.1


Tree=263
num_leaves=7
num_cat=0
split_feature=0 6 6 5 8 5
split_gain=0.130712 0.163745 0.236108 0.311278 0.301129 0.470422
threshold=0.91597561503675362 83.100000000000009 81.65000000000002 23.350000000000005 1.0000000180025095e-35 27.650000000000002
decision_type=2 2 2 2 2 2
left_child=1 2 3 -1 -5 -6
right_child=-2 -3 -4 4 5 -7
leaf_value=-0.043063864099786991 -0.022422732631541334 -0.032906156161316723 0.057260519257748714 0.041081687568044617 -0.056825085309584203 0.012927731009694632
leaf_weight=1.2461262363940449 2.1770629815291622 1.0717730545438815 0.89456337038427669 2.3220191167201811 1.2169808775652216 4.7043627966777422
leaf_count=8 24 11 6 20 66 142
internal_value=3.89263e-05 0.00430754 0.00814849 0.00351875 0.0105605 -0.00140818
internal_weight=13.6329 11.4558 10.3841 9.48949 8.24336 5.92134
internal_count=277 253 242 236 228 208
is_linear=0
shrinkage=0.1


Tree=264
num_leaves=13
num_cat=0
split_feature=0 6 6 2 6 6 6 6 6 5 5 5
split_gain=0.142249 0.119434 0.150795 0.107111 0.149322 0.31486 0.221264 0.199639 0.0236599 9.16529e-06 4.03745e-06 3.7891e-08
threshold=-0.78656609248549303 71.850000000000009 71.450000000000017 -0.8783796973249266 86.250000000000014 81.40000000000002 79.950000000000017 52.900000000000013 76.300000000000026 23.350000000000005 23.850000000000005 24.050000000000004
decision_type=2 2 2 2 2 2 2 2 2 2 2 2
left_child=1 2 9 8 5 6 7 -5 -2 -1 -11 -12
right_child=3 -3 -4 4 -6 -7 -8 -9 -10 10 11 -13
leaf_value=-0.082560343126965641 0.03608276803249362 -0.082900737602102259 0.046116251622745137 0.037441538052708806 0.048378152384193573 -0.087975792333453581 0.10166580888497739 -0.084117341133427781 0.082710529890647144 -0.08164341002061376 -0.080288346340362887 -0.080044045191699234
leaf_weight=0.075101856142282819 0.22478108599898461 0.3170257483725436 0.25230524665676057 0.31903600716032021 0.51021128147840511 0.40463131948490627 0.23567571258172393 0.234344809090544 0.21095276810228825 0.039251737296581268 0.0089357392862439156 0.021928697549810749
leaf_count=2 38 24 5 9 5 13 2 104 2 2 2 69
internal_value=0.00151107 -0.03712 -0.00060979 0.0144123 0.00309773 -0.0162562 0.0205218 -0.014036 0.0586568 -0.0817927 -0.0809705 -0.0801148
internal_weight=2.85418 0.714549 0.397523 2.13963 1.7039 1.19369 0.789057 0.553381 0.435734 0.145218 0.0701162 0.0308644
internal_count=277 104 80 173 133 128 115 113 40 75 73 71
is_linear=0
shrinkage=0.1


Tree=265
num_leaves=11
num_cat=0
split_feature=5 2 6 2 2 1 0 0 5 1
split_gain=0.142746 0.438476 0.126223 0.22075 0.207855 0.167078 0.000841398 3.6151e-05 1.85529e-07 1.3008e-08
threshold=28.250000000000004 -0.8783796973249266 74.350000000000009 1.0000000180025095e-35 1.0000000180025095e-35 -0.12940952255126037 0.91597561503675362 -0.98296291314453399 31.150000000000002 -0.5
decision_type=2 2 2 2 2 2 2 2 2 2
left_child=2 -2 4 -4 5 -1 7 -3 9 -9
right_child=1 6 3 -5 -6 -7 -8 8 -10 -11
leaf_value=0.0073246888470060879 0.03567095251452311 -0.083345891132464781 -0.027500566983966392 0.016060282791422308 -0.0074722130458710692 0.049215225029601462 -0.088590296053469533 -0.080086968892699811 -0.080329987221644347 -0.080173278222255936
leaf_weight=2.0447532888501874 0.51874000881798565 0.048166319727897644 2.8871241342276335 1.9484607144258914 3.2811670936644077 1.7817704528570169 0.47663678228855133 0.057396195028559305 0.075742199784144759 0.025097776378971259
leaf_count=17 34 1 32 24 34 33 5 64 20 13
internal_value=-0.000789956 -0.0336411 0.00251565 -0.00994807 0.0109951 0.0268305 -0.0862807 -0.0809471 -0.080217 -0.0801132
internal_weight=13.1451 1.20178 11.9433 4.83558 7.10769 3.82652 0.683039 0.206402 0.158236 0.082494
internal_count=277 137 140 56 84 50 103 98 97 77
is_linear=0
shrinkage=0.1


Tree=266
num_leaves=9
num_cat=0
split_feature=5 1 5 1 1 3 5 1
split_gain=0.231847 0.277764 5.8205e-08 4.19069e-09 2.52968e-09 1.14335e-09 1.13974e-09 9.63445e-11
threshold=24.050000000000004 0.78656609248549303 24.450000000000003 -0.37940952255126015 -0.12940952255126037 -0.56174490092936669 31.150000000000002 -0.98296291314453399
decision_type=2 2 2 2 2 2 2 2
left_child=-1 2 -2 6 -5 -6 7 -4
right_child=1 -3 3 4 5 -7 -8 -9
leaf_value=-0.014435989155713697 -0.080235708810906636 0.085248849312335021 -0.080031122701244919 -0.080101353966499714 -0.080081717254965601 -0.080047164319905204 -0.080053948423495364 -0.080011990729047258
leaf_weight=1.5846672495827081 0.024919235031120368 0.55965422093868256 0.0033206533407793551 0.028664510755334049 0.016966432769550011 0.021986880266922415 0.015578060636471491 0.012694414839643287
leaf_count=34 11 14 8 36 20 35 26 93
internal_value=0.00656436 0.0552326 -0.0800991 -0.0800648 -0.0800788 -0.0800622 -0.0800347 -0.080016
internal_weight=2.26845 0.683784 0.12413 0.099211 0.0676178 0.0389533 0.0315931 0.0160151
internal_count=277 243 229 218 91 55 127 101
is_linear=0
shrinkage=0.1


Tree=267
num_leaves=9
num_cat=0
split_feature=5 9 6 6 2 5 2 5
split_gain=0.132879 0.10885 0.133269 0.354127 0.296925 0.217566 0.191028 0.28467
threshold=31.150000000000002 1.0000000180025095e-35 60.550000000000004 59.20000000000001 -0.60785761079279388 24.250000000000004 0.87837969732492682 26.350000000000005
decision_type=2 2 2 2 2 2 2 2
left_child=1 2 3 4 -1 -4 7 -7
right_child=-2 -3 5 -5 -6 6 -8 -9
leaf_value=-0.035460633895262474 0.030802903863770232 -0.042354056746849965 -0.030917936528639341 -0.062585485599458923 0.052809004572180344 0.063778899541691858 -0.029739543363619732 0.0050032895966434544
leaf_weight=0.71794038753432687 1.1827924942481338 0.71315596175554663 1.1515699613373724 1.1211657208623362 0.81221653788816028 1.344479513994884 0.69323057486326423 2.1287802072292834
leaf_count=23 26 27 39 15 19 36 22 70
internal_value=-0.000641314 -0.00492485 -0.00157543 -0.0198901 0.0113934 0.00755535 0.0181889 0.027755
internal_weight=9.86533 8.68254 7.96938 2.65132 1.53016 5.31806 4.16649 3.47326
internal_count=277 251 224 57 42 167 128 106
is_linear=0
shrinkage=0.1


Tree=268
num_leaves=8
num_cat=0
split_feature=6 6 6 5 6 6 5
split_gain=0.134451 0.245849 0.223183 0.63701 0.230134 0.650511 0.218581
threshold=82.000000000000014 79.950000000000017 74.350000000000009 23.850000000000005 62.150000000000013 63.250000000000007 28.450000000000003
decision_type=2 2 2 2 2 2 2
left_child=1 2 3 -1 6 -6 -5
right_child=-2 -3 -4 4 5 -7 -8
leaf_value=-0.090983495611008894 0.026576249929391105 -0.050532769311616835 0.028692088907134119 -0.045931641968164669 0.10240365628768058 -0.0069202697584931985 0.0018524543850274413
leaf_weight=0.81302713789045622 1.6518347971141345 1.0309821697883297 2.2363386434735721 1.2806888038758186 0.78451022994704578 1.7774601562414316 3.7910495178075507
leaf_count=9 14 9 33 26 17 89 80
internal_value=-0.000132488 -0.00389877 0.000601699 -0.00683545 0.00212673 0.0265562 -0.0102137
internal_weight=13.3659 11.7141 10.6831 8.44674 7.63371 2.56197 5.07174
internal_count=277 263 254 221 212 106 106
is_linear=0
shrinkage=0.1


Tree=269
num_leaves=16
num_cat=0
split_feature=0 6 5 3 6 6 6 2 6 5 5 6 5 5 5
split_gain=0.137759 0.105585 0.144995 0.09929 0.290235 0.164692 0.166062 0.112903 0.116309 0.18859 0.000182442 3.17286e-05 3.60131e-06 1.82661e-06 2.77874e-08
threshold=-0.78656609248549303 71.850000000000009 23.350000000000005 1.0000000180025095e-35 81.40000000000002 79.950000000000017 53.550000000000004 1.0000000180025095e-35 83.100000000000009 32.150000000000006 32.45000000000001 71.450000000000017 23.850000000000005 24.350000000000005 24.050000000000004
decision_type=2 2 2 2 2 2 2 2 2 2 2 2 2 2 2
left_child=1 2 -1 7 5 6 -5 8 9 13 -8 12 -4 -2 -14
right_child=3 -3 11 4 -6 -7 10 -9 -10 -11 -12 -13 14 -15 -16
leaf_value=0.044820095474596811 -0.08127041552532871 -0.0827004921196864 -0.081595704469905619 0.039517724158982477 -0.085991739225155073 0.10208567550678967 -0.080739652854580665 -0.0066654492962635982 0.097888979162155124 0.085823775912637082 -0.087491665871126639 -0.083948798054612153 -0.080259982159588669 -0.080437157991264913 -0.08004013200235037
leaf_weight=0.23788268864154849 0.038427187129855378 0.29522865578474011 0.038097254931926727 0.30706907436251618 0.32443868601694703 0.2119244784116745 0.067701074141950812 0.38848189018972334 0.37318040430545807 0.15392537415027618 0.097868934273719788 0.076914536068215966 0.0080643203109502792 0.083415944884109194 0.020024301884404849
leaf_count=3 2 24 2 7 10 1 55 38 2 2 1 4 2 55 69
internal_value=0.00131882 -0.0378122 -0.00302775 0.0142491 -0.00808601 0.0288363 -0.00400772 0.0359721 0.0614963 0.0122484 -0.0847308 -0.0825675 -0.0809623 -0.0807 -0.0801033
internal_weight=2.72264 0.676212 0.380983 2.04643 1.009 0.684564 0.472639 1.03743 0.648949 0.275769 0.16557 0.1431 0.0661859 0.121843 0.0280886
internal_count=277 104 80 173 74 64 63 99 61 59 56 77 73 57 71
is_linear=0
shrinkage=0.1


Tree=270
num_leaves=12
num_cat=0
split_feature=5 2 3 0 5 5 5 0 0 5 1
split_gain=0.124098 0.398545 0.11758 0.159727 0.133215 0.159875 0.101312 0.000599991 3.22017e-05 1.41839e-07 1.14282e-08
threshold=28.250000000000004 -0.8783796973249266 -0.22252093395631442 -0.78656609248549303 24.450000000000003 26.650000000000002 24.050000000000004 0.91597561503675362 -0.98296291314453399 31.150000000000002 -0.5
decision_type=2 2 2 2 2 2 2 2 2 2 2
left_child=2 -2 4 6 -1 -6 -4 8 -3 10 -10
right_child=1 7 3 -5 5 -7 -8 -9 9 -11 -12
leaf_value=-0.028828943252336949 0.032538481173818565 -0.083223035036398732 -0.017473016527457218 0.028263612509606587 0.028695518355562524 -0.019691326595188578 0.014565473530401996 -0.087641809509591481 -0.080079479817993141 -0.080303152398746733 -0.080163886227057321
leaf_weight=2.0709153108764431 0.52212705335114151 0.046534761786460876 2.1054721325635901 2.9547622953541581 1.3827323829755189 1.3490860806778071 1.8579833991825578 0.43858805298805237 0.052631204831413925 0.069368259632028639 0.023073019401636641
leaf_count=17 34 1 12 35 31 14 31 5 64 20 13
internal_value=-0.00075821 -0.0320717 0.00232032 0.0106654 -0.00970059 0.00480007 -0.00245406 -0.0856024 -0.0809341 -0.0801999 -0.0801052
internal_weight=12.8733 1.15232 11.721 6.91822 4.80273 2.73182 3.96346 0.630195 0.191607 0.145072 0.0757042
internal_count=277 137 140 78 62 45 43 103 98 97 77
is_linear=0
shrinkage=0.1


Tree=271
num_leaves=8
num_cat=0
split_feature=6 1 5 8 3 1 5
split_gain=0.21895 0.222328 5.26338e-08 3.63605e-09 2.49134e-09 7.05094e-10 3.21688e-10
threshold=82.000000000000014 0.78656609248549303 24.450000000000003 1.0000000180025095e-35 -0.56174490092936669 1.0000000180025095e-35 25.950000000000003
decision_type=2 2 2 2 2 2 2
left_child=1 2 -1 -4 5 -5 -6
right_child=-2 -3 3 4 6 -7 -8
leaf_value=-0.08017910578301668 -0.031519832544150632 0.04819533828756619 -0.080099221626845352 -0.080061105545433595 -0.080050739805890808 -0.080095957351173017 -0.080031761441200569
leaf_weight=0.063656780548626668 0.89551551896147419 1.1320116687566042 0.018864768215280492 0.013262043014037772 0.011958387520280667 0.010323707218049094 0.035283721204905305
leaf_count=31 14 16 20 38 17 10 131
internal_value=0.00644073 0.032888 -0.0801096 -0.0800602 -0.0800498 -0.0800764 -0.0800366
internal_weight=2.18088 1.28536 0.153349 0.0896926 0.0708279 0.0235858 0.0472421
internal_count=277 263 247 216 196 48 148
is_linear=0
shrinkage=0.1


Tree=272
num_leaves=11
num_cat=0
split_feature=1 5 2 8 5 3 5 5 0 2
split_gain=0.129572 0.205438 0.501259 0.264498 0.422913 0.422528 0.182356 0.00912023 0.000800046 7.4675e-06
threshold=-0.98296291314453399 28.450000000000003 0.87837969732492682 1.0000000180025095e-35 26.650000000000002 -0.56174490092936669 25.350000000000005 28.750000000000004 0.91597561503675362 1.0000000180025095e-35
decision_type=2 2 2 2 2 2 2 2 2 2
left_child=-1 3 7 4 -2 -5 -7 -3 9 -9
right_child=1 2 -4 5 -6 6 -8 8 -10 -11
leaf_value=0.02011729974603467 -0.009552669531853096 -0.10769964929252676 0.053433529972735441 -0.08794305688284712 0.065805457085335459 0.020375761975665298 -0.036048265190747192 -0.080615402836869507 -0.089070338042211816 -0.081648384722513845
leaf_weight=2.3572601899504662 1.835991731262766 0.250782636048825 0.34417137509444728 0.71191181938047554 1.2529305820353327 1.551105695194565 0.90814071067143221 0.18063194905698765 0.21194960176944733 0.11424450933554908
leaf_count=15 39 8 14 31 9 35 38 66 2 20
internal_value=-0.000287455 -0.00682104 -0.0466399 0.000187124 0.0210141 -0.0200998 -0.000460278 -0.0921019 -0.084384 -0.0810156
internal_weight=9.71912 7.36186 1.10178 6.26008 3.08892 3.17116 2.45925 0.757609 0.506826 0.294876
internal_count=277 262 110 152 48 104 73 96 88 86
is_linear=0
shrinkage=0.1


Tree=273
num_leaves=7
num_cat=0
split_feature=0 6 6 5 8 5
split_gain=0.137306 0.145863 0.20518 0.276653 0.237554 0.40917
threshold=0.91597561503675362 83.100000000000009 81.65000000000002 23.350000000000005 1.0000000180025095e-35 27.650000000000002
decision_type=2 2 2 2 2 2
left_child=1 2 3 -1 -5 -6
right_child=-2 -3 -4 4 5 -7
leaf_value=-0.041688116564585612 -0.023898681601362427 -0.03167064791773732 0.053799583885103031 0.037572181790965886 -0.055104228845889981 0.012413512626168122
leaf_weight=1.1905485279858075 2.0985945968423048 1.0380854895338405 0.88087069801986295 2.2423795183422017 1.1173485259059841 4.5632311553927138
leaf_count=8 24 11 6 20 66 142
internal_value=-0.000452785 0.00400709 0.00771283 0.00325829 0.0100122 -0.000866972
internal_weight=13.1311 11.0325 9.99438 9.11351 7.92296 5.68058
internal_count=277 253 242 236 228 208
is_linear=0
shrinkage=0.1


Tree=274
num_leaves=7
num_cat=0
split_feature=5 5 6 5 6 5
split_gain=0.135859 0.271034 3.50197e-05 2.69736e-05 4.66933e-06 3.04021e-07
threshold=32.150000000000006 24.050000000000004 86.250000000000014 31.750000000000004 48.600000000000009 31.550000000000004
decision_type=2 2 2 2 2 2
left_child=1 -1 3 4 -3 -6
right_child=-2 2 -4 -5 5 -7
leaf_value=0.0086410722612387941 0.051715227600866748 -0.081492522086576757 -0.083074894489054196 -0.082495998331105491 -0.080134008729275077 -0.080554030648454497
leaf_weight=1.719419255154208 0.44904815405607212 0.032991593703627475 0.127609733492136 0.09133235109038651 0.14000739297262044 0.019651849055662751
leaf_count=34 6 2 3 5 223 4
internal_value=0.00172615 -0.00880758 -0.0816989 -0.0810805 -0.0804095 -0.0801857
internal_weight=2.58006 2.13101 0.411593 0.283983 0.192651 0.159659
internal_count=277 271 237 234 229 227
is_linear=0
shrinkage=0.1


Tree=275
num_leaves=10
num_cat=0
split_feature=0 5 5 6 6 2 1 0 3
split_gain=0.128452 0.747653 0.430338 0.3551 0.427171 0.30899 0.244562 0.119224 0.275206
threshold=-0.70710678118654735 26.350000000000005 26.650000000000002 66.550000000000011 61.250000000000007 1.0000000180025095e-35 0.37940952255126026 -0.98296291314453399 -1.0000000180025095e-35
decision_type=2 2 2 2 2 2 2 2 2
left_child=6 -2 -3 4 5 -4 7 -1 -9
right_child=1 2 3 -5 -6 -7 -8 8 -10
leaf_value=0.01876602625222025 -0.091064811108124644 0.074152051064187915 0.0018088771966089788 -0.091148659670709342 0.061672138675263291 -0.098571524445121184 0.029331922146102831 0.010286970180421809 -0.043980109904211299
leaf_weight=1.358674216084182 0.99117285967804569 0.75505747646093402 1.0560660783958162 0.46084717646590423 0.84545388810511202 0.43213245444349002 3.0106686945073307 1.9427420600986807 1.8006984807434474
leaf_count=27 26 4 50 23 28 23 39 33 24
internal_value=-0.000808202 -0.0142757 0.00716674 -0.0109323 0.00490874 -0.0273389 0.00672958 -0.00660767 -0.015817
internal_weight=12.6535 4.54073 3.54956 2.7945 2.33365 1.4882 8.11278 5.10211 3.74344
internal_count=277 154 128 124 101 73 123 84 57
is_linear=0
shrinkage=0.1


Tree=276
num_leaves=15
num_cat=0
split_feature=3 6 2 5 6 5 5 5 6 6 5 5 2 5
split_gain=0.223732 0.17376 0.0978801 0.27434 0.0363326 0.024165 0.0696985 0.0190386 0.0710408 0.0110476 0.00604481 0.0175823 8.22062e-10 3.14755e-10
threshold=-0.56174490092936669 82.000000000000014 0.6078576107927941 23.750000000000004 78.950000000000017 23.650000000000002 24.350000000000005 23.850000000000005 75.950000000000017 64.40000000000002 24.900000000000002 25.950000000000003 -1.0000000180025095e-35 28.250000000000004
decision_type=2 2 2 2 2 2 2 2 2 2 2 2 2 2
left_child=5 2 7 -4 9 -1 -7 -2 12 -5 -8 -12 -9 -13
right_child=1 -3 3 4 -6 6 10 8 -10 -11 11 13 -14 -15
leaf_value=-0.092709988236424845 0.089332255820371881 -0.015001536179107072 -0.093323778289103584 0.050338890164557462 0.092651250670012036 -0.089912309294233217 0.04452235807908838 -0.080029858574274457 0.079859074529793447 -0.017183361929871726 0.057996783769292709 -0.080045870038925035 -0.080061632741909083 -0.080072764474165128
leaf_weight=0.15724880655761841 0.38114843441871904 0.73638362591736939 0.15625288418959826 0.051868649006792111 0.21094069091486745 0.12603637430584058 0.056641296192537993 0.020711918212327873 0.14946175640216097 0.045476127957954304 0.01946017071895767 0.0095352049465873279 0.013417141366517171 0.0080046856401168043
leaf_count=5 12 11 2 33 4 3 11 80 7 28 6 18 29 28
internal_value=0.00715626 0.0220866 0.0486208 0.0146196 0.0693302 -0.0627829 -0.0413606 0.0765893 0.0501338 0.0187948 0.0239875 -0.0074482 -0.0800423 -0.0800581
internal_weight=2.14259 1.76566 1.02928 0.464538 0.308285 0.376927 0.219678 0.564739 0.183591 0.0973448 0.0936414 0.0370001 0.0341291 0.0175399
internal_count=277 206 195 67 65 71 66 128 116 61 63 52 109 46
is_linear=0
shrinkage=0.1


Tree=277
num_leaves=8
num_cat=0
split_feature=5 6 2 0 6 5 5
split_gain=0.123242 0.0974219 0.294437 0.189023 0.42518 0.387583 0.0222386
threshold=31.150000000000002 57.300000000000004 -0.8783796973249266 0.91597561503675362 64.40000000000002 25.150000000000002 31.050000000000004
decision_type=2 2 2 2 2 2 2
left_child=1 -1 -3 4 6 -6 -4
right_child=-2 2 3 -5 5 -7 -8
leaf_value=-0.034499186713079603 0.030830112373826248 0.048413776125448109 -0.08189120356025735 0.0091749605513623128 -0.029076367694585444 0.06110798682111597 -0.12046527239063787
leaf_weight=0.94015992492495382 1.1434198416536681 1.0623038102494309 0.29466902593412792 3.1209142431616783 2.0577863874495965 0.62016096996012482 0.3032841575331986
leaf_count=35 26 36 46 19 62 50 3
internal_value=2.9262e-05 -0.00416375 -0.000340224 -0.00843668 -0.0252151 -0.00819141 -0.101456
internal_weight=9.5427 8.39928 7.45912 6.39681 3.2759 2.67795 0.597953
internal_count=277 251 216 180 161 112 49
is_linear=0
shrinkage=0.1


Tree=278
num_leaves=10
num_cat=0
split_feature=0 6 6 2 6 2 1 0 5
split_gain=0.128055 0.122203 0.174428 0.324272 0.472085 0.335486 0.735356 0.128812 0.060897
threshold=0.91597561503675362 83.100000000000009 81.40000000000002 0.6078576107927941 57.750000000000007 -0.8783796973249266 -0.98296291314453399 -0.91597561503675329 28.250000000000004
decision_type=2 2 2 2 2 2 2 2 2
left_child=1 2 3 5 -5 8 -7 -6 -1
right_child=-2 -3 -4 4 7 6 -8 -9 -10
leaf_value=0.0031047281224369791 -0.023592578619238344 -0.02932212442000532 0.041659085435002484 -0.041913434516230537 0.031660340694352432 -0.10251728946323638 -0.0032901870079732661 0.087709098165974858 0.038842439268928497
leaf_weight=0.79854955186601362 2.0482900890056053 1.0175496926531185 1.2704442795366038 0.593375674914569 0.75566366931889217 0.95867660827934376 3.3801940775301826 0.89649587037274581 1.1834114869125185
leaf_count=15 24 11 9 13 19 6 119 28 33
internal_value=-0.000659333 0.00366832 0.00708096 0.00195281 0.0345953 -0.00964375 -0.0252145 0.0620736 0.0244434
internal_weight=12.9027 10.8544 9.83681 8.56637 2.24554 6.32083 4.33887 1.65216 1.98196
internal_count=277 253 242 233 60 173 125 47 48
is_linear=0
shrinkage=0.1


Tree=279
num_leaves=11
num_cat=0
split_feature=6 5 6 2 6 0 5 5 6 5
split_gain=0.131504 0.196403 0.140366 0.0710687 0.209669 2.07858e-05 1.02318e-05 7.93495e-06 1.93803e-06 1.27466e-06
threshold=86.250000000000014 32.150000000000006 71.450000000000017 -0.60785761079279388 81.40000000000002 -0.60355339059327362 31.750000000000004 23.350000000000005 48.600000000000009 26.550000000000004
decision_type=2 2 2 2 2 2 2 2 2 2
left_child=1 2 5 -4 -5 6 7 -1 -7 -10
right_child=-2 -3 3 4 -6 8 -8 -9 9 -11
leaf_value=-0.082433607826740904 0.049587486666628308 0.049809119077470945 0.01479669656091246 0.024129576510766106 -0.087358388875219781 -0.081365003395052982 -0.083410531912151281 -0.080881527385908702 -0.081172789289291114 -0.080349939089136069
leaf_weight=0.071615505963564252 0.46016865596175183 0.43961843103170384 0.60422704429947771 0.33257534376753006 0.34230679557367694 0.030182438436896053 0.049020800739526749 0.060993054800746904 0.022411010635551065 0.11767997043352807
leaf_count=2 5 6 21 38 11 2 1 82 6 103
internal_value=0.00123344 -0.00951257 -0.025502 -0.0101148 -0.0324182 -0.0814319 -0.0821761 -0.0817197 -0.0806382 -0.0804816
internal_weight=2.5308 2.07063 1.63101 1.27911 0.674882 0.351903 0.181629 0.132609 0.170273 0.140091
internal_count=277 272 266 70 49 196 85 84 111 109
is_linear=0
shrinkage=0.1


Tree=280
num_leaves=7
num_cat=0
split_feature=5 6 5 2 0 0
split_gain=0.14552 0.35284 0.506088 0.218594 0.190236 0.347406
threshold=23.100000000000005 81.65000000000002 24.050000000000004 0.87837969732492682 -0.98296291314453399 -0.91597561503675329
decision_type=2 2 2 2 2 2
left_child=-1 2 -2 4 -4 -6
right_child=1 -3 3 -5 5 -7
leaf_value=0.031246099680336471 -0.049059179274743035 0.048070383050483292 0.034601755510376621 0.044063686535035146 -0.052917813957512043 0.0041709128545748932
leaf_weight=1.2971842326223857 2.5103105185553414 1.1579928472638119 1.0485858307220013 1.0988834856543688 1.4894183766446047 3.7491503182391224
leaf_count=8 19 14 22 33 21 160
internal_value=-0.000439807 -0.00415803 -0.0102694 0.0029142 -0.004278 -0.0120604
internal_weight=12.3515 11.0543 9.89635 7.38604 6.28715 5.23857
internal_count=277 269 255 236 203 181
is_linear=0
shrinkage=0.1


Tree=281
num_leaves=15
num_cat=0
split_feature=3 6 2 5 6 5 5 5 6 6 5 5 2 5
split_gain=0.212979 0.162823 0.0784073 0.235588 0.0361651 0.0216223 0.0607938 0.0151253 0.0638736 0.00868251 0.00515096 0.0153941 6.2333e-10 4.40464e-10
threshold=-0.56174490092936669 82.000000000000014 0.6078576107927941 23.750000000000004 78.950000000000017 23.650000000000002 24.350000000000005 23.850000000000005 75.950000000000017 64.40000000000002 24.900000000000002 25.950000000000003 -1.0000000180025095e-35 28.950000000000003
decision_type=2 2 2 2 2 2 2 2 2 2 2 2 2 2
left_child=5 2 7 -4 9 -1 -7 -2 12 -5 -8 -12 -9 -13
right_child=1 -3 3 4 -6 6 10 8 -10 -11 11 13 -14 -15
leaf_value=-0.092153615447401402 0.086097773700232097 -0.014324147857274559 -0.091157812048083167 0.04533104313417214 0.09162648994486737 -0.089107424293759174 0.040779585987061967 -0.080026842896400219 0.078640263866122412 -0.016227118769784766 0.054980025057306349 -0.080039230765258818 -0.080055853074442171 -0.080072594604639655
leaf_weight=0.15170886507257852 0.3573957289336247 0.72010869620135054 0.13729879981838167 0.047736146185343387 0.19954234157921746 0.11774208943825215 0.052791491005336866 0.018702263507293648 0.14033675956306979 0.044061328291718382 0.017764639327651821 0.009067629494893481 0.01226305637101166 0.0070205580686888416
leaf_count=5 12 11 2 33 4 3 11 80 7 28 6 26 29 20
internal_value=0.00668763 0.0215984 0.0486194 0.0168357 0.0677295 -0.0635521 -0.0423223 0.0743878 0.0499568 0.0157841 0.0212547 -0.00919333 -0.0800383 -0.0800538
internal_weight=2.03354 1.67745 0.957336 0.428639 0.29134 0.356095 0.204386 0.528698 0.171302 0.0917975 0.0866443 0.0338528 0.0309653 0.0160882
internal_count=277 206 195 67 65 71 66 128 116 61 63 52 109 46
is_linear=0
shrinkage=0.1


Tree=282
num_leaves=11
num_cat=0
split_feature=1 5 2 2 2 2 5 5 0 6
split_gain=0.121026 0.202508 0.438142 0.242341 0.289883 0.25117 0.174438 0.00827358 0.000626333 8.63275e-06
threshold=-0.98296291314453399 28.450000000000003 0.87837969732492682 0.87837969732492682 1.0000000180025095e-35 -0.8783796973249266 28.150000000000002 28.750000000000004 0.91597561503675362 52.350000000000009
decision_type=2 2 2 2 2 2 2 2 2 2
left_child=-1 3 7 4 5 -2 -7 -3 9 -9
right_child=1 2 -4 -5 -6 6 -8 8 -10 -11
leaf_value=0.019674761993254325 0.037552017508685975 -0.10678093463845746 0.047261815073690983 -0.047913762128220488 0.037849531324633437 -0.045785039160345049 0.015151811435929774 -0.082149579932635913 -0.088403179055008455 -0.080702686162183859
leaf_weight=2.2333808876574039 0.79147285118233401 0.24596064568504494 0.33140031911898404 0.89575668214820314 2.0242991661070846 1.599576984212036 0.66509039242373535 0.050831731437938288 0.1963103786110878 0.21843882930261316
leaf_count=15 21 8 14 22 39 61 9 8 2 78
internal_value=-0.000600617 -0.00705193 -0.0477114 4.37961e-05 0.00849942 -0.0109412 -0.027889 -0.0919451 -0.0841075 -0.0809758
internal_weight=9.25252 7.01914 1.04294 5.9762 5.08044 3.05614 2.26467 0.711542 0.465581 0.269271
internal_count=277 262 110 152 130 91 70 96 88 86
is_linear=0
shrinkage=0.1


Tree=283
num_leaves=8
num_cat=0
split_feature=6 6 6 5 6 6 6
split_gain=0.105095 0.227235 0.168775 0.574092 0.226137 0.564989 0.172909
threshold=82.000000000000014 79.950000000000017 74.350000000000009 23.850000000000005 62.150000000000013 63.250000000000007 55.350000000000001
decision_type=2 2 2 2 2 2 2
left_child=1 2 3 -1 6 -6 -5
right_child=-2 -3 -4 4 5 -7 -8
leaf_value=-0.089993725527835189 0.02371287528791723 -0.049812526857754974 0.025344645746037554 0.018059798828792877 0.10005891536739059 -0.0050793195030396027 -0.023053104305765803
leaf_weight=0.74048673920333019 1.5783843444660313 0.98102789954282421 2.164177639526315 1.4928722524782641 0.74203538271831382 1.6424110631051005 3.249905230011791
leaf_count=9 14 9 33 33 17 89 73
internal_value=-0.000419559 -0.00387825 0.000613708 -0.00618905 0.00251788 0.0276395 -0.0101121
internal_weight=12.5913 11.0129 10.0319 7.86771 7.12722 2.38445 4.74278
internal_count=277 263 254 221 212 106 106
is_linear=0
shrinkage=0.1


Tree=284
num_leaves=13
num_cat=0
split_feature=0 6 5 2 6 6 6 6 1 6 5 5
split_gain=0.130746 0.101985 0.122257 0.0884184 0.116662 0.251581 0.15871 0.162304 0.0136709 2.42425e-05 1.95572e-06 1.54668e-08
threshold=-0.78656609248549303 71.850000000000009 23.350000000000005 -0.8783796973249266 86.250000000000014 81.40000000000002 79.950000000000017 52.900000000000013 0.78656609248549303 71.450000000000017 23.850000000000005 24.050000000000004
decision_type=2 2 2 2 2 2 2 2 2 2 2 2
left_child=1 2 -1 8 5 6 7 -5 -2 10 -4 -12
right_child=3 -3 9 4 -6 -7 -8 -9 -10 -11 11 -13
leaf_value=0.041642246960368043 0.039639659740336286 -0.082708020920887915 -0.081316977253645284 0.03600546084988035 0.045808964932391533 -0.086688010778207508 0.094819665095974365 -0.083746287030967384 0.078180205257377622 -0.083650087499313394 -0.080213875355655037 -0.080031030675764336
leaf_weight=0.22626986727118525 0.1886410293300288 0.28304252527595963 0.03150264685973525 0.28384920605458253 0.45131852105259906 0.33148499693197664 0.19854532508179545 0.18823222844002885 0.17972223460674286 0.069026976823806763 0.0066404114477336398 0.015252982550009619
leaf_count=3 38 24 2 9 5 13 2 104 2 4 2 69
internal_value=0.00108935 -0.038112 -0.00191226 0.014683 0.00359221 -0.0154208 0.0198059 -0.011743 0.0584434 -0.0824124 -0.0808125 -0.0800865
internal_weight=2.45353 0.631735 0.348693 1.82179 1.45343 1.00211 0.670627 0.472081 0.368363 0.122423 0.053396 0.0218934
internal_count=277 104 80 173 133 128 115 113 40 77 73 71
is_linear=0
shrinkage=0.1


Tree=285
num_leaves=10
num_cat=0
split_feature=0 5 5 1 5 5 0 3 5
split_gain=0.132831 0.677633 0.358871 0.21304 0.210299 0.396683 0.0893358 0.23289 0.000588356
threshold=-0.70710678118654735 26.350000000000005 26.650000000000002 0.37940952255126026 28.050000000000004 29.150000000000002 -0.98296291314453399 1.0000000180025095e-35 29.350000000000005
decision_type=2 2 2 2 2 2 2 2 2
left_child=3 -2 -3 6 -4 -6 -1 -8 -7
right_child=1 2 4 -5 5 8 7 -9 -10
leaf_value=0.016779060210029118 -0.09089307445404636 0.06882873266890531 -0.062043813404798601 0.028598195506752213 0.026170934854153144 -0.088595408124231237 0.010596269761499954 -0.04056504947863919 -0.080654302543467712
leaf_weight=1.304401723667979 0.91907138633541752 0.71517187356948886 0.61843345873057876 2.9058194193057716 1.6624996780592485 0.14264304027892638 1.8655352424102605 1.7010426836495751 0.26970902972971089
leaf_count=27 26 4 6 39 30 6 33 24 82
internal_value=-0.000645364 -0.0146884 0.0058598 0.0071691 -0.0108609 0.00439475 -0.00561459 -0.0138046 -0.0834013
internal_weight=12.1043 4.32753 3.40846 7.7768 2.69329 2.07485 4.87098 3.56658 0.412352
internal_count=277 154 128 123 124 118 84 57 88
is_linear=0
shrinkage=0.1


Tree=286
num_leaves=7
num_cat=0
split_feature=5 1 6 5 8 6
split_gain=0.227626 0.221888 4.44509e-08 6.49341e-09 2.65587e-09 5.07324e-10
threshold=24.050000000000004 0.78656609248549303 78.950000000000017 24.900000000000002 1.0000000180025095e-35 53.550000000000004
decision_type=2 2 2 2 2 2
left_child=-1 2 3 -2 -5 -6
right_child=1 -3 -4 4 5 -7
leaf_value=-0.015646923830978023 -0.080110649412697299 0.085197696993916161 -0.080266862716334417 -0.080083536542238196 -0.08006064496309874 -0.080031150500653805
leaf_weight=1.3458640129247212 0.020888281127554476 0.5020622587762773 0.01213777475641109 0.014809067961323197 0.0067645271155926103 0.042295669416489545
leaf_count=34 18 14 6 19 20 166
internal_value=0.00717586 0.0584589 -0.0800879 -0.0800622 -0.0800464 -0.0800352
internal_weight=1.94482 0.598958 0.0968953 0.0847575 0.0638693 0.0490602
internal_count=277 243 229 223 205 186
is_linear=0
shrinkage=0.1


Tree=287
num_leaves=12
num_cat=0
split_feature=0 0 6 5 3 3 6 6 2 5 5
split_gain=0.111825 0.319986 0.171093 0.275702 0.21024 0.17089 0.0950018 9.8999e-06 1.25663e-06 1.44383e-06 2.33078e-08
threshold=1.0000000180025095e-35 -0.91597561503675329 75.950000000000017 24.250000000000004 -1.0000000180025095e-35 -0.56174490092936669 60.550000000000004 78.450000000000017 1.0000000180025095e-35 24.900000000000002 25.950000000000003
decision_type=2 2 2 2 2 2 2 2 2 2 2
left_child=1 2 3 -1 -5 -2 -7 8 9 -3 -11
right_child=5 7 -4 4 -6 6 -8 -9 -10 10 -12
leaf_value=-0.086202699352068576 0.036552731066020798 -0.080793545341514561 0.03332343385665771 -0.032069555436080775 0.057973420061013282 -0.016101426204836705 0.012967661888039956 -0.081540292531297423 -0.080905340330194864 -0.080277119084988385 -0.080153505263970637
leaf_weight=0.45313287712633687 1.499852333741728 0.08832953160163004 0.9439970701932906 0.5968009852222167 0.45854333709576145 2.3870090157724917 2.1252392370079178 0.2643642715702299 0.18350765119248535 0.021868933225050569 0.050423231417880743
leaf_count=9 15 12 7 29 18 31 35 30 32 7 52
internal_value=-0.000611453 -0.0161702 -6.51872e-05 -0.0209596 0.0070538 0.00731006 -0.00241008 -0.0810801 -0.0807266 -0.0805223 -0.0801909
internal_weight=9.07307 3.06097 2.45247 1.50848 1.05534 6.0121 4.51225 0.608494 0.344129 0.160622 0.0722922
internal_count=277 196 63 56 47 81 66 133 103 71 59
is_linear=0
shrinkage=0.1


Tree=288
num_leaves=10
num_cat=0
split_feature=0 6 6 2 2 1 5 5 0
split_gain=0.112196 0.12 0.180175 0.26206 0.314073 0.644809 0.296046 0.648844 0.0457549
threshold=0.91597561503675362 83.100000000000009 81.40000000000002 0.6078576107927941 -0.8783796973249266 -0.98296291314453399 24.050000000000004 28.050000000000004 -1.0000000180025095e-35
decision_type=2 2 2 2 2 2 2 2 2
left_child=1 2 3 4 8 -6 -5 -8 -1
right_child=-2 -3 -4 6 5 -7 7 -9 -10
leaf_value=0.009147883911829309 -0.022188223259985911 -0.029440313852211533 0.043328869769682643 0.081075664880972328 -0.10006829987230359 -0.0035389047340470777 -0.089068089538139217 0.056530364637393485 0.040222918884482366
leaf_weight=0.92367963492870331 1.9667959243524826 0.97889482090249735 1.2120541341137148 0.78363127261400256 0.87887016683816543 3.2547597560915182 0.48140502581372835 0.84038714255439118 0.97288123727775733
leaf_count=32 24 11 9 5 6 119 22 33 16
internal_value=-0.000297904 0.00387132 0.00735974 0.00200102 -0.00860396 -0.0240625 0.032375 0.00350249 0.0250885
internal_weight=12.2934 10.3266 9.34767 8.13561 6.03019 4.13363 2.10542 1.32179 1.89656
internal_count=277 253 242 233 173 125 60 55 48
is_linear=0
shrinkage=0.1


Tree=289
num_leaves=17
num_cat=0
split_feature=0 6 6 2 2 3 6 5 5 6 2 1 5 5 5 5
split_gain=0.127885 0.0893362 0.110261 0.0818194 0.228133 0.104104 0.0846617 0.152324 0.0187996 0.146378 0.0161883 0.000120167 6.70107e-06 1.72945e-06 1.0854e-06 1.25834e-08
threshold=-0.78656609248549303 71.850000000000009 71.450000000000017 1.0000000180025095e-35 0.87837969732492682 1.0000000180025095e-35 83.100000000000009 32.150000000000006 23.750000000000004 53.550000000000004 0.6078576107927941 -0.98296291314453399 23.350000000000005 23.850000000000005 24.350000000000005 24.050000000000004
decision_type=2 2 2 2 2 2 2 2 2 2 2 2 2 2 2 2
left_child=1 2 12 5 10 6 7 14 -7 -10 -5 -11 -1 -14 -2 -15
right_child=3 -3 -4 4 -6 8 -8 -9 9 11 -12 -13 13 15 -16 -17
leaf_value=-0.082318978434798976 -0.081050527958384327 -0.082501856907290394 0.03825129438068655 -0.085711469792509792 0.075779241115323123 0.0213246986688608 0.094392942906585231 0.084833227036486658 0.043012920766397178 -0.086335557950885475 -0.042818222699826061 -0.080867575873255992 -0.081275418557139475 -0.080199346049783238 -0.080337740107528671 -0.080027951557610055
leaf_weight=0.068435359746218061 0.031896607950329559 0.26132396075263387 0.21526531840208918 0.17620162802631956 0.17364245172211668 0.29917307198047638 0.32228143513202667 0.1314404122531414 0.2083507573697716 0.08672780156484805 0.17575008717540186 0.074902647262206301 0.03055205475538969 0.0061931258533149949 0.06469139061482565 0.013892293305616477
leaf_count=2 2 24 5 17 21 3 2 2 5 3 23 40 2 2 55 69
internal_value=0.00130981 -0.0386975 -0.00445938 0.014966 -0.0180164 0.0291816 0.0614003 0.0147706 0.00268497 -0.0123874 -0.0642924 -0.0838016 -0.0816737 -0.0808016 -0.0805731 -0.0800808
internal_weight=2.34072 0.595662 0.334338 1.74506 0.525594 1.21946 0.55031 0.228028 0.669154 0.369981 0.351952 0.16163 0.119073 0.0506375 0.096588 0.0200854
internal_count=277 104 80 173 61 112 61 59 51 48 40 43 75 73 57 71
is_linear=0
shrinkage=0.1


Tree=290
num_leaves=9
num_cat=0
split_feature=5 6 5 6 6 5 6 1
split_gain=0.136182 0.327297 0.460573 0.189485 0.357912 0.493728 0.325568 0.350371
threshold=23.100000000000005 81.65000000000002 24.050000000000004 64.90000000000002 68.050000000000011 26.550000000000004 63.050000000000004 -0.12940952255126037
decision_type=2 2 2 2 2 2 2 2
left_child=-1 2 -2 6 -5 -6 7 -4
right_child=1 -3 3 4 5 -7 -8 -9
leaf_value=0.030822275026233959 -0.048150073006171357 0.047817528203011578 -0.013365133802226823 0.07684597536724852 0.030921333192610159 -0.065633805351331675 -0.071267444078441794 0.077780356499377645
leaf_weight=1.2527484782040126 2.3744303914718312 1.0901659075170744 2.4691427012003242 0.83396454970352385 1.7161245995666834 0.76595610112417478 0.75631959103338875 0.50863102078438061
leaf_count=8 19 14 109 30 40 27 20 10
internal_value=-0.000344017 -0.00405724 -0.0100577 0.00277146 0.0201683 0.00112496 -0.0126777 0.00220335
internal_weight=11.7675 10.5147 9.42457 7.05014 3.31605 2.48208 3.73409 2.97777
internal_count=277 269 255 236 97 67 139 119
is_linear=0
shrinkage=0.1


Tree=291
num_leaves=15
num_cat=0
split_feature=3 6 2 5 6 5 5 8 6 6 6 5 5 5
split_gain=0.202403 0.149518 0.0612446 0.197707 0.0330548 0.0176459 0.0496806 0.0114387 0.0512273 0.00783772 0.0064334 0.00397665 0.0123629 3.18339e-10
threshold=-0.56174490092936669 82.000000000000014 0.6078576107927941 23.750000000000004 78.950000000000017 23.650000000000002 24.350000000000005 1.0000000180025095e-35 81.65000000000002 75.950000000000017 64.40000000000002 24.900000000000002 25.950000000000003 28.950000000000003
decision_type=2 2 2 2 2 2 2 2 2 2 2 2 2 2
left_child=5 2 7 -4 10 -1 -7 -2 9 -9 -5 -8 -13 -14
right_child=1 -3 3 4 -6 6 11 8 -10 -11 -12 12 13 -15
leaf_value=-0.091292215593304693 0.08249460537824789 -0.013829213303541553 -0.089060064118362148 0.041206188063982185 0.090526013751031698 -0.088059920121876523 0.036669307547237281 -0.080045202999242004 0.087647687005593278 0.0085399320004182454 -0.015709904396109985 0.051902744853764442 -0.080032417647971976 -0.080063244330609754
leaf_weight=0.14336881582858052 0.34583449358615315 0.66416481864871457 0.11692383862100542 0.040552370910518221 0.18369046479347162 0.10666290088556707 0.045849330490455031 0.024900948474169016 0.099551819264888763 0.016676837229169905 0.038919550064747455 0.014915523250238039 0.0074971468420699239 0.0060558731256605824
leaf_count=5 18 11 2 33 4 3 11 102 1 7 28 6 26 20
internal_value=0.00667386 0.0218744 0.0492235 0.0191407 0.0672146 -0.065086 -0.0443261 0.0727039 0.048712 -0.0445137 0.0133328 0.0184418 -0.0109142 -0.0800462
internal_weight=1.85556 1.53122 0.86705 0.380086 0.263162 0.32435 0.180981 0.486964 0.14113 0.0415778 0.0794719 0.0743179 0.0284685 0.013553
internal_count=277 206 195 67 65 71 66 128 110 109 61 63 52 46
is_linear=0
shrinkage=0.1


Tree=292
num_leaves=11
num_cat=0
split_feature=6 6 5 5 6 2 5 3 2 1
split_gain=0.111267 0.193221 0.120529 0.270591 0.184834 0.169493 0.168862 0.130381 0.0162505 0.00112784
threshold=76.300000000000026 72.850000000000009 30.650000000000002 28.450000000000003 60.95000000000001 0.6078576107927941 26.350000000000005 -0.22252093395631442 0.6078576107927941 -0.98296291314453399
decision_type=2 2 2 2 2 2 2 2 2 2
left_child=1 2 3 4 -1 9 -6 -4 -2 -5
right_child=8 -3 7 5 6 -7 -8 -9 -10 -11
leaf_value=0.038638457620293221 -0.046468977737306211 0.050687550249336681 0.048976780626261873 -0.094674515585896443 0.013790035234108284 -0.012083389439933041 -0.032571793756226118 -0.0045053693654985606 -0.020014772901317313 -0.085852499044504788
leaf_weight=1.0228297135327009 0.48044513672357414 0.76383678219281126 0.83570358702854708 0.32597725093364716 1.5123256878578106 0.51349477235635277 1.6349163340601078 1.0027741166704798 0.4494229611591436 0.2608966892785245
leaf_count=17 31 18 20 2 39 16 35 28 13 58
internal_value=-0.000969413 0.00289448 -0.00224078 -0.00993118 0.00170823 -0.0540411 -0.0102938 0.0198056 -0.0336832 -0.0907527
internal_weight=8.80262 7.87275 7.10892 5.27044 4.17007 1.10037 3.14724 1.83848 0.929868 0.586874
internal_count=277 233 215 167 91 76 74 48 44 60
is_linear=0
shrinkage=0.1


Tree=293
num_leaves=7
num_cat=0
split_feature=6 5 5 1 5 5
split_gain=0.0990367 0.612309 0.199612 0.512539 0.306893 0.50406
threshold=82.000000000000014 23.100000000000005 23.750000000000004 0.60355339059327384 24.050000000000004 27.650000000000002
decision_type=2 2 2 2 2 2
left_child=1 -1 -3 4 -4 -6
right_child=-2 2 3 -5 5 -7
leaf_value=-0.10076264670836491 0.023707215187393323 0.033270621487495759 0.058118598912005874 -0.090431260967266267 -0.081560419823406394 0.0055409230827826094
leaf_weight=0.61160186305642028 1.5121689774096019 1.7231495045125473 0.8933677375316601 0.63540097058285017 0.74927165964618314 5.8658684512629407
leaf_count=5 14 12 5 25 61 155
internal_value=-0.000216371 -0.00366877 0.00234952 -0.004193 0.00310484 -0.00432471
internal_weight=11.9908 10.4787 9.86706 8.14391 7.50851 6.61514
internal_count=277 263 258 246 221 216
is_linear=0
shrinkage=0.1


Tree=294
num_leaves=17
num_cat=0
split_feature=0 6 5 2 2 3 6 5 2 5 1 0 6 5 5 5
split_gain=0.119572 0.0815824 0.104518 0.0726098 0.193869 0.0987976 0.0733878 0.140266 0.0196882 0.0184295 0.013004 0.0543367 2.3294e-05 1.26449e-06 8.27099e-07 8.15818e-09
threshold=-0.78656609248549303 71.850000000000009 23.350000000000005 1.0000000180025095e-35 0.87837969732492682 1.0000000180025095e-35 83.100000000000009 32.150000000000006 0.6078576107927941 23.750000000000004 -0.98296291314453399 -0.3794095225512602 71.450000000000017 23.850000000000005 24.350000000000005 24.050000000000004
decision_type=2 2 2 2 2 2 2 2 2 2 2 2 2 2 2 2
left_child=1 2 -1 5 8 6 7 14 -5 -7 -11 -12 13 -4 -2 -15
right_child=3 -3 12 4 -6 9 -8 -9 -10 10 11 -13 -14 15 -16 -17
leaf_value=0.037290083974917794 -0.08096105325765067 -0.082349346281114233 -0.081146336848322814 -0.085453620661317967 0.07249189470966598 0.020791936235673686 0.093057907004574822 0.084562132804429604 -0.036815494170735277 0.0063367239700705333 -0.082147193903741006 0.029290411745356161 -0.083645062673872408 -0.080172734669095844 -0.080309337498718075 -0.08002567141040362
leaf_weight=0.20469819195568595 0.029146784916519897 0.24259246472502127 0.027530864346772432 0.16542313832724165 0.16166106889795628 0.2998121241107583 0.30020715296268463 0.12432494759559631 0.16748870989431452 0.17564864640007727 0.097384981003415305 0.079454051807260839 0.067584223463200033 0.0053688839543610803 0.058674868309026351 0.012683158056461252
leaf_count=3 2 24 2 17 21 3 2 2 23 4 15 29 4 2 55 69
internal_value=0.00125796 -0.0386767 -0.00534603 0.0147472 -0.0173545 0.0283792 0.0612427 0.0162213 -0.0609837 0.00256638 -0.0129356 -0.0320781 -0.0824668 -0.0807198 -0.0805256 -0.0800694
internal_weight=2.21968 0.560458 0.317865 1.65923 0.494573 1.16465 0.512354 0.212147 0.332912 0.6523 0.352488 0.176839 0.113167 0.0455829 0.0878217 0.018052
internal_count=277 104 80 173 61 112 61 59 40 51 48 44 77 73 57 71
is_linear=0
shrinkage=0.1


Tree=295
num_leaves=11
num_cat=0
split_feature=5 2 3 6 6 1 0 0 5 5
split_gain=0.113688 0.359529 0.136573 0.120183 0.109116 0.0876983 0.000402751 3.8651e-05 7.26273e-08 5.74401e-09
threshold=28.250000000000004 -0.8783796973249266 -0.22252093395631442 74.350000000000009 70.700000000000003 0.37940952255126026 0.91597561503675362 -0.98296291314453399 31.150000000000002 28.950000000000003
decision_type=2 2 2 2 2 2 2 2 2 2
left_child=2 -2 3 -1 -4 -6 7 -3 9 -9
right_child=1 6 4 -5 5 -7 -8 8 -10 -11
leaf_value=0.002230190792562464 0.032361422236595432 -0.083480581066510212 0.02932718087318022 -0.03205496661969879 -0.013363886884441574 0.017300810926793416 -0.086973933619077459 -0.080130736697923685 -0.080245435167901502 -0.080066677900484384
leaf_weight=2.6803927435539654 0.47609941614791751 0.049943692982196808 2.3390157367102793 1.6529229939915238 1.8887261953204872 1.8424080866388974 0.4041089154779911 0.021129405911779697 0.055482626456068829 0.04147176758851856
leaf_count=38 34 1 30 24 18 30 5 21 20 56
internal_value=-0.000449741 -0.0318391 0.002713 -0.0108477 0.0123936 0.00177813 -0.0852631 -0.0811485 -0.0801621 -0.0800883
internal_weight=11.4517 1.04824 10.4035 4.33332 6.07015 3.73113 0.572136 0.168027 0.118084 0.0626012
internal_count=277 137 140 62 78 48 103 98 97 77
is_linear=0
shrinkage=0.1


Tree=296
num_leaves=7
num_cat=0
split_feature=5 1 6 5 8 6
split_gain=0.198487 0.194564 3.50257e-08 4.28822e-09 1.93369e-09 3.56478e-10
threshold=24.050000000000004 0.78656609248549303 78.950000000000017 24.900000000000002 1.0000000180025095e-35 53.550000000000004
decision_type=2 2 2 2 2 2
left_child=-1 2 3 -2 -5 -6
right_child=1 -3 -4 4 5 -7
leaf_value=-0.015675190402319794 -0.080097390588008271 0.084675230417485065 -0.080245149253552459 -0.080074411570990364 -0.080054019072120022 -0.080027487124590485
leaf_weight=1.2252964084909761 0.018345075921388454 0.43951022578403354 0.011192872218089178 0.013666456237842683 0.0058781561310753397 0.036562447088726913
leaf_count=34 18 14 6 19 20 166
internal_value=0.00637002 0.0578061 -0.0800802 -0.0800554 -0.0800417 -0.0800312
internal_weight=1.75045 0.525155 0.085645 0.0744521 0.0561071 0.0424406
internal_count=277 243 229 223 205 186
is_linear=0
shrinkage=0.1


Tree=297
num_leaves=11
num_cat=0
split_feature=1 5 2 8 3 3 5 5 0 2
split_gain=0.0976533 0.165253 0.411634 0.261181 0.342588 0.277164 0.141463 0.00634439 0.000425111 4.02539e-06
threshold=-0.98296291314453399 28.450000000000003 0.87837969732492682 1.0000000180025095e-35 -0.56174490092936669 -0.22252093395631442 25.350000000000005 28.750000000000004 0.91597561503675362 1.0000000180025095e-35
decision_type=2 2 2 2 2 2 2 2 2 2
left_child=-1 3 7 5 -5 -2 -6 -3 9 -9
right_child=1 2 -4 4 6 -7 -8 8 -10 -11
leaf_value=0.018186920276702444 0.052075523617240362 -0.10429314537341788 0.047474011235348196 -0.087071308670295069 0.016537749387640719 -0.011334133570860223 -0.035533907847796538 -0.080533021532560242 -0.087382948001493599 -0.081377893458422473
leaf_weight=2.083782646805048 1.4445124461781236 0.23281431071700343 0.32156231193221174 0.62024061908960026 1.3886482348898428 1.3185412865714168 0.83569852927757882 0.1436567439159262 0.17342792078852654 0.092836706397065427
leaf_count=15 20 8 14 31 35 28 38 66 2 20
internal_value=-0.00067615 -0.00665712 -0.0448966 -8.13999e-05 -0.0213513 0.0218162 -0.00302584 -0.0911098 -0.0836224 -0.0808647
internal_weight=8.65572 6.57194 0.964298 5.60764 2.84459 2.76305 2.22435 0.642736 0.409921 0.236493
internal_count=277 262 110 152 104 48 73 96 88 86
is_linear=0
shrinkage=0.1


Tree=298
num_leaves=9
num_cat=0
split_feature=0 8 5 5 1 5 6 5
split_gain=0.0967221 0.153899 0.372317 0.234676 0.332918 0.274827 0.218113 9.35123e-05
threshold=0.91597561503675362 1.0000000180025095e-35 23.350000000000005 27.650000000000002 -0.98296291314453399 23.850000000000005 62.150000000000013 24.250000000000004
decision_type=2 2 2 2 2 2 2 2
left_child=1 -1 -3 5 -5 -4 -6 -7
right_child=-2 2 3 4 6 7 -8 -9
leaf_value=-0.015140698018275216 -0.020909014970024314 0.062400921421179846 0.0048634892925376247 -0.015605080904850561 0.021492648918019899 -0.083262213230268223 0.094107555304808604 -0.080715097309768447
leaf_weight=2.9914542109472668 1.9073427328839905 1.2081355433911074 0.84712146595120408 1.9688799940049628 1.4608762637944912 0.21556969732046127 0.57703480708005361 0.43496442306786776
leaf_count=34 24 6 6 15 77 6 50 59
internal_value=-0.000322505 0.0037238 0.0121307 0.00109727 0.0137209 -0.0326758 0.0420536 -0.0815591
internal_weight=11.6114 9.70404 6.71258 5.50445 4.00679 1.49766 2.03791 0.650534
internal_count=277 253 219 213 142 71 127 65
is_linear=0
shrinkage=0.1


Tree=299
num_leaves=16
num_cat=0
split_feature=0 6 5 3 6 0 6 2 6 5 6 6 5 5 5
split_gain=0.114062 0.0732925 0.0945512 0.0638639 0.213053 0.107918 0.11498 0.0854657 0.065467 0.12806 0.0406184 1.90903e-05 1.09605e-06 5.56471e-07 5.62752e-09
threshold=-0.78656609248549303 71.850000000000009 23.350000000000005 1.0000000180025095e-35 81.40000000000002 -0.70710678118654735 50.650000000000006 1.0000000180025095e-35 83.100000000000009 32.150000000000006 53.550000000000004 71.450000000000017 23.850000000000005 24.350000000000005 24.050000000000004
decision_type=2 2 2 2 2 2 2 2 2 2 2 2 2 2 2
left_child=1 2 -1 7 5 -5 -7 8 9 13 -8 12 -4 -2 -14
right_child=3 -3 11 4 -6 6 10 -9 -10 -11 -12 -13 14 -15 -16
leaf_value=0.034211349557611764 -0.080848585768930392 -0.082173446317902757 -0.081104185292841968 0.094400567378654959 -0.084566653440839121 0.064278996160564081 0.0003211094291626036 -0.0058474933592396298 0.092205738778985885 0.084216420706995421 -0.084124137461726034 -0.083432535408749481 -0.080152686182371188 -0.080284381441730779 -0.080023273151781135
leaf_weight=0.19808235764503512 0.02588729467242934 0.22277619598753517 0.026541014201939106 0.1727581062950776 0.23613066656980664 0.16109009832143784 0.10407100897282362 0.30792493855369685 0.28503365814685822 0.11581342667341232 0.12582941802611458 0.064515153178945184 0.0047492752783000461 0.053834256214940979 0.011488251968330587
leaf_count=3 2 24 2 5 10 3 4 38 2 2 52 4 2 55 69
internal_value=0.00169957 -0.0385587 -0.00674113 0.0150859 -0.00482258 0.0285789 -0.000504266 0.0352819 0.0616356 0.0170731 -0.0458976 -0.0823464 -0.0807083 -0.0804676 -0.0800611
internal_weight=2.11653 0.528152 0.305376 1.58837 0.799879 0.563749 0.390991 0.788494 0.480569 0.195535 0.2299 0.107294 0.0427785 0.0797216 0.0162375
internal_count=277 104 80 173 74 64 59 99 61 59 56 77 73 57 71
is_linear=0
shrinkage=0.1


Tree=300
num_leaves=8
num_cat=0
split_feature=5 6 6 9 2 8 6
split_gain=0.11661 0.292181 0.425519 0.125635 0.285637 0.374289 0.0997489
threshold=23.100000000000005 81.65000000000002 77.050000000000011 1.0000000180025095e-35 1.0000000180025095e-35 1.0000000180025095e-35 66.90000000000002
decision_type=2 2 2 2 2 2 2
left_child=-1 2 3 4 6 -6 -2
right_child=1 -3 -4 -5 5 -7 -8
leaf_value=0.029219697214479576 0.024896016562801951 0.046630277061841002 -0.064910354746133089 0.038772603629358221 -0.065445687080800383 0.0055068665868313015 -0.0072446199736282274
leaf_weight=1.2080473676323897 2.4619159597714297 1.0349596375599492 1.1997521051671354 0.72326435157447111 1.42790955491364 1.5511200431064935 1.5887309551180804
leaf_count=8 88 14 19 32 13 64 39
internal_value=-0.000125121 -0.0036745 -0.00948989 -0.000913682 -0.0049969 -0.0285021 0.0122899
internal_weight=11.1957 9.98765 8.95269 7.75294 7.02968 2.97903 4.05065
internal_count=277 269 255 236 204 77 127
is_linear=0
shrinkage=0.1


Tree=301
num_leaves=7
num_cat=0
split_feature=5 1 6 5 8 6
split_gain=0.177899 0.177217 3.01396e-08 3.26505e-09 1.4852e-09 3.26571e-10
threshold=24.050000000000004 0.78656609248549303 78.950000000000017 24.900000000000002 1.0000000180025095e-35 53.550000000000004
decision_type=2 2 2 2 2 2
left_child=-1 2 3 -2 -5 -6
right_child=1 -3 -4 4 5 -7
leaf_value=-0.014588603383881635 -0.080089360482447788 0.084212545565493457 -0.080233176842810242 -0.08006857225960913 -0.08005169519198771 -0.08002520787786345
leaf_weight=1.2081805310008347 0.016885486504179537 0.40174386277794838 0.010513504821574315 0.012514644280599785 0.0054149890675035941 0.033157740467686381
leaf_count=34 18 14 6 19 20 166
internal_value=0.00587615 0.0573621 -0.0800756 -0.0800512 -0.0800386 -0.0800289
internal_weight=1.68841 0.48023 0.0784864 0.0679729 0.0510874 0.0385727
internal_count=277 243 229 223 205 186
is_linear=0
shrinkage=0.1


Tree=302
num_leaves=11
num_cat=0
split_feature=6 6 3 6 6 6 5 5 0 2
split_gain=0.0993551 0.396242 0.555811 0.297847 0.275786 0.162791 0.638492 0.456577 0.330335 0.00106799
threshold=59.550000000000004 56.650000000000013 -0.56174490092936669 60.550000000000004 61.350000000000001 68.050000000000011 26.350000000000005 26.550000000000004 -0.91597561503675329 -1.0000000180025095e-35
decision_type=2 2 2 2 2 2 2 2 2 2
left_child=1 2 -1 -2 -5 6 -6 8 -7 -8
right_child=3 -3 -4 4 5 7 9 -9 -10 -11
leaf_value=0.056515280551274617 -0.057705737561490777 0.066712325567911721 -0.088766726339640001 0.058317619469464566 0.032352348054206691 0.0055394051140404306 -0.095173738292994789 0.069785202393096532 -0.082533982363611813 -0.0880696308365575
leaf_weight=0.48160613811342035 0.97957565770775534 0.92033889278536651 0.58102296957076749 0.7541740636806934 0.7963638507062567 1.6922785837668923 0.47612209068756783 0.83813835105320311 0.56906246877042654 0.38091967143191141
leaf_count=5 15 28 38 10 17 24 27 27 56 30
internal_value=-0.000909796 0.0186793 -0.0229218 -0.00689821 0.00213925 -0.00677497 -0.032114 0.00674206 -0.0166241 -0.0920163
internal_weight=8.4696 1.98297 1.06263 6.48663 5.50706 4.75289 1.65341 3.09948 2.26134 0.857042
internal_count=277 71 43 206 191 181 74 107 80 57
is_linear=0
shrinkage=0.1


Tree=303
num_leaves=10
num_cat=0
split_feature=0 8 5 5 5 5 3 6 5
split_gain=0.0967606 0.13058 0.288478 0.21213 0.294239 0.253853 0.253213 0.116211 7.93561e-05
threshold=0.91597561503675362 1.0000000180025095e-35 23.350000000000005 27.650000000000002 30.650000000000002 23.850000000000005 -1.0000000180025095e-35 56.850000000000001 24.150000000000002
decision_type=2 2 2 2 2 2 2 2 2
left_child=1 -1 -3 5 6 -4 -5 -6 -7
right_child=-2 2 3 4 7 8 -8 -9 -10
leaf_value=-0.013795168855308695 -0.021346261585692448 0.055755396355817034 0.0040375644944600254 0.071428000440906678 -0.037504685976792164 -0.083362930298951601 -0.0061581874102213628 0.009731246163933685 -0.080730594427462957
leaf_weight=2.9697673594346261 1.8591293657664216 1.2017892561852921 0.83838000521063782 1.151257939418427 0.96143296943046186 0.15495891030877829 0.66283233262947927 1.1365315939765421 0.43889458588091657
leaf_count=34 24 6 6 55 23 4 39 25 61
internal_value=-0.000480078 0.00359659 0.0114867 0.00153188 0.0135867 -0.031395 0.0430796 -0.0119155 -0.0814175
internal_weight=11.375 9.51584 6.54608 5.34429 3.91205 1.43223 1.81409 2.09796 0.593853
internal_count=277 253 219 213 142 71 94 48 65
is_linear=0
shrinkage=0.1


Tree=304
num_leaves=12
num_cat=0
split_feature=0 6 6 5 5 0 5 6 5 5 5
split_gain=0.105863 0.0685078 0.0930925 0.0595061 0.269365 2.22818e-05 6.31664e-06 1.96612e-06 8.48154e-07 2.42384e-07 4.60979e-09
threshold=-0.78656609248549303 71.850000000000009 71.450000000000017 32.150000000000006 24.050000000000004 -0.5 23.350000000000005 48.600000000000009 23.850000000000005 31.550000000000004 24.050000000000004
decision_type=2 2 2 2 2 2 2 2 2 2 2
left_child=1 2 6 4 -2 -6 -1 -7 -8 -9 -10
right_child=3 -3 -4 -5 5 7 8 9 10 -11 -12
leaf_value=-0.082254501636819966 0.031927252445264113 -0.081989087381941286 0.035649412070828522 0.050271844779678346 -0.082284913890928568 -0.081232294884620776 -0.081017274389485874 -0.080114474285516643 -0.080142778598322362 -0.08044327372866257 -0.080021044439539557
leaf_weight=0.066632382571697568 0.85513561591505982 0.20493395125959069 0.18765277171041816 0.37171532958745945 0.1588788101416867 0.026426533237099648 0.024322934914380312 0.053019168951323081 0.0044426603708416232 0.038848138705361634 0.010375360995567462
leaf_count=2 16 24 5 6 38 2 2 103 2 8 69
internal_value=0.0023202 -0.037624 -0.00663872 0.0155558 0.00415915 -0.0815113 -0.0816622 -0.0804722 -0.0806539 -0.0802535 -0.0800575
internal_weight=2.00238 0.49836 0.293426 1.50402 1.13231 0.277173 0.105773 0.118294 0.039141 0.0918673 0.014818
internal_count=277 104 80 173 167 151 75 113 73 111 71
is_linear=0
shrinkage=0.1


Tree=305
num_leaves=11
num_cat=0
split_feature=5 2 3 0 0 5 0 0 5 5
split_gain=0.123674 0.316875 0.109565 0.112328 0.096692 0.0466529 0.000352573 3.20153e-05 6.16851e-08 3.41228e-09
threshold=28.250000000000004 -0.8783796973249266 -0.22252093395631442 -0.78656609248549303 -0.78656609248549303 24.050000000000004 0.91597561503675362 -0.98296291314453399 31.150000000000002 28.950000000000003
decision_type=2 2 2 2 2 2 2 2 2 2
left_child=2 -2 3 -1 5 -4 7 -3 9 -9
right_child=1 6 4 -5 -6 -7 -8 8 -10 -11
leaf_value=0.0053785275745227689 0.027255433983254085 -0.083277655348040699 -0.0093089403088475377 -0.028059394039387162 0.027553598020957831 0.014288290610194402 -0.08676234454839904 -0.080113933188409064 -0.080230584122218868 -0.08006111028695613
leaf_weight=2.3265324330423027 0.46559009107295424 0.047261424362659454 1.8500005491077889 1.7681708633899678 2.422055357601494 1.5313555109314618 0.38934065029025078 0.018217790639028619 0.051373731577768922 0.037202912208158523
leaf_count=33 34 1 12 29 35 31 5 21 20 56
internal_value=6.49985e-05 -0.0332867 0.00346478 -0.0090606 0.0123023 0.00137782 -0.0851601 -0.0811106 -0.0801516 -0.0800785
internal_weight=10.9071 1.00899 9.89811 4.0947 5.80341 3.38136 0.543397 0.154056 0.106794 0.0554207
internal_count=277 137 140 62 78 43 103 98 97 77
is_linear=0
shrinkage=0.1


Tree=306
num_leaves=15
num_cat=0
split_feature=3 6 2 5 6 5 5 8 6 6 6 5 5 5
split_gain=0.170579 0.137872 0.0556175 0.172297 0.0272799 0.0113022 0.0383678 0.0092675 0.0401326 0.00596773 0.00421192 0.00292788 0.00873338 1.86891e-10
threshold=-0.56174490092936669 82.000000000000014 0.6078576107927941 23.750000000000004 81.40000000000002 23.650000000000002 24.350000000000005 1.0000000180025095e-35 81.65000000000002 75.950000000000017 72.850000000000009 24.900000000000002 25.950000000000003 28.950000000000003
decision_type=2 2 2 2 2 2 2 2 2 2 2 2 2 2
left_child=5 2 7 -4 10 -1 -7 -2 9 -9 -5 -8 -13 -14
right_child=1 -3 3 4 -6 6 11 8 -10 -11 -12 12 13 -15
leaf_value=-0.089063367689295764 0.080443719946714051 -0.016281070166448385 -0.088029993902127762 0.0011573631819810611 0.092402715971875382 -0.087152044107487614 0.032323375846396656 -0.080040270951431666 0.085900911900601326 0.0046248783128783203 0.046891034378019524 0.046401990942131766 -0.080025690905466046 -0.080052632713815783
leaf_weight=0.12128188606584456 0.3178157482179812 0.59232767575304024 0.10596614074893296 0.047798500472708838 0.14526039361953735 0.096580636003636755 0.037089130375534296 0.019446505322775809 0.079969294369220734 0.014557580987457186 0.034798174659954384 0.0114755894173868 0.0057881573038685019 0.0046377725493584876
leaf_count=5 18 11 2 55 1 3 11 102 1 7 9 6 26 20
internal_value=0.0053597 0.019945 0.0479718 0.0173184 0.0663113 -0.0661799 -0.0483401 0.0716705 0.0472063 -0.043794 0.0204251 0.0152036 -0.0137879 -0.0800377
internal_weight=1.63479 1.35794 0.765612 0.333823 0.227857 0.276853 0.155571 0.431789 0.113973 0.0340041 0.0825967 0.0589906 0.0219015 0.0104259
internal_count=277 206 195 67 65 71 66 128 110 109 64 63 52 46
is_linear=0
shrinkage=0.1


Tree=307
num_leaves=10
num_cat=0
split_feature=6 6 6 6 3 6 6 5 2
split_gain=0.091122 0.153948 0.107286 0.338139 0.47459 0.234045 0.274314 0.193469 0.0137693
threshold=76.300000000000026 72.850000000000009 59.550000000000004 56.650000000000013 -0.56174490092936669 60.550000000000004 61.350000000000001 27.650000000000002 0.6078576107927941
decision_type=2 2 2 2 2 2 2 2 2
left_child=1 2 3 4 -1 -4 -7 -8 -2
right_child=8 -3 5 -5 -6 6 7 -9 -10
leaf_value=0.051061775435707592 -0.044416739967595154 0.046778531078995766 -0.054482636006559219 0.062525512009664552 -0.087454661440379028 0.05550386350209574 0.0014598917394919649 -0.058650773530581429 -0.019067339140269261
leaf_weight=0.46734354924410582 0.43459862630697887 0.71027766854967911 0.95546532972366538 0.89426072602509521 0.52546784533478763 0.74003947537858072 2.3134483145549898 0.69668004623963486 0.42267925769556314
leaf_count=5 31 18 15 28 38 10 56 63 13
internal_value=-0.0010758 0.00254471 -0.0022209 0.0179235 -0.0222512 -0.0102993 0.00095772 -0.0124524 -0.0319183
internal_weight=8.16026 7.30298 6.59271 1.88707 0.992811 4.70563 3.75017 3.01013 0.857278
internal_count=277 233 215 71 43 144 129 119 44
is_linear=0
shrinkage=0.1


Tree=308
num_leaves=7
num_cat=0
split_feature=6 5 3 5 6 0
split_gain=0.0908676 0.55948 0.158091 0.24552 0.269504 0.21056
threshold=82.000000000000014 23.100000000000005 0.81174490092936691 23.750000000000004 71.450000000000017 0.91597561503675362
decision_type=2 2 2 2 2 2
left_child=1 -1 3 -3 5 -5
right_child=-2 2 -4 4 -6 -7
leaf_value=-0.099713881911927704 0.023084614395281894 0.044108285058659644 -0.036779300196530737 0.020241761830193272 -0.041448687872068027 -0.025166664534442263
leaf_weight=0.57370400801300903 1.428157300688327 1.43641907535493 0.93728867830941531 3.9837792942707893 1.3461906511220147 1.3731776857748625
leaf_count=5 14 9 35 154 41 19
internal_value=-0.00045764 -0.00394159 0.00211172 0.0065901 -0.00144968 0.00860197
internal_weight=11.0787 9.65056 9.07686 8.13957 6.70315 5.35696
internal_count=277 263 258 223 214 173
is_linear=0
shrinkage=0.1


Tree=309
num_leaves=11
num_cat=0
split_feature=6 5 6 2 6 0 5 5 6 0
split_gain=0.109958 0.145642 0.103136 0.0374358 0.154671 1.24394e-05 5.81593e-06 4.70479e-06 1.40496e-06 4.30458e-07
threshold=86.250000000000014 32.150000000000006 71.450000000000017 -0.60785761079279388 81.40000000000002 -0.60355339059327362 31.750000000000004 23.350000000000005 48.600000000000009 -0.3794095225512602
decision_type=2 2 2 2 2 2 2 2 2 2
left_child=1 2 5 -4 -5 6 7 -1 -7 -10
right_child=-2 -3 3 4 -6 8 -8 -9 9 -11
leaf_value=-0.082021356005070989 0.051331695197439103 0.047751099560415004 0.010948410983792532 0.026151205243657241 -0.085448267933493305 -0.081189016170341397 -0.082882016062284472 -0.080591611249959449 -0.080638470014564312 -0.080198897042990713
leaf_weight=0.060082938522100227 0.36896871775388729 0.34561730548739422 0.43786029719922226 0.25058279135919292 0.24621433357242495 0.025035024154931307 0.041954342275857925 0.037306469007944543 0.033973612118643137 0.064710183638453822
leaf_count=2 5 6 21 38 11 2 1 82 16 93
internal_value=0.00228936 -0.00943529 -0.0259371 -0.0103692 -0.0291579 -0.0812497 -0.0818977 -0.0814737 -0.08052 -0.0803502
internal_weight=1.91231 1.54334 1.19772 0.934657 0.496797 0.263063 0.139344 0.0973894 0.123719 0.0986838
internal_count=277 272 266 70 49 196 85 84 111 109
is_linear=0
shrinkage=0.1


Tree=310
num_leaves=11
num_cat=0
split_feature=5 8 6 2 1 2 0 5 2 5
split_gain=0.114773 0.291787 0.0920179 0.178026 0.156311 0.138661 0.000310319 1.49942e-05 2.58792e-06 5.13963e-08
threshold=28.250000000000004 1.0000000180025095e-35 74.350000000000009 1.0000000180025095e-35 -0.12940952255126037 1.0000000180025095e-35 0.91597561503675362 28.450000000000003 -0.8783796973249266 31.150000000000002
decision_type=2 2 2 2 2 2 2 2 2 2
left_child=2 -2 3 4 -1 -4 7 -3 -9 -10
right_child=1 6 5 -5 -6 -7 -8 8 9 -11
leaf_value=0.0063446586585926782 0.027523647752891369 -0.082201801697651011 -0.02365113024808593 -0.0080789760470835938 0.050937945763291095 0.014331938123795599 -0.085955539531052325 -0.080790254462488387 -0.080063031544821806 -0.080212357226992104
leaf_weight=1.6795931896194809 0.43798946030437946 0.070943003644061586 2.4077359011862427 2.6113397488370538 1.4775494174100448 1.5996556286700068 0.18874873220920563 0.17986566375475377 0.045485327835194767 0.046729764784686267
leaf_count=17 4 10 32 34 33 24 3 30 70 20
internal_value=-0.000104103 -0.0329173 0.00315095 0.0112374 0.0272144 -0.00848919 -0.082699 -0.080907 -0.0805694 -0.0801387
internal_weight=10.7456 0.969762 9.77587 5.76848 3.15714 4.00739 0.531772 0.343024 0.272081 0.0922151
internal_count=277 137 140 84 50 56 133 130 120 90
is_linear=0
shrinkage=0.1


Tree=311
num_leaves=7
num_cat=0
split_feature=5 1 6 5 8 6
split_gain=0.169679 0.161583 3.24949e-08 2.33693e-09 1.44322e-09 2.32794e-10
threshold=24.050000000000004 0.78656609248549303 78.950000000000017 24.900000000000002 1.0000000180025095e-35 53.550000000000004
decision_type=2 2 2 2 2 2
left_child=-1 2 3 -2 -5 -6
right_child=1 -3 -4 4 5 -7
leaf_value=-0.015242929106548064 -0.080081671198659443 0.084051992349764432 -0.080237987873460079 -0.080066915803561081 -0.080046752331814033 -0.080022808004989149
leaf_weight=1.1148665609798625 0.015588562513585313 0.37434290582314134 0.010603150061797351 0.011756914696888887 0.0047281055321947143 0.028751430058036931
leaf_count=34 18 14 6 19 20 166
internal_value=0.00560715 0.0577529 -0.0800764 -0.0800483 -0.0800368 -0.0800262
internal_weight=1.56064 0.445771 0.0714282 0.060825 0.0452365 0.0334795
internal_count=277 243 229 223 205 186
is_linear=0
shrinkage=0.1


Tree=312
num_leaves=11
num_cat=0
split_feature=1 5 2 8 3 3 5 5 0 2
split_gain=0.0914373 0.132974 0.397769 0.207988 0.326658 0.224196 0.122897 0.00410875 0.000503147 2.32596e-06
threshold=-0.98296291314453399 28.450000000000003 0.87837969732492682 1.0000000180025095e-35 -0.56174490092936669 -0.22252093395631442 25.350000000000005 28.750000000000004 0.91597561503675362 1.0000000180025095e-35
decision_type=2 2 2 2 2 2 2 2 2 2
left_child=-1 3 7 5 -5 -2 -6 -3 9 -9
right_child=1 2 -4 4 6 -7 -8 8 -10 -11
leaf_value=0.018647050242588319 0.04770910821291531 -0.10137187526951928 0.048867166715592297 -0.086831249755344883 0.016178630587517912 -0.011368424225697494 -0.034465031538451006 -0.080485902649873042 -0.088123309189747548 -0.081169570812556324
leaf_weight=1.8597594462335107 1.3557786271558145 0.21581881403290015 0.3141978605708573 0.57558223130763497 1.3518958039348952 1.2207627018215133 0.74226089860894706 0.12435405382893805 0.16795982420444489 0.082963487824599724
leaf_count=15 20 8 14 31 35 28 38 66 2 20
internal_value=-0.000783005 -0.00665715 -0.0420505 -0.000549705 -0.0201101 0.0197182 -0.0017717 -0.0903778 -0.0840553 -0.0807595
internal_weight=8.01133 6.15157 0.905294 5.24628 2.66974 2.57654 2.09416 0.591096 0.375277 0.207318
internal_count=277 262 110 152 104 48 73 96 88 86
is_linear=0
shrinkage=0.1


Tree=313
num_leaves=8
num_cat=0
split_feature=6 6 5 6 2 6 5
split_gain=0.0891379 0.221866 0.182689 0.2402 0.212075 0.914157 0.536059
threshold=83.100000000000009 81.40000000000002 23.350000000000005 76.750000000000014 1.0000000180025095e-35 59.850000000000001 27.650000000000002
decision_type=2 2 2 2 2 2 2
left_child=1 2 -1 4 6 -6 -4
right_child=-2 -3 3 -5 5 -7 -8
leaf_value=-0.042034085545222248 -0.031158194568060529 0.045387262374724624 -0.088398728607770316 0.052270025523442704 -0.057869566721357048 0.060501259242507155 0.00022134207258893976
leaf_weight=1.0564647186547498 0.87325018201954741 1.0607105761300761 0.8632563306018709 0.85562860453501333 1.0276901077013465 1.7867232051648896 3.2611262612772407
leaf_count=8 11 9 46 19 23 58 103
internal_value=-0.000529619 0.00216888 -0.00301051 0.00227878 -0.00388568 0.0172779 -0.0183273
internal_weight=10.7848 9.9116 8.85089 7.79442 6.9388 2.81441 4.12438
internal_count=277 266 257 249 230 81 149
is_linear=0
shrinkage=0.1


Tree=314
num_leaves=12
num_cat=0
split_feature=0 6 5 5 5 6 0 6 5 5 5
split_gain=0.0943739 0.0658421 0.087719 0.0566121 0.228634 1.70239e-05 1.62319e-05 1.29473e-06 5.19738e-07 1.61192e-07 2.86271e-09
threshold=-0.78656609248549303 71.850000000000009 23.350000000000005 24.050000000000004 32.150000000000006 71.450000000000017 -0.5 48.600000000000009 23.850000000000005 31.550000000000004 24.050000000000004
decision_type=2 2 2 2 2 2 2 2 2 2 2
left_child=1 2 -1 -2 6 8 -5 -8 -4 -9 -10
right_child=3 -3 5 4 -6 -7 7 9 10 -11 -12
leaf_value=0.036013171805205503 0.032595046104472364 -0.081849453653414714 -0.080867350624390877 -0.082066170955499784 0.046024118681434224 -0.083360198103078764 -0.081080227146407058 -0.080096083597331141 -0.080121953208461924 -0.080386150017309407 -0.08001777651955444
leaf_weight=0.17918255180120479 0.80553350457921602 0.19010304207040463 0.020724524278193712 0.14537583461878956 0.32925643771886826 0.062971847131848335 0.022643734933808557 0.044349268951464182 0.0037973402068018922 0.033727384870871902 0.0086380387665485614
leaf_count=3 16 24 2 38 6 4 2 103 2 8 69
internal_value=0.00235752 -0.0365857 -0.00533135 0.015483 -0.00847494 -0.0823945 -0.0813902 -0.0804145 -0.0805607 -0.0802214 -0.0800496
internal_weight=1.8463 0.465417 0.275314 1.38089 0.575353 0.0961318 0.246096 0.10072 0.0331599 0.0780767 0.0124354
internal_count=277 104 80 173 157 77 151 113 73 111 71
is_linear=0
shrinkage=0.1


Tree=315
num_leaves=11
num_cat=0
split_feature=5 2 3 6 0 5 0 0 5 5
split_gain=0.10453 0.288583 0.0968056 0.105683 0.0916005 0.0461384 0.000272107 1.85347e-05 4.0408e-08 2.28507e-09
threshold=28.250000000000004 -0.8783796973249266 -0.22252093395631442 74.350000000000009 -0.78656609248549303 24.050000000000004 0.91597561503675362 -0.98296291314453399 31.150000000000002 28.950000000000003
decision_type=2 2 2 2 2 2 2 2 2 2
left_child=2 -2 3 -1 5 -4 7 -3 9 -9
right_child=1 6 4 -5 -6 -7 -8 8 -10 -11
leaf_value=0.003956194336716937 0.026748210962868238 -0.082721571338958716 -0.010300595747325161 -0.029777659348096744 0.026615686355185821 0.013541707684784122 -0.08625644462884538 -0.080098850011694353 -0.080201086135115326 -0.080051906570142578
leaf_weight=2.4511233987286682 0.4406675681238994 0.039772491902112961 1.7505034804344166 1.4951976095326243 2.3598613506183033 1.5133160913828758 0.35858273133635521 0.015506966556132151 0.043813423384563066 0.031297768364311196
leaf_count=38 34 1 12 24 35 31 5 21 20 56
internal_value=7.14457e-05 -0.0319419 0.00318126 -0.00882502 0.0116065 0.000754225 -0.0848339 -0.0809219 -0.0801321 -0.0800675
internal_weight=10.4996 0.929641 9.57 3.94632 5.62368 3.26382 0.488973 0.130391 0.0906182 0.0468047
internal_count=277 137 140 62 78 43 103 98 97 77
is_linear=0
shrinkage=0.1


Tree=316
num_leaves=12
num_cat=0
split_feature=3 6 6 6 5 5 5 5 5 5 5
split_gain=0.153432 0.126762 0.0434538 0.131404 0.0427245 0.0164293 0.0102444 0.0310772 0.00237746 0.00702525 1.39337e-10
threshold=-0.56174490092936669 82.000000000000014 81.40000000000002 76.750000000000014 23.850000000000005 27.200000000000006 23.650000000000002 24.350000000000005 24.900000000000002 25.950000000000003 28.950000000000003
decision_type=2 2 2 2 2 2 2 2 2 2 2
left_child=6 2 3 4 -2 -6 -1 -8 -9 -10 -11
right_child=1 -3 -4 -5 5 -7 7 8 9 10 -12
leaf_value=-0.088304254236695967 0.081349213425119138 -0.01529918681861833 0.085645441808917033 -0.057247701487622683 0.024430292765308146 -0.080027834291656941 -0.085875209335228325 0.029048833095701623 0.041943679276995896 -0.080022182193335539 -0.080047339459268785
leaf_weight=0.11275881447363656 0.27552445349283494 0.55978562882228289 0.21762405429035425 0.1232660397363361 0.062294026953168213 0.01985626557507203 0.081750065553933382 0.03320112795336172 0.010054652142571285 0.0049135795843540109 0.0039888895180411055
leaf_count=5 10 11 3 13 44 125 3 11 6 26 20
internal_value=0.0060201 0.0201566 0.0485686 0.0317915 0.0624772 -0.000817923 -0.066096 -0.0473952 0.0129162 -0.0153381 -0.0800335
internal_weight=1.50502 1.25835 0.698565 0.480941 0.357675 0.0821503 0.246667 0.133908 0.0521582 0.0189571 0.00890247
internal_count=277 206 195 192 179 169 71 66 63 52 46
is_linear=0
shrinkage=0.1


Tree=317
num_leaves=11
num_cat=0
split_feature=0 2 0 6 6 3 3 3 6 5
split_gain=0.0798947 0.285568 0.335398 0.221016 0.113034 0.133954 0.0559481 5.21368e-06 1.04749e-06 1.44001e-07
threshold=1.0000000180025095e-35 0.87837969732492682 -0.91597561503675329 75.950000000000017 59.550000000000004 1.0000000180025095e-35 -1.0000000180025095e-35 -0.56174490092936669 68.050000000000011 28.050000000000004
decision_type=2 2 2 2 2 2 2 2 2 2
left_child=1 2 3 6 -2 -6 -1 -4 9 -9
right_child=4 -3 7 -5 5 -7 -8 8 -10 -11
leaf_value=-0.030220407698570026 0.028521607077999472 -0.088294979431746717 -0.081367437337327375 0.062711064916065193 0.014430442664257094 -0.024882661202369413 0.013405835695304512 -0.080454421294375425 -0.080762898886109713 -0.080131194123880284
leaf_weight=0.59153995008091431 1.6167340532992964 0.44020156138867594 0.17265470614438572 0.69127226620912563 1.9050295343768087 1.5902197359027921 0.58434881288849316 0.024393518455326224 0.19251429368159734 0.031688008890341735
leaf_count=23 29 27 38 6 27 25 23 4 34 41
internal_value=-0.000717412 -0.0145342 -0.000345533 0.0178386 0.00665757 -0.00345568 -0.00854068 -0.0809453 -0.0806521 -0.0802718
internal_weight=7.8406 2.72861 2.28841 1.86716 5.11198 3.49525 1.17589 0.421251 0.248596 0.0560815
internal_count=277 196 169 52 81 52 46 117 79 45
is_linear=0
shrinkage=0.1


Tree=318
num_leaves=9
num_cat=0
split_feature=0 8 5 5 1 5 6 5
split_gain=0.0892728 0.120629 0.257969 0.193411 0.25633 0.222541 0.183182 4.74927e-05
threshold=0.91597561503675362 1.0000000180025095e-35 23.350000000000005 27.650000000000002 -0.98296291314453399 23.850000000000005 62.150000000000013 24.250000000000004
decision_type=2 2 2 2 2 2 2 2
left_child=1 -1 -3 5 -5 -4 -6 -7
right_child=-2 2 3 4 6 7 -8 -9
leaf_value=-0.014174969201188601 -0.021306880955565193 0.053766185142028189 0.002158327197658402 -0.014014070074458885 0.020193328118349108 -0.082634302352336153 0.091555701913171 -0.080622142389183207
leaf_weight=2.7068303328705943 1.7621903936378664 1.1534074246883381 0.79625518992543198 1.7421602532267555 1.3141937094915208 0.17396405711770058 0.49525690222799301 0.36013177840504795
leaf_count=34 24 6 6 15 77 6 50 59
internal_value=-0.000773613 0.00336534 0.0112321 0.001183 0.0133649 -0.0313387 0.0397256 -0.0812775
internal_weight=10.5044 8.7422 6.03537 4.88196 3.55161 1.33035 1.80945 0.534096
internal_count=277 253 219 213 142 71 127 65
is_linear=0
shrinkage=0.1


Tree=319
num_leaves=10
num_cat=0
split_feature=6 5 3 5 8 6 5 5 6
split_gain=0.0961826 0.13701 0.0718479 0.0870077 0.11994 0.0464666 2.45769e-06 2.51313e-07 2.26178e-09
threshold=86.250000000000014 23.100000000000005 -0.56174490092936669 23.350000000000005 1.0000000180025095e-35 50.650000000000006 23.650000000000002 24.350000000000005 53.550000000000004
decision_type=2 2 2 2 2 2 2 2 2
left_child=1 -1 6 -4 -5 -6 -3 -8 -9
right_child=-2 2 3 4 5 -7 7 8 -10
leaf_value=-0.083871993640946052 0.049837240081248124 -0.081417142720332653 0.089949828997880107 -0.081742257175038122 0.06242825417872358 0.0038175670193611277 -0.080632456431457319 -0.080178456288409791 -0.080102375835350417
leaf_weight=0.20950963860377658 0.34254960902035247 0.054070777259766944 0.12297444790601719 0.14975545097695375 0.16782623296603594 0.69719725209870376 0.01907736249268055 0.0053752627864014349 0.014310807190213382
leaf_count=7 5 3 1 29 5 163 2 3 59
internal_value=0.00221062 -0.00911811 0.00360887 0.010511 0.000884279 0.0151888 -0.0809815 -0.0803738 -0.0801231
internal_weight=1.78265 1.4401 1.23059 1.13775 1.01478 0.865023 0.0928342 0.0387634 0.0196861
internal_count=277 272 265 198 197 168 67 64 62
is_linear=0
shrinkage=0.1


Tree=320
num_leaves=7
num_cat=0
split_feature=5 6 6 9 6 6
split_gain=0.105799 0.259565 0.33996 0.105253 0.25162 0.286069
threshold=23.100000000000005 81.65000000000002 77.050000000000011 1.0000000180025095e-35 74.350000000000009 71.450000000000017
decision_type=2 2 2 2 2 2
left_child=-1 2 3 4 5 -2
right_child=1 -3 -4 -5 -6 -7
leaf_value=0.029135268092013292 -0.0063491413195885015 0.045572268403990673 -0.06088989890017709 0.037282191222036208 -0.064573412970896596 0.063994937366531099
leaf_weight=1.1215526200830943 5.1650884345654013 0.96797394938767034 1.1008315221406517 0.64711315382737655 0.63923262374009926 0.65098025476618193
leaf_count=8 172 14 19 32 15 17
internal_value=0.000143199 -0.00340225 -0.00918119 -0.00116666 -0.00502097 0.00152432
internal_weight=10.2928 9.17122 8.20325 7.10241 6.4553 5.81607
internal_count=277 269 255 236 204 189
is_linear=0
shrinkage=0.1


Tree=321
num_leaves=7
num_cat=0
split_feature=5 1 6 5 8 6
split_gain=0.158288 0.14469 3.23501e-08 2.02393e-09 1.07232e-09 1.64354e-10
threshold=24.050000000000004 0.78656609248549303 78.950000000000017 24.900000000000002 1.0000000180025095e-35 53.550000000000004
decision_type=2 2 2 2 2 2
left_child=-1 2 3 -2 -5 -6
right_child=1 -3 -4 4 5 -7
leaf_value=-0.015169986435733585 -0.080077087154104901 0.083766880288953238 -0.080239633161171053 -0.080060914031453378 -0.080041946515813339 -0.080020337325568763
leaf_weight=1.039196033059852 0.014431417352170794 0.34578722505830228 0.010162854785448872 0.010349462059821124 0.0041016453396879307 0.024806690923469432
leaf_count=34 18 14 6 19 20 166
internal_value=0.00558235 0.058228 -0.080076 -0.0800451 -0.0800333 -0.0800234
internal_weight=1.44884 0.409639 0.0638521 0.0536892 0.0392578 0.0289083
internal_count=277 243 229 223 205 186
is_linear=0
shrinkage=0.1


Tree=322
num_leaves=12
num_cat=0
split_feature=5 6 6 2 6 5 5 5 5 6 2
split_gain=0.079453 0.278196 0.105665 0.334592 0.227549 0.324197 0.163139 0.135288 0.114157 0.0822742 0.00137321
threshold=24.250000000000004 75.950000000000017 68.050000000000011 0.87837969732492682 62.150000000000013 26.150000000000002 31.150000000000002 28.450000000000003 30.650000000000002 73.15000000000002 -1.0000000180025095e-35
decision_type=2 2 2 2 2 2 2 2 2 2 2
left_child=1 -1 4 9 6 -6 7 -2 -9 -4 -7
right_child=2 -3 3 -5 5 10 -8 8 -10 -11 -12
leaf_value=-0.084693897372115953 0.019088950732321048 0.025005737259069096 0.073635882944866324 -0.035228197194737819 0.01686011103114304 -0.096342209189476113 0.049532278739001026 -0.047475949663217089 0.0062616904282899316 0.02204264596595094 -0.086849933884300179
leaf_weight=0.44899012253154058 1.4251758223254007 0.4765277057304047 0.75675290264553019 0.65711833094246674 0.48228774440940447 0.35904449493500579 0.72428665091138089 0.87846520847961052 0.71876500561484136 0.52248780083027668 0.26480601135335746
leaf_count=16 26 24 27 15 11 23 23 40 17 27 28
internal_value=-0.00072607 -0.0282121 0.00302089 0.0227706 -0.00485958 -0.0447124 0.0069062 -0.00330868 -0.0232936 0.0525634 -0.092313
internal_weight=7.71471 0.925518 6.78919 1.93636 4.85283 1.10614 3.74669 3.02241 1.59723 1.27924 0.623851
internal_count=277 40 237 69 168 62 106 83 57 54 51
is_linear=0
shrinkage=0.1


Tree=323
num_leaves=8
num_cat=0
split_feature=1 1 0 3 0 6 1
split_gain=0.0818639 0.232716 0.10404 0.191702 0.263635 0.163584 0.352246
threshold=0.78656609248549303 0.60355339059327384 0.91597561503675362 -0.56174490092936669 -0.91597561503675329 74.350000000000009 -0.12940952255126037
decision_type=2 2 2 2 2 2 2
left_child=1 2 3 4 -1 6 -5
right_child=-2 -3 -4 5 -6 -7 -8
leaf_value=0.012050895893995037 0.023663664464373804 -0.052822533295717039 -0.02060644195670415 0.028511107541335463 -0.069387929114662558 0.050774454063441714 -0.036797212357632461
leaf_weight=0.93098373990505934 1.204460815992207 0.88421185349579978 1.7299930271692572 2.5050783565093271 0.69368723590741577 1.1051595979370175 1.2320391878020038
leaf_count=18 24 19 24 111 32 11 38
internal_value=-0.000832897 -0.00408195 0.00117574 0.00700276 -0.0227211 0.0169757 0.0069805
internal_weight=10.2856 9.08115 8.19694 6.46695 1.62467 4.84228 3.73712
internal_count=277 253 234 210 50 160 149
is_linear=0
shrinkage=0.1


Tree=324
num_leaves=9
num_cat=0
split_feature=6 5 5 6 5 6 6 5
split_gain=0.0801801 0.127388 0.0666049 0.104465 0.0308621 0.160288 5.49096e-06 6.5659e-07
threshold=86.250000000000014 23.100000000000005 32.150000000000006 71.450000000000017 23.650000000000002 83.100000000000009 52.900000000000013 23.850000000000005
decision_type=2 2 2 2 2 2 2 2
left_child=1 -1 3 6 -5 -6 -3 -8
right_child=-2 2 -4 4 5 -7 7 -9
leaf_value=-0.083481552049947172 0.046218152808587216 -0.081518196648442565 0.043748725462414845 0.023753486530735685 -0.081364060450182005 0.072293383073787215 -0.080757114373546893 -0.080189317134190155
leaf_weight=0.19253783300518978 0.33953137695789348 0.072077112985425407 0.31353114917874336 0.42801144020631909 0.1669569191744813 0.11440975152072497 0.029345151502639055 0.066560057967308239
leaf_count=7 5 12 6 7 54 4 3 179
internal_value=0.00267357 -0.00801346 0.00418787 -0.00994949 0.00684196 -0.0188836 -0.0808587 -0.0803631
internal_weight=1.72296 1.38343 1.19089 0.87736 0.709378 0.281367 0.167982 0.0959052
internal_count=277 272 265 259 65 58 194 182
is_linear=0
shrinkage=0.1


Tree=325
num_leaves=12
num_cat=0
split_feature=5 2 3 8 5 6 5 0 0 5 5
split_gain=0.0977353 0.269973 0.0704477 0.105457 0.0912455 0.0871201 0.0705707 0.000225433 1.66441e-05 3.22611e-08 1.44341e-09
threshold=28.250000000000004 -0.8783796973249266 -0.22252093395631442 1.0000000180025095e-35 24.450000000000003 77.050000000000011 26.650000000000002 0.91597561503675362 -0.98296291314453399 31.150000000000002 28.950000000000003
decision_type=2 2 2 2 2 2 2 2 2 2 2
left_child=2 -2 4 -4 -1 -5 -6 8 -3 10 -10
right_child=1 7 3 5 6 -7 -8 -9 9 -11 -12
leaf_value=-0.024945857538784505 0.025389539630030229 -0.082643264662884242 -0.0044092094974413198 0.038152795366212189 0.024967896415668333 0.0024271315912614442 -0.011577423192262931 -0.08597836440165002 -0.08008708082321242 -0.080186406557560902 -0.080047150155627217
leaf_weight=1.6672419599490234 0.42995062924455851 0.038701284676790237 2.5450677780900142 1.6807653664145621 1.0366645035101103 1.1493610762991009 1.0777230630628762 0.34301786124706268 0.013415413835901613 0.03971171953890007 0.027836632485559676
leaf_count=17 34 1 27 37 31 14 14 5 21 20 56
internal_value=-7.48443e-05 -0.0316605 0.00300422 0.0103613 -0.00745306 0.023644 0.00634041 -0.0846746 -0.0809375 -0.0801221 -0.0800601
internal_weight=10.0495 0.892634 9.15682 5.37519 3.78163 2.83013 2.11439 0.462683 0.119665 0.0809638 0.041252
internal_count=277 137 140 78 62 51 45 103 98 97 77
is_linear=0
shrinkage=0.1


Tree=326
num_leaves=10
num_cat=0
split_feature=5 6 6 5 5 2 8 6 2
split_gain=0.1419 0.0525375 0.0193152 0.0208185 0.00348847 0.00119609 2.40274e-10 1.36386e-10 4.5356e-11
threshold=24.050000000000004 81.40000000000002 64.100000000000009 24.900000000000002 25.950000000000003 0.87837969732492682 1.0000000180025095e-35 53.550000000000004 -1.0000000180025095e-35
decision_type=2 2 2 2 2 2 2 2 2
left_child=-1 2 6 -4 -5 -6 -2 -8 -9
right_child=1 -3 3 4 5 -7 7 8 -10
leaf_value=-0.012442572521475176 -0.08004796496581007 0.083882900994612986 -0.058310946880790748 0.063334830495527669 -0.003530205636198179 0.038868620429157966 -0.08003956861687328 -0.080010368271099752 -0.080022452857322179
leaf_weight=1.0288099713507106 0.0048501888086319713 0.26306633331114426 0.023960880644153804 0.051752195140579715 0.01261780637105403 0.014076294566621073 0.0037642518018403672 0.004904459654426205 0.0084685334395545632
leaf_count=34 8 8 21 19 54 9 20 56 48
internal_value=0.00698258 0.0585614 0.00501228 0.023271 0.0481896 0.0188275 -0.0800283 -0.0800228 -0.080018
internal_weight=1.41627 0.387461 0.124395 0.102407 0.0784463 0.0266941 0.0219874 0.0171372 0.013373
internal_count=277 243 235 103 82 63 132 124 104
is_linear=0
shrinkage=0.1


Tree=327
num_leaves=10
num_cat=0
split_feature=6 6 5 6 6 5 2 2 2
split_gain=0.0834658 0.130667 0.109987 0.334263 0.226973 0.153779 0.112328 0.0203483 0.000696389
threshold=76.300000000000026 70.700000000000003 26.350000000000005 61.350000000000001 68.600000000000009 31.150000000000002 -1.0000000180025095e-35 0.6078576107927941 -1.0000000180025095e-35
decision_type=2 2 2 2 2 2 2 2 2
left_child=1 2 -1 5 8 6 -4 -2 -5
right_child=7 -3 3 4 -6 -7 -8 -9 -10
leaf_value=0.024759175906058625 -0.047202192537662349 0.03353798875924726 -0.030325627715205528 -0.093029724637673408 -0.001210481763280685 0.047097482018290483 0.012106985215699464 -0.014950572322694054 -0.086807858490411616
leaf_weight=1.1038301248336209 0.40697252379322879 1.146357395336963 1.0605675035767488 0.41682059043705522 0.46802172376192175 0.71349189636384824 1.5150885212424334 0.37669659950188361 0.31647616588452343
leaf_count=29 31 39 43 29 11 23 28 13 31
internal_value=-0.000810277 0.00278089 -0.00352171 -0.0104736 -0.0556188 0.00601507 -0.00536532 -0.0316994 -0.0903445
internal_weight=7.52432 6.74065 5.5943 4.49047 1.20132 3.28915 2.57566 0.783669 0.733297
internal_count=277 233 194 165 71 94 71 44 60
is_linear=0
shrinkage=0.1


Tree=328
num_leaves=8
num_cat=0
split_feature=6 5 3 5 6 0 6
split_gain=0.0817511 0.489217 0.121782 0.191553 0.222989 0.1975 0.00150058
threshold=82.000000000000014 23.100000000000005 0.81174490092936691 23.750000000000004 71.450000000000017 0.91597561503675362 76.750000000000014
decision_type=2 2 2 2 2 2 2
left_child=1 -1 3 -3 5 -5 -6
right_child=-2 2 -4 4 6 -7 -8
leaf_value=-0.098429169221420823 0.022335353852803542 0.040743426345592415 -0.034787649407358304 0.019569447455696269 -0.037162041264907922 -0.026121553882489421 -0.044255217341424895
leaf_weight=0.52108350582420726 1.3082203932572163 1.2803221940994243 0.83165841022855591 3.6253868276835419 0.63894713477930032 1.2800596165470777 0.55933257547440007
leaf_count=5 14 9 35 154 23 19 18
internal_value=-0.000978125 -0.00446901 0.00149044 0.0055764 -0.00180026 0.00764654 -0.040473
internal_weight=10.045 8.73679 8.21571 7.38405 6.10373 4.90545 1.19828
internal_count=277 263 258 223 214 173 41
is_linear=0
shrinkage=0.1


Tree=329
num_leaves=10
num_cat=0
split_feature=6 5 3 5 8 6 5 5 6
split_gain=0.0731626 0.117936 0.0670467 0.0774589 0.104523 0.0437884 1.90011e-06 1.7744e-07 2.2246e-09
threshold=86.250000000000014 23.100000000000005 -0.56174490092936669 23.350000000000005 1.0000000180025095e-35 50.650000000000006 23.650000000000002 24.350000000000005 77.050000000000011
decision_type=2 2 2 2 2 2 2 2 2
left_child=1 -1 6 -4 -5 -6 -3 -8 -9
right_child=-2 2 3 4 5 -7 7 8 -10
leaf_value=-0.083139460230960222 0.045985877534130831 -0.081304466390733077 0.0892099524924264 -0.081456174668087106 0.062587668158612983 0.0042797167962073035 -0.08056639298005086 -0.080086746582418961 -0.080163535510981904
leaf_weight=0.1741332858800887 0.33306879550218593 0.049559781793504842 0.11572592705488183 0.12809776692665731 0.16011984413489733 0.65838451727995562 0.016928872093558311 0.011799775973940996 0.0055458889910369171
leaf_count=7 5 3 1 29 5 163 2 55 7
internal_value=0.00410374 -0.0064618 0.00518763 0.011982 0.00254053 0.0156862 -0.0809086 -0.0803361 -0.0801113
internal_weight=1.65336 1.3203 1.14616 1.06233 0.946602 0.818504 0.0838343 0.0342745 0.0173457
internal_count=277 272 265 198 197 168 67 64 62
is_linear=0
shrinkage=0.1


Tree=330
num_leaves=11
num_cat=0
split_feature=0 5 5 8 5 1 0 6 5 3
split_gain=0.101361 0.5141 0.27558 0.194619 0.645948 0.156969 0.0799251 0.174338 0.127311 0.000185834
threshold=-0.70710678118654735 26.350000000000005 26.650000000000002 1.0000000180025095e-35 28.250000000000004 0.37940952255126026 -0.98296291314453399 71.850000000000009 25.150000000000002 -0.56174490092936669
decision_type=2 2 2 2 2 2 2 2 2 2
left_child=5 -2 -3 -4 -5 6 -1 8 -8 -6
right_child=1 2 3 4 9 -7 7 -9 -10 -11
leaf_value=0.019016280510616674 -0.088855575885657345 0.066655637085855229 -0.038629823919676481 0.081513175619566849 -0.085875042166667526 0.027942037207955236 -0.011334258495449653 0.0093531124559152606 -0.072436834142594414 -0.080983548988271259
leaf_weight=1.0499940693844108 0.72636930295266244 0.58436027914285693 1.1648496761918077 0.6513063730671993 0.10860418752417966 2.3224900221684948 0.74779983609914802 1.6011471822857855 0.62682181727723219 0.27266080063418419
leaf_count=27 26 4 12 7 18 39 9 12 36 87
internal_value=-0.000299229 -0.0139408 0.00562071 -0.0106103 0.0209987 0.00723932 -0.00470421 -0.0130739 -0.0391968 -0.0823769
internal_weight=9.8564 3.50815 2.78178 2.19742 1.03257 6.34825 4.02576 2.97577 1.37462 0.381265
internal_count=277 154 128 124 112 123 84 57 45 105
is_linear=0
shrinkage=0.1


Tree=331
num_leaves=12
num_cat=0
split_feature=3 6 6 6 6 6 5 5 5 5 5
split_gain=0.135956 0.11879 0.0372307 0.117492 0.0346213 0.0124426 0.00752105 0.0236882 1.70179e-05 0.00628402 0.00231197
threshold=-0.56174490092936669 82.000000000000014 81.40000000000002 76.750000000000014 69.750000000000014 64.100000000000009 23.650000000000002 24.350000000000005 24.650000000000002 25.050000000000004 25.950000000000003
decision_type=2 2 2 2 2 2 2 2 2 2 2
left_child=6 2 3 4 5 -2 -1 -8 -9 -10 -11
right_child=1 -3 -4 -5 -6 -7 7 8 9 10 -12
leaf_value=-0.087005702648372776 -0.080054251838069981 -0.015436708961972951 0.084557684646979089 -0.057071094709770398 0.075918906385130491 0.024270897335728091 -0.08500723373674747 0.0054501990856681212 0.049685749201757647 0.0062819458773379485 -0.080028715083726942
leaf_weight=0.098045959632145352 0.018519025052228022 0.51699387298140209 0.20171128259971738 0.10953140739002265 0.2812303644932399 0.029874568881496089 0.071201960134203546 0.014563159347744659 0.016841980395838618 0.00538551842328161 0.0073242251505689637
leaf_count=5 105 11 3 13 40 34 3 6 6 5 46
internal_value=0.00670814 0.020225 0.0489937 0.0326586 0.062475 -0.0156517 -0.0666441 -0.0493321 0.00824805 0.00962684 -0.0434562
internal_weight=1.37122 1.15786 0.640867 0.439155 0.329624 0.0483936 0.213363 0.115317 0.0441149 0.0295517 0.0127097
internal_count=277 206 195 192 179 139 71 66 63 57 51
is_linear=0
shrinkage=0.1


Tree=332
num_leaves=12
num_cat=0
split_feature=1 6 0 0 6 6 0 3 6 6 2
split_gain=0.0739819 0.222797 0.101354 0.270644 0.102954 0.111404 0.000365649 7.27998e-06 4.11361e-06 2.00644e-06 7.29299e-07
threshold=-0.98296291314453399 57.300000000000004 0.91597561503675362 -0.91597561503675329 75.950000000000017 68.600000000000009 0.91597561503675362 -0.22252093395631442 78.950000000000017 56.350000000000001 0.6078576107927941
decision_type=2 2 2 2 2 2 2 2 2 2 2
left_child=-1 6 3 4 5 -3 9 8 -5 -2 -9
right_child=1 2 -4 7 -6 -7 -8 10 -10 -11 -12
leaf_value=0.017871621673154581 -0.080866203503202894 0.0063996860497676535 0.012512116612207302 -0.080997438408545341 0.028717902626656092 -0.054451968609454129 -0.087799107338867144 -0.080218581704460307 -0.08180111493054483 -0.081528653200636847 -0.080613953455330914
leaf_weight=1.7180957216769455 0.084866515673638676 0.78633340245141903 2.7608089717105031 0.20024496651421941 0.8100032154470681 0.48729561368236318 0.15645648539066315 0.070433574699564239 0.093391964735928923 0.099123934691306204 0.13819112198689254
leaf_count=15 32 34 22 55 7 20 2 38 10 11 31
internal_value=-0.000313525 -0.00580728 -0.000812813 -0.0150391 0.000844523 -0.0168824 -0.0842452 -0.0809321 -0.081253 -0.0812231 -0.0804805
internal_weight=7.40525 5.68715 5.3467 2.58589 2.08363 1.27363 0.340447 0.502262 0.293637 0.18399 0.208625
internal_count=277 262 217 195 61 54 45 134 65 43 69
is_linear=0
shrinkage=0.1


Tree=333
num_leaves=8
num_cat=0
split_feature=6 6 5 6 2 6 8
split_gain=0.0743313 0.182879 0.457743 0.158525 0.159094 0.561161 0.459093
threshold=83.100000000000009 81.40000000000002 23.100000000000005 76.750000000000014 0.6078576107927941 59.850000000000001 1.0000000180025095e-35
decision_type=2 2 2 2 2 2 2
left_child=1 2 -1 4 6 -6 -4
right_child=-2 -3 3 -5 5 -7 -8
leaf_value=-0.097030997327651358 -0.030400618702391302 0.04212629817646258 -0.063702261882704558 0.045742265805143734 -0.053126137452757599 0.057255318582773718 0.0064620414996197518
leaf_weight=0.49153536371886364 0.79723252495750863 0.98511866811895821 1.2754362676641884 0.76406482880702231 0.68804440693929825 1.3930902693391543 3.4686883881731791
leaf_count=5 11 9 24 19 17 42 150
internal_value=-0.00112598 0.00144834 -0.00351062 0.00254639 -0.00228924 0.0207621 -0.0124013
internal_weight=9.86321 9.06598 8.08086 7.58932 6.82526 2.08113 4.74412
internal_count=277 266 257 252 233 59 174
is_linear=0
shrinkage=0.1


Tree=334
num_leaves=8
num_cat=0
split_feature=6 5 5 6 2 6 5
split_gain=0.0657309 0.110119 0.061653 0.0956528 0.0279045 3.84391e-06 5.30074e-07
threshold=86.250000000000014 23.100000000000005 32.150000000000006 71.450000000000017 -0.60785761079279388 52.900000000000013 23.850000000000005
decision_type=2 2 2 2 2 2 2
left_child=1 -1 3 5 -5 -3 -7
right_child=-2 2 -4 4 -6 6 -8
leaf_value=-0.08287604100391785 0.044744651947670223 -0.081354927901237106 0.043937826107178335 0.029058324034464979 -0.012178808098126295 -0.080704688646261846 -0.08016813055532479
leaf_weight=0.16155757848173369 0.32353678159415733 0.064981880932464042 0.30316224321722984 0.31430717345210724 0.34335975553949538 0.026751056313514709 0.059065010786980565
leaf_count=7 5 12 6 19 46 3 179
internal_value=0.00449574 -0.00573216 0.00547949 -0.00894181 0.00752893 -0.0807747 -0.0803354
internal_weight=1.59672 1.27318 1.11163 0.808465 0.657667 0.150798 0.0858161
internal_count=277 272 265 259 65 194 182
is_linear=0
shrinkage=0.1


Tree=335
num_leaves=10
num_cat=0
split_feature=0 5 5 8 5 1 0 3 3
split_gain=0.08419 0.473853 0.244604 0.180376 0.589571 0.136348 0.0715772 0.155366 0.000147787
threshold=-0.70710678118654735 26.350000000000005 26.650000000000002 1.0000000180025095e-35 28.250000000000004 0.37940952255126026 -0.98296291314453399 -1.0000000180025095e-35 -0.56174490092936669
decision_type=2 2 2 2 2 2 2 2 2
left_child=5 -2 -3 -4 -5 6 -1 -8 -6
right_child=1 2 3 4 8 -7 7 -9 -10
leaf_value=0.017966009304395802 -0.088227010191000391 0.063752265048061377 -0.037076737854347668 0.079572789307744224 -0.085433264709687359 0.026149952819836553 0.0093719256365098671 -0.036892254985542307 -0.080901601685283431
leaf_weight=1.0321551924571397 0.67151836922857944 0.57125662267208133 1.1371866595000035 0.62733914284035508 0.10097044498252294 2.2599907208932564 1.5225566748122223 1.3872582122130548 0.25051759627240167
leaf_count=27 26 4 12 7 18 39 33 24 87
internal_value=-0.000338064 -0.0130895 0.00568657 -0.00998933 0.0214804 0.00656769 -0.00465911 -0.0126846 -0.0822034
internal_weight=9.56075 3.35879 2.68727 2.11601 0.978827 6.20196 3.94197 2.90981 0.351488
internal_count=277 154 128 124 112 123 84 57 105
is_linear=0
shrinkage=0.1


Tree=336
num_leaves=9
num_cat=0
split_feature=5 1 6 5 2 1 5 5
split_gain=0.129689 0.123871 2.60938e-08 1.29358e-09 4.83037e-10 2.50467e-10 1.04079e-10 5.30287e-11
threshold=24.050000000000004 0.78656609248549303 78.950000000000017 26.550000000000004 0.6078576107927941 -0.37940952255126015 28.150000000000002 31.150000000000002
decision_type=2 2 2 2 2 2 2 2
left_child=-1 2 3 4 -2 7 -7 -5
right_child=1 -3 -4 5 -6 6 -8 -9
leaf_value=-0.013451288377206997 -0.080043083590285655 0.08330707058071686 -0.08022392573624329 -0.080005560570234779 -0.080072459354297812 -0.080025957731433284 -0.080044094799340534 -0.080019924653216598
leaf_weight=0.94375719157687854 0.010942059092485579 0.29631967190653086 0.009401901566889137 0.0051159489707970351 0.011460327805252746 0.0074249423778383061 0.0055133322612164193 0.0051648056114572682
leaf_count=34 32 14 6 101 16 29 19 26
internal_value=0.00585664 0.0577205 -0.0800722 -0.080041 -0.0800581 -0.0800244 -0.0800337 -0.0800128
internal_weight=1.2951 0.351343 0.0550233 0.0456214 0.0224024 0.023219 0.0129383 0.0102808
internal_count=277 243 229 223 48 175 48 127
is_linear=0
shrinkage=0.1


Tree=337
num_leaves=11
num_cat=0
split_feature=1 5 2 8 3 5 5 5 0 2
split_gain=0.0709927 0.13013 0.306336 0.159128 0.297048 0.204019 0.0999387 0.00246481 0.000328017 2.38961e-06
threshold=-0.98296291314453399 28.450000000000003 0.87837969732492682 1.0000000180025095e-35 -0.56174490092936669 26.650000000000002 25.350000000000005 28.750000000000004 0.91597561503675362 1.0000000180025095e-35
decision_type=2 2 2 2 2 2 2 2 2 2
left_child=-1 3 7 5 -5 -2 -6 -3 9 -9
right_child=1 2 -4 4 6 -7 -8 8 -10 -11
leaf_value=0.017547009205536795 -0.005643774748490875 -0.097945497143900592 0.040375358931880649 -0.085968034122114623 0.017406988549444308 0.054567255237049007 -0.030972090693966156 -0.080426031317624047 -0.087148582695364615 -0.081170935289753152
leaf_weight=1.7014980427920816 1.3674526610702744 0.19323522957256489 0.2835406749509275 0.50219533087147272 1.2284742925548928 0.95630385947879393 0.65447053779644182 0.099933750801938004 0.1470852717757225 0.075677439928767853
leaf_count=15 39 8 14 31 35 9 38 66 2 20
internal_value=-0.00030713 -0.00582215 -0.0431245 0.000511002 -0.0176338 0.0191351 0.000591476 -0.0890135 -0.0836649 -0.080747
internal_weight=7.20987 5.50837 0.799472 4.7089 2.38514 2.32376 1.88294 0.515932 0.322696 0.175611
internal_count=277 262 110 152 104 48 73 96 88 86
is_linear=0
shrinkage=0.1


Tree=338
num_leaves=11
num_cat=0
split_feature=2 6 5 5 6 5 6 0 6 5
split_gain=0.0698191 0.253252 0.273509 0.229637 0.271247 0.19267 0.141067 0.11964 0.0527065 0.0379891
threshold=-0.60785761079279388 59.850000000000001 28.250000000000004 24.050000000000004 63.250000000000007 28.450000000000003 58.550000000000004 -0.78656609248549303 56.850000000000001 28.050000000000004
decision_type=2 2 2 2 2 2 2 2 2 2
left_child=6 8 3 -3 -5 -4 -1 -8 -2 -6
right_child=1 2 5 4 9 -7 7 -9 -10 -11
leaf_value=0.021745037721825056 -0.014980881736088223 0.018253996644527037 0.0094559632027118746 0.048308702465367635 -0.081547867281986181 0.10313602283368462 -0.004472124155019565 -0.050255834759790299 -0.054268723499888018 -0.034009580056518253
leaf_weight=0.84564857857185449 0.74426153465174116 3.0872685965150595 0.37000492824881792 0.28123835194855906 0.52655638463329524 0.53988663273776183 1.2112546974967704 1.0793858032266139 0.63094108854420483 0.24693473801016808
leaf_count=32 21 23 7 7 62 37 26 38 19 5
internal_value=-0.000928505 0.00504023 0.015397 0.00449144 -0.0357925 0.0650413 -0.01316 -0.0260461 -0.0330061 -0.0663714
internal_weight=9.56338 6.42709 5.05189 4.142 1.05473 0.909892 3.13629 2.29064 1.3752 0.773491
internal_count=277 181 141 97 74 44 96 64 40 67
is_linear=0
shrinkage=0.1


Tree=339
num_leaves=15
num_cat=0
split_feature=0 6 5 3 6 6 6 3 6 5 6 5 0 5
split_gain=0.0594056 0.0565816 0.0685478 0.0503054 0.159246 0.0898531 0.0970911 0.0656887 0.0324656 0.0830069 5.54081e-06 2.22323e-07 8.69764e-08 6.79775e-10
threshold=-0.78656609248549303 71.850000000000009 23.350000000000005 1.0000000180025095e-35 81.40000000000002 79.950000000000017 53.550000000000004 -0.56174490092936669 83.100000000000009 32.150000000000006 71.450000000000017 23.850000000000005 1.0000000180025095e-35 24.150000000000002
decision_type=2 2 2 2 2 2 2 2 2 2 2 2 2 2
left_child=1 2 -1 7 5 6 -5 -2 9 12 11 -4 -9 -13
right_child=3 -3 10 4 -6 -7 -8 8 -10 -11 -12 13 -14 -15
leaf_value=0.039410778927805604 -0.0044256895810202796 -0.081332791087103923 -0.080666694013689449 0.038360305811506998 -0.083830665216592992 0.092301356565646447 -0.083931707413299986 -0.080365451707930358 0.088171810310026105 0.083193374795022215 -0.082322822462422063 -0.08006868663611337 -0.080083602008358734 -0.080009884108064935
leaf_weight=0.14567292481660854 0.2393538563273977 0.1391254666596069 0.015211552381515503 0.18515194475185126 0.18086029513506219 0.14438982307910919 0.099975647338396811 0.031086813271031022 0.21144809373072349 0.088101711124181747 0.045041118049994111 0.0030400649411603808 0.016901508168302826 0.0055642574629928276
leaf_count=3 38 24 2 7 10 1 56 27 3 2 4 3 29 68
internal_value=0.00434658 -0.0316635 0.000547692 0.0149834 -0.00511635 0.0280285 -0.00451953 0.0358875 0.0636517 0.025554 -0.0816705 -0.0804369 -0.0802662 -0.0800307
internal_weight=1.55093 0.353655 0.21453 1.19727 0.610378 0.429517 0.285128 0.586892 0.347538 0.13609 0.068857 0.0238159 0.0479883 0.00860432
internal_count=277 104 80 173 74 64 63 99 61 58 77 73 56 71
is_linear=0
shrinkage=0.1


Tree=340
num_leaves=8
num_cat=0
split_feature=5 6 6 9 2 8 6
split_gain=0.0817377 0.255233 0.303551 0.094997 0.209481 0.278733 0.0868161
threshold=23.100000000000005 81.65000000000002 77.050000000000011 1.0000000180025095e-35 1.0000000180025095e-35 1.0000000180025095e-35 66.90000000000002
decision_type=2 2 2 2 2 2 2
left_child=-1 2 3 4 6 -6 -2
right_child=1 -3 -4 -5 5 -7 -8
leaf_value=0.026754259105327811 0.024148201670068623 0.048306113034590037 -0.060497589647093057 0.036518436234947708 -0.061959541179026356 0.0049433195160397819 -0.0090381168053875627
leaf_weight=0.99660968407988626 2.0077479250030579 0.85089854686520983 1.0090488400310276 0.59651163369562699 1.2009421945549548 1.2934045403890195 1.2978421093430368
leaf_count=8 88 14 19 32 13 64 39
internal_value=-0.000297942 -0.00356335 -0.0095232 -0.00148191 -0.00539017 -0.0272681 0.0111186
internal_weight=9.25301 8.2564 7.4055 6.39645 5.79994 2.49435 3.30559
internal_count=277 269 255 236 204 77 127
is_linear=0
shrinkage=0.1


Tree=341
num_leaves=9
num_cat=0
split_feature=6 1 5 5 1 6 5 3
split_gain=0.124992 0.123541 3.20776e-08 6.8129e-10 1.82442e-10 5.27692e-11 4.48198e-11 3.10587e-11
threshold=82.000000000000014 0.78656609248549303 24.450000000000003 26.550000000000004 -0.37940952255126015 61.850000000000001 31.150000000000002 -0.22252093395631442
decision_type=2 2 2 2 2 2 2 2
left_child=1 2 -1 7 6 -6 -5 -4
right_child=-2 -3 3 4 5 -7 -8 -9
leaf_value=-0.080158609629500124 -0.030596250918209174 0.049434075480134503 -0.080054297990765633 -0.080005114054858786 -0.080037720556798794 -0.080024281024788244 -0.080018872610908051 -0.080045399732743161
leaf_weight=0.047122571340878494 0.5520013364875922 0.59645795845426619 0.0078850775280443486 0.0046904596265449072 0.0056141536551876925 0.0060914859632248408 0.0047811569920668262 0.0078056868660496539
leaf_count=31 14 16 22 101 17 31 26 19
internal_value=0.00476141 0.0334447 -0.0801039 -0.0800341 -0.0800224 -0.0800307 -0.0800121 -0.0800499
internal_weight=1.23245 0.680449 0.0839906 0.036868 0.0211773 0.0117056 0.00947162 0.0156908
internal_count=277 263 247 216 175 48 127 41
is_linear=0
shrinkage=0.1


Tree=342
num_leaves=10
num_cat=0
split_feature=6 6 6 6 5 6 6 5 2
split_gain=0.071333 0.117453 0.0610448 0.281352 0.343433 0.180641 0.224247 0.170471 0.0162563
threshold=76.300000000000026 72.850000000000009 59.550000000000004 57.100000000000009 30.950000000000003 60.550000000000004 61.350000000000001 27.650000000000002 0.6078576107927941
decision_type=2 2 2 2 2 2 2 2 2
left_child=1 2 3 4 -1 -4 -7 -8 -2
right_child=8 -3 5 -5 -6 6 7 -9 -10
leaf_value=-0.088106106608352386 -0.044449998106183802 0.045229215149702601 -0.051274865953329821 0.063724260310210709 0.033555492874782267 0.055549044856381707 0.0028076145462014122 -0.059397319799990293 -0.014661602770369181
leaf_weight=0.41811140030767979 0.3760608078810036 0.59656316266045895 0.77918622780998692 0.68383781466400251 0.52132875240931753 0.63662140746600959 2.0309368368471046 0.56259641190808896 0.35722453496418893
leaf_count=28 31 18 15 22 21 10 56 63 13
internal_value=-0.000436994 0.00303584 -0.00143295 0.014928 -0.0205918 -0.00805708 0.00236802 -0.0106861 -0.0299384
internal_weight=6.96247 6.22918 5.63262 1.62328 0.93944 4.00934 3.23015 2.59353 0.733285
internal_count=277 233 215 71 49 144 129 119 44
is_linear=0
shrinkage=0.1


Tree=343
num_leaves=8
num_cat=0
split_feature=0 6 6 5 2 6 5
split_gain=0.0759969 0.0965517 0.124597 0.473348 0.158641 0.288053 0.208937
threshold=0.91597561503675362 83.100000000000009 81.40000000000002 23.100000000000005 0.6078576107927941 57.750000000000007 30.650000000000002
decision_type=2 2 2 2 2 2 2
left_child=1 2 3 -1 6 -6 -5
right_child=-2 -3 -4 4 5 -7 -8
leaf_value=-0.095649416906469928 -0.020882385558696353 -0.030827392173465223 0.04055142303287556 0.013808252718430059 -0.031709357531380315 0.065805077422755806 -0.036035150704782574
leaf_weight=0.46189001202583302 1.5619784905575214 0.74943248485214997 0.95281883352436114 2.9504482418196858 0.42513756913831446 1.0537709820782764 1.1763040885562075
leaf_count=5 24 11 9 136 13 46 33
internal_value=-0.000755199 0.00329101 0.00693319 0.00165394 0.00967145 0.0377729 -0.000399287
internal_weight=9.33178 7.7698 7.02037 6.06755 5.60566 1.47891 4.12675
internal_count=277 253 242 233 228 59 169
is_linear=0
shrinkage=0.1


Tree=344
num_leaves=13
num_cat=0
split_feature=0 6 6 5 5 6 3 6 5 5 5 5
split_gain=0.0574529 0.051574 0.0627344 0.0449612 0.177356 9.70384e-06 4.09284e-06 6.82213e-07 4.06629e-07 1.24271e-06 1.63507e-07 3.9401e-08
threshold=-0.78656609248549303 71.850000000000009 71.450000000000017 24.050000000000004 32.150000000000006 90.600000000000009 -1.0000000180025095e-35 53.550000000000004 22.750000000000004 23.350000000000005 23.850000000000005 31.550000000000004
decision_type=2 2 2 2 2 2 2 2 2 2 2 2
left_child=1 2 8 -2 5 6 11 -8 -1 -10 -11 -5
right_child=3 -3 -4 4 -6 -7 7 -9 9 10 -12 -13
leaf_value=-0.081459035802054658 0.032360368424098958 -0.081246251314297718 0.03759960011326207 -0.080081135076715368 0.043072480419954172 -0.082682285683032528 -0.081521820229817021 -0.081019309752360658 -0.081460166312676233 -0.080600217298167021 -0.080027805020603582 -0.080275006091957243
leaf_weight=0.021988146007061116 0.65994127723388352 0.12899744432070293 0.13876304868608713 0.031524232335414015 0.27918517030775547 0.039235517382621765 0.05211361823603522 0.056099382147294818 0.022004416212439537 0.013710443628951907 0.0078459091157583316 0.015705511963460594
leaf_count=1 16 24 5 84 6 1 4 57 1 2 71 5
internal_value=0.00475667 -0.0317414 -0.000485224 0.0154862 -0.00801427 -0.081277 -0.0809223 -0.0812613 -0.0811085 -0.0809315 -0.0803919 -0.0801456
internal_weight=1.46711 0.333309 0.204312 1.1338 0.473863 0.194678 0.155443 0.108213 0.0655489 0.0435608 0.0215564 0.0472297
internal_count=277 104 80 173 157 151 150 61 75 74 73 89
is_linear=0
shrinkage=0.1


Tree=345
num_leaves=7
num_cat=0
split_feature=2 0 2 6 5 6
split_gain=0.0801811 0.124112 0.161766 0.0876614 0.51183 0.244939
threshold=0.87837969732492682 -0.98296291314453399 0.6078576107927941 81.40000000000002 23.100000000000005 74.350000000000009
decision_type=2 2 2 2 2 2
left_child=1 -1 3 4 -3 -6
right_child=-2 2 -4 -5 5 -7
leaf_value=0.034100749834863456 0.02533016686833188 0.10101984017698395 -0.039116361589901998 -0.026197654627773612 0.0078001820654563766 -0.04758723313850504
leaf_weight=0.78406889783218492 1.0815077290826591 0.4993431083858012 1.3417995074923963 1.091145251644775 3.2103588403188041 1.0627346590626983
leaf_count=22 37 4 33 14 143 24
internal_value=-0.000223495 -0.00368262 -0.00779409 -0.000626427 0.00522005 -0.00597488
internal_weight=9.07096 7.98945 7.20538 5.86358 4.77244 4.27309
internal_count=277 240 218 185 171 167
is_linear=0
shrinkage=0.1


Tree=346
num_leaves=12
num_cat=0
split_feature=3 6 6 6 5 5 5 5 5 5 5
split_gain=0.128739 0.103427 0.0374923 0.100121 0.0290936 0.00905794 0.00517492 0.017322 0.00134423 0.00354025 5.56278e-11
threshold=-0.56174490092936669 82.000000000000014 81.40000000000002 76.750000000000014 23.850000000000005 27.200000000000006 23.650000000000002 24.350000000000005 24.900000000000002 25.950000000000003 28.950000000000003
decision_type=2 2 2 2 2 2 2 2 2 2 2
left_child=6 2 3 4 -2 -6 -1 -8 -9 -10 -11
right_child=1 -3 -4 -5 5 -7 7 8 9 10 -12
leaf_value=-0.086549635096563604 0.076902815729671781 -0.015291354189969662 0.084461498650610811 -0.058970027068741659 0.017377692238893992 -0.080018965250756344 -0.084435423878562565 0.018214743358320067 0.027732377684887333 -0.080014820704551681 -0.080034529693126646
leaf_weight=0.091980262834113202 0.2196883372380396 0.45560537303390447 0.19347621547058225 0.094027405459200963 0.043322709316271357 0.012248227873897122 0.063709817972267047 0.022234210831811652 0.0064690369399613701 0.0031198579067677201 0.0026471514443073829
leaf_count=5 10 11 3 13 44 125 3 11 6 26 20
internal_value=0.00602365 0.0201274 0.0488019 0.0301192 0.0605517 -0.00408922 -0.0695062 -0.0535391 0.00356521 -0.0230546 -0.0800239
internal_weight=1.20853 1.01837 0.562763 0.369287 0.275259 0.0555709 0.19016 0.0981801 0.0344703 0.012236 0.00576701
internal_count=277 206 195 192 179 169 71 66 63 52 46
is_linear=0
shrinkage=0.1


Tree=347
num_leaves=12
num_cat=0
split_feature=6 6 6 6 5 6 6 6 3 2 8
split_gain=0.063544 0.102657 0.0523874 0.140903 0.253295 0.133691 0.184805 0.241406 0.130819 0.0147419 0.000390979
threshold=76.300000000000026 72.850000000000009 62.150000000000013 68.050000000000011 26.150000000000002 60.550000000000004 59.550000000000004 57.100000000000009 -0.22252093395631442 0.6078576107927941 1.0000000180025095e-35
decision_type=2 2 2 2 2 2 2 2 2 2 2
left_child=1 2 5 4 -4 6 7 -1 -5 -2 -6
right_child=9 -3 3 8 10 -7 -8 -9 -10 -11 -12
leaf_value=-0.02097061575077391 -0.043273837135298338 0.042004752083444896 0.012514393254374362 0.045427579005226003 -0.092411651337652889 0.03716120899502038 -0.047617492289486675 0.058725986050747914 -0.020290529751852981 -0.014454066564848012 -0.086889387115009584
leaf_weight=0.89931214531679937 0.36276458935753897 0.59183905244572077 0.45121018565259907 0.54216537836146017 0.28676593478303414 0.97743300419097057 0.75335503999667697 0.65828122466336936 0.68636843824060612 0.34752009558724239 0.23187921846329107
leaf_count=49 31 18 12 18 3 21 15 22 27 13 48
internal_value=-0.000870789 0.00243635 -0.00183176 -0.0137825 -0.0422761 0.00615768 -0.0069555 0.0127113 0.00871159 -0.0291732 -0.0899427
internal_weight=6.78889 6.07861 5.48677 2.19839 0.969855 3.28838 2.31095 1.55759 1.22853 0.710285 0.518645
internal_count=277 233 215 108 63 107 86 71 45 44 51
is_linear=0
shrinkage=0.1


Tree=348
num_leaves=11
num_cat=0
split_feature=0 8 3 5 6 1 5 5 1 6
split_gain=0.0726762 0.0987287 0.204743 0.405269 0.187153 0.456609 0.25671 0.16903 0.232763 0.0144413
threshold=0.91597561503675362 1.0000000180025095e-35 -0.22252093395631442 30.650000000000002 82.000000000000014 -0.12940952255126037 31.150000000000002 23.350000000000005 -0.12940952255126037 77.800000000000026
decision_type=2 2 2 2 2 2 2 2 2 2
left_child=1 -1 3 7 5 6 -4 -3 -9 -7
right_child=-2 2 4 -5 -6 9 -8 8 -10 -11
leaf_value=-0.013815651409095603 -0.020432755562988361 0.10871852295696896 0.058556200082604787 -0.026975934810728287 0.036660402403434392 -0.066558586821554175 -0.035424835926734836 0.087103315157057493 0.00026131866936330271 -0.09287556886386214
leaf_weight=2.3071086931740865 1.5363752999110145 0.48561318218708072 0.65032705201883823 0.81118866801261891 0.69295575655996788 0.40370856781373765 0.52550107322167605 0.55932339347054949 0.68864085289533228 0.43125208164565265
leaf_count=34 24 2 59 20 5 32 16 43 34 8
internal_value=-0.000605947 0.00342568 0.0110045 0.031363 -0.00815688 -0.0236018 0.0165542 0.0586614 0.0391829 -0.0801511
internal_weight=9.09199 7.55562 5.24851 2.54477 2.70374 2.01079 1.17583 1.73358 1.24796 0.834961
internal_count=277 253 219 99 120 115 75 79 77 40
is_linear=0
shrinkage=0.1


Tree=349
num_leaves=9
num_cat=0
split_feature=6 5 5 6 5 6 6 5
split_gain=0.0618854 0.0995405 0.0487995 0.0802288 0.0262454 0.119328 3.08586e-06 2.34418e-07
threshold=86.250000000000014 23.100000000000005 32.150000000000006 71.450000000000017 23.650000000000002 83.100000000000009 52.900000000000013 23.850000000000005
decision_type=2 2 2 2 2 2 2 2
left_child=1 -1 3 6 -5 -6 -3 -8
right_child=-2 2 -4 4 5 -7 7 -9
leaf_value=-0.082895476366976237 0.045475783194897784 -0.081252856533247653 0.041744614479018061 0.023825762055950939 -0.08107754849129685 0.069285036696162816 -0.080542368328404113 -0.080138104817759515
leaf_weight=0.14734342647716381 0.29079619050025951 0.058459849591599777 0.26671501249074936 0.36104199662804604 0.13006211465653905 0.088824564358219504 0.020621791714802384 0.047115143971950602
leaf_count=7 5 12 6 7 54 4 3 179
internal_value=0.0043718 -0.00629867 0.00530245 -0.00846235 0.00726158 -0.0200602 -0.0807206 -0.0802612
internal_weight=1.41098 1.12018 0.97284 0.706125 0.579929 0.218887 0.126197 0.0677369
internal_count=277 272 265 259 65 58 194 182
is_linear=0
shrinkage=0.1


Tree=350
num_leaves=11
num_cat=0
split_feature=5 2 3 0 0 5 0 0 5 5
split_gain=0.076606 0.245967 0.0758922 0.105824 0.0725198 0.0488949 0.000145383 1.67675e-05 2.32905e-08 9.60109e-10
threshold=28.250000000000004 -0.8783796973249266 -0.22252093395631442 -0.78656609248549303 -0.78656609248549303 24.050000000000004 0.91597561503675362 -0.98296291314453399 31.450000000000003 30.950000000000003
decision_type=2 2 2 2 2 2 2 2 2 2
left_child=2 -2 4 5 -1 -4 7 -3 9 -9
right_child=1 6 3 -5 -6 -7 -8 8 -10 -11
leaf_value=0.0039977684110429927 0.026553109716108244 -0.082722165275053994 -0.014238902494277287 0.028694538201727217 -0.025688877724166382 0.012607667252766791 -0.085447316427742531 -0.080046586229389038 -0.080179126412514901 -0.080081805388204072
leaf_weight=1.930400322773494 0.39477672055363655 0.039780564606189728 1.4565075263380998 1.9678012051153926 1.4342603627592314 1.2698673527920616 0.30162235908210278 0.026072778277012598 0.027007508841052186 0.011008560126356315
leaf_count=33 34 1 12 35 29 31 5 69 15 13
internal_value=-0.000124862 -0.0296339 0.00280548 0.0110213 -0.00865682 -0.00173454 -0.0843362 -0.0811095 -0.0801085 -0.080057
internal_weight=8.85911 0.800268 8.05884 4.69418 3.36466 2.72637 0.405492 0.103869 0.0640888 0.0370813
internal_count=277 137 140 78 62 43 103 98 97 82
is_linear=0
shrinkage=0.1


Tree=351
num_leaves=9
num_cat=0
split_feature=5 1 6 5 2 1 5 5
split_gain=0.1178 0.103404 2.23863e-08 7.88328e-10 2.51488e-10 1.21739e-10 6.19596e-11 3.39296e-11
threshold=24.050000000000004 0.78656609248549303 78.950000000000017 26.550000000000004 0.6078576107927941 -0.37940952255126015 28.150000000000002 31.150000000000002
decision_type=2 2 2 2 2 2 2 2
left_child=-1 2 3 4 -2 7 -7 -5
right_child=1 -3 -4 5 -6 6 -8 -9
leaf_value=-0.013932205384668959 -0.080037700404706369 0.083000047334696403 -0.080214356053617486 -0.080004185768361116 -0.080060783288376555 -0.080020783753280464 -0.080036504150748242 -0.080017211564368196
leaf_weight=0.83396737417206168 0.0092651319828291889 0.26012172433547676 0.0085796605999348685 0.0037659922659258882 0.0096213599899783731 0.0058212430267303716 0.0044038648329660646 0.0042637622154870769
leaf_count=34 32 14 6 101 16 29 19 26
internal_value=0.00553626 0.0586226 -0.0800688 -0.0800351 -0.0800495 -0.0800203 -0.0800276 -0.0800111
internal_weight=1.13981 0.305843 0.045721 0.0371414 0.0188865 0.0182549 0.0102251 0.00802975
internal_count=277 243 229 223 48 175 48 127
is_linear=0
shrinkage=0.1


Tree=352
num_leaves=11
num_cat=0
split_feature=0 2 0 6 3 6 3 3 0 2
split_gain=0.0689277 0.228662 0.265272 0.15578 0.0612113 0.106904 0.040724 4.4479e-06 6.30477e-07 1.83712e-07
threshold=1.0000000180025095e-35 0.87837969732492682 -0.91597561503675329 75.950000000000017 -0.56174490092936669 61.350000000000001 1.0000000180025095e-35 -0.56174490092936669 -0.70710678118654735 0.6078576107927941
decision_type=2 2 2 2 2 2 2 2 2 2
left_child=1 2 3 6 -2 -6 -1 -4 -9 -10
right_child=4 -3 7 -5 5 -7 -8 8 9 -11
leaf_value=-0.028027727606889985 0.027388848580640942 -0.086276238737845179 -0.081281023861654256 0.056256505325415596 0.012697193367153678 -0.026351266454253282 0.011732270687563372 -0.080675818320121717 -0.080129027209469572 -0.080470172677483076
leaf_weight=0.50473924895049982 1.0847813625441629 0.37291757914499601 0.14605819958569555 0.60291530378162872 2.1358309563947846 1.0437298484393975 0.52613206863316009 0.13362252599654312 0.032924439150520013 0.030324432133056689
leaf_count=23 15 27 38 6 37 29 23 31 38 10
internal_value=-0.000700623 -0.0144534 -0.000903693 0.0158796 0.00687711 -0.000120943 -0.00773518 -0.0808629 -0.0805527 -0.0802926
internal_weight=6.61398 2.34963 1.97672 1.63379 4.26434 3.17956 1.03087 0.34293 0.196871 0.0632489
internal_count=277 196 169 52 81 66 46 117 79 48
is_linear=0
shrinkage=0.1


Tree=353
num_leaves=7
num_cat=0
split_feature=6 6 5 6 5 5
split_gain=0.0800004 0.142221 0.110513 0.123844 0.157135 0.152767
threshold=83.100000000000009 81.40000000000002 23.350000000000005 76.750000000000014 23.850000000000005 24.150000000000002
decision_type=2 2 2 2 2 2
left_child=1 2 -1 4 -4 -6
right_child=-2 -3 3 -5 5 -7
leaf_value=-0.037118338358173561 -0.032742878031367634 0.039768537034039098 -0.04959393879341345 0.041522975970516032 0.07126371697873439 -0.0014868801919249125
leaf_weight=0.81810965389013102 0.71480712643824595 0.89424033986870188 0.6414671018719672 0.70267010509269301 0.3074459834024309 4.7187261498402222
leaf_count=8 11 9 7 19 4 219
internal_value=-0.000676496 0.00215936 -0.00251922 0.00192418 -0.00298525 0.0029632
internal_weight=8.79747 8.08266 7.18842 6.37031 5.66764 5.02617
internal_count=277 266 257 249 230 223
is_linear=0
shrinkage=0.1


Tree=354
num_leaves=9
num_cat=0
split_feature=6 5 5 6 6 2 6 5
split_gain=0.0526034 0.0844808 0.0446128 0.0725232 0.0253186 0.0449161 2.77166e-06 1.62006e-07
threshold=86.250000000000014 23.100000000000005 32.150000000000006 71.450000000000017 81.40000000000002 -1.0000000180025095e-35 52.900000000000013 23.850000000000005
decision_type=2 2 2 2 2 2 2 2
left_child=1 -1 3 6 5 -5 -3 -8
right_child=-2 2 -4 4 -6 -7 7 -9
leaf_value=-0.082479740578717473 0.041895499372477975 -0.081211967766745927 0.039964410493574375 -0.0072786648540924806 -0.022258974046243472 0.065398930503896682 -0.08048665711436831 -0.080133606817870087
leaf_weight=0.12801224365830399 0.28789850883185875 0.055047030095010996 0.25329813174903393 0.21126623841155379 0.2040930648909125 0.14232009318220662 0.018471020041033626 0.04386064657796851
leaf_count=7 5 12 6 26 13 26 3 179
internal_value=0.0040031 -0.00632395 0.00417727 -0.00925093 0.00578638 0.0219744 -0.0806949 -0.0802382
internal_weight=1.34427 1.05637 0.928356 0.675058 0.557679 0.353586 0.117379 0.0623317
internal_count=277 272 265 259 65 52 194 182
is_linear=0
shrinkage=0.1


Tree=355
num_leaves=12
num_cat=0
split_feature=5 8 3 0 5 1 5 3 1 5 1
split_gain=0.0672383 0.231939 0.063973 0.0923627 0.0697589 0.136115 0.0396978 0.000110053 1.174e-05 1.5363e-06 5.31411e-07
threshold=28.250000000000004 1.0000000180025095e-35 -0.22252093395631442 -0.78656609248549303 24.450000000000003 -0.12940952255126037 24.050000000000004 -0.56174490092936669 -0.37940952255126015 31.450000000000003 -0.98296291314453399
decision_type=2 2 2 2 2 2 2 2 2 2 2
left_child=2 -2 4 6 -1 -6 -4 -3 9 10 -9
right_child=1 7 3 -5 5 -7 -8 8 -10 -11 -12
leaf_value=-0.02442312852813925 0.027670628226304107 -0.08490597675740022 -0.013325591120746876 0.026773750192159329 -0.018324620466236209 0.036305650945419786 0.011139538052285746 -0.080643570826197941 -0.08187223294720615 -0.080905435080007526 -0.080172516531603191
leaf_weight=1.4597844043746593 0.3771219365298748 0.098362970136804506 1.4228258244693281 1.9369122933130709 1.0798147879540918 0.78956471011042584 1.2423563549527896 0.035361725895199925 0.10868426885281213 0.077898664261738304 0.074205521868861979
leaf_count=17 4 28 12 35 14 31 31 9 8 17 71
internal_value=-0.000224562 -0.0284046 0.00251708 0.0101557 -0.00804227 0.00474942 -0.00192134 -0.0820079 -0.0810453 -0.0805659 -0.0803245
internal_weight=8.70289 0.771635 7.93126 4.60209 3.32916 1.86938 2.66518 0.394513 0.29615 0.187466 0.109567
internal_count=277 137 140 78 62 45 43 133 105 97 80
is_linear=0
shrinkage=0.1


Tree=356
num_leaves=12
num_cat=0
split_feature=3 6 6 6 6 2 5 5 5 5 5
split_gain=0.113604 0.0888463 0.0329587 0.0867442 0.0254327 0.00828015 0.00414735 0.014226 6.8748e-05 0.00399282 0.00125297
threshold=-0.56174490092936669 82.000000000000014 81.40000000000002 76.750000000000014 69.750000000000014 0.6078576107927941 23.650000000000002 24.350000000000005 24.650000000000002 25.050000000000004 25.950000000000003
decision_type=2 2 2 2 2 2 2 2 2 2 2
left_child=6 2 3 4 5 -2 -1 -8 -9 -10 -11
right_child=1 -3 -4 -5 -6 -7 7 8 9 10 -12
leaf_value=-0.085661808913679027 -0.080074359022266145 -0.013988021407762723 0.082844492750610704 -0.056706745432110107 0.07172132249718674 0.019767398074351378 -0.083917203971331664 -0.0061315739799784295 0.043045024658654167 -0.0045081241328913182 -0.080021188747495087
leaf_weight=0.081155119347386062 0.013974905338272947 0.42809376669174526 0.17550586676225066 0.086905337375355884 0.21821302701027889 0.020478369185639167 0.056960088113555685 0.010551250335993245 0.011383692937670276 0.003962969894928392 0.0049319059253321029
leaf_count=5 95 11 3 13 40 44 3 6 6 5 46
internal_value=0.00615103 0.019678 0.0476586 0.029473 0.0591147 -0.0207303 -0.069366 -0.0543017 0.000414957 0.00382122 -0.0463775
internal_weight=1.11212 0.943171 0.515078 0.339572 0.252666 0.0344533 0.168945 0.0877899 0.0308298 0.0202786 0.00889488
internal_count=277 206 195 192 179 139 71 66 63 57 51
is_linear=0
shrinkage=0.1


Tree=357
num_leaves=10
num_cat=0
split_feature=5 6 5 0 3 6 3 5 1
split_gain=0.0668887 0.223431 0.0992635 0.156241 0.203776 0.0581286 0.10173 9.16356e-05 7.75629e-06
threshold=24.250000000000004 75.950000000000017 24.450000000000003 1.0000000180025095e-35 -1.0000000180025095e-35 59.550000000000004 1.0000000180025095e-35 24.900000000000002 1.0000000180025095e-35
decision_type=2 2 2 2 2 2 2 2 2
left_child=1 -1 -2 4 7 -5 -7 -4 -9
right_child=2 -3 3 5 -6 6 -8 8 -10
leaf_value=-0.083910899557566601 0.040036571101279089 0.023561148918684178 -0.083862386088711924 0.023618778028984877 0.016447092156344264 0.015212494285057063 -0.022376538348695969 -0.080752184146927364 -0.081894286339733086
leaf_weight=0.37306759791681532 0.64626655602478411 0.40176806660019793 0.22236650215927478 1.3298479182703884 0.36179514386822142 1.6083153447689258 1.3035360529211173 0.18293337057366443 0.088099428809073288
leaf_count=16 8 24 12 29 54 27 25 66 16
internal_value=-0.000604725 -0.0281845 0.00311618 -0.00156518 -0.0405578 0.00629636 -0.00161483 -0.0823578 -0.0811234
internal_weight=6.518 0.774836 5.74316 5.09689 0.855194 4.2417 2.91185 0.493399 0.271033
internal_count=277 40 237 229 148 81 52 94 82
is_linear=0
shrinkage=0.1


Tree=358
num_leaves=9
num_cat=0
split_feature=0 8 5 5 1 5 6 5
split_gain=0.0706414 0.0906542 0.18435 0.183408 0.224438 0.162527 0.139189 1.93805e-05
threshold=0.91597561503675362 1.0000000180025095e-35 23.350000000000005 27.650000000000002 -0.98296291314453399 23.850000000000005 62.150000000000013 24.250000000000004
decision_type=2 2 2 2 2 2 2 2
left_child=1 -1 -3 5 -5 -4 -6 -7
right_child=-2 2 3 4 6 7 -8 -9
leaf_value=-0.013494928866984654 -0.02044661179719727 0.050665515016339049 -0.0022061241863178794 -0.014038440707101849 0.022857996858307326 -0.081970249854102464 0.090966241499239153 -0.080529201960026719
leaf_weight=2.1905634524591733 1.4950349710416047 0.94519341737031926 0.66347518563270547 1.411749398335814 1.1038067853223767 0.13619682192802429 0.41207584955554932 0.29650266707176343
leaf_count=34 24 6 6 15 77 6 50 59
internal_value=-0.000675833 0.00345263 0.0109239 0.00158858 0.0146525 -0.0333021 0.0413725 -0.0809828
internal_weight=8.6546 7.15956 4.969 4.02381 2.92763 1.09617 1.51588 0.432699
internal_count=277 253 219 213 142 71 127 65
is_linear=0
shrinkage=0.1


Tree=359
num_leaves=7
num_cat=0
split_feature=6 5 6 1 5 5
split_gain=0.0446109 0.0801033 0.0425568 0.0489948 0.0517959 0.0561498
threshold=86.250000000000014 23.100000000000005 50.650000000000006 -0.98296291314453399 32.150000000000006 24.050000000000004
decision_type=2 2 2 2 2 2
left_child=1 -1 -3 -4 5 -5
right_child=-2 2 3 4 -6 -7
leaf_value=-0.082360748372825573 0.039292537138186735 0.057952219848602007 -0.084575460845598929 0.0060228706317858142 0.082579938837845521 -0.080541287257412178
leaf_weight=0.1207821895368395 0.27802903391420852 0.12724332220386714 0.069465002998185699 0.54864197864662867 0.074037842452526093 0.086785962288104201
leaf_count=7 5 6 12 25 2 220
internal_value=0.00375816 -0.00586211 0.00433425 -0.00442459 0.00342312 -0.00579995
internal_weight=1.30499 1.02696 0.906174 0.778931 0.709466 0.635428
internal_count=277 272 265 259 247 245
is_linear=0
shrinkage=0.1


Tree=360
num_leaves=11
num_cat=0
split_feature=0 5 5 6 6 2 1 6 0 5
split_gain=0.0630002 0.404738 0.204138 0.23749 0.215428 0.17835 0.134967 0.0700071 0.140713 0.0929235
threshold=-0.70710678118654735 26.350000000000005 26.650000000000002 66.550000000000011 61.250000000000007 1.0000000180025095e-35 0.37940952255126026 71.850000000000009 -0.98296291314453399 25.150000000000002
decision_type=2 2 2 2 2 2 2 2 2 2
left_child=6 -2 -3 4 5 -4 7 8 -1 -10
right_child=1 2 3 -5 -6 -7 -8 -9 9 -11
leaf_value=0.012529951771288904 -0.087026816879795424 0.062180480481128911 0.0043956828994981597 -0.089227184586069888 0.052752619543484564 -0.090873751580202222 0.026681339201828913 0.011372388082436749 -0.014409378389709793 -0.070964371348526706
leaf_weight=0.88926066807471249 0.57600333093432743 0.51400356739759478 0.68676306408451615 0.30803013512922905 0.61931750389703666 0.27526201832370134 2.0465602937620133 1.4245312279090283 0.6362247020006182 0.53468192669970449
leaf_count=24 26 4 50 23 28 23 39 15 9 36
internal_value=-1.63763e-05 -0.0117394 0.00630432 -0.00889678 0.0067508 -0.0228635 0.00629815 -0.00567287 -0.0174591 -0.0402346
internal_weight=8.51064 2.97938 2.40338 1.88937 1.58134 0.962025 5.53126 3.4847 2.06017 1.17091
internal_count=277 154 128 124 101 73 123 84 69 45
is_linear=0
shrinkage=0.1


Tree=361
num_leaves=9
num_cat=0
split_feature=5 1 6 5 2 1 5 5
split_gain=0.114776 0.0939158 1.80715e-08 6.98415e-10 2.2567e-10 9.28877e-11 4.30013e-11 2.23457e-11
threshold=24.050000000000004 0.78656609248549303 78.950000000000017 26.550000000000004 0.6078576107927941 -0.37940952255126015 28.150000000000002 31.150000000000002
decision_type=2 2 2 2 2 2 2 2
left_child=-1 2 3 4 -2 7 -7 -5
right_child=1 -3 -4 5 -6 6 -8 -9
leaf_value=-0.01386104657436861 -0.080035604774040023 0.082920009397089767 -0.08020261071131822 -0.080003755561883563 -0.080058411278722902 -0.080019189529553753 -0.080033077133243813 -0.080015135439081383
leaf_weight=0.78397285159735475 0.0083506627015594859 0.24886103952303529 0.007801139377988874 0.0032556927649238761 0.0090305798803456128 0.005190444306208521 0.0039085493508537184 0.0036713129743475292
leaf_count=34 32 14 6 101 16 29 19 26
internal_value=0.00602351 0.0597656 -0.0800656 -0.0800336 -0.0800475 -0.0800185 -0.0800252 -0.0800098
internal_weight=1.07404 0.290069 0.0412084 0.0334072 0.0173812 0.016026 0.00909899 0.00692701
internal_count=277 243 229 223 48 175 48 127
is_linear=0
shrinkage=0.1


Tree=362
num_leaves=10
num_cat=0
split_feature=6 6 5 6 6 6 6 2 8
split_gain=0.0608454 0.119056 0.106285 0.254969 0.190657 0.139529 0.152698 0.0153537 0.000261534
threshold=76.300000000000026 70.700000000000003 26.350000000000005 61.350000000000001 68.600000000000009 60.550000000000004 59.550000000000004 0.6078576107927941 1.0000000180025095e-35
decision_type=2 2 2 2 2 2 2 2 2
left_child=1 2 -1 5 8 6 -4 -2 -5
right_child=7 -3 3 4 -6 -7 -8 -9 -10
leaf_value=0.026132866783118571 -0.044567141707529866 0.033878043432591577 0.010853250832992049 -0.090625695124124384 -0.00067355045867061893 0.046883914363951985 -0.045580412941222587 -0.01397497103520925 -0.086470698339819296
leaf_weight=0.93124033545609552 0.33701166135870142 0.99651826097397123 1.4677593679298309 0.36148732641595416 0.40417054668068886 0.59976084227673698 0.71207722399412876 0.31967251872993074 0.26077545098405586
leaf_count=29 31 39 70 4 11 10 14 13 56
internal_value=-0.000841937 0.00246027 -0.00414868 -0.0115578 -0.0541503 0.0041705 -0.00758168 -0.0296749 -0.0888844
internal_weight=6.39047 5.73379 4.73727 3.80603 1.02643 2.7796 2.17984 0.656684 0.622263
internal_count=277 233 194 165 71 94 84 44 60
is_linear=0
shrinkage=0.1


Tree=363
num_leaves=9
num_cat=0
split_feature=6 6 5 2 6 6 6 6
split_gain=0.0731253 0.126707 0.109641 0.111648 0.562263 0.268822 0.228294 0.185799
threshold=83.100000000000009 81.40000000000002 23.350000000000005 1.0000000180025095e-35 59.850000000000001 55.350000000000001 77.800000000000026 63.250000000000007
decision_type=2 2 2 2 2 2 2 2
left_child=1 2 -1 5 -5 -4 -7 -6
right_child=-2 -3 3 4 7 6 -8 -9
leaf_value=-0.037374098372484038 -0.032443440419036955 0.038323607581159776 0.048566503031553944 -0.049580980695784579 0.094274614257025852 -0.032964310195004842 0.043271187920842072 0.024985879919189338
leaf_weight=0.79758795350790013 0.6701331753283738 0.85414418933214609 0.6695223139249723 0.80220590403769199 0.64826611800526712 2.5900341636079252 0.4630321706063113 0.96028765407390893
leaf_count=8 11 9 25 23 17 125 9 50
internal_value=-0.000746112 0.00198237 -0.0024962 0.00203936 0.0188051 -0.00881816 -0.0214023 0.0529101
internal_weight=8.45521 7.78508 6.93094 6.13335 2.41076 3.72259 3.05307 1.60855
internal_count=277 266 257 249 90 159 134 67
is_linear=0
shrinkage=0.1


Tree=364
num_leaves=12
num_cat=0
split_feature=6 3 6 6 6 2 5 6 0 6 6
split_gain=0.0382959 0.0764123 0.0403243 0.0317235 0.0578956 0.00194234 4.02242e-05 2.09889e-05 7.15232e-07 1.73567e-08 2.00469e-08
threshold=86.250000000000014 -0.56174490092936669 50.650000000000006 71.450000000000017 56.650000000000013 -1.0000000180025095e-35 32.45000000000001 84.100000000000009 -0.91597561503675329 79.300000000000026 76.750000000000014
decision_type=2 2 2 2 2 2 2 2 2 2 2
left_child=1 7 -3 4 -4 -5 -6 8 -1 10 -10
right_child=-2 2 3 5 6 -7 -8 -9 9 -11 -12
leaf_value=-0.080950077490579933 0.037246561771931828 0.058354451308971461 0.016157220249063409 0.016025829218053008 -0.080638841477472162 0.0037188744749996564 -0.084293687676836232 -0.083412533431706098 -0.080068169303915013 -0.080358751922567417 -0.080311434851930708
leaf_weight=0.038506847031840152 0.27503587678074837 0.12232204200699925 0.11764362957910635 0.27959271728104795 0.060023688688488619 0.23689624131839082 0.06042829155921936 0.049047242850065231 0.0063728591924245848 0.013098734685627278 0.0072315420475206338
leaf_count=18 5 5 33 21 114 29 1 1 40 5 5
internal_value=0.00423217 -0.00492892 0.00509354 -0.00354033 -0.0337393 0.010381 -0.0824724 -0.0818497 -0.0806743 -0.0802766 -0.0801975
internal_weight=1.2662 0.991164 0.876907 0.754585 0.238096 0.516489 0.120452 0.114257 0.06521 0.0267031 0.0136044
internal_count=277 272 203 198 148 50 115 69 68 50 45
is_linear=0
shrinkage=0.1


Tree=365
num_leaves=11
num_cat=0
split_feature=5 2 3 0 6 5 6 6 0 0
split_gain=0.0643139 0.220584 0.0584984 0.0831061 0.0722285 0.0413334 0.000149193 4.31491e-05 8.77721e-06 9.35221e-06
threshold=28.250000000000004 -0.8783796973249266 -0.22252093395631442 -0.78656609248549303 74.350000000000009 24.050000000000004 63.050000000000004 53.550000000000004 0.91597561503675362 -0.98296291314453399
decision_type=2 2 2 2 2 2 2 2 2 2
left_child=2 -2 4 5 -1 -4 7 -3 9 -9
right_child=1 6 3 -5 -6 -7 -8 8 -10 -11
leaf_value=0.0039721563028516779 0.025723014760305224 -0.084797607844671594 -0.012962081978050483 0.026713817649362055 -0.027415946773525348 0.012448033391697075 -0.087386787857209505 -0.082364449377230697 -0.082623867715060403 -0.080102274389537986
leaf_weight=1.9878335107350724 0.37144086137413979 0.081804224268125725 1.3905592449009421 1.8056337344460187 1.1614913054509086 1.1862716228934003 0.105222881615191 0.034853771328926086 0.098421040922403336 0.038420592878537718
leaf_count=38 34 14 12 35 24 31 30 1 3 55
internal_value=4.51042e-05 -0.0282917 0.00279219 0.0102631 -0.00760398 -0.00126426 -0.0842214 -0.0829075 -0.0820069 -0.0811783
internal_weight=8.26195 0.730163 7.53179 4.38246 3.14932 2.57683 0.358723 0.2535 0.171695 0.0732744
internal_count=277 137 140 78 62 43 103 73 59 56
is_linear=0
shrinkage=0.1


Tree=366
num_leaves=13
num_cat=0
split_feature=3 6 6 2 5 2 5 5 6 5 5 5
split_gain=0.101817 0.0851813 0.0318055 0.0805825 0.0318727 0.00341691 0.00339838 0.0120073 0.00227857 7.797e-05 0.00310227 0.00108897
threshold=-0.56174490092936669 82.000000000000014 81.40000000000002 0.6078576107927941 24.250000000000004 -1.0000000180025095e-35 23.650000000000002 24.350000000000005 72.850000000000009 24.650000000000002 25.050000000000004 25.950000000000003
decision_type=2 2 2 2 2 2 2 2 2 2 2 2
left_child=6 2 3 5 -5 -2 -1 -8 -6 -9 -11 -12
right_child=1 -3 -4 4 8 -7 7 9 -10 10 11 -13
leaf_value=-0.085147545006155928 0.050595829443244957 -0.015440536224809171 0.082251296278556651 -0.083665900898041545 0.0097051109759111829 0.076339096086537009 -0.083516550863439953 -0.008315956768701829 0.060097328089096007 0.0400535670858536 -0.0038485451862698577 -0.080017782479620714
leaf_weight=0.074648909590905532 0.096990645285131905 0.40180692555441055 0.16682170378044248 0.068273562996182591 0.019979382376277499 0.11007287461234228 0.051599499332951382 0.0093564088456332684 0.01628809176327195 0.009828072928939946 0.0034617847413755945 0.0040999109119184141
leaf_count=5 92 11 3 8 51 34 3 6 7 6 5 46
internal_value=0.00541686 0.0185042 0.0470127 0.0281472 -0.0434221 0.0642807 -0.0698791 -0.0553312 0.0323368 -0.000955154 0.00300526 -0.0451471
internal_weight=1.03323 0.880233 0.478426 0.311605 0.104541 0.207064 0.152995 0.0783457 0.0362675 0.0267462 0.0173898 0.0075617
internal_count=277 206 195 192 66 126 71 66 58 63 57 51
is_linear=0
shrinkage=0.1


Tree=367
num_leaves=11
num_cat=0
split_feature=5 6 2 6 2 6 6 6 6 3
split_gain=0.0650235 0.0955131 0.252375 0.137951 0.238831 0.0997331 0.115557 0.195796 0.0599686 0.00472363
threshold=24.250000000000004 68.050000000000011 0.87837969732492682 62.150000000000013 0.6078576107927941 60.550000000000004 59.550000000000004 57.100000000000009 73.15000000000002 -0.56174490092936669
decision_type=2 2 2 2 2 2 2 2 2 2
left_child=-1 3 8 5 9 6 7 -2 -3 -5
right_child=1 2 -4 4 -6 -7 -8 -9 -10 -11
leaf_value=-0.029099595402771572 -0.02254612454004546 0.07212250667633828 -0.031881720670779844 -0.069839428843121276 0.033011312162173415 0.032266606838494673 -0.041869481786526115 0.052228490055535641 0.02303092335843257 -0.088074513198017998
leaf_weight=0.73887600359739725 0.8493951921191194 0.61553363874372713 0.54390575436991628 0.28461037064425909 0.28670399286056636 0.88762930127995776 0.67359145959926525 0.59582796905306168 0.41768735551522695 0.28361683651564806
leaf_count=40 49 27 15 22 17 20 15 22 27 23
internal_value=-0.00126487 0.00251676 0.023253 -0.00595267 -0.0413974 0.00412663 -0.00766197 0.00828151 0.0522769 -0.078941
internal_weight=6.17738 5.4385 1.57713 3.86138 0.854931 3.00644 2.11881 1.44522 1.03322 0.568227
internal_count=277 237 69 168 62 106 86 71 54 45
is_linear=0
shrinkage=0.1


Tree=368
num_leaves=7
num_cat=0
split_feature=6 6 5 6 6 6
split_gain=0.0654344 0.108502 0.0892473 0.0978799 0.131536 0.176911
threshold=83.100000000000009 81.40000000000002 23.350000000000005 76.750000000000014 71.450000000000017 62.150000000000013
decision_type=2 2 2 2 2 2
left_child=1 2 -1 4 5 -4
right_child=-2 -3 3 -5 -6 -7
leaf_value=-0.033859183138866919 -0.031014086457840082 0.035864846674048941 -0.0094982555938554411 0.038190992161945228 -0.043710051759763738 0.032822087775411561
leaf_weight=0.78155951667577017 0.64540245942771424 0.84811105061089609 3.2043259290439892 0.66668033954920236 0.67477902089012776 1.427952312686102
leaf_count=8 11 9 107 19 30 93
internal_value=-0.000444032 0.00215086 -0.00208185 0.00207566 -0.00246121 0.00354747
internal_weight=8.24881 7.60341 6.7553 5.97374 5.30706 4.63228
internal_count=277 266 257 249 230 200
is_linear=0
shrinkage=0.1


Tree=369
num_leaves=9
num_cat=0
split_feature=5 5 6 3 6 6 5 6
split_gain=0.0371213 0.132408 1.19527e-05 2.53938e-06 4.95673e-07 1.63078e-06 1.93305e-08 2.27067e-09
threshold=32.150000000000006 24.050000000000004 90.600000000000009 1.0000000180025095e-35 86.250000000000014 53.550000000000004 31.550000000000004 50.650000000000006
decision_type=2 2 2 2 2 2 2 2
left_child=1 -1 3 6 5 -5 7 -3
right_child=-2 2 -4 4 -6 -7 -8 -9
leaf_value=0.013232651629394602 0.041292586735541141 -0.080126483013839678 -0.082745922128210345 -0.081214138290831933 -0.081325563445434124 -0.080097120815706357 -0.080208984315420118 -0.080043997696982602
leaf_weight=0.82726126216584794 0.2239962574094535 0.0038976297946646801 0.040104769170284271 0.042910935459076427 0.040083806961774826 0.018794444337117966 0.011845178727526218 0.023216491029188546
leaf_count=34 6 2 1 6 2 85 5 136
internal_value=0.00446941 -0.00371245 -0.0812229 -0.080789 -0.0810518 -0.0808739 -0.0801024 -0.0800559
internal_weight=1.23211 1.00811 0.180853 0.140748 0.101789 0.0617054 0.0389593 0.0271141
internal_count=277 271 237 236 93 91 143 138
is_linear=0
shrinkage=0.1


Tree=370
num_leaves=11
num_cat=0
split_feature=0 5 5 2 1 5 8 0 6 3
split_gain=0.0628328 0.35673 0.16037 0.135608 0.119684 0.0546024 0.210158 0.0529548 0.127851 0.0867098
threshold=-0.70710678118654735 26.350000000000005 26.650000000000002 1.0000000180025095e-35 0.37940952255126026 28.250000000000004 1.0000000180025095e-35 -0.98296291314453399 71.850000000000009 1.0000000180025095e-35
decision_type=2 2 2 2 2 2 2 2 2 2
left_child=4 -2 -3 5 7 -4 -7 -1 9 -9
right_child=1 2 3 -5 -6 6 -8 8 -10 -11
leaf_value=0.016172022785876618 -0.086340613023667856 0.057528600373478948 0.029383472962654179 -0.049484457787662542 0.02608776876796003 0.041848399703513318 -0.081876237731120613 -0.0085815140179062305 0.0081520623007143526 -0.0642815232702144
leaf_weight=0.88351398205850262 0.52289787563495371 0.46689326316118274 0.67152182618156053 0.552029607220902 1.984617920592427 0.30980937136337194 0.24653948439663476 0.54018593134242177 1.3707083761692045 0.5791058757022256
leaf_count=27 26 4 10 40 39 3 71 25 12 20
internal_value=0.000280714 -0.0119485 0.00536488 -0.00831841 0.00660214 0.0101891 -0.0129787 -0.00486114 -0.0123242 -0.0373999
internal_weight=8.12782 2.76969 2.24679 1.7799 5.35813 1.22787 0.556349 3.37351 2.49 1.11929
internal_count=277 154 128 124 123 84 74 84 57 45
is_linear=0
shrinkage=0.1


Tree=371
num_leaves=8
num_cat=0
split_feature=5 1 6 5 5 8 6
split_gain=0.098024 0.0856168 1.38871e-08 4.985e-10 1.1264e-10 6.79323e-11 2.92464e-11
threshold=24.050000000000004 0.78656609248549303 78.950000000000017 26.550000000000004 24.900000000000002 1.0000000180025095e-35 53.550000000000004
decision_type=2 2 2 2 2 2 2
left_child=-1 2 3 4 -2 -5 -7
right_child=1 -3 -4 5 -6 6 -8
leaf_value=-0.012356329493129276 -0.080049650606141415 0.082644735359531415 -0.080185900629652584 -0.080027845377176346 -0.080032603831473689 -0.080023329333720042 -0.080010219102825519
leaf_weight=0.73667674817988882 0.0091733640765596647 0.22266594145912677 0.0070276134792948133 0.0041612700879341 0.0067126835820090483 0.0021186358235354428 0.0086440055572438723
leaf_count=34 18 14 6 14 30 20 141
internal_value=0.00628804 0.0590124 -0.0800591 -0.0800301 -0.0800424 -0.080017 -0.0800128
internal_weight=0.99718 0.260504 0.0378376 0.03081 0.015886 0.0149239 0.0107626
internal_count=277 243 229 223 48 175 161
is_linear=0
shrinkage=0.1


Tree=372
num_leaves=11
num_cat=0
split_feature=5 6 2 6 2 6 6 5 6 3
split_gain=0.0602641 0.0854954 0.21058 0.115721 0.218884 0.0859345 0.100992 0.190248 0.0588423 0.00540922
threshold=24.250000000000004 68.050000000000011 0.87837969732492682 62.150000000000013 0.6078576107927941 60.550000000000004 59.550000000000004 30.650000000000002 73.15000000000002 -0.56174490092936669
decision_type=2 2 2 2 2 2 2 2 2 2
left_child=-1 3 8 5 9 6 7 -2 -3 -5
right_child=1 2 -4 4 -6 -7 -8 -9 -10 -11
leaf_value=-0.028124374369833061 -0.034079524800677122 0.069906404494360627 -0.028106804296171087 -0.066996265096101626 0.03174676001625934 0.0299393698266507 -0.039689052353212906 0.039457351640757171 0.020845255391375835 -0.087200315504251696
leaf_weight=0.72512757705408137 0.62102742609931849 0.58626181139697997 0.53709611823433068 0.27194472876112741 0.28557981307676528 0.87796056438310177 0.6603762145496147 0.81155885896805557 0.41931057604961097 0.25844971623882873
leaf_count=40 38 27 15 22 17 20 15 33 27 23
internal_value=-0.0010772 0.00260277 0.0224468 -0.00548112 -0.0388369 0.00368018 -0.00733509 0.00757905 0.0494485 -0.0768413
internal_weight=6.05469 5.32957 1.54267 3.7869 0.815974 2.97092 2.09296 1.43259 1.00557 0.530394
internal_count=277 237 69 168 62 106 86 71 54 45
is_linear=0
shrinkage=0.1


Tree=373
num_leaves=11
num_cat=0
split_feature=0 8 3 5 6 1 1 5 1 6
split_gain=0.07138 0.0803667 0.171057 0.327256 0.138744 0.371971 0.193693 0.135305 0.214877 0.013461
threshold=0.91597561503675362 1.0000000180025095e-35 -0.22252093395631442 30.650000000000002 82.000000000000014 -0.12940952255126037 -0.98296291314453399 23.350000000000005 -0.12940952255126037 77.050000000000011
decision_type=2 2 2 2 2 2 2 2 2 2
left_child=1 -1 3 7 5 6 -4 -3 -9 -7
right_child=-2 2 4 -5 -6 9 -8 8 -10 -11
leaf_value=-0.012990523763666828 -0.021408805239750334 0.10344231128664688 -0.023493292862809795 -0.025133488832204745 0.032749291669824231 -0.06296685177233656 0.064456797773537883 0.086343251390888387 -0.0014468738134168664 -0.090316487077353527
leaf_weight=2.0584185604238883 1.3957899848464874 0.43410576879978213 0.55063011962920405 0.72920018594595593 0.61046231724321831 0.33927143891924094 0.45925240607903106 0.50363814946103957 0.62452852207934462 0.38324260932859033
leaf_count=34 24 2 9 20 5 31 66 43 34 9
internal_value=-0.00083827 0.00345177 0.0107549 0.0301813 -0.00824546 -0.0226912 0.0165027 0.0559999 0.0377445 -0.0774739
internal_weight=8.08854 6.69275 4.63433 2.29147 2.34286 1.7324 1.00988 1.56227 1.12817 0.722514
internal_count=277 253 219 99 120 115 75 79 77 40
is_linear=0
shrinkage=0.1


Tree=374
num_leaves=16
num_cat=0
split_feature=0 5 2 6 6 6 6 5 5 8 5 5 5 5 5
split_gain=0.0376421 0.0479229 0.0406705 0.0761256 0.064082 0.0931729 0.0575572 0.086455 2.50519e-05 3.00228e-06 9.2204e-07 3.31969e-07 1.72243e-07 8.31843e-10 3.20224e-11
threshold=-0.78656609248549303 23.350000000000005 -1.0000000180025095e-35 81.40000000000002 79.950000000000017 52.900000000000013 83.100000000000009 32.150000000000006 32.45000000000001 1.0000000180025095e-35 31.750000000000004 24.050000000000004 24.150000000000002 26.950000000000003 24.450000000000003
decision_type=2 2 2 2 2 2 2 2 2 2 2 2 2 2 2
left_child=1 -1 6 4 5 -4 7 10 -7 -3 12 -11 -2 14 -13
right_child=2 9 3 -5 -6 8 -8 -9 -10 11 -12 13 -14 -15 -16
leaf_value=0.0044964186472917266 -0.080486021436283542 -0.081666044494289089 0.055665501102032271 -0.035290380282429507 0.090059648500593018 -0.080190849610714821 0.085205101324164631 0.082148300296367521 -0.0838728152654796 -0.080732914486173202 -0.081040275651448224 -0.080024119022990503 -0.08008306373556609 -0.080072452072174241 -0.080007593927010637
leaf_weight=0.16872724401764572 0.022321725264191628 0.074126626785073313 0.11817705584689975 0.31789237495104317 0.12402874231338501 0.027815704941076547 0.15841042262036353 0.06140650250017643 0.055053394287824631 0.021216999739408493 0.027169136330485344 0.0023982793172763195 0.020213719566754662 0.0059001865336085757 0.0022945859154788195
leaf_count=9 3 9 6 13 1 68 3 2 1 2 3 9 73 44 31
internal_value=0.00393539 -0.0286016 0.0135191 -0.000494926 0.0335317 -0.0013413 0.0446414 -0.00436819 -0.0826369 -0.0813173 -0.0805852 -0.0805047 -0.0802945 -0.0800475 -0.080016
internal_weight=1.20715 0.274664 0.932489 0.642967 0.325075 0.201046 0.289522 0.131111 0.0828691 0.105937 0.0697046 0.0318101 0.0425354 0.0105931 0.00469287
internal_count=277 104 173 89 76 75 84 81 69 95 79 86 76 84 40
is_linear=0
shrinkage=0.1


Tree=375
num_leaves=7
num_cat=0
split_feature=6 5 5 1 5 1
split_gain=0.0605036 0.139754 0.170108 0.246201 0.0979977 0.108965
threshold=83.100000000000009 23.100000000000005 23.950000000000003 0.37940952255126026 24.450000000000003 -0.12940952255126037
decision_type=2 2 2 2 2 2
left_child=1 -1 -3 4 -4 -6
right_child=-2 2 3 -5 5 -7
leaf_value=0.040223302700077429 0.029354942549456659 -0.036089226286340439 -0.038650241959933863 0.06998220421082546 -0.010137708655924062 0.026597488935025688
leaf_weight=0.69593503698706616 0.65568527742288996 1.5300314408377742 0.73464958742260922 0.48166013375157479 2.5996553332915933 1.1712616690201691
leaf_count=6 11 20 7 36 163 34
internal_value=0.000271205 -0.00237253 -0.00692106 0.00202744 -0.00523715 0.00127239
internal_weight=7.86888 7.21319 6.51726 4.98723 4.50557 3.77092
internal_count=277 266 260 240 204 197
is_linear=0
shrinkage=0.1


Tree=376
num_leaves=14
num_cat=0
split_feature=3 6 6 2 5 2 2 5 5 6 5 5 5
split_gain=0.0881289 0.0782906 0.0280977 0.0714542 0.0254147 0.00371672 0.0208689 0.00267671 0.00988072 0.00159003 6.13246e-05 0.00238208 0.000917844
threshold=-0.56174490092936669 82.000000000000014 81.40000000000002 0.6078576107927941 24.150000000000002 -1.0000000180025095e-35 -0.8783796973249266 23.650000000000002 24.350000000000005 72.850000000000009 24.650000000000002 25.050000000000004 25.950000000000003
decision_type=2 2 2 2 2 2 2 2 2 2 2 2 2
left_child=7 2 3 5 -5 6 -2 -1 -9 -6 -10 -12 -13
right_child=1 -3 -4 4 9 -7 -8 8 10 -11 11 12 -14
leaf_value=-0.084436731123247524 0.072340964924872547 -0.016672209518996745 0.080846990006596176 -0.083317323314888003 0.0066672303195322502 0.075137386208072032 -0.044735617560962511 -0.083120250929491435 -0.010317985140297088 0.050975527617379196 0.035306346871574003 -0.0052974339232677217 -0.080015829889611062
leaf_weight=0.065541702933842316 0.07138222445610154 0.3680463718919782 0.15085241850465536 0.0599807258695364 0.018527965980865702 0.10283724905048075 0.01935284323644737 0.046212376175390091 0.0083590738649945706 0.014388764349860139 0.0085137917048996314 0.0031137141995714055 0.0034831586021937255
leaf_count=5 52 11 3 6 52 34 40 3 6 8 6 5 46
internal_value=0.00477171 0.0173143 0.0459171 0.0275233 -0.0445699 0.0621216 0.0473698 -0.0699298 -0.0562848 0.0260355 -0.00344531 0.000356593 -0.0447489
internal_weight=0.940592 0.805369 0.437322 0.28647 0.0928975 0.193572 0.0907351 0.135224 0.0696821 0.0329167 0.0234697 0.0151107 0.00659687
internal_count=277 206 195 192 66 126 92 71 66 60 63 57 51
is_linear=0
shrinkage=0.1


Tree=377
num_leaves=11
num_cat=0
split_feature=0 2 0 6 6 5 3 3 0 2
split_gain=0.0597576 0.189408 0.221769 0.138291 0.0459881 0.159396 0.0267969 4.73255e-06 3.80154e-07 8.05964e-08
threshold=1.0000000180025095e-35 0.87837969732492682 -0.91597561503675329 75.950000000000017 59.850000000000001 28.050000000000004 1.0000000180025095e-35 -0.56174490092936669 -0.70710678118654735 0.6078576107927941
decision_type=2 2 2 2 2 2 2 2 2 2
left_child=1 2 3 6 -2 -6 -1 -4 -9 -10
right_child=4 -3 7 -5 5 -7 -8 8 9 -11
leaf_value=-0.028322946755361081 0.019682806863572311 -0.085423505021010107 -0.081262891614942892 0.053003602659338123 0.027864018244197222 -0.025885096267448324 0.0063338847426358327 -0.08056387343250157 -0.0801185419373837 -0.080369222980266899
leaf_weight=0.42912974954924721 1.5250282236956993 0.32138782253605302 0.13373216342597516 0.56197745352983475 0.9669022825546566 1.2849877416301749 0.46470075094839558 0.11066877075427328 0.027582482012803777 0.023972130104084499
leaf_count=23 33 27 38 6 11 37 23 31 38 10
internal_value=-0.0012139 -0.0148556 -0.00190887 0.0141337 0.00627405 -0.00280664 -0.0103049 -0.0808225 -0.0804594 -0.0802351
internal_weight=5.85007 2.07315 1.75176 1.45581 3.77692 2.25189 0.893831 0.295956 0.162223 0.0515546
internal_count=277 196 169 52 81 48 46 117 79 48
is_linear=0
shrinkage=0.1


Tree=378
num_leaves=7
num_cat=0
split_feature=6 6 5 6 5 6
split_gain=0.0707071 0.103577 0.0902327 0.100204 0.295186 0.141799
threshold=83.100000000000009 81.40000000000002 23.350000000000005 74.350000000000009 23.850000000000005 62.150000000000013
decision_type=2 2 2 2 2 2
left_child=1 2 -1 4 -4 -6
right_child=-2 -3 3 -5 5 -7
leaf_value=-0.03471296018901595 -0.033467072788184851 0.035881121751856267 -0.087553807795503744 0.033013439000292209 -0.0085049372817687981 0.029985743886153094
leaf_weight=0.75075002387166012 0.60547524329740543 0.80676255311118428 0.3846774250268935 0.88878679815388739 2.9957424343883758 1.4064541761945291
leaf_count=8 11 9 5 32 106 106
internal_value=-0.000640389 0.00210747 -0.00213243 0.00217718 -0.00354824 0.00379242
internal_weight=7.83865 7.23317 6.42641 5.67566 4.78687 4.4022
internal_count=277 266 257 249 217 212
is_linear=0
shrinkage=0.1


Tree=379
num_leaves=14
num_cat=0
split_feature=0 6 5 2 2 3 6 5 2 5 6 6 6
split_gain=0.0385641 0.0437127 0.0515699 0.040267 0.110576 0.0470205 0.0208821 0.0523906 0.00695288 0.00661305 0.074953 2.83343e-06 2.75031e-08
threshold=-0.78656609248549303 71.850000000000009 23.350000000000005 0.87837969732492682 1.0000000180025095e-35 1.0000000180025095e-35 83.100000000000009 32.150000000000006 0.6078576107927941 23.750000000000004 53.550000000000004 71.450000000000017 68.050000000000011
decision_type=2 2 2 2 2 2 2 2 2 2 2 2 2
left_child=1 2 -1 4 5 6 7 -2 -6 -7 -11 12 -4
right_child=3 -3 11 -5 8 9 -8 -9 -10 10 -12 -13 -14
leaf_value=0.04079713688644046 -0.080238958063243784 -0.080973320000340257 -0.080057479563636194 0.074508899119416161 -0.08252422880245798 0.017991349136525104 0.08553540672665455 0.081928473115099612 -0.042586148849856592 0.04939499777796974 -0.082319550602313316 -0.081976350843505019 -0.080369519661951633
leaf_weight=0.11215112172067165 0.031107842899814386 0.099662957914915751 0.0040465688098265682 0.10030141137212922 0.088855924339895864 0.19351209793239832 0.14702121540904045 0.055400755256414413 0.085567568345595646 0.097737788921222091 0.077431187292859249 0.036363851628266275 0.0093540188963743276
leaf_count=3 57 24 57 21 17 3 2 2 23 5 43 4 16
internal_value=0.00482984 -0.0288682 0.00320372 0.0148815 0.00718073 0.027488 0.0625974 0.0236143 -0.0629317 0.00524898 -0.00882772 -0.0815183 -0.0802753
internal_weight=1.13851 0.261579 0.161916 0.876936 0.776634 0.602211 0.23353 0.0865086 0.174423 0.368681 0.175169 0.0497644 0.0134006
internal_count=277 104 80 173 152 112 61 59 40 51 48 77 73
is_linear=0
shrinkage=0.1


Tree=380
num_leaves=10
num_cat=0
split_feature=5 2 3 0 6 5 6 6 2
split_gain=0.0568996 0.202147 0.0470081 0.0787453 0.0643884 0.0447908 0.000125516 2.56198e-05 4.21579e-06
threshold=28.250000000000004 -0.8783796973249266 -0.22252093395631442 -0.78656609248549303 74.350000000000009 24.050000000000004 63.050000000000004 53.550000000000004 0.6078576107927941
decision_type=2 2 2 2 2 2 2 2 2
left_child=2 -2 4 5 -1 -4 7 -3 -9
right_child=1 6 3 -5 -6 -7 -8 8 -10
leaf_value=0.0046272220360143541 0.025634329299454736 -0.084214544878304223 -0.014285731330520836 0.026355014821020956 -0.026087031813217965 0.013300751751036084 -0.086927738452721171 -0.081430278958256164 -0.082468826137996623
leaf_weight=1.8554497312288734 0.34761840821010992 0.071887994941789546 1.3035463690757754 1.7005155757069585 1.079721540561877 1.0730738735292105 0.09815790140783065 0.080591941838065395 0.075895079273323063
leaf_count=38 34 14 12 35 24 31 30 38 21
internal_value=0.000310838 -0.0274379 0.00297855 0.00992552 -0.00667121 -0.00183009 -0.0839372 -0.0826518 -0.081934
internal_weight=7.68646 0.674151 7.01231 4.07714 2.93517 2.37662 0.326533 0.228375 0.156487
internal_count=277 137 140 78 62 43 103 73 59
is_linear=0
shrinkage=0.1


Tree=381
num_leaves=7
num_cat=0
split_feature=5 1 6 5 8 4
split_gain=0.0896038 0.0761687 7.93386e-09 3.72519e-10 2.58998e-10 1.91423e-11
threshold=24.050000000000004 0.78656609248549303 78.950000000000017 24.900000000000002 1.0000000180025095e-35 1.0000000180025095e-35
decision_type=2 2 2 2 2 2
left_child=-1 2 3 -2 -5 -6
right_child=1 -3 -4 4 5 -7
leaf_value=-0.012914413083810078 -0.080045290543919262 0.082369869448379582 -0.080154878770862845 -0.080038397714030249 -0.080014930929533434 -0.080006404026651615
leaf_weight=0.66581365779711632 0.0083414518703648355 0.20057299581822008 0.0059470517153386018 0.0055025905112415776 0.010414181039323012 0.0035235345294495355
leaf_count=34 18 14 6 19 113 73
internal_value=0.00580213 0.0589888 -0.0800501 -0.0800276 -0.08002 -0.0800128
internal_weight=0.900115 0.234302 0.0337288 0.0277818 0.0194403 0.0139377
internal_count=277 243 229 223 205 186
is_linear=0
shrinkage=0.1


Tree=382
num_leaves=12
num_cat=0
split_feature=1 5 2 5 5 6 5 5 0 6 3
split_gain=0.0532268 0.222915 0.0826217 0.168139 0.170414 0.135262 0.121049 0.074994 0.000341739 5.33252e-06 1.65828e-07
threshold=-0.98296291314453399 29.150000000000002 1.0000000180025095e-35 24.250000000000004 26.350000000000005 60.95000000000001 26.550000000000004 24.450000000000003 0.91597561503675362 57.650000000000013 -0.22252093395631442
decision_type=2 2 2 2 2 2 2 2 2 2 2
left_child=-1 2 3 -2 -5 -6 7 -4 9 -3 -11
right_child=1 8 6 4 5 -7 -8 -9 -10 10 -12
leaf_value=0.016452094936668167 -0.083760439041772064 -0.081471051138734776 0.016298779930347704 0.045258922790873096 0.017562088674579982 -0.052829047513125615 0.042326661179059297 -0.031861933293562274 -0.088038733798986524 -0.080565093413773381 -0.08024152711864993
leaf_weight=1.282215444371104 0.30134442073176604 0.18335628003478621 0.69938827885198429 0.51364230547551404 0.4601562612224368 0.67113083438266585 0.86369934664071468 0.60131138906581327 0.10371468216180801 0.032433471007152548 0.030957458287957706
leaf_count=15 24 34 19 30 19 39 23 27 1 23 23
internal_value=-0.00150454 -0.00666562 -0.000138663 -0.0150892 -0.00250892 -0.0241971 0.0133052 -0.00596584 -0.0832222 -0.0811977 -0.0804071
internal_weight=5.74335 4.46113 4.11067 1.94627 1.64493 1.13129 2.1644 1.3007 0.350462 0.246747 0.0633909
internal_count=277 262 181 112 88 58 69 46 81 80 46
is_linear=0
shrinkage=0.1


Tree=383
num_leaves=9
num_cat=0
split_feature=0 6 6 2 8 3 6 0
split_gain=0.0746043 0.0779383 0.0715921 0.142776 0.169797 0.225939 0.142522 0.046396
threshold=0.91597561503675362 83.100000000000009 81.40000000000002 0.6078576107927941 1.0000000180025095e-35 1.0000000180025095e-35 57.750000000000007 -0.91597561503675329
decision_type=2 2 2 2 2 2 2 2
left_child=1 2 3 4 -1 -6 -5 -8
right_child=-2 -3 -4 6 5 -7 7 -9
leaf_value=-0.041625954522598506 -0.021664434232001224 -0.030758854525978759 0.035683410111942739 -0.021549002403796529 0.02449436678903863 -0.039937099707587867 0.029276333415152164 0.075596233974705163
leaf_weight=1.0067709890718108 1.3690013370942322 0.58224678912665684 0.78554299875395361 0.34438052983023204 1.9472948401162287 0.75535877551737929 0.39809715448063798 0.47338600319926627
leaf_count=17 24 11 9 13 96 60 19 28
internal_value=-0.000508211 0.00409413 0.00764756 0.00317607 -0.00657161 0.00648656 0.0329148 0.0544371
internal_weight=7.66208 6.29308 5.71083 4.92529 3.70942 2.70265 1.21586 0.871483
internal_count=277 253 242 233 173 156 60 47
is_linear=0
shrinkage=0.1


Tree=384
num_leaves=14
num_cat=0
split_feature=0 6 5 2 2 3 6 5 2 5 5 6 6
split_gain=0.0361171 0.0389759 0.047044 0.0350374 0.100384 0.0441408 0.0185322 0.0473634 0.00730302 0.00537529 0.001875 2.50729e-06 2.40292e-08
threshold=-0.78656609248549303 71.850000000000009 23.350000000000005 0.87837969732492682 1.0000000180025095e-35 1.0000000180025095e-35 83.100000000000009 32.150000000000006 0.6078576107927941 23.750000000000004 32.45000000000001 71.450000000000017 68.050000000000011
decision_type=2 2 2 2 2 2 2 2 2 2 2 2 2
left_child=1 2 -1 4 5 6 7 -2 -6 -7 -11 12 -4
right_child=3 -3 11 -5 8 9 -8 -9 -10 10 -12 -13 -14
leaf_value=0.038197729934577263 -0.080209924272400118 -0.080892334657733045 -0.080056427913828568 0.072105206469666436 -0.082357394706086051 0.016955773527746951 0.085123820945663384 0.081762421204448044 -0.040418775404876137 0.0017403848609165128 -0.019684148031499579 -0.081912954141039232 -0.080357856157784846
leaf_weight=0.10714930761605501 0.027999122576147784 0.091326450299675344 0.0037685580481365841 0.093771218337678874 0.082384148975052085 0.19019178673624992 0.13654384389519691 0.0508243627846241 0.083712973054844042 0.092926401360273303 0.072889978066086769 0.034735091088805348 0.0088679124723967107
leaf_count=3 57 24 57 21 17 3 2 2 23 46 2 4 16
internal_value=0.00457084 -0.0291006 0.00150985 0.0145295 0.00720858 0.0271007 0.0628361 0.0242277 -0.0612203 0.00548246 -0.00767746 -0.0814741 -0.080268
internal_weight=1.07709 0.245847 0.154521 0.831244 0.737473 0.571375 0.215367 0.0788235 0.166097 0.356008 0.165816 0.0473716 0.0126365
internal_count=277 104 80 173 152 112 61 59 40 51 48 77 73
is_linear=0
shrinkage=0.1


Tree=385
num_leaves=12
num_cat=0
split_feature=5 6 3 0 5 1 5 8 0 0 1
split_gain=0.0529487 0.191513 0.0402538 0.0730876 0.0565666 0.0773725 0.038638 0.000140104 7.7462e-06 1.4713e-06 1.03405e-06
threshold=28.250000000000004 56.000000000000007 -0.22252093395631442 -0.78656609248549303 24.350000000000005 -0.12940952255126037 24.050000000000004 1.0000000180025095e-35 -0.98296291314453399 0.91597561503675362 -0.98296291314453399
decision_type=2 2 2 2 2 2 2 2 2 2 2
left_child=2 -2 4 6 -1 -6 -4 -3 -9 10 -10
right_child=1 7 3 -5 5 -7 -8 8 9 -11 -12
leaf_value=-0.025127373051817271 0.025662181649337042 -0.085264445587205334 -0.013806221164624589 0.025338460589944475 -0.016298291070812446 0.024542323635053612 0.011932009091104114 -0.082360255728761989 -0.080998044974888619 -0.081230802853874032 -0.080293475853450286
leaf_weight=1.017052435432561 0.33498808785225254 0.14147249609231949 1.2751116883009674 1.6678837356157599 0.92350176349282265 0.93204286781838142 1.0749492262257261 0.034795571118593216 0.029201038851169869 0.037125028669834137 0.072664168848859845
leaf_count=13 35 3 12 35 14 35 31 1 10 2 86
internal_value=0.000292194 -0.0269855 0.00286633 0.00932901 -0.00617311 0.00421601 -0.00203321 -0.082928 -0.0810259 -0.0806919 -0.0804955
internal_weight=7.54079 0.650246 6.89054 4.01794 2.8726 1.85554 2.35006 0.315258 0.173786 0.13899 0.101865
internal_count=277 137 140 78 62 49 43 102 99 98 96
is_linear=0
shrinkage=0.1


Tree=386
num_leaves=14
num_cat=0
split_feature=3 6 6 2 5 2 2 6 5 5 5 5 5
split_gain=0.0870231 0.0713709 0.025924 0.0562985 0.0267954 0.0031463 0.0188019 0.00286018 0.00262069 0.00951313 4.06255e-05 0.00190477 0.000895438
threshold=-0.56174490092936669 82.000000000000014 81.40000000000002 0.6078576107927941 24.900000000000002 -1.0000000180025095e-35 -0.8783796973249266 72.850000000000009 23.650000000000002 24.350000000000005 24.650000000000002 25.050000000000004 25.950000000000003
decision_type=2 2 2 2 2 2 2 2 2 2 2 2 2
left_child=8 2 3 5 -5 6 -2 -6 -1 -10 -11 -12 -13
right_child=1 -3 -4 4 7 -7 -8 -9 9 10 11 12 -14
leaf_value=-0.08428839588996756 0.070911340960629204 -0.014255745150321731 0.0808914714483044 -0.082552290881097432 0.011822552416842869 0.072741046878395582 -0.043103024552622396 0.076794579679747579 -0.082864746477455828 -0.0068272040802652553 0.034484162794018135 -0.001444303106664247 -0.080013871628204655
leaf_weight=0.063437542412430048 0.066513832340660883 0.34079055549955228 0.14945911895483732 0.052818434502114542 0.016547091829579585 0.092920416469496558 0.018482991489690903 0.011473536229459569 0.042616933824319858 0.0076627041999017811 0.0078203315642895177 0.0028714132422464908 0.0029313264833490393
leaf_count=5 52 11 3 13 50 34 40 3 3 6 6 5 46
internal_value=0.00653556 0.0195289 0.0477333 0.0285809 -0.0406183 0.0600225 0.0461183 0.0384265 -0.0698901 -0.0555966 -0.00100214 0.00227435 -0.0411347
internal_weight=0.876346 0.749006 0.408215 0.258756 0.0808391 0.177917 0.0849968 0.0280206 0.12734 0.0639027 0.0212858 0.0136231 0.00580274
internal_count=277 206 195 192 66 126 92 53 71 66 63 57 51
is_linear=0
shrinkage=0.1


Tree=387
num_leaves=9
num_cat=0
split_feature=9 5 5 6 6 5 6 8
split_gain=0.0537785 0.0654324 0.126898 0.13836 0.33848 0.0846561 0.0207768 8.67639e-05
threshold=1.0000000180025095e-35 24.250000000000004 26.350000000000005 68.600000000000009 61.350000000000001 30.650000000000002 64.90000000000002 1.0000000180025095e-35
decision_type=2 2 2 2 2 2 2 2
left_child=1 -1 6 4 5 -4 -3 -6
right_child=-2 2 3 -5 7 -7 -8 -9
leaf_value=-0.027161431935876303 -0.029428910215285264 0.05774866992873387 -0.010698867658526358 0.038186555562548567 -0.087595222196532194 0.028664034678931045 0.026649197284176453 -0.084928875931863101
leaf_weight=0.65683147110394191 0.59932410755482113 0.39899568096734572 1.4184760161588212 0.69426676500006568 0.2838180947874207 0.88865862395323336 0.46537985729810316 0.21410615340596439
leaf_count=39 37 11 46 22 4 29 38 51
internal_value=-0.00111591 0.00226394 0.0066931 -0.00178228 -0.0116748 0.00446288 0.0410047 -0.0864487
internal_weight=5.61986 5.02053 4.3637 3.49933 2.80506 2.30713 0.864376 0.497924
internal_count=277 240 201 152 130 75 49 55
is_linear=0
shrinkage=0.1


Tree=388
num_leaves=11
num_cat=0
split_feature=0 1 1 5 5 5 0 6 6 5
split_gain=0.0650699 0.0660647 0.29976 0.144054 0.154782 0.111468 0.000162345 7.11871e-05 8.97009e-06 1.68149e-06
threshold=0.91597561503675362 -0.12940952255126037 -0.98296291314453399 24.050000000000004 27.650000000000002 31.750000000000004 -0.91597561503675329 78.950000000000017 56.850000000000001 24.900000000000002
decision_type=2 2 2 2 2 2 2 2 2 2
left_child=1 2 -1 -3 7 6 -4 9 -8 -5
right_child=-2 3 5 4 -6 -7 8 -9 -10 -11
leaf_value=-0.013751999378126562 -0.020801274021927108 0.0061702095930397339 0.084701110994107667 -0.080871402706084283 0.0014098465717867286 -0.0074809282203195816 0.081812004055736048 -0.08336764948462845 0.080930066741395607 -0.080399730029092231
leaf_weight=1.2080364483408628 1.3334718325641004 3.2076382944360375 0.20593201554584073 0.14162490685703222 0.46134893596172333 0.17384636588394642 0.21059703904029492 0.13670552929397672 0.25492081480842899 0.16207660327199847
leaf_count=15 24 34 12 19 4 9 28 13 75 44
internal_value=-0.000772054 0.00356181 0.0182091 -0.00375698 -0.039069 0.0638856 0.0823633 -0.0814727 0.081329 -0.0806197
internal_weight=7.4962 6.16273 2.05333 4.10939 0.901756 0.845296 0.67145 0.440407 0.465518 0.303702
internal_count=277 253 139 114 80 124 115 76 103 63
is_linear=0
shrinkage=0.1


Tree=389
num_leaves=9
num_cat=0
split_feature=5 5 6 3 6 6 5 6
split_gain=0.0363659 0.0985232 4.80698e-06 1.32219e-06 3.27336e-07 7.22309e-07 1.13654e-08 1.08583e-09
threshold=32.150000000000006 24.050000000000004 90.600000000000009 1.0000000180025095e-35 53.550000000000004 86.250000000000014 31.550000000000004 51.850000000000009
decision_type=2 2 2 2 2 2 2 2
left_child=1 -1 3 6 -5 -6 7 -3
right_child=-2 2 -4 4 5 -7 -8 -9
leaf_value=0.010492706232715865 0.04386530525901508 -0.080088540395659921 -0.082066273311901083 -0.081075919594808629 -0.080074725556268295 -0.080954596305372106 -0.080174838979556379 -0.080031161693115638
leaf_weight=0.70249356870772317 0.18729361332952976 0.0041351052932441226 0.030680198222398758 0.038004018853825983 0.013726267778565671 0.029131348244845867 0.009569313406245783 0.016292998540507142
leaf_count=34 6 3 1 6 85 2 5 135
internal_value=0.00400256 -0.00484311 -0.0809585 -0.0806519 -0.0808623 -0.0806728 -0.0800849 -0.0800428
internal_weight=1.03133 0.844033 0.141539 0.110859 0.0808616 0.0428576 0.0299974 0.0204281
internal_count=277 271 237 236 93 87 143 138
is_linear=0
shrinkage=0.1


Tree=390
num_leaves=12
num_cat=0
split_feature=0 6 1 6 6 5 6 0 5 6 3
split_gain=0.0491364 0.312793 0.0955341 0.0667824 0.0806909 0.0504804 0.0405586 0.0922181 0.0826557 0.00869969 0.00300182
threshold=-0.70710678118654735 70.700000000000003 0.37940952255126026 61.250000000000007 56.000000000000007 26.950000000000003 71.850000000000009 -0.98296291314453399 25.150000000000002 59.650000000000013 -0.22252093395631442
decision_type=2 2 2 2 2 2 2 2 2 2 2
left_child=2 3 6 4 -2 -5 7 -1 -9 -6 -7
right_child=1 -3 -4 5 9 10 -8 8 -10 -11 -12
leaf_value=0.010981567294216434 0.023597040543651977 -0.086467632667074051 0.024530018584235511 3.9182148839964047e-05 -0.052282545780286453 0.048176200179495351 0.0090804580078216023 -0.0081495651179783208 -0.066027893010191588 -0.027003748398780548 0.033994248429503708
leaf_weight=0.80504482681862988 0.33040079774218689 0.45093955435368105 1.7940806988626716 0.58084672642871715 0.25939747272059321 0.31348638211784419 1.2848246223293243 0.54104326106607958 0.45360567092029669 0.28651612535031745 0.28487899781430315
leaf_count=24 32 30 39 9 26 21 15 9 36 16 20
internal_value=0.000334704 -0.0110453 0.00618136 0.00550083 -0.0154083 0.0210391 -0.00449096 -0.0141798 -0.0345447 -0.0390153 0.0414242
internal_weight=7.38507 2.50647 4.8786 2.05553 0.876314 1.17921 3.08452 1.79969 0.994649 0.545914 0.598365
internal_count=277 154 123 124 74 50 84 69 45 42 41
is_linear=0
shrinkage=0.1


Tree=391
num_leaves=7
num_cat=0
split_feature=5 1 6 5 8 2
split_gain=0.0810621 0.0689685 6.33159e-09 2.59431e-10 2.07625e-10 1.45351e-11
threshold=24.050000000000004 0.78656609248549303 78.950000000000017 24.900000000000002 1.0000000180025095e-35 -0.60785761079279388
decision_type=2 2 2 2 2 2
left_child=-1 2 3 -2 -5 -6
right_child=1 -3 -4 4 5 -7
leaf_value=-0.011663650002746197 -0.080040785381946533 0.082189553860895437 -0.080144658394197668 -0.080035524862396845 -0.080005776196390557 -0.080013611240306745
leaf_weight=0.62688216501555871 0.007493748711567604 0.18590188294183463 0.0053890114577370687 0.0051235991704743347 0.0031738317552480995 0.0093226318555252909
leaf_count=34 18 14 6 19 73 113
internal_value=0.00655272 0.059322 -0.0800463 -0.0800252 -0.0800186 -0.0800116
internal_weight=0.843287 0.216405 0.0305028 0.0251138 0.0176201 0.0124965
internal_count=277 243 229 223 205 186
is_linear=0
shrinkage=0.1


Tree=392
num_leaves=8
num_cat=0
split_feature=6 3 6 6 2 5 5
split_gain=0.0510727 0.259152 0.127704 0.107179 0.0963851 0.0872329 0.144728
threshold=56.650000000000013 -0.56174490092936669 59.550000000000004 60.550000000000004 0.87837969732492682 24.250000000000004 24.450000000000003
decision_type=2 2 2 2 2 2 2
left_child=1 -1 -2 -4 5 -5 -7
right_child=2 -3 3 4 -6 6 -8
leaf_value=0.037091526584231781 0.045522892549366263 -0.084719065894319878 -0.041357641127863977 -0.02292774861739082 -0.034307332298903918 0.072034292010368692 0.0076343081344170411
leaf_weight=0.33612160231859889 0.60859785198408634 0.36358268023650442 0.63455773997520726 0.62086199547047805 0.57353661902743613 0.42516415298450771 1.9470990386917035
leaf_count=5 28 38 15 36 27 7 121
internal_value=-0.000960905 -0.0262041 0.00271133 -0.00349045 0.00324664 0.0104427 0.0191763
internal_weight=5.50952 0.699704 4.80982 4.20122 3.56666 2.99313 2.37226
internal_count=277 43 234 206 191 164 128
is_linear=0
shrinkage=0.1


Tree=393
num_leaves=11
num_cat=0
split_feature=0 8 3 5 6 1 5 5 1 6
split_gain=0.0598384 0.0699028 0.134044 0.280744 0.120383 0.308673 0.17474 0.110036 0.181326 0.0137273
threshold=0.91597561503675362 1.0000000180025095e-35 -0.22252093395631442 30.650000000000002 82.000000000000014 -0.12940952255126037 31.150000000000002 23.350000000000005 -0.12940952255126037 77.050000000000011
decision_type=2 2 2 2 2 2 2 2 2 2
left_child=1 -1 3 7 5 6 -4 -3 -9 -7
right_child=-2 2 4 -5 -6 9 -8 8 -10 -11
leaf_value=-0.012720746342193993 -0.020259415800507274 0.099189798330391432 0.055778942860530235 -0.026170273551937073 0.032537940069978788 -0.059469076497767226 -0.03338102139194301 0.085721851703067092 0.00040230447312584149 -0.088872506120473899
leaf_weight=1.8673757140641098 1.3095381215680388 0.38648220896720875 0.49573679778040936 0.63931799712008786 0.55711581744253624 0.30196412481018442 0.39492431876715273 0.4320760790433269 0.58818198935477972 0.33484427601797506
leaf_count=34 24 2 59 20 5 31 16 43 34 9
internal_value=-0.000893023 0.00333521 0.0105938 0.0287768 -0.00725318 -0.0217662 0.0162449 0.0537484 0.0365349 -0.0749299
internal_weight=7.30756 5.99802 4.13064 2.04606 2.08459 1.52747 0.890661 1.40674 1.02026 0.636808
internal_count=277 253 219 99 120 115 75 79 77 40
is_linear=0
shrinkage=0.1


Tree=394
num_leaves=12
num_cat=0
split_feature=0 6 5 2 5 6 1 5 6 6 6
split_gain=0.0361206 0.034436 0.0407188 0.0265905 0.0359591 0.0875085 0.000831026 1.45249e-05 3.13605e-06 2.18326e-06 1.97361e-08
threshold=-0.78656609248549303 71.850000000000009 23.350000000000005 -0.8783796973249266 23.950000000000003 52.900000000000013 0.78656609248549303 32.45000000000001 90.600000000000009 71.450000000000017 68.050000000000011
decision_type=2 2 2 2 2 2 2 2 2 2 2
left_child=1 2 -1 6 -5 -6 -2 8 -7 10 -4
right_child=3 -3 9 4 5 7 -8 -9 -10 -11 -12
leaf_value=0.032781601472692386 0.050768265056932826 -0.080854949575524651 -0.080057846705496316 0.024825273323947988 0.035771522231823186 -0.08054298363555587 0.068014002838604079 -0.083219091652609586 -0.081857765451927259 -0.081856578526851451 -0.08034560530249818
leaf_weight=0.10420543886721134 0.056478582305317104 0.086226150341644825 0.0033456885976193016 0.41162550495937467 0.12647918629227206 0.052484242543073378 0.055300168227404356 0.04648229107260704 0.027724932879209518 0.032921582867857069 0.0082870948551772017
leaf_count=3 38 24 57 13 9 109 2 1 1 4 16
internal_value=0.00377862 -0.0305734 -0.00142853 0.0141733 0.00658565 -0.0230698 0.0593002 -0.0818126 -0.0809974 -0.0814405 -0.0802628
internal_weight=1.01156 0.234986 0.14876 0.776575 0.664796 0.253171 0.111779 0.126691 0.0802092 0.0445544 0.0116328
internal_count=277 104 80 173 133 120 40 111 110 77 73
is_linear=0
shrinkage=0.1


Tree=395
num_leaves=10
num_cat=0
split_feature=5 2 6 2 1 1 6 6 2
split_gain=0.0560406 0.180067 0.0465961 0.138694 0.0898335 0.0517135 9.41497e-05 3.23028e-05 2.10763e-06
threshold=28.250000000000004 -0.8783796973249266 74.350000000000009 1.0000000180025095e-35 -0.12940952255126037 0.60355339059327384 63.050000000000004 53.550000000000004 0.6078576107927941
decision_type=2 2 2 2 2 2 2 2 2
left_child=2 -2 3 4 -1 -4 7 -3 -9
right_child=1 6 5 -5 -6 -7 -8 8 -10
leaf_value=0.0079335005055201219 0.023969552924531342 -0.084369246728071001 -0.017907264371685268 -0.009976682708085086 0.049862107846286474 0.010350390150380716 -0.086515605798706596 -0.081383555979770109 -0.082172084053721617
leaf_weight=1.0662154867313804 0.31944569217739627 0.073077508124697377 1.6601925231516363 1.80828181351535 0.98129137221258167 1.0618716093595137 0.09184446147082781 0.070667519539711066 0.065144931524628191
leaf_count=17 34 14 18 34 33 38 30 38 21
internal_value=0.000423717 -0.0283124 0.00313304 0.0102048 0.0280283 -0.00688401 -0.0838472 -0.082674 -0.0817618
internal_weight=7.19803 0.62018 6.57785 3.85579 2.04751 2.72206 0.300734 0.20889 0.135812
internal_count=277 137 140 84 50 56 103 73 59
is_linear=0
shrinkage=0.1


Tree=396
num_leaves=12
num_cat=0
split_feature=3 6 6 6 6 2 5 5 5 5 5
split_gain=0.0732504 0.0697313 0.0217843 0.0533557 0.0202283 0.00650066 0.00200184 0.00818855 2.50732e-05 0.00147533 0.000744089
threshold=-0.56174490092936669 82.000000000000014 81.40000000000002 76.750000000000014 69.750000000000014 0.6078576107927941 23.650000000000002 24.350000000000005 24.650000000000002 25.050000000000004 25.950000000000003
decision_type=2 2 2 2 2 2 2 2 2 2 2
left_child=6 2 3 4 5 -2 -1 -8 -9 -10 -11
right_child=1 -3 -4 -5 -6 -7 7 8 9 10 -12
leaf_value=-0.083577064260143469 -0.080090747379157223 -0.01738476068498962 0.079245270134075119 -0.056151204866744686 0.068208833783873643 0.019404825662657391 -0.082624774381151067 -0.0067538833974024118 0.03115123626670957 -0.0023741876492688234 -0.080012188429289671
leaf_weight=0.053989807303878479 0.012132526896948548 0.31149276939686388 0.13249199697747827 0.056630861610756256 0.15906548721795843 0.014314441549913681 0.039267154748813482 0.0067533228284446514 0.0067876018583774567 0.0025014737257151864 0.0024371935431872771
leaf_count=5 95 11 3 13 40 44 3 6 6 5 46
internal_value=0.00534943 0.0175769 0.0466459 0.0288088 0.0547442 -0.0262387 -0.0697342 -0.056792 -0.0019001 0.000895258 -0.0406879
internal_weight=0.797865 0.686128 0.374635 0.242143 0.185512 0.026447 0.111737 0.0577467 0.0184796 0.0117263 0.00493867
internal_count=277 206 195 192 179 139 71 66 63 57 51
is_linear=0
shrinkage=0.1


Tree=397
num_leaves=12
num_cat=0
split_feature=1 5 2 2 0 5 6 0 5 6 3
split_gain=0.0498434 0.201342 0.0713027 0.133724 0.15488 0.0970604 0.0762853 0.000342475 5.81881e-05 2.094e-06 1.23335e-06
threshold=-0.98296291314453399 29.150000000000002 1.0000000180025095e-35 -0.8783796973249266 0.91597561503675362 26.550000000000004 71.200000000000017 0.91597561503675362 23.650000000000002 57.300000000000004 -0.56174490092936669
decision_type=2 2 2 2 2 2 2 2 2 2 2
left_child=-1 2 3 -2 8 6 -4 9 -5 -3 -11
right_child=1 7 5 4 -6 -7 -8 -9 -10 10 -12
leaf_value=0.01700598787313341 0.031837035632521479 -0.081250727651880461 -0.032017243243643904 -0.083690204201807838 -0.0084033982211910597 0.038997697130713938 0.017687013903573141 -0.088035326896967969 -0.081259069401998382 -0.081028356452664166 -0.080218072871145171
leaf_weight=1.1662461850792167 0.45965344119940699 0.1351828858241787 0.57149756624130554 0.22856019088067137 0.93639019876718521 0.83004784024024036 0.67171457708172966 0.10367867350578308 0.17294393231236427 0.034995182425973326 0.040553846741204325
leaf_count=15 26 32 19 12 11 23 27 1 63 11 37
internal_value=-0.00127633 -0.00637085 -0.00011976 -0.0146958 -0.0306828 0.0125179 -0.00516175 -0.08333 -0.082643 -0.0810151 -0.0805934
internal_weight=5.35146 4.18522 3.87081 1.79755 1.33789 2.07326 1.24321 0.314411 0.401504 0.210732 0.075549
internal_count=277 262 181 112 86 69 46 81 75 80 48
is_linear=0
shrinkage=0.1


Tree=398
num_leaves=7
num_cat=0
split_feature=6 6 5 6 5 6
split_gain=0.0584696 0.091385 0.0897443 0.0966371 0.267947 0.121719
threshold=83.100000000000009 81.40000000000002 23.350000000000005 74.350000000000009 23.850000000000005 62.150000000000013
decision_type=2 2 2 2 2 2
left_child=1 2 -1 4 -4 -6
right_child=-2 -3 3 -5 5 -7
leaf_value=-0.036266614417063962 -0.032568357191827178 0.035167059166290489 -0.086968512509597362 0.034424526121274494 -0.0081870204770387294 0.029060641506589987
leaf_weight=0.68317233957350243 0.52935443120077241 0.73672350280685339 0.35368600115180004 0.79269320830644563 2.7209587805336923 1.2948157526207067
leaf_count=8 11 9 5 32 106 106
internal_value=-0.000594535 0.00197693 -0.00220624 0.0023014 -0.00352627 0.00382283
internal_weight=7.1114 6.58205 5.84533 5.16215 4.36946 4.01577
internal_count=277 266 257 249 217 212
is_linear=0
shrinkage=0.1


Tree=399
num_leaves=9
num_cat=0
split_feature=6 5 5 6 6 3 6 5
split_gain=0.0406223 0.0639484 0.029553 0.0487942 0.0346356 0.0650755 1.14474e-06 4.31726e-08
threshold=86.250000000000014 23.100000000000005 32.150000000000006 71.450000000000017 81.40000000000002 0.81174490092936691 52.900000000000013 23.850000000000005
decision_type=2 2 2 2 2 2 2 2
left_child=1 -1 3 6 5 -5 -3 -8
right_child=-2 2 -4 4 -6 -7 7 -9
leaf_value=-0.081680023606065688 0.04443185049029387 -0.080938408716044852 0.041051397400981605 -0.012524751320634846 -0.032644971057980102 0.086692372343158505 -0.080320546105564272 -0.080090838876097789
leaf_weight=0.098624991602264345 0.19667488429695368 0.040724771111854352 0.16676713898777962 0.16678790508376551 0.1519003911762411 0.10951139940971188 0.012328327167779207 0.024327603762912986
leaf_count=7 5 12 6 44 13 8 3 179
internal_value=0.00386522 -0.00648332 0.0045471 -0.00749395 0.00571239 0.0268 -0.0805735 -0.0801681
internal_weight=0.967647 0.770973 0.672348 0.50558 0.4282 0.276299 0.0773807 0.0366559
internal_count=277 272 265 259 65 52 194 182
is_linear=0
shrinkage=0.1


Tree=400
num_leaves=11
num_cat=0
split_feature=5 2 6 5 5 6 6 6 6 2
split_gain=0.0490182 0.165359 0.0424767 0.0651162 0.0806895 0.23514 0.0106567 6.46445e-05 2.67866e-05 1.58978e-06
threshold=28.250000000000004 -0.8783796973249266 63.050000000000004 26.550000000000004 24.350000000000005 70.350000000000009 79.300000000000026 63.050000000000004 53.550000000000004 0.6078576107927941
decision_type=2 2 2 2 2 2 2 2 2 2
left_child=2 -2 -1 4 6 -6 -4 8 -3 -10
right_child=1 7 3 -5 5 -7 -8 -9 9 -11
leaf_value=0.019079079927272605 0.02206778437489049 -0.084085717050917358 -0.0099885517642508484 -0.026011014086008939 -0.020033015500551903 0.071672038672383892 0.0016082823971449558 -0.085825690327424972 -0.081289821072751844 -0.08200220520042828
leaf_weight=1.2955247929785398 0.31875169381964952 0.06863294465074421 1.6003861715435053 0.87634835659991939 0.54531710152514257 0.57381626055575907 1.5695159017341209 0.083398772492728312 0.065804456278783618 0.059788416385345045
leaf_count=22 34 14 24 24 16 35 19 30 38 21
internal_value=0.000356646 -0.0270746 0.0028887 -0.00117199 0.00390319 0.0269872 -0.0042466 -0.083497 -0.0824971 -0.081629
internal_weight=7.05728 0.596376 6.46091 5.16538 4.28904 1.11913 3.1699 0.277625 0.194226 0.125593
internal_count=277 137 140 118 94 51 43 103 73 59
is_linear=0
shrinkage=0.1


Tree=401
num_leaves=9
num_cat=0
split_feature=5 1 6 6 2 1 5 5
split_gain=0.0719836 0.0624992 4.63975e-09 2.51447e-10 1.73372e-10 3.02194e-11 2.57806e-11 7.29647e-12
threshold=24.050000000000004 0.78656609248549303 78.950000000000017 67.550000000000011 1.0000000180025095e-35 -0.37940952255126015 28.150000000000002 31.150000000000002
decision_type=2 2 2 2 2 2 2 2
left_child=-1 2 3 5 -5 7 -7 -2
right_child=1 -3 -4 4 -6 6 -8 -9
leaf_value=-0.011430291995270724 -0.080002613775639053 0.081977636942928103 -0.08013276675444983 -0.080018439449252673 -0.080043854329220843 -0.080013089188974179 -0.080025620791724317 -0.080010978861763588
leaf_weight=0.57779527165985201 0.0017652627194593143 0.16695545491529629 0.0048294435400748617 0.0041070821159792104 0.0077472012080761488 0.0039750646828906619 0.0027966033926531964 0.0025475587046912551
leaf_count=34 88 14 6 35 23 34 17 26
internal_value=0.00629056 0.0588729 -0.0800437 -0.0800249 -0.080035 -0.0800141 -0.0800183 -0.0800076
internal_weight=0.772519 0.194724 0.0277682 0.0229388 0.0118543 0.0110845 0.00677167 0.00431282
internal_count=277 243 229 223 58 165 51 114
is_linear=0
shrinkage=0.1


Tree=402
num_leaves=10
num_cat=0
split_feature=6 6 5 6 6 6 3 2 2
split_gain=0.0470743 0.102217 0.0670345 0.15194 0.15101 0.103601 0.100516 0.0177945 6.54769e-05
threshold=76.300000000000026 70.700000000000003 26.350000000000005 61.350000000000001 68.600000000000009 60.550000000000004 1.0000000180025095e-35 0.6078576107927941 -1.0000000180025095e-35
decision_type=2 2 2 2 2 2 2 2 2
left_child=1 2 -1 5 8 6 -4 -2 -5
right_child=7 -3 3 4 -6 -7 -8 -9 -10
leaf_value=0.02165060165503006 -0.047202483006657706 0.03388700598345324 0.012408511218267707 -0.087039573136335036 0.0018139671731745963 0.041665931062616769 -0.03466843081068044 -0.011066345627622078 -0.084642110586783045
leaf_weight=0.76587877896963652 0.2725545268949644 0.82463127082155541 0.97357436827587729 0.26141020126726744 0.33927393866179045 0.50491267471807066 0.8491003612325585 0.27252957868040539 0.20189779607244407
leaf_count=29 31 39 45 29 11 10 39 13 31
internal_value=-0.00131045 0.00190241 -0.0048674 -0.0113557 -0.0488756 0.00158159 -0.00952247 -0.0291352 -0.0859948
internal_weight=5.26576 4.72068 3.89605 3.13017 0.802582 2.32759 1.82267 0.545084 0.463308
internal_count=277 233 194 165 71 94 84 44 60
is_linear=0
shrinkage=0.1


Tree=403
num_leaves=9
num_cat=0
split_feature=0 6 6 2 5 6 8 0
split_gain=0.055752 0.0677852 0.0586266 0.120422 0.212115 0.129238 0.115624 0.0424773
threshold=0.91597561503675362 83.100000000000009 81.40000000000002 0.6078576107927941 23.100000000000005 57.750000000000007 1.0000000180025095e-35 -0.91597561503675329
decision_type=2 2 2 2 2 2 2 2
left_child=1 2 3 4 -1 -5 -6 -7
right_child=-2 -3 -4 5 6 7 -8 -9
leaf_value=-0.089810494517271397 -0.019458348712331104 -0.030917105903029703 0.033563332303391417 -0.024851476531452969 -0.031523050770318681 0.027989614573152879 0.012609602808716128 0.074527110213260903
leaf_weight=0.28049130365252528 1.2814196918625382 0.51599096634890873 0.72011065908009175 0.29341381878475636 0.80461509601445946 0.36655143944517476 2.264133799984847 0.42186001250593108
leaf_count=4 24 11 9 13 15 19 154 28
internal_value=-0.000621022 0.00363834 0.00709974 0.00279904 -0.00657019 0.0318054 0.00103818 0.0528907
internal_weight=6.94859 5.66717 5.15118 4.43107 3.34924 1.08183 3.06875 0.788411
internal_count=277 253 242 233 173 60 169 47
is_linear=0
shrinkage=0.1


Tree=404
num_leaves=7
num_cat=0
split_feature=6 5 5 8 6 6
split_gain=0.0333067 0.06082 0.0255877 0.0652345 0.0236535 0.053123
threshold=86.250000000000014 23.100000000000005 23.350000000000005 1.0000000180025095e-35 81.40000000000002 79.950000000000017
decision_type=2 2 2 2 2 2
left_child=1 -1 -3 -4 5 -5
right_child=-2 2 3 4 -6 -7
leaf_value=-0.081593312156418824 0.041232157034104738 0.055633377790603712 -0.080841426272787051 0.00021033552343005746 -0.023990688073600698 0.08584085331049135
leaf_weight=0.092005695914849639 0.19202438369393349 0.087327499873936176 0.089515732863674202 0.24090166102376998 0.13077374233762384 0.1036058358149603
leaf_count=7 5 3 42 211 7 2
internal_value=0.00410104 -0.00548073 0.0052577 -0.00253126 0.0122179 0.0259625
internal_weight=0.936155 0.74413 0.652124 0.564797 0.475281 0.344507
internal_count=277 272 265 262 220 213
is_linear=0
shrinkage=0.1


Tree=405
num_leaves=7
num_cat=0
split_feature=2 0 2 6 5 6
split_gain=0.0491412 0.071026 0.117188 0.0620363 0.1562 0.195889
threshold=0.87837969732492682 -0.98296291314453399 0.6078576107927941 74.350000000000009 24.350000000000005 68.050000000000011
decision_type=2 2 2 2 2 2
left_child=1 -1 3 4 -3 -6
right_child=-2 2 -4 -5 5 -7
leaf_value=0.02871910326034674 0.023026946190063825 0.058798078273095647 -0.037251916063752728 -0.012661646816994275 0.012307309021874281 -0.072899305539700865
leaf_weight=0.6365575953386714 0.83221007244901546 0.53636528179049614 1.0137444317206243 1.9878898845636284 1.5717397454245654 0.32573015048546938
leaf_count=22 37 8 33 40 114 23
internal_value=0.000238458 -0.00288485 -0.00658605 0.000444549 0.0111493 -0.00231973
internal_weight=6.90424 6.07203 5.43547 4.42173 2.43384 1.89747
internal_count=277 240 218 185 145 137
is_linear=0
shrinkage=0.1


Tree=406
num_leaves=14
num_cat=0
split_feature=3 6 6 2 5 2 2 6 5 5 5 5 5
split_gain=0.0708263 0.0656685 0.0196 0.0453618 0.0207438 0.00269677 0.016979 0.00242195 0.00207947 0.00816051 1.39737e-05 0.00118664 0.00075339
threshold=-0.56174490092936669 82.000000000000014 81.40000000000002 0.6078576107927941 24.900000000000002 -1.0000000180025095e-35 -0.8783796973249266 72.850000000000009 23.650000000000002 24.350000000000005 24.650000000000002 25.050000000000004 25.950000000000003
decision_type=2 2 2 2 2 2 2 2 2 2 2 2 2
left_child=8 2 3 5 -5 6 -2 -6 -1 -10 -11 -12 -13
right_child=1 -3 -4 4 7 -7 -8 -9 9 10 11 12 -14
leaf_value=-0.083461928467538443 0.070832718762111946 -0.015352418640562924 0.078865575062562449 -0.081933722885999316 0.010276227456378245 0.071981159455552543 -0.043209090665584905 0.076811146158281954 -0.082385095923092982 -0.0020218123213819115 0.031310702807968702 0.0032159462761979156 -0.080010778848696132
leaf_weight=0.052233511174563318 0.059361965367315861 0.29891167975438293 0.13176899356767535 0.04196405293623684 0.01401846298062992 0.080842458486586111 0.01673582540024654 0.0089728346938500181 0.035843270725308685 0.0062219595565693444 0.0064096498390426859 0.002290471937158145 0.0020712009563794709
leaf_count=5 52 11 3 13 50 34 40 3 3 6 6 5 46
internal_value=0.00688459 0.019153 0.0483164 0.0301753 -0.0401045 0.0592631 0.045752 0.0362429 -0.0693128 -0.0553252 0.0017512 0.00393065 -0.0363054
internal_weight=0.757646 0.652576 0.353665 0.221896 0.0649554 0.15694 0.0760978 0.0229913 0.10507 0.0528366 0.0169933 0.0107713 0.00436167
internal_count=277 206 195 192 66 126 92 53 71 66 63 57 51
is_linear=0
shrinkage=0.1


Tree=407
num_leaves=13
num_cat=0
split_feature=1 5 9 2 2 0 5 5 0 2 3 1
split_gain=0.0524927 0.189135 0.0547225 0.0717383 0.114653 0.133634 0.048105 0.012645 0.000303023 1.82206e-06 1.48316e-06 4.79334e-08
threshold=-0.98296291314453399 29.150000000000002 1.0000000180025095e-35 1.0000000180025095e-35 -0.8783796973249266 0.91597561503675362 26.550000000000004 24.150000000000002 0.91597561503675362 0.6078576107927941 -0.56174490092936669 -0.78656609248549325
decision_type=2 2 2 2 2 2 2 2 2 2 2 2
left_child=-1 2 3 4 -2 -6 7 -5 9 10 -3 -12
right_child=1 8 -4 6 5 -7 -8 -9 -10 -11 11 -13
leaf_value=0.017966245333397992 0.032719362078556573 -0.081045423718408283 -0.034894326600035379 0.01676143769302442 -0.082612287162423345 -0.0069943683012220403 0.036219892377613833 -0.007910392922095567 -0.087722565163503505 -0.08128908515447486 -0.080203011935650673 -0.080400021991451964
leaf_weight=1.1357434121891854 0.44460909894678469 0.05340096295026342 0.40663211230366858 0.35177292276057393 0.31564255308978839 0.90027096681296825 0.80443472258775728 0.50735499495931435 0.10035504400730133 0.092437159521068679 0.028432251649974205 0.021833376358699641
leaf_count=15 22 14 20 14 65 11 21 28 1 19 30 17
internal_value=-0.00102101 -0.00637579 -0.000266765 0.00396919 -0.0107348 -0.0266242 0.0186464 0.00219157 -0.0832534 -0.0809663 -0.0806784 -0.0802886
internal_weight=5.16292 4.02718 3.73072 3.32409 1.66052 1.21591 1.66356 0.859128 0.296459 0.196104 0.103667 0.0502656
internal_count=277 262 181 161 98 76 63 42 81 80 61 47
is_linear=0
shrinkage=0.1


Tree=408
num_leaves=9
num_cat=0
split_feature=0 6 1 5 5 5 5 0
split_gain=0.0522743 0.0588248 0.0610144 0.22858 0.153156 0.142122 0.0883347 8.39863e-05
threshold=0.91597561503675362 83.100000000000009 -0.98296291314453399 28.050000000000004 24.050000000000004 27.650000000000002 31.750000000000004 -0.91597561503675329
decision_type=2 2 2 2 2 2 2 2
left_child=1 2 -1 4 -4 -6 7 -5
right_child=-2 -3 3 6 5 -7 -8 -9
leaf_value=-0.014207387458105193 -0.019197205391856639 -0.029092539732987883 0.013662955012804793 0.083807144378133913 -0.081280438619956416 0.0028686915671355308 -0.003391196126475845 0.081140084992580006
leaf_weight=1.0947915967553847 1.2500423714518545 0.50544283108320076 2.4362542913295342 0.1685628895065745 0.37824131937668415 0.42760879546403885 0.15466124098747969 0.39416986999822268
leaf_count=15 24 11 28 12 71 4 9 103
internal_value=-0.000719746 0.0034347 0.00668751 0.0124649 0.00116267 -0.0366283 0.0635429 0.081939
internal_weight=6.80978 5.55973 5.05429 3.9595 3.2421 0.80585 0.717394 0.562733
internal_count=277 253 242 227 103 75 124 115
is_linear=0
shrinkage=0.1


Tree=409
num_leaves=9
num_cat=0
split_feature=6 5 5 6 6 3 6 5
split_gain=0.0314178 0.0563702 0.0242357 0.045004 0.0281248 0.0546464 9.28722e-07 2.62857e-08
threshold=86.250000000000014 23.100000000000005 32.150000000000006 71.450000000000017 81.40000000000002 0.81174490092936691 52.900000000000013 23.850000000000005
decision_type=2 2 2 2 2 2 2 2
left_child=1 -1 3 6 5 -5 -3 -8
right_child=-2 2 -4 4 -6 -7 7 -9
leaf_value=-0.081507801721804718 0.040574623244895712 -0.080874656563897918 0.037761948455165562 -0.010130550794919547 -0.029117844859367262 0.085171598050227434 -0.08027794166824348 -0.080085595512984803
leaf_weight=0.086439086124300957 0.18372730817645788 0.03800364542985335 0.16336843557655811 0.1586989357647326 0.14514211927280485 0.096906138108352025 0.010457546450197697 0.022160687715540917
leaf_count=7 5 12 6 44 13 8 3 179
internal_value=0.00365811 -0.00574676 0.00457045 -0.00693316 0.00603801 0.0260008 -0.0805387 -0.0801473
internal_weight=0.904904 0.721177 0.634738 0.471369 0.400747 0.255605 0.0706219 0.0326182
internal_count=277 272 265 259 65 52 194 182
is_linear=0
shrinkage=0.1


Tree=410
num_leaves=12
num_cat=0
split_feature=5 8 8 6 3 6 6 3 1 5 1
split_gain=0.0457392 0.154458 0.0438633 0.211139 0.141643 0.0609056 0.0343714 4.72512e-05 2.11138e-06 1.23104e-06 2.87281e-07
threshold=28.250000000000004 1.0000000180025095e-35 1.0000000180025095e-35 63.050000000000004 -0.22252093395631442 71.450000000000017 77.050000000000011 -0.56174490092936669 -0.37940952255126015 31.450000000000003 -0.98296291314453399
decision_type=2 2 2 2 2 2 2 2 2 2 2
left_child=2 -2 5 -4 -5 -1 -6 -3 9 10 -9
right_child=1 7 3 4 6 -7 -8 8 -10 -11 -12
leaf_value=-0.021764565764848601 0.02279418075209512 -0.083842862712191393 0.057868158286703733 -0.032960393813255766 0.029283008678290229 0.0075420617632142879 0.00018282315239952378 -0.080555560042849306 -0.08126930015968363 -0.080903306313115098 -0.080140990841028603
leaf_weight=1.3561225857120009 0.29743927484378219 0.069013535197882447 0.73314916447270695 0.97776379348943065 0.8391417200909923 1.4863628952298311 0.78613519028294832 0.026853125440538861 0.067266121630382147 0.063481114615569822 0.044275084663240705
leaf_count=20 4 28 16 31 32 27 14 9 8 17 71
internal_value=0.000191096 -0.0269568 0.00268822 0.0104655 -0.00288553 -0.00643985 0.0152075 -0.081584 -0.0808118 -0.0805832 -0.0802975
internal_weight=6.747 0.568328 6.17868 3.33619 2.60304 2.84249 1.62528 0.270889 0.201875 0.134609 0.0711282
internal_count=277 137 140 93 77 47 46 133 105 97 80
is_linear=0
shrinkage=0.1


Tree=411
num_leaves=7
num_cat=0
split_feature=5 1 6 5 8 2
split_gain=0.0674934 0.0564701 3.17072e-09 1.70851e-10 1.42843e-10 8.82552e-12
threshold=24.050000000000004 0.78656609248549303 78.950000000000017 24.900000000000002 1.0000000180025095e-35 -0.60785761079279388
decision_type=2 2 2 2 2 2
left_child=-1 2 3 -2 -5 -6
right_child=1 -3 -4 4 5 -7
leaf_value=-0.010646448269199612 -0.080036214864705274 0.08188230456670692 -0.080117865097117755 -0.080031657839808895 -0.08000475490238404 -0.080011670417195507
leaf_weight=0.54880578715528827 0.0064085624399012877 0.15686849248595536 0.004204737037071026 0.0043690320571840866 0.0024433689272882466 0.0075405759326940833
leaf_count=34 18 14 6 19 73 113
internal_value=0.00684831 0.0596502 -0.0800387 -0.0800226 -0.0800166 -0.08001
internal_weight=0.730641 0.181835 0.0249663 0.0207615 0.014353 0.00998394
internal_count=277 243 229 223 205 186
is_linear=0
shrinkage=0.1


Tree=412
num_leaves=11
num_cat=0
split_feature=1 5 2 8 3 5 5 5 0 2
split_gain=0.0422939 0.0891651 0.245255 0.124012 0.199013 0.12292 0.0641412 0.00104466 0.000171766 8.76046e-07
threshold=-0.98296291314453399 28.450000000000003 0.87837969732492682 1.0000000180025095e-35 -0.56174490092936669 26.650000000000002 25.350000000000005 28.750000000000004 0.91597561503675362 -0.60785761079279388
decision_type=2 2 2 2 2 2 2 2 2 2
left_child=-1 3 7 5 -5 -2 -6 -3 9 -9
right_child=1 2 -4 4 6 -7 -8 8 -10 -11
leaf_value=0.015762389335884305 -0.0031820784639854044 -0.093792089237416956 0.044328538410105568 -0.084928801022075395 0.015274518674087571 0.05303437322125374 -0.030736321821376429 -0.080281826088071856 -0.086013866495139757 -0.080857174524405259
leaf_weight=1.1302439598366616 0.9308479862811514 0.15997164406235231 0.21784266575195943 0.35635619666504692 0.8672579714329911 0.66812986868899316 0.46566490108671132 0.039689436523531185 0.1210907157510519 0.079423436497563671
leaf_count=15 39 8 14 31 35 9 38 45 2 41
internal_value=-0.00127366 -0.00620288 -0.0410525 0.000347003 -0.0185468 0.0203079 -0.000799655 -0.0875313 -0.0833617 -0.0806655
internal_weight=5.03652 3.90627 0.618018 3.28826 1.68928 1.59898 1.33292 0.400175 0.240204 0.119113
internal_count=277 262 110 152 104 48 73 96 88 86
is_linear=0
shrinkage=0.1


Tree=413
num_leaves=10
num_cat=0
split_feature=6 0 2 6 6 5 6 0 2
split_gain=0.0466403 0.111795 0.0830246 0.109086 0.150843 0.237441 0.131047 0.0752567 0.105783
threshold=55.350000000000001 0.91597561503675362 -0.60785761079279388 74.850000000000009 74.350000000000009 23.850000000000005 82.000000000000014 -0.78656609248549303 -0.8783796973249266
decision_type=2 2 2 2 2 2 2 2 2
left_child=-1 2 7 4 5 -4 -5 -2 -9
right_child=1 -3 3 6 -6 -7 -8 8 -10
leaf_value=0.023071993775169049 0.0044804156030387862 -0.032355392393483728 -0.08482942071303945 -0.036232156173324086 0.094507420478683768 0.034767578468011165 0.021893504437985128 -0.0020680072441430944 -0.076433365030607145
leaf_weight=0.74586661325884041 0.92119724947042414 1.0917742514284325 0.1966592092067011 0.74616370115836594 0.30484043981414277 1.0649002485915842 0.80778339842800051 0.39656595789710991 0.36951591476827095
leaf_count=33 30 23 4 29 3 100 11 26 18
internal_value=-0.000489215 -0.00346808 0.003092 0.0127554 0.0313784 0.0161241 -0.00601688 -0.0147789 -0.0379378
internal_weight=6.64527 5.8994 4.80763 3.12035 1.5664 1.26156 1.55395 1.68728 0.766082
internal_count=277 244 221 147 107 104 40 74 44
is_linear=0
shrinkage=0.1


Tree=414
num_leaves=9
num_cat=0
split_feature=6 5 5 8 2 6 1 6
split_gain=0.0247609 0.0531431 0.0249874 0.0564226 0.0215251 0.0715986 0.00983079 7.89085e-07
threshold=86.250000000000014 23.100000000000005 23.350000000000005 1.0000000180025095e-35 -0.8783796973249266 81.40000000000002 0.78656609248549303 72.850000000000009
decision_type=2 2 2 2 2 2 2 2
left_child=1 -1 -3 7 6 -6 -5 -4
right_child=-2 2 3 4 5 -7 -8 -9
leaf_value=-0.081426916574166078 0.036933412254260896 0.054846252574597909 -0.081064708625866871 0.022935838573089437 0.023869183978102587 -0.084237177039764952 0.083325462074765586 -0.080433421324234589
leaf_weight=0.079897985560819507 0.17979553900659084 0.087224385468289256 0.039490422102971934 0.061659532217390733 0.25968700851228732 0.080178683024314523 0.04789569228887558 0.039710994275765188
leaf_count=7 5 3 24 47 166 6 1 18
internal_value=0.00385226 -0.00469662 0.00525812 -0.00292408 0.0107909 -0.0016345 0.0493372 -0.0807482
internal_weight=0.87554 0.695745 0.615847 0.528622 0.449421 0.339866 0.109555 0.0792014
internal_count=277 272 265 262 220 172 48 42
is_linear=0
shrinkage=0.1


Tree=415
num_leaves=7
num_cat=0
split_feature=6 5 5 1 5 6
split_gain=0.0495096 0.102419 0.168485 0.198409 0.0662255 0.0995901
threshold=83.100000000000009 23.100000000000005 23.950000000000003 0.37940952255126026 24.450000000000003 64.90000000000002
decision_type=2 2 2 2 2 2
left_child=1 -1 -3 4 -4 -6
right_child=-2 2 3 -5 5 -7
leaf_value=0.037340613677199111 0.029006702838669803 -0.038681940265899231 -0.033970061484520843 0.070517662695866443 -0.010727731072949689 0.026843166730561963
leaf_weight=0.58870144747197617 0.55226925609167654 1.2561744550475848 0.61554926261305842 0.39509126267512318 2.1026237627638698 1.0618126176323128
leaf_count=6 11 20 7 36 136 61
internal_value=0.000351086 -0.00227777 -0.00657207 0.00308897 -0.0039588 0.00187902
internal_weight=6.57222 6.01995 5.43125 4.17508 3.77999 3.16444
internal_count=277 266 260 240 204 197
is_linear=0
shrinkage=0.1


Tree=416
num_leaves=13
num_cat=0
split_feature=3 6 6 2 5 2 6 5 5 5 5 5
split_gain=0.0653921 0.061687 0.0171416 0.0421977 0.0183354 0.00224283 0.00208654 0.00166767 0.00684257 1.57309e-05 0.00092688 0.000584329
threshold=-0.56174490092936669 82.000000000000014 81.40000000000002 0.6078576107927941 24.900000000000002 -1.0000000180025095e-35 72.850000000000009 23.650000000000002 24.350000000000005 24.650000000000002 25.050000000000004 25.950000000000003
decision_type=2 2 2 2 2 2 2 2 2 2 2 2
left_child=7 2 3 5 -5 -2 -6 -1 -9 -10 -11 -12
right_child=1 -3 -4 4 6 -7 -8 8 9 10 11 -13
leaf_value=-0.083203890682375728 0.046058616740463375 -0.016223107858072652 0.077334787925915568 -0.081830726634403633 0.010225789357382 0.070758286518717128 0.076099866472891686 -0.082223115367815 -0.0055072021143662518 0.026341469093997646 -0.0012118902832803987 -0.080009343279235687
leaf_weight=0.048500757126021199 0.071737050948968317 0.28012460713216569 0.12219984270632267 0.03865204856992932 0.012561121404587539 0.075407850961255463 0.0077905822690809137 0.033531903936818708 0.0055962368642212832 0.005788167123682797 0.0020568289655784611 0.0017348818064419902
leaf_count=5 92 11 3 13 50 34 3 3 6 6 5 46
internal_value=0.00608182 0.018249 0.0476583 0.0300668 -0.0413807 0.0587165 0.0354422 -0.070078 -0.057008 -0.00129481 0.00116593 -0.0372653
internal_weight=0.705682 0.608473 0.328348 0.206149 0.0590038 0.147145 0.0203517 0.0972088 0.048708 0.0151761 0.00957988 0.00379171
internal_count=277 206 195 192 66 126 53 71 66 63 57 51
is_linear=0
shrinkage=0.1


Tree=417
num_leaves=12
num_cat=0
split_feature=1 5 2 8 3 2 3 5 0 6 2
split_gain=0.0384667 0.0831114 0.220538 0.0941427 0.189626 0.187488 0.118823 0.000885326 0.000128329 2.31919e-05 5.86655e-07
threshold=-0.98296291314453399 28.450000000000003 0.87837969732492682 1.0000000180025095e-35 1.0000000180025095e-35 -0.60785761079279388 -0.22252093395631442 28.750000000000004 0.91597561503675362 74.350000000000009 -0.60785761079279388
decision_type=2 2 2 2 2 2 2 2 2 2 2
left_child=-1 3 7 6 5 -5 -2 -3 10 -7 -9
right_child=1 2 -4 4 -6 9 -8 8 -10 -11 -12
leaf_value=0.014947784842609259 0.044099667113458529 -0.092943240456198006 0.041078279517441113 0.016063237909995403 0.017605261324733681 -0.084281126835573636 -0.010887318601849346 -0.080280564639009205 -0.085432162371023856 -0.085595461164332198 -0.080767979233588416
leaf_weight=1.1142359459772704 0.81460133897780906 0.1529546956555804 0.20978170666785445 0.27863723121117812 0.810156543229823 0.29659831414869575 0.75929459158214785 0.03781542389151582 0.11076695472002029 0.24527493453933857 0.071164294069944845
leaf_count=15 20 8 14 18 40 31 28 45 2 15 41
internal_value=-0.00138458 -0.00618994 -0.0409374 0.000125989 -0.0167129 -0.0505981 0.0175723 -0.0871014 -0.0830352 -0.0848761 -0.0805988
internal_weight=4.90128 3.78705 0.582483 3.20456 1.63067 0.82051 1.5739 0.372701 0.219747 0.541873 0.10898
internal_count=277 262 110 152 104 64 48 96 88 46 86
is_linear=0
shrinkage=0.1


Tree=418
num_leaves=8
num_cat=0
split_feature=6 6 5 5 5 6 5
split_gain=0.050734 0.0722601 0.0884827 0.0915349 0.273597 0.143871 2.29074e-05
threshold=83.100000000000009 81.40000000000002 23.350000000000005 24.050000000000004 27.650000000000002 62.150000000000013 24.450000000000003
decision_type=2 2 2 2 2 2 2
left_child=1 2 -1 -4 6 -6 -5
right_child=-2 -3 3 4 5 -7 -8
leaf_value=-0.037449869953683997 -0.031322114049559292 0.032565711249067306 0.029033607778953335 -0.082155314846064711 -0.0067874508483842357 0.042459699885050946 -0.080584319332765234
leaf_weight=0.61968865897506464 0.49433979729656119 0.6853630476980469 1.0333702135831115 0.14012422239466138 2.4516692938595956 0.78256828316807503 0.27492241970321629
leaf_count=8 11 9 14 12 97 58 68
internal_value=-0.000532021 0.00200998 -0.00193955 0.00275978 -0.00468019 0.00512857 -0.0811147
internal_weight=6.48205 5.98771 5.30234 4.68265 3.64928 3.23424 0.415047
internal_count=277 266 257 249 235 155 80
is_linear=0
shrinkage=0.1


Tree=419
num_leaves=7
num_cat=0
split_feature=6 5 6 5 6 6
split_gain=0.0233289 0.0436134 0.0421451 1.15454e-05 2.91875e-06 5.60328e-07
threshold=50.650000000000006 24.050000000000004 56.650000000000013 32.45000000000001 90.600000000000009 86.250000000000014
decision_type=2 2 2 2 2 2
left_child=-1 -2 -3 4 5 -4
right_child=1 2 3 -5 -6 -7
leaf_value=0.05455596703086988 0.012615496755520362 0.013851836587134706 -0.080027833886728739 -0.083092007976640861 -0.081822046200136098 -0.080787644219720525
leaf_weight=0.083272394142113626 0.57152721105376258 0.077936032897923724 0.016233994514664118 0.044783946126699448 0.027215663343667984 0.024136004969477654
leaf_count=6 34 37 196 1 1 2
internal_value=0.00430192 -0.00119112 -0.0426552 -0.0818468 -0.0810217 -0.0804821
internal_weight=0.845105 0.761833 0.190306 0.11237 0.0675857 0.04037
internal_count=277 271 237 200 199 198
is_linear=0
shrinkage=0.1


Tree=420
num_leaves=10
num_cat=0
split_feature=5 2 6 2 1 3 6 6 2
split_gain=0.0423634 0.14964 0.0430761 0.0989274 0.0817938 0.0582183 6.29451e-05 1.72792e-05 2.58418e-06
threshold=28.250000000000004 -0.8783796973249266 74.350000000000009 1.0000000180025095e-35 -0.12940952255126037 -0.22252093395631442 63.050000000000004 53.550000000000004 0.6078576107927941
decision_type=2 2 2 2 2 2 2 2 2
left_child=2 -2 3 4 -1 -4 7 -3 -9
right_child=1 6 5 -5 -6 -7 -8 8 -10
leaf_value=0.0061365733280742164 0.022481818369838705 -0.08363573083772935 -0.027995277215816974 -0.0080051548359852762 0.048618251644303945 0.0042048138366967648 -0.085685321133424364 -0.081029263721786912 -0.082009598740175646
leaf_weight=0.97280966863036145 0.28791341831674799 0.060739691154594655 0.88048655207967419 1.6261342688230795 0.84857806965010274 1.5498408809071405 0.08063029143067979 0.053068604969666922 0.054506359452716424
leaf_count=17 34 14 24 34 33 32 30 38 21
internal_value=0.000279014 -0.0266107 0.00273501 0.00992268 0.0259286 -0.007461 -0.0833879 -0.0822873 -0.081526
internal_weight=6.41471 0.536858 5.87785 3.44752 1.82139 2.43033 0.248945 0.168315 0.107575
internal_count=277 137 140 84 50 56 103 73 59
is_linear=0
shrinkage=0.1


Tree=421
num_leaves=8
num_cat=0
split_feature=5 1 6 6 2 8 2
split_gain=0.0641642 0.0512274 1.96057e-09 1.27743e-10 8.11207e-11 3.10154e-11 7.05677e-12
threshold=24.050000000000004 0.78656609248549303 78.950000000000017 67.550000000000011 1.0000000180025095e-35 1.0000000180025095e-35 -0.60785761079279388
decision_type=2 2 2 2 2 2 2
left_child=-1 2 3 5 -5 -2 -7
right_child=1 -3 -4 4 -6 6 -8
leaf_value=-0.010484865571439936 -0.080022849277244859 0.081781329752740495 -0.080101419109402605 -0.080016910215510217 -0.08003602074533131 -0.080003694222642044 -0.080011149470521126
leaf_weight=0.51328977678713272 0.0022637318688794039 0.14773898926796392 0.0036085759384150142 0.0034856722728591194 0.006122950936514826 0.0016589177976129568 0.0054106679831420488
leaf_count=34 11 14 6 35 23 60 94
internal_value=0.00716188 0.060353 -0.0800339 -0.080021 -0.0800291 -0.0800127 -0.0800094
internal_weight=0.683579 0.17029 0.0225505 0.0189419 0.00960862 0.00933332 0.00706959
internal_count=277 243 229 223 58 165 154
is_linear=0
shrinkage=0.1


Tree=422
num_leaves=11
num_cat=0
split_feature=5 6 5 6 5 6 6 5 6 2
split_gain=0.035524 0.0671465 0.174439 0.0755684 0.177312 0.0763486 0.105507 0.170001 0.00736021 8.31354e-05
threshold=24.250000000000004 68.050000000000011 26.550000000000004 62.150000000000013 26.150000000000002 60.550000000000004 59.550000000000004 30.650000000000002 72.300000000000011 -1.0000000180025095e-35
decision_type=2 2 2 2 2 2 2 2 2 2
left_child=-1 3 8 5 -5 6 7 -2 -3 -6
right_child=1 2 -4 4 9 -7 -8 -9 -10 -11
leaf_value=-0.025132580200777962 -0.034147491347988203 0.0028797161822763182 0.069478529995723459 0.017122677514885474 -0.087539548492917646 0.030348132796160332 -0.044458318706856632 0.044015193097000874 -0.017576700835906563 -0.084375153689440638
leaf_weight=0.56038045244349621 0.5102418878495889 0.30334503552876391 0.46645011616737975 0.32281174394302059 0.19967468717891279 0.68269172613054241 0.56656939577806031 0.61203877677689889 0.41859733594174031 0.14211552710503383
leaf_count=40 38 11 27 11 23 20 15 33 31 28
internal_value=-0.00147492 0.00166324 0.0218146 -0.00622429 -0.0360262 0.0021274 -0.0092804 0.00847874 -0.00898134 -0.0862238
internal_weight=4.78492 4.22454 1.18839 3.03614 0.664602 2.37154 1.68885 1.12228 0.721942 0.34179
internal_count=277 237 69 168 62 106 86 71 42 51
is_linear=0
shrinkage=0.1


Tree=423
num_leaves=8
num_cat=0
split_feature=0 6 6 5 2 5 6
split_gain=0.0427925 0.0543486 0.0520556 0.0975243 0.0803981 0.141886 0.117236
threshold=0.91597561503675362 83.100000000000009 81.40000000000002 23.350000000000005 0.6078576107927941 24.050000000000004 78.450000000000017
decision_type=2 2 2 2 2 2 2
left_child=1 2 3 -1 6 -6 -5
right_child=-2 -3 -4 4 5 -7 -8
leaf_value=-0.034973285290842697 -0.017751610217156457 -0.028504036533582241 0.032630274682344099 -0.0091438363905802702 0.087088806711525912 0.0050724220467253797 0.053338899200375572
leaf_weight=0.5930298096500336 1.1657558411825446 0.48202798515558232 0.66695168364094559 2.1398285357863651 0.32714620977640141 0.5937584733874246 0.34931154822697852
leaf_count=8 24 11 9 160 4 55 6
internal_value=-0.00044999 0.00346485 0.00676459 0.00245512 0.00896417 0.0342083 -0.00037537
internal_weight=6.31781 5.15205 4.67003 4.00307 3.41004 0.920905 2.48914
internal_count=277 253 242 233 225 59 166
is_linear=0
shrinkage=0.1


Tree=424
num_leaves=9
num_cat=0
split_feature=6 5 5 6 6 1 6 5
split_gain=0.0262988 0.0485122 0.0218826 0.0407318 0.0240639 0.025563 7.37075e-07 1.80546e-08
threshold=86.250000000000014 23.100000000000005 32.150000000000006 71.450000000000017 81.40000000000002 0.60355339059327384 52.900000000000013 23.850000000000005
decision_type=2 2 2 2 2 2 2 2
left_child=1 -1 3 6 5 -5 -3 -8
right_child=-2 2 -4 4 -6 -7 7 -9
leaf_value=-0.081348736681248535 0.038803775193871952 -0.080821021803565762 0.037196857043479456 -0.0025648502685967425 -0.028609777153869156 0.064492579580235104 -0.080255591374316482 -0.08008584097114238
leaf_weight=0.074232858780305833 0.1710789455100894 0.03523816482629627 0.15135887265205383 0.13826620171585091 0.13008799607678156 0.096541776734056839 0.0091817713109776378 0.019728058503687862
leaf_count=7 5 12 6 30 13 22 3 179
internal_value=0.00389339 -0.0052299 0.00450561 -0.00702726 0.00589156 0.0250059 -0.080514 -0.0801398
internal_weight=0.825715 0.654636 0.580403 0.429044 0.364896 0.234808 0.064148 0.0289098
internal_count=277 272 265 259 65 52 194 182
is_linear=0
shrinkage=0.1


Tree=425
num_leaves=9
num_cat=0
split_feature=2 0 0 0 6 2 6 3
split_gain=0.0445969 0.061544 0.106174 0.0825394 0.263616 0.107561 0.0742116 9.77494e-05
threshold=0.87837969732492682 -0.98296291314453399 -0.91597561503675329 -0.70710678118654735 66.550000000000011 -1.0000000180025095e-35 61.250000000000007 -0.56174490092936669
decision_type=2 2 2 2 2 2 2 2
left_child=1 -1 -3 5 6 -4 -5 -6
right_child=-2 2 3 4 7 -7 -8 -9
leaf_value=0.028221357893348443 0.023568982423408314 -0.027459469823239303 -0.0020217776273559339 -0.013390752133221244 -0.084457344980410992 0.051416626139858958 0.03191773869609716 -0.081288767137386364
leaf_weight=0.57940186659106885 0.73627666190259322 1.5971959911730658 0.87672642228062614 0.72224266439843787 0.21659046455351927 0.6603600554317377 0.72377281450280861 0.17686490396772581
leaf_count=22 37 30 30 66 14 22 28 28
internal_value=0.000443223 -0.00262295 -0.00621607 0.00383259 -0.0104595 0.0209363 0.00928747 -0.083033
internal_weight=6.28943 5.55316 4.97375 3.37656 1.83947 1.53709 1.44602 0.393455
internal_count=277 240 218 188 136 52 94 42
is_linear=0
shrinkage=0.1


Tree=426
num_leaves=7
num_cat=0
split_feature=6 1 6 5 6 5
split_gain=0.0642776 0.0732689 3.94638e-08 7.84668e-09 1.8063e-09 1.60903e-10
threshold=82.000000000000014 0.78656609248549303 81.65000000000002 23.850000000000005 78.950000000000017 24.900000000000002
decision_type=2 2 2 2 2 2
left_child=1 2 3 -1 5 -5
right_child=-2 -3 -4 4 -6 -7
leaf_value=-0.080120625420599889 -0.025326073009365409 0.054190953233050433 -0.080358089794756393 -0.080033814771307582 -0.080103334517913793 -0.080014499588763874
leaf_weight=0.019188207341358066 0.31127821277732437 0.31276703748153523 0.0055454154498875132 0.0066948977710126192 0.0031370729629998087 0.012121756887040647
leaf_count=17 14 16 1 20 4 205
internal_value=0.00794009 0.0367477 -0.0801077 -0.0800739 -0.0800331 -0.0800214
internal_weight=0.670733 0.359454 0.0466874 0.0411419 0.0219537 0.0188167
internal_count=277 263 247 246 229 225
is_linear=0
shrinkage=0.1


Tree=427
num_leaves=8
num_cat=0
split_feature=6 3 6 6 2 6 2
split_gain=0.0365177 0.221992 0.10794 0.0948381 0.0941921 0.132489 0.105018
threshold=56.650000000000013 -0.56174490092936669 59.550000000000004 60.550000000000004 0.87837969732492682 60.95000000000001 1.0000000180025095e-35
decision_type=2 2 2 2 2 2 2
left_child=1 -1 -2 -4 5 -5 -7
right_child=2 -3 3 4 -6 6 -8
leaf_value=0.038680118162180879 0.044405484467195305 -0.084294109525422711 -0.042434447026966471 0.083765357306439428 -0.037581188695570839 -0.013393670284872214 0.030581167064934991
leaf_weight=0.28382515822886489 0.51779372637975019 0.30404824964898569 0.55516401673958204 0.2237400871235885 0.49060938732873172 1.4411781376485353 0.87145445393207399
leaf_count=5 28 38 15 4 27 112 48
internal_value=-0.00161373 -0.0249222 0.00172837 -0.00444054 0.00252774 0.010286 0.00317708
internal_weight=4.68781 0.587873 4.09994 3.58215 3.02698 2.53637 2.31263
internal_count=277 43 234 206 191 164 160
is_linear=0
shrinkage=0.1


Tree=428
num_leaves=11
num_cat=0
split_feature=0 8 3 5 6 1 5 5 1 6
split_gain=0.0442987 0.0598039 0.117879 0.223743 0.0969269 0.244626 0.131801 0.0813943 0.153872 0.00873015
threshold=0.91597561503675362 1.0000000180025095e-35 -0.22252093395631442 30.650000000000002 82.000000000000014 -0.12940952255126037 31.150000000000002 23.350000000000005 -0.12940952255126037 77.800000000000026
decision_type=2 2 2 2 2 2 2 2 2 2
left_child=1 -1 3 7 5 6 -4 -3 -9 -7
right_child=-2 2 4 -5 -6 9 -8 8 -10 -11
leaf_value=-0.012935529907370747 -0.018472975413386883 0.095019350036542369 0.052645112813429484 -0.02430020575800574 0.030766505668478585 -0.061364278487592218 -0.033025158370250024 0.085185024914252006 0.00078656596880196392 -0.087162898349287657
leaf_weight=1.5540698449040062 1.1371672465465961 0.33152133226394631 0.40892972872643385 0.54607478719844937 0.47072310745716084 0.2574576040569817 0.32019097646116279 0.3776014627655967 0.5048093719087775 0.26740414521191269
leaf_count=34 24 2 59 20 5 32 16 43 34 8
internal_value=-0.000645315 0.00337808 0.0106534 0.0288603 -0.00792606 -0.0224506 0.0150233 0.052774 0.0369024 -0.074508
internal_weight=6.17595 5.03878 3.48471 1.76001 1.72471 1.25398 0.729121 1.21393 0.882411 0.524862
internal_count=277 253 219 99 120 115 75 79 77 40
is_linear=0
shrinkage=0.1


Tree=429
num_leaves=10
num_cat=0
split_feature=6 3 6 5 5 6 6 0 6
split_gain=0.0211845 0.047183 0.0220867 0.0249932 0.0518466 0.0355838 4.05088e-06 2.24661e-07 2.44358e-10
threshold=86.250000000000014 -0.56174490092936669 50.650000000000006 23.100000000000005 23.350000000000005 79.950000000000017 84.100000000000009 -0.91597561503675329 79.300000000000026
decision_type=2 2 2 2 2 2 2 2 2
left_child=1 6 -3 -4 -5 -6 7 -1 -9
right_child=-2 2 3 4 5 -7 -8 8 -10
leaf_value=-0.080659329593879545 0.036212081624079205 0.055218559247753762 -0.080727714912892323 0.0848848569917902 -0.042566057511811424 0.018475249458938223 -0.082021306695951701 -0.080150967653730754 -0.080177493614499593
leaf_weight=0.026504214164106088 0.165058852173388 0.077480655629187822 0.037469184026122093 0.067794047296047211 0.17887463911858958 0.20488984923576936 0.03004542738199234 0.0073885972183234117 0.0065528438271940104
leaf_count=18 5 5 5 1 181 11 1 45 5
internal_value=0.00428524 -0.00398762 0.00561273 -0.00224672 0.00426543 -0.00997642 -0.0811418 -0.0804884 -0.0801634
internal_weight=0.802058 0.636999 0.566508 0.489028 0.451559 0.383764 0.0704911 0.0404457 0.0139414
internal_count=277 272 203 198 193 192 69 68 50
is_linear=0
shrinkage=0.1


Tree=430
num_leaves=10
num_cat=0
split_feature=5 2 3 0 6 6 6 6 2
split_gain=0.0439306 0.138331 0.0336171 0.0760086 0.0435198 0.04021 6.31126e-05 1.36051e-05 1.87396e-06
threshold=28.250000000000004 -0.8783796973249266 -0.22252093395631442 -0.78656609248549303 74.350000000000009 72.300000000000011 63.050000000000004 53.550000000000004 0.6078576107927941
decision_type=2 2 2 2 2 2 2 2 2
left_child=2 -2 4 5 -1 -4 7 -3 -9
right_child=1 6 3 -5 -6 -7 -8 8 -10
leaf_value=0.0040446657753809429 0.019953923097772306 -0.083417600032898886 0.0098668379649596311 0.027386739391827522 -0.024465209853676888 -0.019231083136139065 -0.08562918501776233 -0.08105520570903868 -0.081909871739832912
leaf_weight=1.4776635141461159 0.28294566893600859 0.057213062227674416 1.0382286905078215 1.3738193949684501 0.83967201871564601 0.8752837795764209 0.079515995522342564 0.050048418574988318 0.052635545326666033
leaf_count=38 34 14 31 35 24 12 30 38 21
internal_value=0.000353527 -0.0273828 0.00293857 0.00944103 -0.00628571 -0.00344321 -0.0833268 -0.0821818 -0.0814933
internal_weight=6.12703 0.522359 5.60467 3.28733 2.31734 1.91351 0.239413 0.159897 0.102684
internal_count=277 137 140 78 62 43 103 73 59
is_linear=0
shrinkage=0.1


Tree=431
num_leaves=7
num_cat=0
split_feature=5 1 6 5 8 2
split_gain=0.0618668 0.0437932 1.32039e-09 8.12236e-11 7.9714e-11 4.08838e-12
threshold=24.050000000000004 0.78656609248549303 78.950000000000017 24.900000000000002 1.0000000180025095e-35 -0.60785761079279388
decision_type=2 2 2 2 2 2
left_child=-1 2 3 -2 -5 -6
right_child=1 -3 -4 4 5 -7
leaf_value=-0.011149806377826192 -0.080028963580460979 0.081674210373915188 -0.080089098458883359 -0.08002600396710223 -0.080003762737679715 -0.080009093397597125
leaf_weight=0.48116272295374074 0.0048783083366288329 0.13511690852465108 0.0031448375993932123 0.0034859380421039523 0.001926595965642262 0.0056820907455517071
leaf_count=34 18 14 6 19 73 113
internal_value=0.00651671 0.0616306 -0.0800299 -0.0800182 -0.0800135 -0.0800077
internal_weight=0.635397 0.154235 0.0191178 0.0159729 0.0110946 0.00760869
internal_count=277 243 229 223 205 186
is_linear=0
shrinkage=0.1


Tree=432
num_leaves=11
num_cat=0
split_feature=1 5 2 8 3 5 1 5 0 2
split_gain=0.0390411 0.0675166 0.210733 0.0900204 0.16533 0.103913 0.0613733 0.000583227 0.000116566 6.07925e-07
threshold=-0.98296291314453399 28.450000000000003 0.87837969732492682 1.0000000180025095e-35 -0.56174490092936669 26.650000000000002 -1.0000000180025095e-35 28.750000000000004 0.91597561503675362 -0.60785761079279388
decision_type=2 2 2 2 2 2 2 2 2 2
left_child=-1 3 7 5 -5 -2 -6 -3 9 -9
right_child=1 2 -4 4 6 -7 -8 8 -10 -11
leaf_value=0.015768555088223689 -0.0053633275839081972 -0.09131791816273338 0.040386905324844291 -0.084038944952902539 -0.03250935631141906 0.048612762701413494 0.014872349715662437 -0.08026415349260517 -0.085325977634654659 -0.080775304625550062
leaf_weight=1.0050468221306799 0.85855804765014909 0.13851585985599957 0.21099086088725016 0.30090720512021119 0.41449805287993513 0.61013749497942626 0.80293520728446333 0.034724191838449769 0.10410880856215954 0.07052265106528921
leaf_count=15 39 8 14 31 34 9 39 45 2 41
internal_value=-0.00162869 -0.00655975 -0.0384612 -0.000591126 -0.017665 0.0170599 -0.00125964 -0.086284 -0.0829535 -0.0806067
internal_weight=4.55095 3.5459 0.558862 2.98704 1.51834 1.4687 1.21743 0.347872 0.209356 0.105247
internal_count=277 262 110 152 104 48 73 96 88 86
is_linear=0
shrinkage=0.1


Tree=433
num_leaves=7
num_cat=0
split_feature=6 6 5 6 6 6
split_gain=0.0451288 0.0591305 0.072948 0.0778755 0.0978269 0.107624
threshold=83.100000000000009 81.40000000000002 23.350000000000005 76.750000000000014 71.450000000000017 62.150000000000013
decision_type=2 2 2 2 2 2
left_child=1 2 -1 4 5 -4
right_child=-2 -3 3 -5 -6 -7
leaf_value=-0.035741807036577859 -0.03098385936976495 0.030808772759859233 -0.0080464811528492275 0.040908803387010501 -0.044352467526898365 0.030251779357269588
leaf_weight=0.55583022767677892 0.44583529199007887 0.63471181876957405 2.3347325062713944 0.47583984164521087 0.47728544669007522 1.070044753739239
leaf_count=8 11 9 107 19 30 93
internal_value=-0.000374316 0.00208526 -0.00162499 0.00272646 -0.00195371 0.0039898
internal_weight=5.99428 5.54844 4.91373 4.3579 3.88206 3.40478
internal_count=277 266 257 249 230 200
is_linear=0
shrinkage=0.1


Tree=434
num_leaves=11
num_cat=0
split_feature=6 3 5 6 2 6 6 5 0 6
split_gain=0.0189533 0.04145 0.0192498 0.0517828 0.00298302 2.53935e-06 3.58165e-07 2.91761e-07 1.51711e-07 1.89142e-10
threshold=86.250000000000014 -0.56174490092936669 32.150000000000006 71.450000000000017 -1.0000000180025095e-35 84.100000000000009 52.900000000000013 23.350000000000005 -0.91597561503675329 79.300000000000026
decision_type=2 2 2 2 2 2 2 2 2 2
left_child=1 5 3 6 -5 8 -3 -8 -1 -10
right_child=-2 2 -4 4 -6 -7 7 -9 9 -11
leaf_value=-0.080579137664616038 0.034598828908655309 -0.080809397386358131 0.037169279046822087 0.020576734685470222 0.0014813181884344236 -0.081724274440309358 -0.080650765323050821 -0.080130214093771412 -0.080141442561418891 -0.080165731205316934
leaf_weight=0.023734671244085348 0.16323228739202023 0.032288256759784417 0.13902928028255701 0.16739929784125707 0.16000133072111566 0.025816949084401131 0.019924324005842209 0.02342721027770267 0.0068442625562283865 0.0060315540777082788
leaf_count=18 5 11 6 21 29 1 2 134 45 5
internal_value=0.00436228 -0.00380249 0.0050839 -0.00598399 0.0112448 -0.0809648 -0.0805573 -0.0803695 -0.0804292 -0.0801528
internal_weight=0.767729 0.604497 0.54207 0.40304 0.327401 0.0624274 0.0756398 0.0433515 0.0366105 0.0128758
internal_count=277 272 203 197 50 69 147 136 68 50
is_linear=0
shrinkage=0.1


Tree=435
num_leaves=11
num_cat=0
split_feature=5 6 3 0 6 6 8 0 1 1
split_gain=0.0399483 0.130042 0.0334578 0.0693729 0.0481364 0.036259 5.7279e-05 2.0942e-06 9.43476e-07 4.31798e-07
threshold=28.250000000000004 56.000000000000007 -0.22252093395631442 -0.78656609248549303 74.350000000000009 74.350000000000009 1.0000000180025095e-35 -0.98296291314453399 -0.98296291314453399 -0.37940952255126015
decision_type=2 2 2 2 2 2 2 2 2 2
left_child=2 -2 5 4 -4 -1 -3 -8 -9 -10
right_child=1 6 3 -5 -6 -7 7 8 9 -11
leaf_value=0.0031991793264431081 0.019904780487601678 -0.083959825908029306 0.011324711138459988 0.026786336909426847 -0.020825870323082554 -0.022994183335008189 -0.081615434815781415 -0.081083729296601667 -0.080128871237332422 -0.080639198076281574
leaf_weight=1.4517681096913295 0.27388446039913095 0.11134071042761207 1.0521907265065236 1.3495267162797973 0.83545102551579487 0.83099057566141699 0.024251868948340416 0.025861185640678741 0.034821641962480498 0.031649568880311563
leaf_count=38 35 3 34 35 9 24 1 10 78 10
internal_value=0.000479422 -0.0265344 0.00293521 0.00947298 -0.00290481 -0.00633597 -0.0823377 -0.0807885 -0.0805712 -0.0803719
internal_weight=6.02174 0.501809 5.51993 3.23717 1.88764 2.28276 0.227925 0.116584 0.0923324 0.0664712
internal_count=277 137 140 78 43 62 102 99 98 88
is_linear=0
shrinkage=0.1


Tree=436
num_leaves=8
num_cat=0
split_feature=3 6 6 6 6 2 5
split_gain=0.0619318 0.0542871 0.0137852 0.0365281 0.0143623 0.00481345 0.00113613
threshold=-0.56174490092936669 82.000000000000014 81.40000000000002 76.750000000000014 69.750000000000014 0.6078576107927941 23.650000000000002
decision_type=2 2 2 2 2 2 2
left_child=6 2 3 4 5 -2 -1
right_child=1 -3 -4 -5 -6 -7 -8
leaf_value=-0.082847668752637646 -0.080077296998045208 -0.014367937646616128 0.077082407866615119 -0.054029412323598126 0.068184368842644741 0.02200679936635723 -0.059799615247841532
leaf_weight=0.043364222467062064 0.0087616284668001754 0.24697718556853943 0.11106500774621964 0.038534189221536508 0.1228325143206348 0.0097687899193488192 0.042201213794271553
leaf_count=5 95 11 3 13 40 44 66
internal_value=0.00754287 0.0201124 0.0493803 0.0322776 0.0558041 -0.026261 -0.0714803
internal_weight=0.623505 0.537939 0.290962 0.179897 0.141363 0.0185304 0.0855654
internal_count=277 206 195 192 179 139 71
is_linear=0
shrinkage=0.1


Tree=437
num_leaves=11
num_cat=0
split_feature=0 2 0 6 2 6 5 3 2 2
split_gain=0.0365103 0.146216 0.15439 0.085077 0.0597009 0.0373591 0.105775 1.46106e-06 2.7395e-07 8.99574e-08
threshold=1.0000000180025095e-35 0.87837969732492682 -0.91597561503675329 75.950000000000017 0.6078576107927941 59.850000000000001 28.050000000000004 -0.56174490092936669 -0.8783796973249266 0.6078576107927941
decision_type=2 2 2 2 2 2 2 2 2 2
left_child=1 2 3 4 -1 -2 -7 -4 -9 -10
right_child=5 -3 7 -5 -6 6 -8 8 9 -11
leaf_value=-0.034774843612373103 0.019126031546938805 -0.084348179269863585 -0.080926592609042627 0.049038601644141581 0.024392818778791743 0.024402863380429629 -0.025271081646332922 -0.080571083672754798 -0.080104721901280179 -0.080349124106590619
leaf_weight=0.37346201410355162 1.1503972111968326 0.24749748298927432 0.093404852435298391 0.42797019146382809 0.31384614520175091 0.74791633477434505 1.0042795612025655 0.047279244809032672 0.024882969700685043 0.038149473378325638
leaf_count=38 33 27 38 6 8 11 37 25 39 15
internal_value=-0.00151543 -0.0138189 -0.000584709 0.0140374 -0.00775706 0.00512459 -0.004068 -0.0806356 -0.0803891 -0.0802526
internal_weight=4.46909 1.56649 1.31899 1.11528 0.687308 2.90259 1.7522 0.203717 0.110312 0.0630324
internal_count=277 196 169 52 46 81 48 117 79 54
is_linear=0
shrinkage=0.1


Tree=438
num_leaves=11
num_cat=0
split_feature=0 1 1 5 5 6 5 5 6 0
split_gain=0.0439762 0.0567604 0.114826 0.0896144 0.0708468 0.0582963 0.0415229 0.144186 0.000308375 6.26514e-05
threshold=0.91597561503675362 1.0000000180025095e-35 -0.98296291314453399 28.050000000000004 31.750000000000004 82.000000000000014 23.750000000000004 23.950000000000003 79.300000000000026 -0.91597561503675329
decision_type=2 2 2 2 2 2 2 2 2 2
left_child=1 2 -1 -4 9 6 -3 -8 -9 -5
right_child=-2 5 3 4 -6 -7 7 8 -10 -11
leaf_value=-0.0099980448296821539 -0.018766656484565467 -0.0030377811414380989 0.0083613828221265913 0.083478213475126628 -0.0017027941840241417 0.017787373587830429 0.0023138818686233814 -0.081484957073150399 -0.087760488488539373 0.080977525048056581
leaf_weight=0.96423740219324816 1.0956739155808461 1.1249298402108254 0.57440219639102019 0.14505838422701334 0.12990440987050533 0.72776042425539333 0.47555058076977719 0.19614807554171421 0.13033154740696773 0.3238811113897101
leaf_count=15 24 17 27 12 9 14 7 44 5 103
internal_value=-0.000692572 0.00343983 0.0155685 0.0365805 0.0636478 -0.00632573 -0.0154326 -0.0328176 -0.0839902 0.0817511
internal_weight=5.88788 4.7922 2.13748 1.17325 0.598844 2.65472 1.92696 0.80203 0.32648 0.468939
internal_count=277 253 166 151 124 87 73 56 49 115
is_linear=0
shrinkage=0.1


Tree=439
num_leaves=12
num_cat=0
split_feature=2 2 5 3 6 6 5 5 5 5 5
split_gain=0.0166315 0.055506 0.0171359 0.0424358 0.0453723 0.00916099 0.0222449 0.005021 0.0210038 1.83514e-07 1.70689e-09
threshold=1.0000000180025095e-35 0.87837969732492682 23.850000000000005 1.0000000180025095e-35 53.550000000000004 77.050000000000011 32.45000000000001 24.250000000000004 32.150000000000006 31.150000000000002 31.550000000000004
decision_type=2 2 2 2 2 2 2 2 2 2 2
left_child=2 5 -1 7 -5 6 9 -4 10 -2 -9
right_child=1 -3 3 4 -6 -7 -8 8 -10 -11 -12
leaf_value=-0.0030201095327213826 -0.080153074703975979 0.048252763356822569 0.083276793810720368 0.04283838077042601 -0.081974206175192701 -0.081302098237130582 0.080882370203338216 -0.080033145283132795 0.081169914862244119 -0.080715761696168453 -0.080118230793789491
leaf_weight=0.30252801527967677 0.010762133394621287 0.072077696172868855 0.092770658433437347 0.06667080988700036 0.05171956796948507 0.082771597425562504 0.013487914577126503 0.0071202011815216792 0.033527075313031673 0.012561015384562779 0.0035249688662588596
leaf_count=18 48 37 2 7 62 12 1 81 2 5 2
internal_value=0.00434996 -0.0210639 0.0130812 0.0321586 -0.0116868 -0.0628441 -0.0213402 0.070064 0.0423144 -0.0804561 -0.0800613
internal_weight=0.749522 0.19166 0.557861 0.255333 0.11839 0.119583 0.0368111 0.136943 0.0441722 0.0233231 0.0106452
internal_count=277 103 174 156 69 66 54 87 85 53 83
is_linear=0
shrinkage=0.1


Tree=440
num_leaves=7
num_cat=0
split_feature=6 5 5 1 5 6
split_gain=0.0395872 0.0900784 0.12035 0.17011 0.0575126 0.0832516
threshold=83.100000000000009 23.100000000000005 23.950000000000003 0.37940952255126026 24.450000000000003 64.90000000000002
decision_type=2 2 2 2 2 2
left_child=1 -1 -3 4 -4 -6
right_child=-2 2 3 -5 5 -7
leaf_value=0.037405414178456609 0.027880502814093017 -0.034701566193809548 -0.033688239708070042 0.06972690819418341 -0.010639411087503771 0.025586312173913731
leaf_weight=0.52416409552097309 0.48315528489183623 1.1380258344288448 0.55754351615905839 0.34136727851000603 1.904969856828757 0.95114287159867661
leaf_count=6 11 20 7 36 136 61
internal_value=0.000453228 -0.00199298 -0.0062135 0.00242031 -0.00431039 0.00142448
internal_weight=5.90037 5.41721 4.89305 3.75502 3.41366 2.85611
internal_count=277 266 260 240 204 197
is_linear=0
shrinkage=0.1


Tree=441
num_leaves=7
num_cat=0
split_feature=5 1 6 5 8 2
split_gain=0.0574938 0.0396805 9.90265e-10 6.75871e-11 6.45291e-11 3.13792e-12
threshold=24.050000000000004 0.78656609248549303 78.950000000000017 24.900000000000002 1.0000000180025095e-35 0.6078576107927941
decision_type=2 2 2 2 2 2
left_child=-1 2 3 -2 -5 -6
right_child=1 -3 -4 4 5 -7
leaf_value=-0.0097055055020619004 -0.080027358108311394 0.081589556393214149 -0.080081879274393641 -0.080024495764857484 -0.080005202558686775 -0.080009562611042306
leaf_weight=0.45321471457464213 0.0045456456955434996 0.12855605350341648 0.002841019151674117 0.0031213663210110107 0.0038020767511284239 0.0029171348254521945
leaf_count=34 18 14 6 19 140 46
internal_value=0.00786562 0.0624912 -0.0800279 -0.0800173 -0.0800126 -0.0800071
internal_weight=0.598998 0.145783 0.0172272 0.0143862 0.00984058 0.00671921
internal_count=277 243 229 223 205 186
is_linear=0
shrinkage=0.1


Tree=442
num_leaves=11
num_cat=0
split_feature=6 6 5 6 6 5 2 2 6 8
split_gain=0.0394952 0.0898474 0.0668937 0.148512 0.108001 0.0542 0.192584 0.0175554 0.00134482 4.58246e-05
threshold=76.300000000000026 70.700000000000003 26.350000000000005 61.350000000000001 68.600000000000009 30.650000000000002 -1.0000000180025095e-35 0.6078576107927941 57.750000000000007 1.0000000180025095e-35
decision_type=2 2 2 2 2 2 2 2 2 2
left_child=1 2 -1 5 9 6 -4 -2 -7 -5
right_child=7 -3 3 4 -6 8 -8 -9 -10 -11
leaf_value=0.023101364490344906 -0.048872860675405999 0.034914965114579609 -0.059213975372018259 -0.086193619288365608 -0.0032766902658976603 0.026447713200104025 0.023895829911454579 -0.0095114364654787405 0.018137154055303802 -0.084030034753094979
leaf_weight=0.66802123174420636 0.22890391794044251 0.67753757815080451 0.49256493822940739 0.24089690070832148 0.26543928363389568 0.36798278432797804 0.64249686169841846 0.22438301707734354 0.41354113646957558 0.16490519024654293
leaf_count=29 31 39 34 4 11 29 20 13 11 56
internal_value=-0.00143719 0.00178394 -0.00511059 -0.0123932 -0.052873 0.00178392 -0.01217 -0.0293884 0.0220502 -0.0853144
internal_weight=4.38667 3.93339 3.25585 2.58783 0.671241 1.91659 1.13506 0.453287 0.781524 0.405802
internal_count=277 233 194 165 71 94 54 44 40 60
is_linear=0
shrinkage=0.1


Tree=443
num_leaves=10
num_cat=0
split_feature=6 0 2 6 6 1 6 0 2
split_gain=0.0449345 0.093395 0.0715022 0.0885089 0.117547 0.157054 0.0981211 0.0559943 0.0927275
threshold=55.350000000000001 0.91597561503675362 -0.60785761079279388 74.850000000000009 74.350000000000009 1.0000000180025095e-35 82.000000000000014 -0.78656609248549303 -0.8783796973249266
decision_type=2 2 2 2 2 2 2 2 2
left_child=-1 2 7 4 5 -4 -5 -2 -9
right_child=1 -3 3 6 -6 -7 -8 8 -10
leaf_value=0.024103349389015705 0.0023172554061754395 -0.032174097372668152 0.039288079223254294 -0.03445116362740025 0.091156928085323177 -0.045346093145511843 0.020086391400279225 -0.00036695525758196696 -0.075626123334088274
leaf_weight=0.64363256448996242 0.81637232041248353 0.95258092740550626 0.79685016493112948 0.63545142389193621 0.25669478712370608 0.30249065908719786 0.68605254881549627 0.33699250911013223 0.31839717010734581
leaf_count=33 30 23 79 29 3 25 11 26 18
internal_value=-0.000795066 -0.00393615 0.00254661 0.0122791 0.0302274 0.0160004 -0.00613825 -0.0151594 -0.0369289
internal_weight=5.74552 5.10188 4.1493 2.67754 1.35604 1.09934 1.3215 1.47176 0.65539
internal_count=277 244 221 147 107 104 40 74 44
is_linear=0
shrinkage=0.1


Tree=444
num_leaves=7
num_cat=0
split_feature=6 5 6 5 6 6
split_gain=0.0163042 0.0371964 0.0351826 4.06996e-06 2.37502e-06 3.2088e-07
threshold=50.650000000000006 24.050000000000004 56.650000000000013 32.45000000000001 90.600000000000009 86.250000000000014
decision_type=2 2 2 2 2 2
left_child=-1 -2 -3 4 5 -4
right_child=1 2 3 -5 -6 -7
leaf_value=0.052486025909352578 0.01361015494528162 0.013634660919135783 -0.080021760594341809 -0.082366217717298407 -0.081718993866496031 -0.080672682971635865
leaf_weight=0.065302488335873932 0.49604193709092215 0.066638749443882261 0.011951893598535435 0.034878402948379517 0.025741154327988625 0.02067206334322691
leaf_count=6 34 37 196 1 1 2
internal_value=0.00483461 9.05267e-05 -0.0418547 -0.0815116 -0.0810008 -0.0804342
internal_weight=0.721227 0.655924 0.159882 0.0932435 0.0583651 0.032624
internal_count=277 271 237 200 199 198
is_linear=0
shrinkage=0.1


Tree=445
num_leaves=11
num_cat=0
split_feature=0 5 5 6 6 2 0 3 1 6
split_gain=0.0416096 0.238226 0.115386 0.152411 0.122466 0.104412 0.0633107 0.0514633 0.123639 0.0701504
threshold=-0.70710678118654735 26.350000000000005 26.650000000000002 66.550000000000011 61.250000000000007 1.0000000180025095e-35 -0.78656609248549303 1.0000000180025095e-35 1.0000000180025095e-35 72.300000000000011
decision_type=2 2 2 2 2 2 2 2 2 2
left_child=6 -2 -3 4 5 -4 7 8 -1 -9
right_child=1 2 3 -5 -6 -7 -8 9 -10 -11
leaf_value=-0.02677321660108066 -0.084809141110221559 0.058316526142158466 0.0037459748831765484 -0.086732880812199944 0.047700066044493505 -0.087518891486747477 0.034305692004147639 0.0075294323815493754 0.03153816111158491 -0.036174322932199673
leaf_weight=0.53766664977411061 0.36027597007341672 0.32571076229214657 0.45697411190121762 0.20776335638765875 0.43508389153885219 0.1727402563465148 0.67733018135186274 0.7816431319733963 1.1233127193991093 0.69281303090974689
leaf_count=36 26 4 50 23 28 23 19 33 26 9
internal_value=0.000495336 -0.0113518 0.00520669 -0.00838671 0.00690019 -0.0212894 0.00658098 0.000591764 0.0126625 -0.013006
internal_weight=5.77131 1.95855 1.59827 1.27256 1.0648 0.629714 3.81277 3.13544 1.66098 1.47446
internal_count=277 154 128 124 101 73 123 104 62 42
is_linear=0
shrinkage=0.1


Tree=446
num_leaves=9
num_cat=0
split_feature=3 6 6 6 6 2 3 5
split_gain=0.0552437 0.0489672 0.0127651 0.0341029 0.0123549 0.0044149 0.00248505 0.00104619
threshold=-0.56174490092936669 82.000000000000014 81.40000000000002 76.750000000000014 69.750000000000014 0.6078576107927941 0.81174490092936691 23.650000000000002
decision_type=2 2 2 2 2 2 2 2
left_child=7 2 3 4 5 -2 -6 -1
right_child=1 -3 -4 -5 6 -7 -8 -9
leaf_value=-0.082513073243421442 -0.08007415299614877 -0.014563159789486463 0.076060648133493447 -0.052864715903503424 0.052011585364582329 0.022320421446959404 0.081328148958957555 -0.059458885579976466
leaf_weight=0.0385951489515719 0.0077706032491278157 0.23082454275208875 0.101848762948066 0.037525740925048012 0.057314539368917394 0.0091917582457199387 0.058350857631012332 0.040172016989743042
leaf_count=5 95 11 3 13 32 44 8 66
internal_value=0.00711441 0.0193126 0.04806 0.0312996 0.0551131 -0.0245874 0.0668012 -0.0707552
internal_weight=0.581594 0.502827 0.272002 0.170153 0.132628 0.0169624 0.115665 0.0787672
internal_count=277 206 195 192 179 139 40 71
is_linear=0
shrinkage=0.1


Tree=447
num_leaves=12
num_cat=0
split_feature=5 6 5 5 6 5 2 6 6 8 5
split_gain=0.0416781 0.0581431 0.156452 0.0686183 0.23357 0.0517259 0.160437 0.00183155 0.00163247 3.35103e-05 5.18923e-05
threshold=24.250000000000004 68.050000000000011 26.550000000000004 26.350000000000005 61.350000000000001 30.650000000000002 -1.0000000180025095e-35 57.750000000000007 75.350000000000009 1.0000000180025095e-35 31.450000000000003
decision_type=2 2 2 2 2 2 2 2 2 2 2
left_child=-1 3 8 -2 5 6 -5 -7 -3 -6 -11
right_child=1 2 -4 4 9 7 -8 -9 -10 10 -12
leaf_value=-0.028555136320575564 0.030051864341214513 -0.0034491707699690986 0.06964778578320524 -0.056549497942311767 -0.085675976412583121 0.026520218245851424 0.020412168010844823 0.016742288248662165 -0.013413390891128436 -0.081882177936364528 -0.085585227868124017
leaf_weight=0.50660912013699988 0.44459561537951309 0.31438206171151228 0.41627688197331736 0.47157420290568597 0.22437393997461186 0.36808225353524893 0.63641739529339225 0.39947646955261007 0.34469724915834377 0.075001498682354284 0.076382400737202261
leaf_count=40 17 19 27 34 4 29 20 11 23 51 2
internal_value=-0.00162448 0.00199323 0.0216531 -0.00584883 -0.0129386 0.00147858 -0.0123436 0.0214313 -0.00866044 -0.0849003 -0.0837506
internal_weight=4.27787 3.77126 1.07536 2.6959 2.25131 1.87555 1.10799 0.767559 0.659079 0.375758 0.151384
internal_count=277 237 69 168 151 94 54 40 42 57 53
is_linear=0
shrinkage=0.1


Tree=448
num_leaves=7
num_cat=0
split_feature=6 6 5 6 5 6
split_gain=0.0406399 0.0670072 0.0685269 0.0716997 0.0923529 0.078279
threshold=83.100000000000009 81.40000000000002 23.350000000000005 76.750000000000014 23.850000000000005 62.150000000000013
decision_type=2 2 2 2 2 2
left_child=1 2 -1 4 -4 -6
right_child=-2 -3 3 -5 5 -7
leaf_value=-0.036706266151423188 -0.030666006185786094 0.033711939255997136 -0.047332648326041747 0.040264103836638088 -0.0077706682947459894 0.025325105545837296
leaf_weight=0.51394889689981926 0.41782683174824331 0.58237491847830813 0.40894006937742267 0.43805482887546521 2.175936868803547 1.0641784048239058
leaf_count=8 11 9 7 19 106 117
internal_value=-0.000664426 0.00175395 -0.00229111 0.00203655 -0.00255252 0.00309926
internal_weight=5.60126 5.18343 4.60106 4.08711 3.64906 3.24012
internal_count=277 266 257 249 230 223
is_linear=0
shrinkage=0.1


Tree=449
num_leaves=8
num_cat=0
split_feature=6 5 5 8 6 6 6
split_gain=0.0183532 0.0387606 0.0197068 0.0479571 0.0183875 0.0396354 6.96407e-07
threshold=86.250000000000014 23.100000000000005 23.350000000000005 1.0000000180025095e-35 81.40000000000002 79.950000000000017 72.850000000000009
decision_type=2 2 2 2 2 2 2
left_child=1 -1 -3 6 5 -5 -4
right_child=-2 2 3 4 -6 -7 -8
leaf_value=-0.080975540940493529 0.037023929608511169 0.054335171775077677 -0.081017748270033677 2.848517762106847e-05 -0.024145660423823542 0.084039081585512654 -0.080367302417958739
leaf_weight=0.057202137249987572 0.14425687119364738 0.071971792262047529 0.033977486918502109 0.18217408116598222 0.10164427101108231 0.08118538319831714 0.031927928008371964
leaf_count=7 5 3 24 211 7 2 18
internal_value=0.00521695 -0.00297536 0.00589707 -0.00219321 0.0119825 0.0259263 -0.0807026
internal_weight=0.70434 0.560083 0.502881 0.430909 0.365004 0.263359 0.0659054
internal_count=277 272 265 262 220 213 42
is_linear=0
shrinkage=0.1


Tree=450
num_leaves=12
num_cat=0
split_feature=0 5 5 8 5 0 6 5 6 6 3
split_gain=0.0375801 0.215294 0.101001 0.0900268 0.296543 0.058707 0.0491088 0.220391 0.0954992 0.0448582 2.78675e-05
threshold=-0.70710678118654735 26.350000000000005 26.650000000000002 1.0000000180025095e-35 28.250000000000004 -0.78656609248549303 74.350000000000009 23.850000000000005 63.050000000000004 65.40000000000002 -0.56174490092936669
decision_type=2 2 2 2 2 2 2 2 2 2 2
left_child=5 -2 -3 -4 -5 6 7 -1 -9 -10 -6
right_child=1 2 3 4 10 -7 -8 8 9 -11 -12
leaf_value=0.069421834243293082 -0.08437416542097434 0.056123189563737685 -0.032640810453272572 0.074940376932122785 -0.083268682410014158 0.033232063479260041 -0.014813061294576711 0.031264714832075567 -0.054158495834332354 -0.0096330760850457543 -0.080572645271920068
leaf_weight=0.47528196126222688 0.33071577580994915 0.30481504276394833 0.674380691372789 0.35892890300601743 0.054595077971498096 0.66015759762376536 1.2597288514953104 0.39974526597325144 0.3707246706208025 0.58068843448381813 0.12876487655921709
leaf_count=8 26 4 12 7 18 19 17 30 12 37 87
internal_value=0.000404998 -0.011247 0.00464818 -0.00824797 0.0220865 0.0061658 0.000376104 0.0108523 -0.00974999 -0.0269827 -0.0813754
internal_weight=5.59853 1.8522 1.52148 1.21667 0.542289 3.74633 3.08617 1.82644 1.35116 0.951413 0.18336
internal_count=277 154 128 124 112 123 104 87 79 49 105
is_linear=0
shrinkage=0.1


Tree=451
num_leaves=7
num_cat=0
split_feature=5 1 6 5 8 2
split_gain=0.0551964 0.034709 4.589e-10 4.79969e-11 4.91381e-11 2.74108e-12
threshold=24.050000000000004 0.78656609248549303 78.950000000000017 24.900000000000002 1.0000000180025095e-35 0.6078576107927941
decision_type=2 2 2 2 2 2
left_child=-1 2 3 -2 -5 -6
right_child=1 -3 -4 4 5 -7
leaf_value=-0.011336779140859982 -0.080024762869966307 0.081420436028259963 -0.080064696974938468 -0.080022558300230404 -0.080004526233039622 -0.080008838407943816
leaf_weight=0.42050117015241995 0.0040447476112603917 0.11628204275621101 0.0022535942662216266 0.0027830252106468842 0.003281131460028063 0.00267663908277882
leaf_count=34 18 14 6 19 140 46
internal_value=0.00633742 0.0629316 -0.0800231 -0.0800158 -0.0800116 -0.0800065
internal_weight=0.551822 0.131321 0.0150391 0.0127855 0.0087408 0.00595777
internal_count=277 243 229 223 205 186
is_linear=0
shrinkage=0.1


Tree=452
num_leaves=12
num_cat=0
split_feature=5 6 2 5 6 5 2 6 6 8 5
split_gain=0.0362882 0.0544188 0.143236 0.0561445 0.205697 0.0447349 0.131747 0.0382495 0.00157079 2.14188e-05 3.80605e-05
threshold=24.250000000000004 68.050000000000011 0.87837969732492682 26.350000000000005 61.350000000000001 30.650000000000002 -1.0000000180025095e-35 73.15000000000002 57.750000000000007 1.0000000180025095e-35 31.450000000000003
decision_type=2 2 2 2 2 2 2 2 2 2 2
left_child=-1 3 7 -2 5 6 -5 -3 -7 -6 -11
right_child=1 2 -4 4 9 8 -8 -9 -10 10 -12
leaf_value=-0.026955179323591719 0.027086023066478039 0.069205363654700022 -0.028523362991904441 -0.053473381955722377 -0.08498225972225687 0.023992745172339975 0.017351689354199534 0.020652598199074904 0.01491145893492129 -0.081650264733953384 -0.084997163627096167
leaf_weight=0.49733696328621579 0.43150596605846736 0.38835874968435724 0.37202145758055849 0.45264775691157455 0.20025298672408098 0.36547894013983739 0.62569384743983369 0.27869143768020876 0.39775892769102938 0.0666714886591534 0.069288330880226567
leaf_count=40 17 27 15 34 4 29 20 27 11 51 2
internal_value=-0.00161514 0.00183916 0.0211929 -0.00586785 -0.0123973 0.000734287 -0.012378 0.0489202 0.0192601 -0.0843246 -0.0833559
internal_weight=4.14571 3.64837 1.03907 2.6093 2.17779 1.84158 1.07834 0.66705 0.763238 0.336213 0.13596
internal_count=277 237 69 168 151 94 54 54 40 57 53
is_linear=0
shrinkage=0.1


Tree=453
num_leaves=7
num_cat=0
split_feature=6 6 5 6 1 6
split_gain=0.0375252 0.0604517 0.0591739 0.0627074 0.118907 0.0841647
threshold=83.100000000000009 81.40000000000002 23.350000000000005 74.350000000000009 1.0000000180025095e-35 62.150000000000013
decision_type=2 2 2 2 2 2
left_child=1 2 -1 4 5 -4
right_child=-2 -3 3 -5 -6 -7
leaf_value=-0.03407277369222985 -0.030048784841375315 0.032593194244813599 -0.0070154886142145241 0.032599457614367035 -0.054790915729645423 0.029714137497529748
leaf_weight=0.51184915052726854 0.39878760726423923 0.56669737928314123 2.1540165655715109 0.57490638642775582 0.39372979242762074 0.87824184676173889
leaf_count=8 11 9 106 32 29 82
internal_value=-0.000510965 0.00180805 -0.00205786 0.00203793 -0.00309052 0.00362262
internal_weight=5.47823 5.07944 4.51274 4.00089 3.42599 3.03226
internal_count=277 266 257 249 217 188
is_linear=0
shrinkage=0.1


Tree=454
num_leaves=9
num_cat=0
split_feature=5 5 6 3 6 6 5 6
split_gain=0.0174161 0.0685886 1.90955e-06 4.09401e-07 1.68697e-07 1.54404e-07 3.63429e-09 2.32183e-10
threshold=32.150000000000006 24.050000000000004 90.600000000000009 1.0000000180025095e-35 53.550000000000004 86.250000000000014 31.750000000000004 55.350000000000001
decision_type=2 2 2 2 2 2 2 2
left_child=1 -1 3 6 -5 -6 7 -3
right_child=-2 2 -4 4 5 -7 -8 -9
leaf_value=0.013543800612444784 0.039647940112313908 -0.080047703297797215 -0.081545293723435511 -0.080808855708548663 -0.080058065131664358 -0.080603269726396129 -0.080134751612291291 -0.080019192318231597
leaf_weight=0.46794452007452492 0.12233756296336651 0.0050781399622792378 0.023238813504576683 0.026865308915148489 0.0072115787880306917 0.018570929765701294 0.004848797805607318 0.0065282972414593132
leaf_count=34 6 15 1 6 85 2 3 125
internal_value=0.00546501 -0.00199877 -0.0807611 -0.0804974 -0.0806335 -0.0804508 -0.080062 -0.0800317
internal_weight=0.682624 0.560286 0.0923419 0.0691031 0.0526478 0.0257825 0.0164552 0.0116064
internal_count=277 271 237 236 93 87 143 140
is_linear=0
shrinkage=0.1


Tree=455
num_leaves=12
num_cat=0
split_feature=0 0 0 3 1 5 5 5 0 2 6
split_gain=0.0366293 0.190889 0.0505891 0.043063 0.0913946 0.00113823 8.35923e-05 9.26258e-07 4.67701e-07 2.99551e-07 3.50528e-08
threshold=-0.70710678118654735 0.91597561503675362 -0.78656609248549303 1.0000000180025095e-35 1.0000000180025095e-35 23.850000000000005 23.350000000000005 23.850000000000005 0.12940952255126059 -0.60785761079279388 63.550000000000004
decision_type=2 2 2 2 2 2 2 2 2 2 2
left_child=2 6 3 4 -1 -5 -2 -8 9 -9 -10
right_child=1 -3 -4 5 -6 -7 7 8 10 -11 -12
leaf_value=-0.022572745543805381 -0.084390191493945194 0.0040401321775356642 0.031429961279206213 -0.0095379095773088351 0.028324451016180831 -0.01525011118968436 -0.081105498978891008 -0.080720469168118536 -0.080142790105035722 -0.080415201655597998 -0.080341569493618939
leaf_weight=0.52256345907790169 0.080019041895866061 1.4334629387594759 0.6476192302070557 0.7538818474858997 1.0860183418844824 0.64926252879013191 0.038173872686456889 0.12051268725554076 0.018348320642417093 0.043837658557095316 0.017175021929688228
leaf_count=36 2 24 19 9 26 33 6 33 25 47 17
internal_value=0.000382024 -0.0115105 0.00607432 0.000622035 0.01179 -0.0121811 -0.081594 -0.0806541 -0.0805679 -0.080639 -0.0802389
internal_weight=5.41087 1.75153 3.65935 3.01173 1.60858 1.40314 0.318067 0.238048 0.199874 0.16435 0.0355233
internal_count=277 154 123 104 62 42 130 128 122 80 42
is_linear=0
shrinkage=0.1


Tree=456
num_leaves=8
num_cat=0
split_feature=6 3 6 2 5 2 6
split_gain=0.0523368 0.0361265 0.0127884 0.0298411 0.0125089 0.00157548 0.00118641
threshold=82.000000000000014 -0.56174490092936669 81.40000000000002 0.6078576107927941 24.900000000000002 -0.8783796973249266 72.300000000000011
decision_type=2 2 2 2 2 2 2
left_child=1 -1 3 5 -5 -3 -6
right_child=-2 2 -4 4 6 -7 -8
leaf_value=-0.059097911733171242 -0.027947581105785782 0.07162114205206313 0.075962777397184406 -0.081283572050795713 0.012207288731479773 0.047212237523052515 0.07267410960929073
leaf_weight=0.035724963279960775 0.24514035150241398 0.045114377099707781 0.10067228320986032 0.027593602037086384 0.0083271253464545225 0.063894182736930816 0.0053166779289313135
leaf_count=68 14 52 3 13 48 74 5
internal_value=0.00597584 0.0349875 0.0483831 0.0299034 -0.0425553 0.0573141 0.0357698
internal_weight=0.531784 0.286643 0.250918 0.150246 0.0412374 0.109009 0.0136438
internal_count=277 263 195 192 66 126 53
is_linear=0
shrinkage=0.1


Tree=457
num_leaves=12
num_cat=0
split_feature=0 2 1 2 2 6 6 2 5 2 0
split_gain=0.0409643 0.127209 0.134221 0.099279 0.194121 0.0345881 0.0398633 2.55143e-05 7.18639e-07 2.46416e-07 5.27867e-08
threshold=1.0000000180025095e-35 0.87837969732492682 1.0000000180025095e-35 1.0000000180025095e-35 -0.8783796973249266 60.550000000000004 62.150000000000013 0.6078576107927941 23.350000000000005 1.0000000180025095e-35 -0.98296291314453399
decision_type=2 2 2 2 2 2 2 2 2 2 2
left_child=1 2 7 4 -4 -2 -7 9 -6 10 -1
right_child=5 -3 3 -5 8 6 -8 -9 -10 -11 -12
leaf_value=-0.08031795349420684 -0.0054851319003484181 -0.084009564033622183 0.053256665903581593 0.037484440692700724 -0.082508417663392133 0.038152073355699083 0.0021047545817051852 -0.082778880161829937 -0.082167095622986019 -0.080565231854413166 -0.080088551823441531
leaf_weight=0.031937071704305264 1.3258165259976524 0.22693357991920482 0.18254731816705316 0.60724240326089785 0.10974408383481182 0.54075730327895122 0.70901636481266905 0.085961474846044439 0.14086123687684449 0.050240847397844846 0.014623668952254198
leaf_count=15 36 27 9 24 6 11 34 11 35 14 55
internal_value=-0.001803 -0.0152468 -0.00248924 0.0113947 -0.0251807 0.00576607 0.0177019 -0.0815251 -0.0823166 -0.0804116 -0.0802459
internal_weight=4.02568 1.45009 1.22316 1.0404 0.433153 2.57559 1.24977 0.182763 0.250605 0.0968016 0.0465607
internal_count=277 196 169 74 50 81 45 95 41 84 70
is_linear=0
shrinkage=0.1


Tree=458
num_leaves=11
num_cat=0
split_feature=0 1 1 5 5 5 0 6 6 5
split_gain=0.0336537 0.0470688 0.187443 0.0949161 0.102858 0.0580645 4.88502e-05 2.06348e-05 2.55222e-06 8.94742e-07
threshold=0.91597561503675362 -0.12940952255126037 -0.98296291314453399 24.050000000000004 27.650000000000002 31.750000000000004 -0.91597561503675329 78.950000000000017 57.300000000000004 24.900000000000002
decision_type=2 2 2 2 2 2 2 2 2 2
left_child=1 2 -1 -3 7 6 -4 9 -8 -5
right_child=-2 3 5 4 -6 -7 8 -9 -10 -11
leaf_value=-0.010404170410785585 -0.016858843679166107 0.0058605374557261468 0.083252505224312212 -0.08073334679494433 -0.0015274948348851345 0.0030150877686472731 0.081170142140688406 -0.082350725980151987 0.080564778109207313 -0.080319086716956409
leaf_weight=0.87265499029308513 1.0104818827239794 2.2629842669703071 0.13192963879919217 0.098488744377391302 0.36146412789821625 0.12047713808715343 0.17998911983886567 0.086433305026730523 0.11360039462761051 0.1107843210484134
leaf_count=15 24 34 12 19 4 9 33 13 70 44
internal_value=-0.000423094 0.00340469 0.018348 -0.00385497 -0.0373106 0.064302 0.0816542 -0.0810509 0.0809359 -0.080514
internal_weight=5.34929 4.33881 1.41865 2.92015 0.65717 0.545996 0.425519 0.295706 0.29359 0.209273
internal_count=277 253 139 114 80 124 115 76 103 63
is_linear=0
shrinkage=0.1


Tree=459
num_leaves=10
num_cat=0
split_feature=6 3 6 1 1 5 6 0 6
split_gain=0.0170286 0.0381363 0.0160513 0.0317287 0.0321028 0.0310678 1.47515e-06 1.34632e-07 2.10451e-10
threshold=86.250000000000014 -0.56174490092936669 81.40000000000002 0.60355339059327384 0.37940952255126026 23.100000000000005 84.100000000000009 -0.91597561503675329 79.300000000000026
decision_type=2 2 2 2 2 2 2 2 2
left_child=1 6 3 4 5 -3 7 -1 -9
right_child=-2 2 -4 -5 -6 -7 -8 8 -10
leaf_value=-0.080566257037971253 0.03830627120324015 -0.080640836187177295 -0.027251916686123881 0.07023984337675504 -0.080807856608993658 0.027696546040388278 -0.081486879387283259 -0.080108724294899972 -0.080137875255522378
leaf_weight=0.022199533251864523 0.13373389933258295 0.030091959284618497 0.10471633570705308 0.086328591747815153 0.041002539908731706 0.21992036994976161 0.022392364218831062 0.0050625914022930374 0.0048482118279480346
leaf_count=18 5 4 11 17 13 158 1 45 5
internal_value=0.00638016 -0.00157717 0.00738716 0.0169998 0.00120635 0.0146569 -0.0808639 -0.0804294 -0.080123
internal_weight=0.670296 0.536562 0.48206 0.377343 0.291015 0.250012 0.0545027 0.0321103 0.0099108
internal_count=277 272 203 192 175 162 69 68 50
is_linear=0
shrinkage=0.1


Tree=460
num_leaves=7
num_cat=0
split_feature=6 5 5 1 8 0
split_gain=0.0360602 0.0754106 0.129219 0.145247 0.0557879 0.113366
threshold=83.100000000000009 23.100000000000005 23.950000000000003 0.37940952255126026 1.0000000180025095e-35 0.91597561503675362
decision_type=2 2 2 2 2 2
left_child=1 -1 -3 4 -4 -6
right_child=-2 2 3 -5 5 -7
leaf_value=0.035952739970874094 0.028487688407616854 -0.037094224216553555 -0.020455498659723324 0.07112900516253215 -0.0045756587982917181 0.056822542888799454
leaf_weight=0.47033999674022187 0.41865639691241074 1.0335222861758664 1.1494063113350426 0.28892177116358642 1.5393950732277515 0.37373539991676819
leaf_count=6 11 20 19 36 178 7
internal_value=0.000328167 -0.00209992 -0.00618151 0.00335134 -0.00304285 0.00741865
internal_weight=5.27398 4.85532 4.38498 3.35146 3.06254 1.91313
internal_count=277 266 260 240 204 185
is_linear=0
shrinkage=0.1


Tree=461
num_leaves=7
num_cat=0
split_feature=6 1 6 5 6 5
split_gain=0.0480098 0.0536562 3.02838e-08 6.2753e-09 3.00085e-10 9.90745e-11
threshold=82.000000000000014 0.78656609248549303 81.65000000000002 23.850000000000005 78.950000000000017 24.150000000000002
decision_type=2 2 2 2 2 2
left_child=1 2 3 -1 5 -5
right_child=-2 -3 -4 4 -6 -7
leaf_value=-0.080112268062572586 -0.0276739305654175 0.051238999573838623 -0.080331545222487352 -0.080035761870325586 -0.080060621704520052 -0.080012482079727318
leaf_weight=0.016117029095767066 0.23950816341130121 0.23443503124872223 0.0051377555355429641 0.0022070389823056766 0.0017496241671324251 0.01064786729719458
leaf_count=17 14 16 1 4 4 221
internal_value=0.00492643 0.0338137 -0.0801068 -0.0800692 -0.0800218 -0.0800165
internal_weight=0.509803 0.270294 0.0358593 0.0307216 0.0146045 0.0128549
internal_count=277 263 247 246 229 225
is_linear=0
shrinkage=0.1


Tree=462
num_leaves=12
num_cat=0
split_feature=0 2 1 2 2 5 6 2 5 2 0
split_gain=0.0334472 0.115971 0.12417 0.0835985 0.180719 0.0338038 0.0836577 2.09008e-05 7.48887e-07 1.74544e-07 4.25674e-08
threshold=1.0000000180025095e-35 0.87837969732492682 1.0000000180025095e-35 1.0000000180025095e-35 -0.8783796973249266 28.150000000000002 59.850000000000001 0.6078576107927941 23.350000000000005 1.0000000180025095e-35 -0.98296291314453399
decision_type=2 2 2 2 2 2 2 2 2 2 2
left_child=1 2 7 4 -4 -2 -7 9 -6 10 -1
right_child=5 -3 3 -5 8 6 -8 -9 -10 -11 -12
leaf_value=-0.080294789843633613 0.020985433233588563 -0.083608878927314556 0.051673850959159599 0.035187631821799209 -0.082324317460205798 0.019704094522871661 -0.025036534532406469 -0.082604998849736808 -0.081961179590648858 -0.080511589467302511 -0.080075225684473325
leaf_weight=0.029894830946432194 0.88637143187224898 0.20455847833545693 0.17974798282375559 0.59624490028363653 0.10170764185022541 0.81745108461473115 0.85510979839273205 0.080482998763272917 0.12859110541830887 0.045708193282621323 0.012531119171456218
leaf_count=15 15 27 9 24 6 30 36 11 35 14 55
internal_value=-0.00156912 -0.0141206 -0.00202224 0.0112852 -0.023471 0.0051971 -0.0031699 -0.0814399 -0.0821216 -0.080376 -0.0802299
internal_weight=3.9384 1.37947 1.17491 1.00629 0.410047 2.55893 1.67256 0.168617 0.230299 0.0881341 0.042426
internal_count=277 196 169 74 50 81 66 95 41 84 70
is_linear=0
shrinkage=0.1


Tree=463
num_leaves=10
num_cat=0
split_feature=6 6 2 6 6 8 3 5 6
split_gain=0.0342445 0.0564903 0.0536217 0.220768 0.123467 0.0664213 0.216318 0.152532 0.0522162
threshold=83.100000000000009 81.40000000000002 0.6078576107927941 59.850000000000001 62.850000000000001 1.0000000180025095e-35 1.0000000180025095e-35 30.650000000000002 71.450000000000017
decision_type=2 2 2 2 2 2 2 2 2
left_child=1 2 5 -4 -5 -1 7 -7 -8
right_child=-2 -3 3 4 -6 6 8 -9 -10
leaf_value=-0.030296566737294185 -0.029694805947909592 0.032004098693318508 -0.048729794834749478 0.093024672098804551 0.01410836847590383 0.042684978042060569 -0.026334422456766451 -0.02699705128796917 -0.086751904581352665
leaf_weight=0.99707089377625413 0.37202274618903164 0.54870782856596623 0.3689827260241143 0.31933105857569899 0.52286295682461059 1.0377289484595169 0.37812375502653583 0.45051533808145894 0.23009409821315785
leaf_count=30 11 9 17 9 40 79 49 20 13
internal_value=-0.000455087 0.00178619 -0.0020656 0.0157714 0.0440307 -0.00904912 0.0010561 0.0215911 -0.0491909
internal_weight=5.22544 4.85342 4.30471 1.21118 0.842194 3.09353 2.09646 1.48824 0.608218
internal_count=277 266 257 66 49 191 161 99 62
is_linear=0
shrinkage=0.1


Tree=464
num_leaves=8
num_cat=0
split_feature=6 5 5 8 6 6 6
split_gain=0.0143967 0.0355074 0.0163983 0.040824 0.0140976 0.0377087 3.75046e-07
threshold=86.250000000000014 23.100000000000005 23.350000000000005 1.0000000180025095e-35 81.40000000000002 79.950000000000017 72.850000000000009
decision_type=2 2 2 2 2 2 2
left_child=1 -1 -3 6 5 -5 -4
right_child=-2 2 3 4 -6 -7 -8
leaf_value=-0.080897701286101589 0.036122632548271159 0.052302419807863432 -0.08082543352729149 -0.00074819911822608068 -0.020402672766170485 0.083806018925237716 -0.080300571537894244
leaf_weight=0.050079925800673664 0.13201992865651846 0.070076956180855632 0.027849483579302614 0.17257766937534313 0.093816109500721723 0.075958534958772361 0.02663460537814899
leaf_count=7 5 3 24 211 7 2 18
internal_value=0.00664947 -0.000876833 0.007706 -0.000169239 0.0126261 0.0250936 -0.0805689
internal_weight=0.649013 0.516993 0.466913 0.396836 0.342352 0.248536 0.0544841
internal_count=277 272 265 262 220 213 42
is_linear=0
shrinkage=0.1


Tree=465
num_leaves=7
num_cat=0
split_feature=6 6 5 6 9 6
split_gain=0.0276527 0.0735454 0.248805 0.115758 0.0565734 0.098728
threshold=83.100000000000009 81.40000000000002 23.100000000000005 77.050000000000011 1.0000000180025095e-35 73.15000000000002
decision_type=2 2 2 2 2 2
left_child=1 2 -1 4 5 -4
right_child=-2 -3 3 -5 -6 -7
leaf_value=0.088683107334823208 0.025218992357011263 -0.04485225269383674 0.0030987772689153562 -0.05176640685371621 0.040371458438347996 -0.05516992596184013
leaf_weight=0.30674547515809525 0.41300659207627166 0.3654735853197052 2.9250993435507562 0.46330859413137648 0.33666079335762322 0.32288108151988115
leaf_count=5 11 9 186 16 32 18
internal_value=0.000406183 -0.00176489 0.00185127 -0.00472867 0.00135087 -0.0026937
internal_weight=5.13318 4.72017 4.3547 4.04795 3.58464 3.24798
internal_count=277 266 257 252 236 204
is_linear=0
shrinkage=0.1


Tree=466
num_leaves=9
num_cat=0
split_feature=5 6 6 6 6 8 2 2
split_gain=0.0520444 0.0123291 0.00251649 0.00309775 0.001805 9.62204e-12 9.14524e-12 1.06951e-12
threshold=24.050000000000004 77.800000000000026 64.100000000000009 64.40000000000002 72.850000000000009 1.0000000180025095e-35 0.6078576107927941 0.6078576107927941
decision_type=2 2 2 2 2 2 2 2
left_child=-1 2 5 -4 6 -2 -5 -7
right_child=1 -3 3 4 -6 7 -8 -9
leaf_value=-0.0122853348804828 -0.080016107786673105 0.078184981875150064 0.074355849455720407 -0.080009049566291804 0.010670296572605396 -0.080003911048590615 -0.080019437124400225 -0.080007781547042481
leaf_weight=0.38503444325033342 0.0011996635603281893 0.097780509970107232 0.0047357793953324298 0.0013470497538037307 0.0055448950806749053 0.0017508832833073029 0.0022857126698454522 0.0012054365300855352
leaf_count=34 8 18 4 48 21 96 20 28
internal_value=0.00539605 0.0641612 -0.0117266 0.00866939 -0.0252256 -0.0800086 -0.0800156 -0.0800055
internal_weight=0.500884 0.11585 0.0180694 0.0139134 0.00917766 0.00415598 0.00363276 0.00295632
internal_count=277 243 225 93 89 132 68 124
is_linear=0
shrinkage=0.1


Tree=467
num_leaves=9
num_cat=0
split_feature=9 5 5 6 6 5 2 8
split_gain=0.0326656 0.035339 0.0844026 0.0791503 0.191789 0.0448268 0.0146461 1.72864e-05
threshold=1.0000000180025095e-35 24.250000000000004 26.350000000000005 68.600000000000009 61.350000000000001 30.650000000000002 -1.0000000180025095e-35 1.0000000180025095e-35
decision_type=2 2 2 2 2 2 2 2
left_child=1 -1 6 4 5 -4 -3 -6
right_child=-2 2 3 -5 7 -7 -8 -9
leaf_value=-0.024684116502969936 -0.02811121504262833 0.054579535424674655 -0.011012281996392119 0.034213861424324275 -0.084603564587201613 0.023497203715024149 0.022620073396202409 -0.083066309684525969
leaf_weight=0.44551623297593401 0.41642294254575052 0.31075401350244647 0.99007669903949158 0.46417892697354535 0.18937610495777335 0.60729011934017763 0.26624503184211823 0.11918786233471212
leaf_count=39 37 22 46 22 4 29 27 51
internal_value=-0.00167875 0.00156566 0.00553385 -0.00281608 -0.0118345 0.0021076 0.0398325 -0.0840098
internal_weight=3.80905 3.39262 2.94711 2.37011 1.90593 1.59737 0.576999 0.308564
internal_count=277 240 201 152 130 75 49 55
is_linear=0
shrinkage=0.1


Tree=468
num_leaves=9
num_cat=0
split_feature=6 2 6 6 5 0 1 5
split_gain=0.0340342 0.0949444 0.122285 0.136625 0.260375 0.0861103 0.0795568 0.00796277
threshold=55.350000000000001 -0.60785761079279388 59.850000000000001 63.250000000000007 24.050000000000004 -0.78656609248549303 -0.37940952255126015 28.050000000000004
decision_type=2 2 2 2 2 2 2 2
left_child=-1 5 -3 -4 -5 -2 -7 -6
right_child=1 2 3 4 7 6 -8 -9
leaf_value=0.022643058868896879 -0.00028265545230570351 -0.045536000239652291 0.05154491557716151 0.019286434110412615 -0.08096865840841011 -0.020173695471785606 -0.08730113713530846 -0.050794756269748789
leaf_weight=0.57056650479353255 0.74130951845290838 0.38994678169547148 0.72244009680935084 1.5389699474908409 0.27130003720594675 0.41391120125626912 0.30788037031015825 0.12906457496592338
leaf_count=33 30 24 31 22 62 36 13 26
internal_value=-0.000369382 -0.00327761 0.00676344 0.0144252 0.000597441 -0.0242211 -0.0488069 -0.0712416
internal_weight=5.08539 4.51482 3.05172 2.66177 1.93933 1.4631 0.721792 0.400365
internal_count=277 244 165 141 110 79 49 88
is_linear=0
shrinkage=0.1


Tree=469
num_leaves=12
num_cat=0
split_feature=2 2 5 3 6 6 5 5 5 5 5
split_gain=0.0144443 0.0428406 0.015414 0.0357258 0.0371258 0.00703277 0.0176685 0.00388304 0.0165041 9.86483e-08 1.14653e-09
threshold=1.0000000180025095e-35 0.87837969732492682 23.850000000000005 1.0000000180025095e-35 53.550000000000004 77.050000000000011 32.45000000000001 24.250000000000004 32.150000000000006 31.150000000000002 31.550000000000004
decision_type=2 2 2 2 2 2 2 2 2 2 2
left_child=2 5 -1 7 -5 6 9 -4 10 -2 -9
right_child=1 -3 3 4 -6 -7 -8 8 -10 -11 -12
leaf_value=-0.0028410143397474335 -0.080129922314881419 0.04768250849102712 0.082897768295188315 0.039814177834972882 -0.081700930338171079 -0.081025836843284627 0.08069471362384692 -0.080026803989877091 0.080950352189675223 -0.08058918298890716 -0.080104154512512252
leaf_weight=0.25046130461851135 0.0086596799280584946 0.056240682526265573 0.082545123994350433 0.062216334998083767 0.04219464526511274 0.064782153861642655 0.010668857023119926 0.0053041535057900546 0.027285615913569927 0.010169553428568179 0.0030001885024830699
leaf_count=18 48 37 2 7 62 12 1 81 2 5 2
internal_value=0.00558933 -0.0213915 0.0141752 0.0333258 -0.0092926 -0.062596 -0.0221213 0.0709932 0.0433824 -0.080378 -0.0800547
internal_weight=0.623528 0.150521 0.473007 0.222546 0.104411 0.0942802 0.0294981 0.118135 0.03559 0.0188292 0.00830434
internal_count=277 103 174 156 69 66 54 87 85 53 83
is_linear=0
shrinkage=0.1


Tree=470
num_leaves=12
num_cat=0
split_feature=0 6 6 5 3 3 0 6 5 0 3
split_gain=0.0301694 0.178777 0.0533985 0.0582391 0.0591035 0.0933364 0.0500351 0.0528373 0.172843 0.0844232 0.0512819
threshold=-0.70710678118654735 70.700000000000003 65.750000000000014 26.950000000000003 -0.22252093395631442 0.81174490092936691 -0.78656609248549303 74.350000000000009 23.850000000000005 -0.98296291314453399 -1.0000000180025095e-35
decision_type=2 2 2 2 2 2 2 2 2 2 2
left_child=6 2 3 -2 -5 -6 7 8 -1 -10 -11
right_child=1 -3 -4 4 5 -7 -8 -9 9 10 -12
leaf_value=0.067176681953573777 -0.055628175396191061 -0.084561489411450752 0.034518031319160772 0.028960400422491622 -0.086326081601388133 0.018476902646462314 0.032108156648143073 -0.016837312085731627 0.018471223835087498 -0.0063155922946207107 -0.064704582507261993
leaf_weight=0.41528900153935033 0.20862730196677126 0.27414839358061716 0.4022425420316722 0.42415928478203535 0.14938926122295049 0.19708695550070843 0.59107733942801122 1.1073243767023084 0.61786318715894617 0.31582284455680587 0.28721051974389344
leaf_count=8 4 30 24 43 39 14 19 17 26 33 20
internal_value=0.000238842 -0.0107958 0.00384237 -0.00875798 0.00393077 -0.0267107 0.00571765 3.19354e-05 0.0114486 -0.0075074 -0.0341249
internal_weight=4.99024 1.65565 1.38151 0.979263 0.770636 0.346476 3.33459 2.74351 1.63619 1.2209 0.603033
internal_count=277 154 124 100 96 53 123 104 87 79 53
is_linear=0
shrinkage=0.1


Tree=471
num_leaves=9
num_cat=0
split_feature=3 6 6 6 6 2 6 5
split_gain=0.047804 0.0416461 0.0130362 0.0271839 0.00937374 0.00316335 0.0024491 0.00083018
threshold=-0.56174490092936669 82.000000000000014 81.40000000000002 76.750000000000014 69.750000000000014 0.6078576107927941 69.950000000000017 23.650000000000002
decision_type=2 2 2 2 2 2 2 2
left_child=7 2 3 4 5 -2 -6 -1
right_child=1 -3 -4 -5 6 -7 -8 -9
leaf_value=-0.082319764834598963 -0.080062810017530087 -0.016158896923805878 0.075729002630839426 -0.057427506034055699 0.081076062566939514 0.0187342362533977 0.047609077192041105 -0.060364332228946042
leaf_weight=0.035501123005815316 0.0060965937979062801 0.19040154308459023 0.094316031783819199 0.029547239628300304 0.041394936091819545 0.0069187317319574504 0.046349685619134107 0.033448678845388713
leaf_count=5 95 11 3 13 3 44 37 66
internal_value=0.00543771 0.0182477 0.0474125 0.0269171 0.0516506 -0.0275439 0.0633977 -0.0716688
internal_weight=0.483975 0.415025 0.224623 0.130307 0.10076 0.0130153 0.0877446 0.0689498
internal_count=277 206 195 192 179 139 40 71
is_linear=0
shrinkage=0.1


Tree=472
num_leaves=12
num_cat=0
split_feature=0 2 0 6 2 3 6 3 6 6 8
split_gain=0.0302256 0.105375 0.118603 0.0450795 0.0288005 0.0287261 0.0370979 5.8201e-07 3.98307e-07 4.94561e-08 1.48628e-08
threshold=1.0000000180025095e-35 0.87837969732492682 -0.91597561503675329 74.350000000000009 0.6078576107927941 -0.56174490092936669 60.550000000000004 1.0000000180025095e-35 78.950000000000017 75.950000000000017 1.0000000180025095e-35
decision_type=2 2 2 2 2 2 2 2 2 2 2
left_child=1 2 3 4 -1 -2 -7 8 9 -4 -9
right_child=5 -3 7 -5 -6 6 -8 10 -10 -11 -12
leaf_value=-0.029026161292627209 0.024298343835061575 -0.083095649466526977 -0.080430414905163283 0.037818010984593663 0.016752215721372542 -0.013937408564572719 0.01464817350430055 -0.080276168741399506 -0.080886152029154376 -0.080597457925561986 -0.080165743638942466
leaf_weight=0.28115063708946775 0.59839374895455 0.18691019385096286 0.045546079692258101 0.389389559160918 0.26884279130354116 0.99844102757560882 0.83258250183280325 0.023857553525886033 0.040130740155291278 0.029015209509452689 0.024921457145410386
leaf_count=36 15 27 45 8 8 31 35 13 10 8 41
internal_value=-0.00129149 -0.013664 -0.00189687 0.0117832 -0.00664919 0.00527703 -0.000939293 -0.0805091 -0.0806321 -0.0804954 -0.0802198
internal_weight=3.71918 1.28976 1.10285 0.939383 0.549993 2.42942 1.83102 0.163471 0.114692 0.0745613 0.048779
internal_count=277 196 169 52 44 81 66 117 63 53 54
is_linear=0
shrinkage=0.1


Tree=473
num_leaves=9
num_cat=0
split_feature=6 2 6 6 5 0 1 5
split_gain=0.0317368 0.0785145 0.103992 0.119328 0.228988 0.0787671 0.0783743 0.00938389
threshold=55.350000000000001 -0.60785761079279388 59.850000000000001 63.250000000000007 24.050000000000004 -0.78656609248549303 -0.37940952255126015 28.050000000000004
decision_type=2 2 2 2 2 2 2 2
left_child=-1 5 -3 -4 -5 -2 -7 -6
right_child=1 2 3 4 7 6 -8 -9
leaf_value=0.021897986812342219 0.00022693986401996861 -0.042756617642446003 0.048099097364555241 0.017354286059210491 -0.080927475558117065 -0.018450848430911607 -0.086799204670429342 -0.047417415172031033
leaf_weight=0.56039868711377483 0.72715858886294882 0.38321836978138923 0.70660629583653678 1.5056926193647084 0.25178998240335193 0.40254433890731889 0.2876625356293514 0.12507894635109551
leaf_count=33 30 24 31 22 62 36 13 26
internal_value=-0.000512098 -0.00337298 0.00586215 0.0130581 -9.42479e-05 -0.0227402 -0.0469369 -0.0698058
internal_weight=4.95015 4.38975 2.97239 2.58917 1.88256 1.41737 0.690207 0.376869
internal_count=277 244 165 141 110 79 49 88
is_linear=0
shrinkage=0.1


Tree=474
num_leaves=11
num_cat=0
split_feature=6 3 6 6 6 2 5 6 6 5
split_gain=0.0145271 0.0312537 0.0144874 0.0163361 0.0229053 0.00214105 4.0804e-06 6.54504e-07 9.57592e-08 6.41171e-08
threshold=86.250000000000014 -0.56174490092936669 50.650000000000006 71.450000000000017 56.650000000000013 -1.0000000180025095e-35 32.45000000000001 84.100000000000009 74.850000000000009 23.350000000000005
decision_type=2 2 2 2 2 2 2 2 2 2
left_child=1 7 -3 4 -4 -5 -6 8 9 -1
right_child=-2 2 3 5 6 -7 -8 -9 -10 -11
leaf_value=-0.080690555140593923 0.036682206439921823 0.053818044901809907 0.0096333827556693112 0.021683034945489964 -0.080270146332641359 0.0035588024074481154 -0.082074093226131475 -0.081174569530772456 -0.080136820581634793 -0.080313956832434807
leaf_weight=0.010606033727526665 0.12193321948871017 0.055927090055774897 0.059242195427032129 0.13460266818310629 0.021152863209835004 0.12637306005899518 0.030790403485298157 0.017825338989496231 0.009314061378063343 0.0078794116613210008
leaf_count=1 5 5 33 21 114 29 1 1 15 52
internal_value=0.00590059 -0.00202256 0.0063629 -0.000768495 -0.032867 0.0129067 -0.0813395 -0.0807016 -0.0803983 -0.08053
internal_weight=0.595646 0.473713 0.428088 0.372161 0.111185 0.260976 0.0519433 0.0456248 0.0277995 0.0184854
internal_count=277 272 203 198 148 50 115 69 68 53
is_linear=0
shrinkage=0.1


Tree=475
num_leaves=12
num_cat=0
split_feature=5 2 8 6 3 1 6 6 6 5 2
split_gain=0.0359466 0.10564 0.0346245 0.127802 0.0779842 0.0661899 0.0177761 2.9084e-05 1.3389e-05 6.16525e-07 9.52273e-07
threshold=28.250000000000004 -0.8783796973249266 1.0000000180025095e-35 63.050000000000004 -0.22252093395631442 1.0000000180025095e-35 77.050000000000011 63.050000000000004 53.550000000000004 28.350000000000005 0.6078576107927941
decision_type=2 2 2 2 2 2 2 2 2 2 2
left_child=2 -2 5 -4 -5 -1 -6 8 -3 -10 -11
right_child=1 7 3 4 6 -7 -8 -9 9 10 -12
leaf_value=-0.028527200983532765 0.018279650930145989 -0.083177825487683557 0.052822920137771692 -0.027599928083714195 0.026790800985150978 0.0083575756688461806 0.001847687148950418 -0.084534900785070907 -0.081503158904692438 -0.08029057449803001 -0.081197167335653964
leaf_weight=0.8388013495132326 0.22514880904054735 0.051201001779190736 0.55414559191558543 0.72203323346911918 0.57427931803977095 1.1584107881499219 0.56861258327262476 0.065143011375766946 0.023461034666979685 0.017693262681859778 0.033566375119789882
leaf_count=15 34 14 16 31 32 32 14 30 2 36 21
internal_value=-3.639e-05 -0.0281304 0.00261134 0.0106568 -0.00187248 -0.00713352 0.0143811 -0.0828195 -0.0819321 -0.0810786 -0.0808842
internal_weight=4.8325 0.416213 4.41628 2.41907 1.86493 1.99721 1.14289 0.191065 0.125922 0.0747207 0.0512596
internal_count=277 137 140 93 77 47 46 103 73 59 57
is_linear=0
shrinkage=0.1


Tree=476
num_leaves=8
num_cat=0
split_feature=5 1 6 5 2 6 8
split_gain=0.0432079 0.026967 2.51073e-10 3.10196e-11 1.50685e-11 1.09359e-11 1.86103e-12
threshold=24.050000000000004 0.78656609248549303 78.950000000000017 24.250000000000004 1.0000000180025095e-35 67.550000000000011 1.0000000180025095e-35
decision_type=2 2 2 2 2 2 2
left_child=-1 2 3 -2 6 -6 -5
right_child=1 -3 -4 4 5 -7 -8
leaf_value=-0.011490351070429658 -0.080028560145801467 0.081138005693725548 -0.080053524536692136 -0.080009572323851849 -0.080008874149666107 -0.080018303514378442 -0.080004639505255465
leaf_weight=0.35708975388297404 0.0010935280442936355 0.089662035868968815 0.0017712709177430961 0.0010540698285694833 0.0021342162309991863 0.0029028977464804484 0.0027872172925214028
leaf_count=34 3 14 6 14 56 22 128
internal_value=0.00486861 0.0624753 -0.0800188 -0.0800127 -0.0800107 -0.0800143 -0.080006
internal_weight=0.458495 0.101405 0.0117432 0.00997193 0.0088784 0.00503711 0.00384129
internal_count=277 243 229 223 220 78 142
is_linear=0
shrinkage=0.1


Tree=477
num_leaves=9
num_cat=0
split_feature=9 6 3 6 6 5 0 5
split_gain=0.0303405 0.0295785 0.098201 0.0691427 0.068285 0.0708063 0.124938 0.0105039
threshold=1.0000000180025095e-35 60.550000000000004 1.0000000180025095e-35 61.350000000000001 64.40000000000002 26.650000000000002 -0.91597561503675329 27.650000000000002
decision_type=2 2 2 2 2 2 2 2
left_child=1 2 -1 -3 -5 6 -6 -7
right_child=-2 3 -4 4 5 7 -8 -9
leaf_value=0.014776967872744434 -0.028113299248319613 0.049869399489440455 -0.042518577349904309 -0.039628129495515182 0.023732951917062178 0.072145485146760432 -0.048957599834399117 0.034806010876951531
leaf_weight=0.66928854144089267 0.38648066761834332 0.34269551737816106 0.5408931908195882 0.33747373555320326 0.67655442337127214 0.14988327414903313 0.36348334056674436 0.15147587364737092
leaf_count=38 37 9 30 38 25 10 56 34
internal_value=-0.00163329 0.00153343 -0.0108314 0.00893545 0.000579902 0.0106956 -0.00167171 0.0533771
internal_weight=3.61823 3.23175 1.21018 2.02157 1.67887 1.3414 1.04004 0.301359
internal_count=277 240 68 172 163 125 81 44
is_linear=0
shrinkage=0.1


Tree=478
num_leaves=7
num_cat=0
split_feature=6 6 5 6 1 6
split_gain=0.0319735 0.0507866 0.0527296 0.0612839 0.0904458 0.0796015
threshold=83.100000000000009 81.40000000000002 23.350000000000005 74.350000000000009 1.0000000180025095e-35 62.150000000000013
decision_type=2 2 2 2 2 2
left_child=1 2 -1 4 5 -4
right_child=-2 -3 3 -5 -6 -7
leaf_value=-0.033749846421706031 -0.029462230314133572 0.03232449626943238 -0.0072565031583350986 0.035612319497077181 -0.051086106283807567 0.031048402698692541
leaf_weight=0.45101394597440991 0.34304819244425733 0.49786201919778239 1.939859463409449 0.48404576443499525 0.34272703375609115 0.753146884407215
leaf_count=8 11 9 106 32 29 82
internal_value=-4.12875e-05 0.00221729 -0.00155758 0.00256744 -0.00270155 0.00345614
internal_weight=4.8117 4.46866 3.97079 3.51978 3.03573 2.69301
internal_count=277 266 257 249 217 188
is_linear=0
shrinkage=0.1


Tree=479
num_leaves=11
num_cat=0
split_feature=2 2 1 6 5 6 6 5 5 5
split_gain=0.0124868 0.0387979 0.0115666 0.0340879 0.0234888 0.047531 0.00645521 0.0159961 1.69513e-06 8.02253e-08
threshold=1.0000000180025095e-35 0.87837969732492682 0.60355339059327384 71.850000000000009 23.350000000000005 56.650000000000013 77.050000000000011 32.45000000000001 32.45000000000001 31.150000000000002
decision_type=2 2 2 2 2 2 2 2 2 2
left_child=2 6 3 4 -1 -6 7 9 -7 -2
right_child=1 -3 -4 -5 5 8 -8 -9 -10 -11
leaf_value=0.070728425398179626 -0.080108830046016044 0.047984760829736295 0.032617996689341788 -0.080528632008875181 0.038942422843504763 -0.080778604763152725 -0.080895751086656975 0.080634464757681448 -0.081938329543904037 -0.080549605139858288
leaf_weight=0.05886437464505434 0.0073209596615413366 0.052218521288693864 0.20338054346689205 0.042962388607065805 0.091165510218161216 0.02236873521857774 0.056943297339785204 0.0097580431029200554 0.028870454058051109 0.0094717417232459411
leaf_count=2 48 37 24 18 32 97 12 1 1 5
internal_value=0.00694618 -0.019625 0.0150024 0.000333192 0.0175938 -0.00436998 -0.0619093 -0.021189 -0.081432 -0.0803574
internal_weight=0.583325 0.135713 0.447612 0.244231 0.201269 0.142405 0.083494 0.0265507 0.0512392 0.0167927
internal_count=277 103 174 150 132 130 66 54 98 53
is_linear=0
shrinkage=0.1


Tree=480
num_leaves=11
num_cat=0
split_feature=5 8 3 0 0 5 3 0 5 1
split_gain=0.0312027 0.104401 0.0313318 0.0653917 0.0450071 0.00519636 1.78923e-05 1.00225e-06 5.70642e-07 8.06522e-08
threshold=28.250000000000004 1.0000000180025095e-35 -0.22252093395631442 -0.78656609248549303 -0.78656609248549303 23.950000000000003 -0.56174490092936669 -0.91597561503675329 31.450000000000003 -0.37940952255126015
decision_type=2 2 2 2 2 2 2 2 2 2
left_child=2 -2 4 5 -1 -4 -3 -8 9 -9
right_child=1 6 3 -5 -6 -7 7 8 -10 -11
leaf_value=0.0052592352452627902 0.021194087942904588 -0.082864274350494704 -0.0097678730209293241 0.029199736696660074 -0.026785778690178327 0.0020743974530336262 -0.081170788467251745 -0.080238351794695739 -0.080763305592257806 -0.080501785376704493
leaf_weight=1.0948269060172604 0.21233776351436973 0.04899143723787347 0.72665555030107476 1.0165099116566128 0.73087762591603667 0.75606768584111705 0.028339882344880607 0.046660179224545573 0.047890257473227393 0.015476645436137804
leaf_count=33 4 28 11 35 29 32 6 80 17 2
internal_value=-8.13102e-05 -0.0268137 0.0023892 0.0096639 -0.00756923 -0.00372928 -0.081222 -0.0806405 -0.0805039 -0.080304
internal_weight=4.72463 0.399696 4.32494 2.49923 1.8257 1.48272 0.187358 0.138367 0.110027 0.0621368
internal_count=277 137 140 78 62 43 133 105 99 82
is_linear=0
shrinkage=0.1


Tree=481
num_leaves=8
num_cat=0
split_feature=6 3 6 6 6 2 6
split_gain=0.0449615 0.0312154 0.0118656 0.0242744 0.00834765 0.00251306 0.00243581
threshold=82.000000000000014 -0.56174490092936669 81.40000000000002 76.750000000000014 69.750000000000014 0.6078576107927941 69.950000000000017
decision_type=2 2 2 2 2 2 2
left_child=1 -1 3 4 5 -3 -6
right_child=-2 2 -4 -5 6 -7 -8
leaf_value=-0.060286414866786833 -0.028714935990526831 -0.0800540219378853 0.075259545363489153 -0.057003899893906307 0.0808542099740025 0.014369067518524965 0.046327965723435713
leaf_weight=0.030192471913110808 0.20554091366193461 0.0051912208725184428 0.092615234665572643 0.026431611242514919 0.038840181447085342 0.0061674027467688575 0.043117375742895092
leaf_count=68 14 95 3 13 3 44 37
internal_value=0.00569556 0.0348549 0.0483815 0.0275936 0.0515556 -0.028785 0.0626902
internal_weight=0.448096 0.242555 0.212363 0.119748 0.0933162 0.0113586 0.0819576
internal_count=277 263 195 192 179 139 40
is_linear=0
shrinkage=0.1


Tree=482
num_leaves=11
num_cat=0
split_feature=1 5 2 8 3 3 6 5 0 6
split_gain=0.0287379 0.0703112 0.140432 0.0618865 0.134892 0.0909922 0.0369626 0.000299723 5.81165e-05 3.67652e-07
threshold=-0.98296291314453399 28.450000000000003 0.87837969732492682 1.0000000180025095e-35 -0.56174490092936669 -0.22252093395631442 68.600000000000009 28.750000000000004 0.91597561503675362 57.650000000000013
decision_type=2 2 2 2 2 2 2 2 2 2
left_child=-1 3 7 5 -5 -2 -6 -3 9 -9
right_child=1 2 -4 4 6 -7 -8 8 -10 -11
leaf_value=0.014780417517029368 0.045236334883144103 -0.088959247013063514 0.029694270488616139 -0.082845078487382082 0.019228508578927182 -0.011812695259687015 -0.020849820548808864 -0.080695827856975016 -0.084243016212946664 -0.080237469198490993
leaf_weight=0.80110367294400964 0.56943949100241298 0.11585353147995636 0.16948261689321953 0.23809594120746236 0.51979428259710292 0.54924882727937163 0.41290986501553562 0.063053750429844513 0.084937835112214088 0.024221892335731354
leaf_count=15 20 8 14 31 33 28 40 34 2 52
internal_value=-0.00188496 -0.00674499 -0.0425324 0.000407052 -0.0156639 0.0172266 0.00148576 -0.0850265 -0.0823809 -0.0805686
internal_weight=3.54814 2.74704 0.45755 2.28949 1.1708 1.11869 0.932704 0.288067 0.172213 0.0872756
internal_count=277 262 110 152 104 48 73 96 88 86
is_linear=0
shrinkage=0.1


Tree=483
num_leaves=11
num_cat=0
split_feature=0 5 1 5 5 5 1 6 6 5
split_gain=0.031606 0.0435195 0.177725 0.0793137 0.0789458 0.0449243 3.91225e-05 9.29933e-06 2.47068e-06 4.43043e-07
threshold=0.91597561503675362 28.050000000000004 -0.98296291314453399 24.050000000000004 27.650000000000002 31.750000000000004 -0.37940952255126015 78.950000000000017 56.850000000000001 24.900000000000002
decision_type=2 2 2 2 2 2 2 2 2 2
left_child=1 3 -3 -1 7 6 8 9 -4 -5
right_child=-2 2 5 4 -6 -7 -8 -9 -10 -11
leaf_value=0.005883217088552814 -0.016897878449946259 -0.010604017724438652 0.081219112110561986 -0.080593402252221141 -0.0047026180628278839 0.0090110052025190127 0.083075360007113908 -0.081817090200559189 0.080614122092917004 -0.080268752422787026
leaf_weight=1.9968241583555943 0.88103452441282559 0.78296590526588272 0.13116204302059498 0.077505138011474517 0.32392806001007557 0.10915991384536028 0.12034599491198561 0.065941255204961635 0.13908001360459821 0.091852098665185622
leaf_count=34 24 15 28 19 4 9 12 13 75 44
internal_value=0.000183476 0.00410382 0.0191341 -0.00343887 -0.0367252 0.0657253 0.0815756 -0.0808096 0.0809078 -0.0804173
internal_weight=4.7198 3.83876 1.28271 2.55605 0.559227 0.499748 0.390588 0.235298 0.270242 0.169357
internal_count=277 253 139 114 80 124 115 76 103 63
is_linear=0
shrinkage=0.1


Tree=484
num_leaves=10
num_cat=0
split_feature=6 3 6 5 5 0 6 6 6
split_gain=0.0134723 0.0269816 0.0147827 0.0264442 0.0557006 4.85783e-07 4.34218e-07 6.04525e-08 4.69822e-08
threshold=86.250000000000014 -0.56174490092936669 81.40000000000002 23.650000000000002 32.150000000000006 -0.60355339059327362 84.100000000000009 74.850000000000009 74.350000000000009
decision_type=2 2 2 2 2 2 2 2 2
left_child=1 6 3 -3 5 -5 7 8 -1
right_child=-2 2 -4 4 -6 -7 -8 -9 -10
leaf_value=-0.080245639953056613 0.037356098808754734 0.046877650433696724 -0.029706017236771416 -0.08078214499986941 0.036576731587806589 -0.080237223428812232 -0.081019786162899232 -0.080114381169239454 -0.080597943046771009
leaf_weight=0.0064291966230740618 0.1131044770590961 0.1503476788639091 0.088989079602470156 0.040908669980666446 0.1003390159457922 0.027261904501784784 0.015535580925643444 0.0079501955383420864 0.0092047732323408127
leaf_count=52 5 10 11 79 6 97 1 15 1
internal_value=0.0065244 -0.00127754 0.00633179 0.0163895 -0.0108127 -0.0805642 -0.0806093 -0.0803389 -0.0804531
internal_weight=0.560071 0.446966 0.407846 0.318857 0.16851 0.0681706 0.0391197 0.0235842 0.015634
internal_count=277 272 203 192 182 176 69 68 53
is_linear=0
shrinkage=0.1


Tree=485
num_leaves=7
num_cat=0
split_feature=6 6 5 6 9 6
split_gain=0.0298932 0.0635421 0.228971 0.104424 0.0406022 0.0797812
threshold=83.100000000000009 81.40000000000002 23.100000000000005 77.050000000000011 1.0000000180025095e-35 73.15000000000002
decision_type=2 2 2 2 2 2
left_child=1 2 -1 4 5 -4
right_child=-2 -3 3 -5 -6 -7
leaf_value=0.088137809968062863 0.026975510940473388 -0.044792476734466333 0.0024499245820038488 -0.052234118950867561 0.035733581931907066 -0.052671132207102872
leaf_weight=0.28064196184277568 0.37634336826158676 0.32685349573148403 2.6372459472218011 0.42429022846044961 0.29753231924905765 0.29161793601815578
leaf_count=5 11 9 186 16 32 18
internal_value=-3.9417e-05 -0.00242703 0.00109526 -0.00559602 0.000537164 -0.00303831
internal_weight=4.63453 4.25818 3.93133 3.65069 3.2264 2.92886
internal_count=277 266 257 252 236 204
is_linear=0
shrinkage=0.1


Tree=486
num_leaves=10
num_cat=0
split_feature=3 6 6 2 5 2 2 5 6
split_gain=0.0413041 0.0374821 0.0109641 0.0222325 0.00835367 0.00168774 0.0122167 0.000854664 0.000617544
threshold=-0.56174490092936669 82.000000000000014 81.40000000000002 0.6078576107927941 24.250000000000004 -1.0000000180025095e-35 -0.8783796973249266 23.650000000000002 72.850000000000009
decision_type=2 2 2 2 2 2 2 2 2
left_child=7 2 3 5 -5 6 -2 -1 -6
right_child=1 -3 -4 4 8 -7 -8 -9 -10
leaf_value=-0.082093116052237763 0.070205614386319698 -0.016010109702473328 0.074096215535279342 -0.081006064865587701 0.007924298359669622 0.069080904692260678 -0.054767823150091911 -0.058243201954555172 0.056692087857248746
leaf_weight=0.032112872555444483 0.033007776144245327 0.17282084530779684 0.087392930872738361 0.020904681790852919 0.0066749614583727634 0.040033608537100918 0.010251294751014939 0.0282370601130566 0.0042497437552810879
leaf_count=5 52 11 3 8 51 34 40 66 7
internal_value=0.00585194 0.0181983 0.0473908 0.0271179 -0.0439715 0.0542839 0.0405901 -0.070934 0.0268951
internal_weight=0.435686 0.375336 0.202515 0.115122 0.0318294 0.0832927 0.0432591 0.0603499 0.0109247
internal_count=277 206 195 192 66 126 92 71 58
is_linear=0
shrinkage=0.1


Tree=487
num_leaves=9
num_cat=0
split_feature=6 3 6 6 6 6 5 6
split_gain=0.0256833 0.162631 0.0778999 0.0776702 0.0741173 0.0473029 0.087814 0.0605538
threshold=56.650000000000013 -0.56174490092936669 59.550000000000004 60.550000000000004 61.350000000000001 64.40000000000002 26.650000000000002 62.150000000000013
decision_type=2 2 2 2 2 2 2 2
left_child=1 -1 -2 -4 -5 7 -7 -6
right_child=2 -3 3 4 5 6 -8 -9
leaf_value=0.036476086748538132 0.043232481550559337 -0.083101767455435516 -0.04370100945834849 0.047731256314909376 0.0037645707743097301 -0.0086251237381745078 0.052656580266994338 -0.083174159443265214
leaf_weight=0.22513275634264573 0.39040425251732847 0.22986531583933389 0.42645512224862647 0.31617939344141666 0.16065340873842604 1.2788409389077058 0.28615274813893155 0.15980966709214783
leaf_count=5 28 38 15 10 11 93 47 30
internal_value=-0.00178684 -0.0239347 0.00155166 -0.00464004 0.00292603 -0.00458752 0.00257999 -0.0395903
internal_weight=3.47349 0.454998 3.0185 2.62809 2.20164 1.88546 1.56499 0.320463
internal_count=277 43 234 206 191 181 140 41
is_linear=0
shrinkage=0.1


Tree=488
num_leaves=11
num_cat=0
split_feature=0 1 1 5 3 5 6 6 0 6
split_gain=0.0297267 0.0384595 0.156226 0.0717275 0.0856366 0.0443826 0.0102807 0.000228323 3.23632e-05 1.92879e-06
threshold=0.91597561503675362 -0.12940952255126037 -0.98296291314453399 24.050000000000004 -0.56174490092936669 31.750000000000004 59.850000000000001 62.650000000000013 -0.91597561503675329 56.850000000000001
decision_type=2 2 2 2 2 2 2 2 2 2
left_child=1 2 -1 -3 -5 8 -6 -8 -4 -10
right_child=-2 3 5 4 6 -7 7 -9 9 -11
leaf_value=-0.0089427453346377344 -0.016752522267009625 0.0056389337704409754 0.082882631879277149 0.010127959163424566 -0.044822543924072374 0.0070457224473040262 -0.087135926072121589 -0.08039466764523355 0.081122972810724642 0.080557497638722428
leaf_weight=0.77784510771743964 0.85585322155384336 1.9635078476276251 0.11314531345487933 0.2325531854221482 0.10357068991288521 0.1034603463485837 0.09546389669412747 0.10606199816174922 0.11765072600974236 0.12378365611402842
leaf_count=15 24 34 12 27 3 9 2 48 28 75
internal_value=5.85177e-05 0.00390856 0.0183403 -0.00322254 -0.0355848 0.0646725 -0.0704284 -0.083588 0.0814871 0.0808331
internal_weight=4.5929 3.73704 1.23589 2.50116 0.53765 0.45804 0.305097 0.201526 0.35458 0.241434
internal_count=277 253 139 114 80 124 53 50 115 103
is_linear=0
shrinkage=0.1


Tree=489
num_leaves=7
num_cat=0
split_feature=6 5 6 5 6 6
split_gain=0.0117895 0.03111 0.0246396 2.16087e-06 8.40413e-07 1.07231e-07
threshold=50.650000000000006 24.050000000000004 56.650000000000013 32.45000000000001 90.600000000000009 86.250000000000014
decision_type=2 2 2 2 2 2
left_child=-1 -2 -3 4 5 -4
right_child=1 2 3 -5 -6 -7
leaf_value=0.053476853321544948 0.016521382983257095 0.0082921748356990267 -0.08001478127678463 -0.081877401794347854 -0.081232409789517512 -0.080479089478234137
leaf_weight=0.048787296575028449 0.36931507806002628 0.05554043198344516 0.0074935079110076677 0.028004596009850502 0.018676526844501495 0.014793774578720331
leaf_count=6 34 37 196 1 1 2
internal_value=0.00658091 0.00194783 -0.0412799 -0.0812004 -0.0807376 -0.080323
internal_weight=0.542611 0.493824 0.124509 0.0689684 0.0409638 0.0222873
internal_count=277 271 237 200 199 198
is_linear=0
shrinkage=0.1


Tree=490
num_leaves=11
num_cat=0
split_feature=5 2 3 0 5 1 5 6 6 2
split_gain=0.0301367 0.0992306 0.025942 0.0600169 0.0363057 0.0672133 0.0281656 2.5965e-05 8.67124e-06 2.10731e-07
threshold=28.250000000000004 -0.8783796973249266 -0.22252093395631442 -0.78656609248549303 24.450000000000003 -0.12940952255126037 24.050000000000004 63.050000000000004 53.550000000000004 0.6078576107927941
decision_type=2 2 2 2 2 2 2 2 2 2
left_child=2 -2 4 6 -1 -6 -4 8 -3 -10
right_child=1 7 3 -5 5 -7 -8 -9 9 -11
leaf_value=-0.022777969935901241 0.020284084113889395 -0.082827768591152706 -0.016729373812942011 0.028237708913878168 -0.018159700670475686 0.034679341413941682 0.01151901947835266 -0.084320611076953544 -0.080856149961077012 -0.081214758781426519
leaf_weight=0.77916626744263318 0.20398189141997136 0.045398123329505213 0.77420597057789542 0.98730417597107623 0.52181962644681334 0.44692482425307389 0.64871812157798558 0.061960300127793744 0.033790100968872139 0.031815522300348675
leaf_count=17 34 14 12 35 14 31 31 30 38 21
internal_value=0.000112847 -0.0269619 0.00256725 0.00929365 -0.00670793 0.0062173 -0.00385079 -0.0826807 -0.0817653 -0.0810301
internal_weight=4.53508 0.376946 4.15814 2.41023 1.74791 0.968744 1.42292 0.172964 0.111004 0.0656056
internal_count=277 137 140 78 62 45 43 103 73 59
is_linear=0
shrinkage=0.1


Tree=491
num_leaves=7
num_cat=0
split_feature=5 1 6 5 8 5
split_gain=0.0403026 0.0242835 1.43552e-10 3.2217e-11 1.16264e-11 1.18072e-11
threshold=24.050000000000004 0.78656609248549303 78.950000000000017 24.250000000000004 1.0000000180025095e-35 24.900000000000002
decision_type=2 2 2 2 2 2
left_child=-1 2 3 -2 -5 -6
right_child=1 -3 -4 4 5 -7
leaf_value=-0.011182967609489912 -0.080028753861783375 0.08105870471240896 -0.080045532094218622 -0.080016740714693335 -0.080014477921402913 -0.080004903544251035
leaf_weight=0.32366268422629219 0.001057744193531108 0.083854326949222013 0.001525197005321389 0.0020149481072166981 0.0018890454448410293 0.0040484158755731414
leaf_count=34 3 14 6 20 14 186
internal_value=0.00558448 0.0630801 -0.0800172 -0.0800124 -0.0800102 -0.0800079
internal_weight=0.418052 0.0943897 0.0105354 0.00901015 0.00795241 0.00593746
internal_count=277 243 229 223 220 200
is_linear=0
shrinkage=0.1


Tree=492
num_leaves=9
num_cat=0
split_feature=6 5 6 6 6 6 5 2
split_gain=0.0225787 0.149913 0.0689594 0.0693306 0.0638035 0.0424193 0.0772009 0.0530625
threshold=56.650000000000013 30.950000000000003 59.550000000000004 60.550000000000004 61.350000000000001 64.40000000000002 26.650000000000002 -1.0000000180025095e-35
decision_type=2 2 2 2 2 2 2 2
left_child=1 -1 -2 -4 -5 7 -7 -6
right_child=2 -3 3 4 5 6 -8 -9
leaf_value=-0.084201988682355899 0.04126137710598074 0.033755086758742857 -0.041710079491278799 0.044947750965099453 0.00043640426662792362 -0.0079449159999429499 0.050498520462462962 -0.082575599612992545
leaf_weight=0.20814012586788555 0.37750116478127926 0.22337067906710217 0.41929412470062777 0.30702562970691394 0.16609104442844114 1.2624307711303115 0.27531323145518616 0.1435591367364849
leaf_count=24 28 19 15 10 18 93 47 23
internal_value=-0.0017759 -0.0231418 0.0013481 -0.0045062 0.00273443 -0.00428116 0.00251863 -0.0380494
internal_weight=3.38273 0.431511 2.95122 2.57371 2.15442 1.84739 1.53774 0.30965
internal_count=277 43 234 206 191 181 140 41
is_linear=0
shrinkage=0.1


Tree=493
num_leaves=11
num_cat=0
split_feature=6 0 2 6 6 5 6 5 1 6
split_gain=0.0288998 0.070823 0.0558487 0.0722175 0.0803133 0.0817671 0.0719576 0.0356425 0.144921 0.00296392
threshold=55.350000000000001 0.91597561503675362 -0.60785761079279388 74.850000000000009 59.550000000000004 27.650000000000002 82.000000000000014 28.050000000000004 -0.98296291314453399 57.650000000000013
decision_type=2 2 2 2 2 2 2 2 2 2
left_child=-1 2 7 4 -4 -6 -5 -2 -9 -10
right_child=1 -3 3 6 5 -7 -8 8 9 -11
leaf_value=0.022218676743284673 -0.029399278069317893 -0.030916627242947387 -0.02454723444185359 -0.033492516375016872 0.022825869978218713 0.088273196660222 0.019836255259014866 -0.040866379296016775 0.058137717433771052 0.082456615847334769
leaf_weight=0.51380053559842043 0.66094333789078585 0.73838293674634758 0.20589168487640586 0.48837982662553237 0.56205544262047624 0.28907610545365969 0.52502210874808952 0.27345092594623566 0.094990904704900458 0.10608672058333468
leaf_count=33 29 23 19 29 41 47 11 4 11 30
internal_value=-8.92837e-05 -0.00299522 0.00343564 0.01321 0.0314969 0.0450542 -0.00586401 -0.0143871 0.00652259 0.0709681
internal_weight=4.45808 3.94428 3.2059 2.07043 1.05702 0.851132 1.0134 1.13547 0.474529 0.201078
internal_count=277 244 221 147 107 88 40 74 45 41
is_linear=0
shrinkage=0.1


Tree=494
num_leaves=8
num_cat=0
split_feature=6 5 5 8 6 6 6
split_gain=0.0122478 0.0256613 0.0150882 0.0303532 0.0130737 0.0307123 1.57128e-07
threshold=86.250000000000014 23.100000000000005 23.350000000000005 1.0000000180025095e-35 81.40000000000002 79.950000000000017 72.850000000000009
decision_type=2 2 2 2 2 2 2
left_child=1 -1 -3 6 5 -5 -4
right_child=-2 2 3 4 -6 -7 -8
leaf_value=-0.080644739206968796 0.036619093847848068 0.053354298206913175 -0.080660493045090903 -0.0022851597172233143 -0.024197469572705535 0.082547324587308471 -0.080276255325859178
leaf_weight=0.036909101210767403 0.10893100779503584 0.058612520340830088 0.021381262581030569 0.13904163958524407 0.079352585205697324 0.061576192150823772 0.021190497137922648
leaf_count=7 5 3 24 211 7 2 18
internal_value=0.00675344 -0.00102837 0.00668127 -0.00180017 0.0101621 0.0237527 -0.0804692
internal_weight=0.526995 0.418064 0.381155 0.322542 0.27997 0.200618 0.0425718
internal_count=277 272 265 262 220 213 42
is_linear=0
shrinkage=0.1


Tree=495
num_leaves=10
num_cat=0
split_feature=5 2 6 2 1 3 6 6 2
split_gain=0.0286792 0.0902516 0.0251791 0.070478 0.0511447 0.0344599 2.33768e-05 6.36377e-06 2.6075e-07
threshold=28.250000000000004 -0.8783796973249266 74.350000000000009 1.0000000180025095e-35 -0.12940952255126037 -0.22252093395631442 63.050000000000004 53.550000000000004 0.6078576107927941
decision_type=2 2 2 2 2 2 2 2 2
left_child=2 -2 3 4 -1 -4 7 -3 -9
right_child=1 6 5 -5 -6 -7 -8 8 -10
leaf_value=0.0057854427937751099 0.018314332737926469 -0.082562977220559747 -0.025307728791135548 -0.0086511015758129247 0.046164930210565169 0.0043690559996585861 -0.084109978734732416 -0.080741558316490547 -0.081158024818810029
leaf_weight=0.63885372749064084 0.19833730957179796 0.041374245852239144 0.62609081677510392 1.1508450274122877 0.61625173280481305 1.0432511938852256 0.059106147032707668 0.029796571503538871 0.030342841224637596
leaf_count=17 34 14 24 34 33 32 30 38 21
internal_value=0.000288416 -0.0268092 0.00267521 0.00922263 0.0256116 -0.00676129 -0.082529 -0.0816084 -0.0809517
internal_weight=4.43425 0.358957 4.07529 2.40595 1.25511 1.66934 0.16062 0.101514 0.0601394
internal_count=277 137 140 84 50 56 103 73 59
is_linear=0
shrinkage=0.1


Tree=496
num_leaves=7
num_cat=0
split_feature=5 1 6 5 8 5
split_gain=0.0384526 0.0221801 1.24084e-10 1.8967e-11 1.01157e-11 6.59292e-12
threshold=24.050000000000004 0.78656609248549303 78.950000000000017 24.350000000000005 1.0000000180025095e-35 24.900000000000002
decision_type=2 2 2 2 2 2
left_child=-1 2 3 -2 -5 -6
right_child=1 -3 -4 4 5 -7
leaf_value=-0.010946191966323675 -0.080021518281988169 0.080997894741596133 -0.080043382319741632 -0.080015347692520264 -0.080013106882022442 -0.080004541027935916
leaf_weight=0.32055787666013202 0.0014849142862658482 0.078859211353119463 0.0014131240513961538 0.0018372116544469472 0.0011896966643689657 0.003671490314857806
leaf_count=34 7 14 6 20 10 186
internal_value=0.0051604 0.0635297 -0.080016 -0.0800113 -0.080009 -0.0800066
internal_weight=0.409014 0.0884556 0.00959644 0.00818331 0.0066984 0.00486119
internal_count=277 243 229 223 216 196
is_linear=0
shrinkage=0.1


Tree=497
num_leaves=11
num_cat=0
split_feature=1 5 2 8 3 3 1 5 0 3
split_gain=0.022715 0.0520648 0.13758 0.0512133 0.125401 0.0637208 0.0449114 0.000210127 4.13795e-05 1.97708e-07
threshold=-0.98296291314453399 28.450000000000003 0.87837969732492682 1.0000000180025095e-35 -0.56174490092936669 -0.22252093395631442 1.0000000180025095e-35 28.750000000000004 0.91597561503675362 -0.56174490092936669
decision_type=2 2 2 2 2 2 2 2 2 2
left_child=-1 3 7 5 -5 -2 -6 -3 9 -9
right_child=1 2 -4 4 6 -7 -8 8 -10 -11
leaf_value=0.014134048731898306 0.040036698093963569 -0.088040711612542025 0.033470323910938675 -0.082808910848823691 -0.029286462931151433 -0.009189115487475032 0.017956681134094921 -0.080672799812576745 -0.083847963762097799 -0.080339275574749847
leaf_weight=0.71575811365619335 0.53911525518924464 0.10583945198854383 0.16187980184258777 0.21772116941454622 0.30564622834572108 0.5133686789049543 0.58898242054419825 0.031756659621521521 0.074365583248436451 0.040363904248579274
leaf_count=15 20 8 14 31 34 28 39 19 2 67
internal_value=-0.0016271 -0.00600127 -0.0384836 0.000213693 -0.0147475 0.0160259 0.00181625 -0.0846457 -0.0821928 -0.0804861
internal_weight=3.2948 2.57904 0.414205 2.16483 1.11235 1.05248 0.894629 0.252326 0.146486 0.0721206
internal_count=277 262 110 152 104 48 73 96 88 86
is_linear=0
shrinkage=0.1


Tree=498
num_leaves=7
num_cat=0
split_feature=6 6 5 6 5 6
split_gain=0.0286977 0.0426834 0.0443848 0.0536935 0.159326 0.0790909
threshold=83.100000000000009 81.40000000000002 23.350000000000005 74.350000000000009 23.850000000000005 62.150000000000013
decision_type=2 2 2 2 2 2
left_child=1 2 -1 4 -4 -6
right_child=-2 -3 3 -5 5 -7
leaf_value=-0.032658563692679797 -0.029436629822131188 0.030640838349024202 -0.084214036675886936 0.034594015999801463 -0.0078657482046229337 0.030593519672790649
leaf_weight=0.41253807023167643 0.31565773781039741 0.45718982368998684 0.22198922187089998 0.44071438215269143 1.7028215232285222 0.77949274578122629
leaf_count=8 11 9 5 32 106 106
internal_value=-0.000404394 0.00187825 -0.00181809 0.00222731 -0.00304742 0.00421118
internal_weight=4.3304 4.01475 3.55756 3.14502 2.7043 2.48231
internal_count=277 266 257 249 217 212
is_linear=0
shrinkage=0.1


Tree=499
num_leaves=10
num_cat=0
split_feature=5 5 0 6 5 2 5 6 1
split_gain=0.0119809 0.0537954 6.15777e-07 1.64462e-07 2.72725e-07 7.06843e-08 1.35565e-09 6.17921e-11 1.85109e-11
threshold=32.150000000000006 24.050000000000004 -0.60355339059327362 90.600000000000009 31.750000000000004 0.6078576107927941 31.750000000000004 51.850000000000009 0.60355339059327384
decision_type=2 2 2 2 2 2 2 2 2
left_child=1 -1 3 4 8 6 7 -4 -3
right_child=-2 2 5 -5 -6 -7 -8 -9 -10
leaf_value=0.016036549199638248 0.039604485272099421 -0.080012185326923155 -0.080041581045444732 -0.081108330945275156 -0.080900517956615625 -0.080377300789904696 -0.080105372558814142 -0.0800207195642334 -0.080025133011752694
leaf_weight=0.34779345373681281 0.093688315711915493 0.0029021530537818299 0.0022963590745348483 0.016847670078277588 0.013759016059339046 0.024013147598623164 0.0037365322932600975 0.0037198637077153762 0.0017823022726588533
leaf_count=34 6 96 4 1 1 34 3 86 12
internal_value=0.00729142 2.8964e-05 -0.0805904 -0.0808825 -0.0806761 -0.0802851 -0.0800581 -0.0800287 -0.0800171
internal_weight=0.510539 0.41685 0.069057 0.0352911 0.0184435 0.0337659 0.00975276 0.00601622 0.00468446
internal_count=277 271 237 110 109 127 93 90 108
is_linear=0
shrinkage=0.1


end of trees

feature_importances:
Column_5=1570
Column_6=1183
Column_0=506
Column_2=436
Column_1=402
Column_3=207
Column_8=129
Column_9=20
Column_4=8

parameters:
[boosting: gbdt]
[objective: multiclass]
[metric: multi_logloss]
[tree_learner: serial]
[device_type: cpu]
[data_sample_strategy: bagging]
[data: ]
[valid: ]
[num_iterations: 100]
[learning_rate: 0.1]
[num_leaves: 31]
[num_threads: 14]
[seed: 42]
[deterministic: 0]
[force_col_wise: 0]
[force_row_wise: 0]
[histogram_pool_size: -1]
[max_depth: 6]
[min_data_in_leaf: 20]
[min_sum_hessian_in_leaf: 0.001]
[bagging_fraction: 1]
[pos_bagging_fraction: 1]
[neg_bagging_fraction: 1]
[bagging_freq: 0]
[bagging_seed: 400]
[bagging_by_query: 0]
[feature_fraction: 1]
[feature_fraction_bynode: 1]
[feature_fraction_seed: 30056]
[extra_trees: 0]
[extra_seed: 12879]
[early_stopping_round: 0]
[early_stopping_min_delta: 0]
[first_metric_only: 0]
[max_delta_step: 0]
[lambda_l1: 0]
[lambda_l2: 0]
[linear_lambda: 0]
[min_gain_to_split: 0]
[drop_rate: 0.1]
[max_drop: 50]
[skip_drop: 0.5]
[xgboost_dart_mode: 0]
[uniform_drop: 0]
[drop_seed: 17869]
[top_rate: 0.2]
[other_rate: 0.1]
[min_data_per_group: 100]
[max_cat_threshold: 32]
[cat_l2: 10]
[cat_smooth: 10]
[max_cat_to_onehot: 4]
[top_k: 20]
[monotone_constraints: ]
[monotone_constraints_method: basic]
[monotone_penalty: 0]
[feature_contri: ]
[forcedsplits_filename: ]
[refit_decay_rate: 0.9]
[cegb_tradeoff: 1]
[cegb_penalty_split: 0]
[cegb_penalty_feature_lazy: ]
[cegb_penalty_feature_coupled: ]
[path_smooth: 0]
[interaction_constraints: ]
[verbosity: -1]
[saved_feature_importance_type: 0]
[use_quantized_grad: 0]
[num_grad_quant_bins: 4]
[quant_train_renew_leaf: 0]
[stochastic_rounding: 1]
[linear_tree: 0]
[max_bin: 255]
[max_bin_by_feature: ]
[min_data_in_bin: 3]
[bin_construct_sample_cnt: 200000]
[data_random_seed: 175]
[is_enable_sparse: 1]
[enable_bundle: 1]
[use_missing: 1]
[zero_as_missing: 0]
[feature_pre_filter: 1]
[pre_partition: 0]
[two_round: 0]
[header: 0]
[label_column: ]
[weight_column: ]
[group_column: ]
[ignore_column: ]
[categorical_feature: ]
[forcedbins_filename: ]
[precise_float_parser: 0]
[parser_config_file: ]
[objective_seed: 16083]
[num_class: 5]
[is_unbalance: 0]
[scale_pos_weight: 1]
[sigmoid: 1]
[boost_from_average: 1]
[reg_sqrt: 0]
[alpha: 0.9]
[fair_c: 1]
[poisson_max_delta_step: 0.7]
[tweedie_variance_power: 1.5]
[lambdarank_truncation_level: 30]
[lambdarank_norm: 1]
[label_gain: ]
[lambdarank_position_bias_regularization: 0]
[eval_at: ]
[multi_error_top_k: 1]
[auc_mu_weights: ]
[num_machines: 1]
[local_listen_port: 12400]
[time_out: 120]
[machine_list_filename: ]
[machines: ]
[gpu_platform_id: -1]
[gpu_device_id: -1]
[gpu_use_dp: 0]
[num_gpu: 1]

end of parameters

pandas_categorical:null
