tree
version=v4
num_class=5
num_tree_per_iteration=5
label_index=0
max_feature_idx=9
objective=multiclass num_class:5
feature_names=Column_0 Column_1 Column_2 Column_3 Column_4 Column_5 Column_6 Column_7 Column_8 Column_9
feature_infos=[-1:1] [-1:0.86602540378443837] [-0.97492791218182362:0.97492791218182362] [-0.90096886790241903:1] [0:1] [21.199999999999999:33.100000000000001] [44.600000000000001:93] [0:1] [0:1] [0:1]
tree_sizes=1162 456 953 1174 652 1493 1542 1509 1480 1092 1478 1216 1516 1480 1206 1579 1216 1627 1478 1202 1482 1216 1847 1396 1203 1513 1114 1738 1394 1421 1613 1113 1847 1401 1319 1597 1110 1818 1401 1316 1503 1115 1850 1400 1320 1610 1116 1716 1623 1101 1617 1112 1737 1621 1096 1614 1114 1746 1627 1094 1722 1117 1189 1726 1215 1720 1123 1721 1617 1202 1621 1121 1523 1405 1101 1834 1115 1397 1411 1407 1727 1119 1410 1625 1293 1520 1118 1633 1409 1405 1830 1123 1311 1726 1296 1731 1313 1195 1626 1297 1521 1313 1612 1628 1409 1731 1124 1201 1398 1295 2054 1319 1824 1713 1519 1835 1423 1305 1617 874 1629 1227 1613 1794 1415 1732 1319 1722 1627 1755 1727 1232 1411 2055 1851 1933 1427 1632 1496 1178 1633 1434 980 1930 1520 1942 1233 1078 1628 990 1733 1325 1297 1626 1187 1834 1237 1833 1496 2172 1738 1213 1728 2067 1187 1947 1309 1627 2067 991 1732 1235 1202 2163 993 1851 1312 1087 1926 995 1846 1344 1723 1303 2067 2067 1321 883 1087 874 1856 1350 1095 1921 978 995 1238 1736 1832 1188 2149 1219 1099 1718 1094 1097 1214 1425 1623 982 1838 1239 1098 1197 879 2167 1128 1097 1412 1300 1628 1092 1309 1099 1203 2049 1127 1298 878 984 995 1223 1412 1196 1203 1840 1412 1201 1533 889 2061 1246 1304 1090 1305 1096 1546 1639 1301 983 2376 1409 1827 1211 1205 2373 1248 1509 2276 1417 1730 1250 1299 1097 1097 1097 1414 1522 1103 1204 1200 1230 1624 1086 989 1086 1879 1720 1637 1094 2166 1131 1843 1094 1532 1411 1320 1835 1537 1096 1826 1236 1327 1729 1093 1517 1417 1429 2272 1527 1629 1136 1303 1630 1098 1532 1319 1951 890 1103 1638 1135 1832 881 1208 1426 1130 1432 1097 887 996 1880 2059 885 883 1097 1414 1840 886 1098 1105 1025 1644 2281 1211 1415 1328 1967 993 1094 1529 1409 1746 1408 1091 1743 1140 1518 991 1431 1416 1893 1750 2296 886 1421 1417 1527 891 1099 1417 1025 1733 1222 1092 1106 1424 1429 2481 1429 1519 1027 1316 1857 883 1317 1423 1645 1112 1208 1216 1024 1209 2276 885 1102 1026 1420 1413 1212 1626 1667 1322 1964 886 1517 1031 1322 996 1215 1435 1688 1111 2379 887 1108 998 1430 997 1216 1435 1032 1648 1112 887 1422 1434 1517 996 1440 1527 1143 1325 1007 1001 1218 1148 1748 2493 1102 1108 1443 1311 1213 1230 1324 1037 1859 1105 1115 995 1140 1757 1105 1218 1312 1110 1315 1647 1001 1208 1146 1635 1227 1216 1525 1145 1934 1006 1313 1426 1261 1766 2284 883 1106 1143 1633 1108 1971 1322 1147 2048 1000 1555 1750 1111 1203 996 1216 1425 1153 1646 2087 886 1221 1149 1874 1005 1114 1312 1148 1543 2612 1224 1103 1108 1324 1212 893

Tree=0
num_leaves=10
num_cat=0
split_feature=1 1 5 5 0 1 8 6 0
split_gain=141.459 61.2731 50.1291 13.5856 10.4596 12.9297 1.11467 0.139962 1.42109e-14
threshold=-0.12940952255126037 0.78656609248549303 23.850000000000005 27.950000000000003 -0.91597561503675329 0.1294095225512602 1.0000000180025095e-35 66.350000000000009 1.0000000180025095e-35
decision_type=2 2 2 2 2 2 2 2 2
left_child=3 2 -2 -1 5 -4 -5 -6 -8
right_child=1 -3 4 6 7 -7 8 -9 -10
leaf_value=-1.0243917009707066 -1.1355052265223196 -1.1731872047528664 -0.84925440943763797 -1.1309833891346539 -0.83907366444201681 -1.0155292728457503 -1.1731872047528664 -0.82148874126776128 -1.1731872047528664
leaf_weight=7.392696499824523 7.9613654613494864 9.9517068266868574 10.804710268974301 7.1083620190620413 5.68668961524964 8.245699942111969 25.30576878786087 22.178089499473572 27.01177567243576
leaf_count=26 28 35 38 25 20 29 89 78 95
internal_value=-1.05013 -0.944892 -0.903491 -1.15223 -0.864119 -0.921224 -1.16814 -0.825078 -1.17319
internal_weight=131.647 64.8283 54.8766 66.8186 46.9152 19.0504 59.4259 27.8648 52.3175
internal_count=463 228 193 235 165 67 209 98 184
is_linear=0
shrinkage=1


Tree=1
num_leaves=3
num_cat=0
split_feature=1 0
split_gain=291.552 3.55271e-15
threshold=0.78656609248549303 0.98296291314453421
decision_type=2 2
left_child=1 -1
right_child=-2 -3
leaf_value=-2.8906719674861496 -1.7642667658934872 -2.8906719674861496
leaf_weight=27.840780317783359 2.4857839569449416 2.5568063557147971
leaf_count=392 35 36
internal_value=-2.80552 -2.89067
internal_weight=32.8834 30.3976
internal_count=463 428
is_linear=0
shrinkage=1


Tree=2
num_leaves=8
num_cat=0
split_feature=1 0 0 0 1 5 5
split_gain=38.8893 22.7813 36.884 25.6408 48.7612 2.23462 8.88178e-16
threshold=-0.98296291314453399 0.91597561503675362 0.98296291314453421 -0.91597561503675329 -1.0000000180025095e-35 27.600000000000005 26.250000000000004
decision_type=2 2 2 2 2 2 2
left_child=-1 3 5 4 6 -3 -2
right_child=1 2 -4 -5 -6 -7 -8
leaf_value=-1.7842509778622657 -2.2577765996118377 -1.8067998169931976 -2.2577765996118377 -2.2577765996118377 -1.8424032471999323 -1.9349182211462204 -2.2577765996118377
leaf_weight=2.5341817736625663 2.6608908623456955 2.6608908623456937 4.5615271925926208 34.464872121810913 4.8149453699588758 2.7875999510288239 4.1813999265432358
leaf_count=20 21 21 36 272 38 22 33
internal_value=-2.16744 -2.18473 -2.04799 -2.21441 -2.08621 -1.87235 -2.25778
internal_weight=58.6663 56.1321 10.01 46.1221 11.6572 5.44849 6.84229
internal_count=463 443 79 364 92 43 54
is_linear=0
shrinkage=1


Tree=3
num_leaves=10
num_cat=0
split_feature=5 1 0 5 5 0 5 0 6
split_gain=244.465 17.6445 16.7144 6.08266 5.90087 0.572723 0.127416 2.84217e-14 2.84217e-14
threshold=27.950000000000003 -0.98296291314453399 0.91597561503675362 23.750000000000004 31.550000000000004 -0.91597561503675329 24.250000000000004 -1.0000000180025095e-35 72.800000000000026
decision_type=2 2 2 2 2 2 2 2 2
left_child=3 -2 4 -1 5 -3 -5 -7 -8
right_child=1 2 -4 6 -6 7 8 -9 -10
leaf_value=-0.9299464789555637 -0.89703625051323099 -0.71602999408040113 -0.87117821387996963 -0.99791325508646822 -0.78783412886367243 -0.68311976563806831 -1.0122220500613954 -0.68311976563806842 -1.0122220500613954
leaf_weight=10.938848733901976 6.0771381855010977 6.0771381855010977 6.3809950947761527 6.9887089133262625 6.6848520040512076 18.535271465778347 35.855115294456482 22.181554377079014 20.96612673997879
leaf_count=36 20 20 21 23 22 61 118 73 69
internal_value=-0.875037 -0.734684 -0.718202 -0.998844 -0.699949 -0.687394 -1.01065 -0.68312 -1.01222
internal_weight=140.686 65.9369 59.8598 74.7488 53.4788 46.794 63.81 40.7168 56.8212
internal_count=463 217 197 246 176 154 210 134 187
is_linear=0
shrinkage=1


Tree=4
num_leaves=5
num_cat=0
split_feature=5 5 3 5
split_gain=84.7754 41.6116 15.0363 0.596699
threshold=23.950000000000003 31.650000000000002 1.0000000180025095e-35 24.450000000000003
decision_type=2 2 2 2
left_child=2 3 -1 -2
right_child=1 -3 -4 -5
leaf_value=-2.5799857616189694 -2.8635049226112184 -2.3718706328055088 -2.1377411128903665 -2.9268443096414019
leaf_weight=1.4415098056197195 1.5787964537739814 1.4415098056197155 1.6474397778511045 25.672603204846382
leaf_count=21 23 21 24 374
internal_value=-2.84189 -2.89548 -2.34412 -2.92317
internal_weight=31.7819 28.6929 3.08895 27.2514
internal_count=463 418 45 397
is_linear=0
shrinkage=1


Tree=5
num_leaves=13
num_cat=0
split_feature=5 1 5 1 0 1 1 6 1 5 0 4
split_gain=109.67 40.0373 30.7727 17.0868 6.05852 10.578 2.6664 0.00125398 0.000627455 0.000271671 0.000191264 1.53633e-05
threshold=28.050000000000004 0.78656609248549303 23.850000000000005 -0.12940952255126037 -0.91597561503675329 0.1294095225512602 -0.37940952255126015 67.15000000000002 -0.98296291314453399 31.550000000000004 0.78656609248549325 1.0000000180025095e-35
decision_type=2 2 2 2 2 2 2 2 2 2 2 2
left_child=1 2 -1 -4 5 -5 8 -6 -2 10 11 -10
right_child=6 -3 3 4 7 -7 -8 -9 9 -11 -12 -13
leaf_value=-0.079439718012054392 -0.11585039504929594 -0.11447715674135134 0.0039355346338050337 0.17928582925581238 0.18696657911249365 0.029245818026739163 -0.056919725374437069 0.18543365528481887 -0.11458705510699152 -0.11532998254925364 -0.11511719856417951 -0.11443640174960723
leaf_weight=7.671031415462493 5.3412902951240531 9.1982333362102491 8.5799892544746381 10.683300822973244 7.0375967621803381 8.3881976902484894 9.5912570059299451 22.075836151838303 10.535812377929689 5.8422008156776419 5.828668236732482 18.933104038238525
leaf_count=28 20 35 30 35 23 29 35 72 40 22 22 72
internal_value=0.000447857 0.0806891 0.108549 0.133953 0.157105 0.113294 -0.104925 0.185804 -0.114831 -0.114698 -0.114594 -0.11449
internal_weight=129.707 73.6342 64.436 56.7649 48.1849 19.0715 56.0723 29.1134 46.4811 41.1398 35.2976 29.4689
internal_count=463 252 217 189 159 64 211 95 176 156 134 112
is_linear=0
shrinkage=0.1


Tree=6
num_leaves=13
num_cat=0
split_feature=1 5 5 1 0 1 5 0 0 6 5 6
split_gain=100.722 4.69647e-06 1.58054e-06 1.75422e-06 1.29885e-06 2.07003e-06 1.11728e-06 9.37392e-07 4.35961e-07 2.48929e-07 1.37862e-07 3.77782e-09
threshold=0.78656609248549303 27.950000000000003 23.850000000000005 0.37940952255126026 0.91597561503675362 -0.98296291314453399 31.550000000000004 0.98296291314453421 -0.98296291314453399 65.350000000000009 24.650000000000002 75.350000000000009
decision_type=2 2 2 2 2 2 2 2 2 2 2 2
left_child=1 2 -1 7 5 -3 9 8 -4 -7 -5 -12
right_child=-2 4 3 10 -6 6 -8 -9 -10 -11 11 -13
leaf_value=-0.084765015511534411 0.36505206450112188 -0.084705594090517158 -0.084678690826104769 -0.084586227243415121 -0.084689178476719751 -0.084552627264560171 -0.084655457569388207 -0.084634378432716761 -0.084734969079732991 -0.084591779134928824 -0.084629286795268321 -0.084621814865226255
leaf_weight=1.8546916171908403 6.0729146003723136 1.3114068284630747 2.2184722498059259 1.3458190262317655 1.3717528656125058 7.7668462842702848 1.428793907165528 2.0056355521082878 3.626660473644733 2.0532473176717758 1.292701840400696 1.4199404567480085
leaf_count=28 35 20 34 21 21 122 22 31 55 32 20 22
internal_value=-0.00376659 -0.0846377 -0.0846791 -0.0846658 -0.0845968 -0.0845867 -0.0845728 -0.0846934 -0.0847136 -0.0845608 -0.0846124 -0.0846254
internal_weight=33.7689 27.696 13.7639 11.9092 13.932 12.5603 11.2489 7.85077 5.84513 9.82009 4.05846 2.71264
internal_count=463 428 211 183 217 196 176 120 89 154 63 42
is_linear=0
shrinkage=0.1


Tree=7
num_leaves=13
num_cat=0
split_feature=1 0 0 0 1 6 0 5 5 5 5 5
split_gain=22.7829 17.2846 22.2818 21.8957 30.3249 1.77629 1.962e-05 3.54976e-05 1.00558e-05 8.77112e-06 6.12796e-06 8.53598e-07
threshold=-0.98296291314453399 0.91597561503675362 0.98296291314453421 -0.91597561503675329 -1.0000000180025095e-35 64.600000000000009 -0.70710678118654735 23.950000000000003 27.950000000000003 24.850000000000005 31.550000000000004 26.250000000000004
decision_type=2 2 2 2 2 2 2 2 2 2 2 2
left_child=-1 3 5 4 8 -3 7 -5 -2 -8 -11 -9
right_child=1 2 -4 6 -6 -7 9 11 -10 10 -12 -13
leaf_value=0.2473820464263867 -0.089290008534965201 0.25454784034112488 -0.089148517033014629 -0.089581314982967702 0.22169931244217783 0.15412970719058022 -0.088892820056143296 -0.089164367383983589 -0.089026168624653484 -0.089074007083898427 -0.089241366398072494 -0.089093148604887401
leaf_weight=3.4931277781724921 3.961760900914669 3.435577914118765 4.142861969769001 2.384965479373931 6.3150209784507698 3.6150947213172913 2.3608821704983809 6.3398082256317121 2.2735458612442017 15.323754340410234 2.5522388070821753 2.2911031246185303
leaf_count=20 34 21 36 20 38 22 21 55 20 134 22 20
internal_value=-0.000260375 -0.0159895 0.0949104 -0.044329 0.0672401 0.20306 -0.0891324 -0.0892398 -0.0891938 -0.089074 -0.0890979 -0.0891455
internal_weight=58.4897 54.9966 11.1935 43.8031 12.5503 7.05067 31.2528 11.0159 6.23531 20.2369 17.876 8.63091
internal_count=463 443 79 364 92 43 272 95 54 177 156 75
is_linear=0
shrinkage=0.1


Tree=8
num_leaves=13
num_cat=0
split_feature=5 1 0 5 5 5 5 1 1 0 0 0
split_gain=186.965 12.9035 12.0687 5.37453 4.29553 0.424847 0.133238 0.00344841 0.000881889 0.000969065 0.000294917 0.000161918
threshold=27.950000000000003 -0.98296291314453399 0.91597561503675362 23.750000000000004 31.550000000000004 28.350000000000005 24.250000000000004 -0.5 -0.12940952255126037 -0.91597561503675329 -0.98296291314453399 -0.60355339059327362
decision_type=2 2 2 2 2 2 2 2 2 2 2 2
left_child=3 -2 4 -1 5 -3 -5 -7 -8 10 -10 -11
right_child=1 2 -4 6 -6 7 8 -9 9 11 -12 -13
leaf_value=-0.04666643378800394 -0.019148779818268027 0.13537486263849047 0.0038728234494022139 -0.11024107120375488 0.074857986696998058 0.16293314741816375 -0.12626654984754393 0.16526407122299736 -0.12531822224905906 -0.12452246705650889 -0.12614669010152552 -0.12499526221986353
leaf_weight=10.675558269023893 6.0366750955581656 6.2286733388900748 6.3768042027950278 6.6293264329433432 6.8055832386016837 34.051277637481682 7.5446039438247672 7.8009471893310609 9.5226583182811755 15.217980355024334 7.8298279643058697 13.82305669784547
leaf_count=36 20 20 21 23 22 109 26 25 33 53 27 48
internal_value=0.000819569 0.120343 0.134088 -0.112088 0.149216 0.159741 -0.12362 0.163368 -0.125264 -0.125101 -0.125692 -0.124748
internal_weight=138.543 67.3 61.2633 71.243 54.8865 48.0809 60.5675 41.8522 53.9381 46.3935 17.3525 29.041
internal_count=463 217 197 246 176 154 210 134 187 161 60 101
is_linear=0
shrinkage=0.1


Tree=9
num_leaves=9
num_cat=0
split_feature=5 5 6 5 5 5 0 1
split_gain=46.9818 48.4307 2.6728 0.000657265 7.79898e-06 3.9322e-06 1.36442e-06 8.42379e-07
threshold=24.050000000000004 31.850000000000005 79.450000000000017 31.450000000000003 24.550000000000004 27.950000000000003 0.91597561503675362 -0.12940952255126037
decision_type=2 2 2 2 2 2 2 2
left_child=2 3 -1 4 -2 7 -7 -6
right_child=1 -3 -4 -5 5 6 -8 -9
leaf_value=0.19585141433580017 -0.084689305642450655 0.55385882795248409 0.33860164062347947 -0.086549152377616387 -0.084567434742632161 -0.084405315032372114 -0.08451319186956098 -0.084489994004801686
leaf_weight=2.4604336172342327 1.5680960863828755 1.246278017759322 2.8091783672571182 1.6304364278912533 1.6603962033987034 10.137544460594652 1.3257750794291485 9.1195321530103701
leaf_count=24 24 12 27 20 26 164 21 145
internal_value=-0.000914108 -0.0547917 0.27195 -0.0846068 -0.0844738 -0.0844586 -0.0844178 -0.0845019
internal_weight=31.9577 26.6881 5.26961 25.4418 23.8113 22.2432 11.4633 10.7799
internal_count=463 412 51 400 380 356 185 171
is_linear=0
shrinkage=0.1


Tree=10
num_leaves=13
num_cat=0
split_feature=5 1 5 1 0 1 0 5 5 1 1 5
split_gain=85.7708 30.9342 23.4914 12.8431 4.52206 7.77656 3.73472 0.129883 0.00301309 0.00157788 0.000823193 0.00109642
threshold=28.050000000000004 0.78656609248549303 23.850000000000005 -0.12940952255126037 -0.91597561503675329 0.1294095225512602 0.91597561503675362 28.450000000000003 24.550000000000004 -0.98296291314453399 -0.5 31.550000000000004
decision_type=2 2 2 2 2 2 2 2 2 2 2 2
left_child=1 2 -1 -4 5 -5 7 -2 -6 -9 11 -11
right_child=6 -3 3 4 8 -7 -8 9 -10 10 -12 -13
leaf_value=-0.074561549462441576 -0.091980366278599276 -0.10918492154781556 0.0021826134482872085 0.15277157885430426 0.16100289812958615 0.025188869775272977 -0.014539603676079203 -0.11034537496896124 0.15853119139809921 -0.10797415289384082 -0.10955972644765676 -0.10954115686062141
leaf_weight=7.3958081901073447 5.24650053679943 8.5399861782789213 8.6235136091709119 10.925369471311562 6.2467008531093695 8.4901926517486572 4.8388816416263571 4.9794760197401038 23.432952851057053 25.673531621694565 5.6414098292589214 5.4052459001541129
leaf_count=28 21 35 30 35 20 29 18 20 75 107 23 22
internal_value=0.000429192 0.0697646 0.0932344 0.114735 0.134505 0.0969812 -0.0981874 -0.106809 0.159051 -0.108675 -0.108448 -0.108247
internal_weight=125.44 73.6545 65.1145 57.7187 49.0952 19.4156 51.785 46.9462 29.6797 41.6997 36.7202 31.0788
internal_count=463 252 217 189 159 64 211 193 95 172 152 129
is_linear=0
shrinkage=0.1


Tree=11
num_leaves=10
num_cat=0
split_feature=1 5 0 0 1 5 0 5 6
split_gain=66.4176 1.39797e-05 8.35573e-06 7.53855e-06 4.54036e-06 6.8917e-06 4.59977e-06 4.06542e-06 8.19138e-07
threshold=0.78656609248549303 23.850000000000005 0.91597561503675362 0.98296291314453421 -0.98296291314453399 27.950000000000003 -0.91597561503675329 31.550000000000004 64.600000000000009
decision_type=2 2 2 2 2 2 2 2 2
left_child=1 -1 4 8 -3 6 -6 -7 -4
right_child=-2 2 3 -5 5 7 -8 -9 -10
leaf_value=-0.084429659597313911 0.2478329838737845 -0.084293007068710346 -0.084308864696045829 -0.08411030311645093 -0.084243186651434834 -0.084014056537825954 -0.084085531066434946 -0.084203467899671411 -0.084420399516688949
leaf_weight=1.7341574318707014 7.9326989352703086 1.2071967907249987 1.272868558764457 2.0329425670206547 3.7650733217597008 8.7549410723149759 3.639542248100045 1.3016386181116093 1.3641728535294531
leaf_count=28 35 20 21 35 63 154 63 22 22
internal_value=-0.00436333 -0.0841557 -0.0841354 -0.084255 -0.0841054 -0.0840925 -0.0841657 -0.0840386 -0.0843666
internal_weight=33.0052 25.0725 23.3384 4.66998 18.6684 17.4612 7.40462 10.0566 2.63704
internal_count=463 428 400 78 322 302 126 176 43
is_linear=0
shrinkage=0.1


Tree=12
num_leaves=13
num_cat=0
split_feature=1 0 0 1 0 6 6 0 5 5 5 5
split_gain=15.2637 13.4853 19.1194 20.9048 15.0829 0.962891 6.34388e-05 3.95915e-05 2.51959e-05 2.1882e-05 7.55356e-06 6.71736e-06
threshold=-0.98296291314453399 0.91597561503675362 -0.91597561503675329 -1.0000000180025095e-35 0.98296291314453421 64.600000000000009 71.450000000000017 -0.78656609248549303 31.550000000000004 27.950000000000003 24.050000000000004 28.350000000000005
decision_type=2 2 2 2 2 2 2 2 2 2 2 2
left_child=-1 2 3 9 5 -3 8 -8 11 -2 -9 -4
right_child=1 4 6 -5 -6 -7 7 10 -10 -11 -12 -13
leaf_value=0.18316928684426373 -0.08819697385798185 0.18739866506101818 -0.08804301751620762 0.16737485991090001 -0.088083224977268726 0.11932905217397674 -0.088640348206122127 -0.088006166719321405 -0.088258594906735738 -0.087785112844825972 -0.088221038628802151 -0.087874330130569903
leaf_weight=4.2100367695093146 3.5827392414212227 4.175799831748007 2.9025417715311148 7.4924182444810814 3.7492452636361113 4.1368622481822968 2.1898929774761191 2.2621895968914014 2.3277413696050635 2.0157893970608711 5.9107009023427963 12.64461490511894
leaf_count=20 34 21 28 38 36 22 20 22 22 20 56 124
internal_value=-0.000149063 -0.0146044 -0.041755 0.0581394 0.0784239 0.153523 -0.0880659 -0.0882627 -0.0879518 -0.0880487 -0.0881616 -0.0879058
internal_weight=57.6006 53.3905 41.3286 13.0909 12.0619 8.31266 28.2377 10.3628 17.8749 5.59853 8.17289 15.5472
internal_count=463 443 364 92 79 43 272 98 174 54 78 152
is_linear=0
shrinkage=0.1


Tree=13
num_leaves=13
num_cat=0
split_feature=5 1 0 5 5 5 5 1 1 0 0 0
split_gain=146.802 9.83396 9.18683 4.86646 3.41234 0.329881 0.130601 0.00432301 0.00358954 0.00127877 0.00151493 0.000995422
threshold=27.950000000000003 -0.98296291314453399 0.91597561503675362 23.750000000000004 31.550000000000004 28.350000000000005 24.250000000000004 -0.12940952255126037 -0.5 -0.91597561503675329 -0.98296291314453399 -0.60355339059327362
decision_type=2 2 2 2 2 2 2 2 2 2 2 2
left_child=3 -2 4 -1 5 -3 -5 -8 -7 10 -9 -11
right_child=1 2 -4 6 -6 8 7 9 -10 11 -12 -13
leaf_value=-0.040800198879593866 -0.016317418832108514 0.11928846272914617 0.0043556155649833242 -0.10143828882616655 0.065288359332312834 0.14356273174596657 -0.11907376188419704 -0.11624076048297648 0.14595220717277166 -0.11541865412859736 -0.11818087981795392 -0.11663397695634797
leaf_weight=10.436948060989378 5.9903921186923972 6.2082956433296195 6.3705589175224295 6.2183837890624991 6.8495684862136832 33.615740060806267 7.1634633839130393 8.8510387837886828 7.7331148386001649 14.091363996267317 7.380995780229564 12.917417079210287
leaf_count=36 20 20 21 23 22 109 26 33 25 53 27 48
internal_value=0.000961354 0.105926 0.117974 -0.103546 0.131278 0.140782 -0.115112 -0.116798 0.14401 -0.116421 -0.117123 -0.116
internal_weight=133.827 66.7677 60.7773 67.0596 54.4067 47.5572 56.6227 50.4043 41.3489 43.2408 16.232 27.0088
internal_count=463 217 197 246 176 154 210 187 134 161 60 101
is_linear=0
shrinkage=0.1


Tree=14
num_leaves=10
num_cat=0
split_feature=5 5 3 5 5 1 1 0 1
split_gain=32.3894 40.2453 1.23325 0.0043938 1.37633e-05 4.69878e-06 3.94729e-06 3.81556e-06 3.52364e-06
threshold=31.950000000000003 24.050000000000004 1.0000000180025095e-35 31.650000000000002 27.950000000000003 -0.12940952255126037 0.78656609248549303 0.91597561503675362 -0.9159756150367534
decision_type=2 2 2 2 2 2 2 2 2
left_child=1 2 -1 4 5 -3 -7 8 -6
right_child=-2 3 -4 -5 7 6 -8 -9 -10
leaf_value=0.14088778939611962 0.46314715181469057 -0.084248454581037052 0.22910630503197502 -0.089864943498973449 -0.083996375537553847 -0.084037391599588521 -0.084231661038543806 -0.084096596518664801 -0.083867260842401023
leaf_weight=2.6123034507036271 1.4355348497629155 1.5558832101523865 4.0281691178679466 1.3601104244589795 3.1107837595045629 8.5126628316938913 1.1924044713377959 1.2153845131397236 6.594315666705362
leaf_count=24 9 26 27 12 55 149 20 21 120
internal_value=-0.000945493 -0.0230189 0.194402 -0.0843478 -0.0840096 -0.0840871 -0.0840613 -0.0839296 -0.0839086
internal_weight=31.6176 30.182 6.64047 23.5415 22.1814 11.261 9.70507 10.9205 9.7051
internal_count=463 454 51 403 391 195 169 196 175
is_linear=0
shrinkage=0.1


Tree=15
num_leaves=14
num_cat=0
split_feature=1 1 5 0 0 1 2 2 5 1 5 5 1
split_gain=68.034 27.2245 21.667 8.99335 4.00211 5.29948 1.10389 0.0914498 0.0144204 0.00216107 0.00219948 0.00204331 0.00019297
threshold=-0.12940952255126037 0.78656609248549303 23.850000000000005 0.91597561503675362 -0.91597561503675329 0.1294095225512602 1.0000000180025095e-35 0.6078576107927941 26.050000000000004 -0.98296291314453399 28.450000000000003 31.550000000000004 -0.5
decision_type=2 2 2 2 2 2 2 2 2 2 2 2 2
left_child=3 2 -2 9 5 -4 -5 8 -6 -1 -11 12 -12
right_child=1 -3 4 6 7 -7 -8 -9 -10 10 11 -13 -14
leaf_value=-0.10595472203026146 -0.070091677461255983 -0.10498505729808748 0.1259886052056319 0.023732286424335863 0.14086319656266372 0.022207543189117981 -0.036939011924459766 0.12922575748950579 0.14635144670611519 -0.10565876574058136 -0.10291774701789116 -0.10523593625109895 -0.10361229352047169
leaf_weight=4.6104285418987265 7.116938352584838 7.8861553668975821 11.571073591709133 6.1488341987133008 16.557143867015849 8.5605658888816833 5.8539061546325684 6.7430114746093741 6.7348895370960227 4.8110536634922019 23.15037627518177 4.9814232140779486 4.8358692377805736
leaf_count=20 28 35 38 22 54 29 21 22 22 21 107 22 22
internal_value=0.000296806 0.0692114 0.0931927 -0.0822733 0.116357 0.0818578 -0.00585796 0.139481 0.14245 -0.103911 -0.103661 -0.10337 -0.103038
internal_weight=119.562 65.1698 57.2836 54.3919 50.1667 20.1316 12.0027 30.035 23.292 42.3892 37.7787 32.9677 27.9862
internal_count=463 228 193 235 165 67 43 98 76 192 172 151 129
is_linear=0
shrinkage=0.1


Tree=16
num_leaves=10
num_cat=0
split_feature=1 5 0 0 1 0 1 5 6
split_gain=48.711 2.82265e-05 1.42696e-05 1.33e-05 8.50136e-06 9.12713e-06 1.02884e-05 7.90694e-06 2.41404e-06
threshold=0.78656609248549303 23.850000000000005 0.91597561503675362 0.98296291314453421 -0.98296291314453399 -0.91597561503675329 0.1294095225512602 31.550000000000004 64.600000000000009
decision_type=2 2 2 2 2 2 2 2 2
left_child=1 -1 4 8 -3 6 -6 -7 -4
right_child=-2 2 3 -5 5 7 -8 -9 -10
leaf_value=-0.084114380835965591 0.18922866681803624 -0.083906973847618277 -0.083892991009664006 -0.08363981493768477 -0.083625609481847121 -0.083543113223360291 -0.083942258808137452 -0.083816050857805913 -0.084092420416158165
leaf_weight=1.6170777492225195 9.2043466866016406 1.1066487990319824 1.1609414704143994 1.8194463811814783 2.7945498488843521 9.9981178604066212 1.6214686185121534 1.1874680966138846 1.2719976678490637
leaf_count=28 35 20 21 35 54 197 29 22 22
internal_value=-0.00466602 -0.0837118 -0.0836808 -0.0838443 -0.0836391 -0.0836201 -0.0837419 -0.0835721 -0.0839973
internal_weight=31.7821 22.5777 20.9606 4.25239 16.7083 15.6016 4.41602 11.1856 2.43294
internal_count=463 428 400 78 322 302 83 219 43
is_linear=0
shrinkage=0.1


Tree=17
num_leaves=14
num_cat=0
split_feature=1 1 1 0 0 5 5 0 5 5 5 1 5
split_gain=10.8639 10.7566 16.6366 8.72723 11.2761 5.01441 7.23824e-05 9.72014e-05 6.43685e-05 3.11345e-06 8.54111e-07 1.28416e-07 1.1184e-08
threshold=-0.98296291314453399 -0.37940952255126015 0.37940952255126026 -0.98296291314453399 0.98296291314453421 28.050000000000004 23.850000000000005 -0.60355339059327362 31.550000000000004 24.650000000000002 28.750000000000004 -0.60355339059327384 29.650000000000002
decision_type=2 2 2 2 2 2 2 2 2 2 2 2 2
left_child=-1 8 3 -3 5 -5 -4 9 10 -8 -2 12 -12
right_child=1 2 6 4 -6 -7 7 -9 -10 -11 11 -13 -14
leaf_value=0.14489923965465887 -0.086897757257069497 -0.087086973986131855 -0.087758890814335078 0.13915897728800825 -0.087098894765292381 0.017318025771348545 -0.086869048132908425 -0.087752603914239113 -0.087431286325566765 -0.087024920254813953 -0.086822310808632633 -0.08680005058479523 -0.086830887376337929
leaf_weight=4.7527479678392401 1.826489470899104 3.5425779968500128 3.0806009843945494 14.807823762297639 3.3649478405714026 4.3759957179427138 1.9095817282795895 2.2124489545822135 2.1251641958951941 3.8958307877182961 1.9910717532038651 1.8953140079975135 6.4325989633798599
leaf_count=20 20 38 31 68 36 29 21 22 22 42 22 21 71
internal_value=0.000242438 -0.0131177 0.0152035 0.0588252 0.0817491 0.111366 -0.0873469 -0.0871886 -0.0869236 -0.0869736 -0.0868347 -0.0868236 -0.0868289
internal_weight=56.2132 51.4604 37.1898 26.0913 22.5488 19.1838 11.0985 8.01786 14.2706 5.80541 12.1455 10.319 8.42367
internal_count=463 443 287 171 133 97 116 85 156 63 134 114 93
is_linear=0
shrinkage=0.1


Tree=18
num_leaves=13
num_cat=0
split_feature=5 1 0 5 5 5 5 1 1 1 0 0
split_gain=117.038 7.66698 7.08539 4.51794 2.90998 0.300319 0.133664 0.00745112 0.00184618 0.00166451 0.00290345 0.000218117
threshold=27.950000000000003 -0.98296291314453399 0.91597561503675362 23.750000000000004 31.550000000000004 28.350000000000005 24.250000000000004 -0.12940952255126037 -0.5 0.1294095225512602 -0.91597561503675329 0.98296291314453421
decision_type=2 2 2 2 2 2 2 2 2 2 2 2
left_child=3 -2 4 -1 5 -3 -5 -8 -7 11 -11 -9
right_child=1 2 -4 6 -6 8 7 9 -10 10 -12 -13
leaf_value=-0.035880347857763756 -0.013339391179344365 0.10633414266649113 0.0060847139534828442 -0.094269601327442998 0.057074517786060576 0.12989358774481538 -0.11347407913944961 -0.10942443347331819 0.13164107745516598 -0.11213287983855061 -0.10971052251373559 -0.10867048230420571
leaf_weight=10.203450024127958 5.93411561846733 6.0682475864887229 6.3440107703208914 5.7719171345233908 6.8297538161277762 32.232356011867516 6.754910171031951 8.1094862520694715 7.441438674926764 6.8999708890914873 17.4917740225792 7.2832360267639151
leaf_count=36 20 20 21 23 22 109 26 33 25 27 71 30
internal_value=0.000883803 0.0950022 0.105915 -0.0967503 0.117961 0.127052 -0.108623 -0.110403 0.130221 -0.109882 -0.110396 -0.109068
internal_weight=127.365 64.8499 58.9158 62.5147 52.5718 45.742 52.3113 46.5394 39.6738 39.7845 24.3917 15.3927
internal_count=463 217 197 246 176 154 210 187 134 161 98 63
is_linear=0
shrinkage=0.1


Tree=19
num_leaves=10
num_cat=0
split_feature=5 5 6 5 5 1 1 0 1
split_gain=23.6163 27.6912 0.930082 0.00366052 1.86647e-05 1.21979e-05 9.34264e-06 5.45328e-06 5.84951e-06
threshold=24.050000000000004 31.950000000000003 79.450000000000017 31.650000000000002 27.950000000000003 -0.12940952255126037 0.78656609248549303 0.91597561503675362 -0.9159756150367534
decision_type=2 2 2 2 2 2 2 2 2
left_child=2 3 -1 4 5 -2 -7 8 -6
right_child=1 -3 -4 -5 7 6 -8 -9 -10
leaf_value=0.11183348674574339 -0.083940082663072846 0.31156219877611807 0.1817143418218557 -0.08910490365914131 -0.083570450299007892 -0.0835878661813656 -0.083898666568486435 -0.083687616303947665 -0.083394735480083027
leaf_weight=3.4034030884504345 1.4530183151364315 1.9316300153732289 4.3248892053961754 1.2744818329811085 2.8013660684228006 7.6411128342151731 1.1073405370116232 1.1040242165327061 5.8525742888450543
leaf_count=24 26 9 27 12 55 149 20 21 120
internal_value=-0.000433242 -0.0509331 0.15094 -0.083909 -0.0835772 -0.0836718 -0.0836272 -0.0834783 -0.0834516
internal_weight=30.8938 23.1655 7.72829 21.2339 19.9594 10.2015 8.74845 9.75796 8.65394
internal_count=463 412 51 403 391 195 169 196 175
is_linear=0
shrinkage=0.1


Tree=20
num_leaves=13
num_cat=0
split_feature=5 1 5 1 0 5 0 5 5 1 5 1
split_gain=55.1524 19.8638 14.9492 8.00703 3.12413 5.30409 2.99217 0.147465 0.00551453 0.00297379 0.00284381 0.000759056
threshold=28.050000000000004 0.78656609248549303 23.850000000000005 -0.12940952255126037 -0.91597561503675329 25.650000000000002 0.91597561503675362 28.450000000000003 24.550000000000004 -0.98296291314453399 31.550000000000004 -0.5
decision_type=2 2 2 2 2 2 2 2 2 2 2 2
left_child=1 2 -1 -4 5 -5 7 -2 -6 -9 11 -11
right_child=6 -3 3 4 8 -7 -8 9 -10 10 -12 -13
leaf_value=-0.065915554609541765 -0.08057635677573971 -0.10149640050611303 0.0020167725945932722 0.024539299828650094 0.13107456965806485 0.13033902261228456 -0.013796540691670087 -0.1024180587061122 0.12763602019019513 -0.098917828035938057 -0.1018845175091888 -0.10034004290563237
leaf_weight=6.842253014445304 4.4437121450901023 7.2375325709581366 8.5911548435688001 9.7897067070007271 5.9247916042804816 9.1837062537670118 4.7757535874843589 4.2516775131225542 21.917216092348099 20.686515972018245 4.5781777352094641 4.5843290984630647
leaf_count=28 21 35 30 33 20 31 18 20 75 107 22 23
internal_value=9.64269e-05 0.0553055 0.0735365 0.0907576 0.107043 0.0757496 -0.0884599 -0.0977109 0.128368 -0.0999437 -0.0995913 -0.0991758
internal_weight=112.807 69.4864 62.2488 55.4066 46.8154 18.9734 43.3202 38.5444 27.842 34.1007 29.849 25.2708
internal_count=463 252 217 189 159 64 211 193 95 172 152 130
is_linear=0
shrinkage=0.1


Tree=21
num_leaves=10
num_cat=0
split_feature=1 5 0 0 1 0 1 5 6
split_gain=37.6297 4.14354e-05 1.96332e-05 2.30637e-05 1.22535e-05 1.16563e-05 1.4415e-05 1.42704e-05 2.18642e-06
threshold=0.78656609248549303 23.850000000000005 0.91597561503675362 0.98296291314453421 -0.98296291314453399 -0.91597561503675329 0.1294095225512602 31.550000000000004 64.600000000000009
decision_type=2 2 2 2 2 2 2 2 2
left_child=1 -1 4 8 -3 6 -6 -7 -4
right_child=-2 2 3 -5 5 7 -8 -9 -10
leaf_value=-0.083815705428619602 0.15354280091272382 -0.083553937943644657 -0.08357427245466599 -0.083181795207319401 -0.08319093812931011 -0.083093545426732182 -0.083584683085469708 -0.083478045689575481 -0.083771452669353055
leaf_weight=1.5044342577457452 10.028808653354647 1.0127247273922027 1.0739233903586858 1.6078540123999121 2.4821567982435271 8.822877679020154 1.4866840243339541 1.0838339105248458 1.1805174201726911
leaf_count=28 35 20 21 35 54 197 29 22 22
internal_value=-0.00487418 -0.0833108 -0.0832703 -0.0834712 -0.0832181 -0.0831936 -0.0833384 -0.0831356 -0.0836775
internal_weight=30.2838 20.255 18.7506 3.86229 14.8883 13.8756 3.96884 9.90671 2.25444
internal_count=463 428 400 78 322 302 83 219 43
is_linear=0
shrinkage=0.1


Tree=22
num_leaves=16
num_cat=0
split_feature=1 1 0 1 1 6 5 0 0 5 5 5 5 5 2
split_gain=9.34741 9.16643 10.4382 4.85872 9.45046 1.97562 0.000122977 0.000138229 3.84832e-05 3.77202e-05 1.84953e-05 8.82235e-06 2.7058e-06 2.07691e-07 3.97997e-08
threshold=0.37940952255126026 0.1294095225512602 -1.0000000180025095e-35 -0.98296291314453399 -0.37940952255126015 62.050000000000004 23.850000000000005 -0.60355339059327362 -0.91597561503675329 31.150000000000002 30.850000000000005 27.950000000000003 24.650000000000002 29.350000000000005 -1.0000000180025095e-35
decision_type=2 2 2 2 2 2 2 2 2 2 2 2 2 2 2
left_child=1 2 8 -4 9 -6 -2 12 11 -5 13 -1 -8 -10 -14
right_child=6 -3 3 4 5 -7 7 -9 10 -11 -12 -13 14 -15 -16
leaf_value=-0.086304379835799749 -0.087105077857760393 0.10937118184860917 0.11889813098354728 -0.085905551330314953 0.11289017953279577 0.031122619636913269 -0.085948102639242269 -0.087025063949378603 -0.085943844217317419 -0.086458565444869406 -0.086307928371926884 -0.086589886700277161 -0.086092297175253893 -0.085898257306968651 -0.086113779133360324
leaf_weight=2.877520740032196 2.841395474970339 9.1794811487197858 5.1660842597484544 5.120525248348712 4.5629607215523853 8.3846118971705419 1.6884847581386564 2.0373312532901764 1.6089426279067938 1.6247514486312864 1.6748756617307661 1.7348186708986757 1.8083018884062767 2.637963704764843 1.6488367840647697
leaf_count=34 31 38 20 64 22 57 21 22 20 19 20 20 22 33 20
internal_value=0.000702197 0.0203248 -0.00277014 0.0325817 0.00993809 0.059939 -0.0865482 -0.0863279 -0.0861952 -0.0860388 -0.0860265 -0.0864118 -0.0860519 -0.0859155 -0.0861025
internal_weight=54.5969 44.5725 35.3931 24.8589 19.6928 12.9476 10.0244 7.18295 10.5341 6.74528 5.92178 4.61234 5.14562 4.24691 3.45714
internal_count=463 347 309 182 162 79 116 85 127 83 73 54 63 53 42
is_linear=0
shrinkage=0.1


Tree=23
num_leaves=12
num_cat=0
split_feature=5 1 0 5 5 5 0 1 1 0 0
split_gain=94.3567 6.09697 5.7876 4.31352 2.61703 0.277724 0.138371 0.00661913 0.00440572 0.00646331 0.00241237
threshold=27.950000000000003 -0.98296291314453399 0.91597561503675362 23.750000000000004 31.550000000000004 28.350000000000005 -0.98296291314453399 1.0000000180025095e-35 0.78656609248549303 -0.78656609248549303 -0.70710678118654735
decision_type=2 2 2 2 2 2 2 2 2 2 2
left_child=3 -2 4 -1 5 -3 -5 -8 9 -9 -7
right_child=1 2 -4 6 -6 10 7 8 -10 -11 -12
leaf_value=-0.031247238862330419 -0.010541048240076078 0.096764291458739479 0.0064718251184189531 -0.091170725709864675 0.050066622168328356 0.12205406351569809 -0.10885138273518298 -0.10640867868454265 -0.10785478684760892 -0.10338052088211169 0.11985074081796779
leaf_weight=9.9675891697406751 5.8764168620109549 5.8507117927074423 6.3341127932071677 7.5996691882610312 6.7527663707733145 5.9052862823009447 6.3242256492376319 13.397017851471897 5.7373846471309653 14.87425030767918 31.349076181650165
leaf_count=36 20 20 21 34 22 21 26 58 24 68 113
internal_value=0.000720633 0.0863766 0.096512 -0.0911017 0.107951 0.117019 -0.103548 -0.105881 -0.105328 -0.104815 0.1202
internal_weight=119.969 62.0684 56.192 57.9001 49.8578 43.1051 47.9325 40.3329 34.0087 28.2713 37.2544
internal_count=463 217 197 246 176 154 210 176 150 126 134
is_linear=0
shrinkage=0.1


Tree=24
num_leaves=10
num_cat=0
split_feature=5 5 5 5 5 1 1 0 1
split_gain=18.0192 21.5193 0.697272 0.00302075 2.08026e-05 1.87842e-05 1.34753e-05 8.91149e-06 8.16082e-06
threshold=24.050000000000004 31.950000000000003 23.550000000000004 31.650000000000002 27.950000000000003 -0.12940952255126037 0.78656609248549303 0.91597561503675362 -0.9159756150367534
decision_type=2 2 2 2 2 2 2 2 2
left_child=2 3 -1 4 5 -2 -7 8 -6
right_child=1 -3 -4 -5 7 6 -8 -9 -10
leaf_value=0.15006584587412969 -0.083632960871694792 0.24270109685534919 0.093182479594383888 -0.088385149812286026 -0.083183473001988348 -0.083178329878246041 -0.08356777149712255 -0.083351587366509938 -0.082963692615965229
leaf_weight=4.4250509142875689 1.3490080386400221 2.2621261179447165 4.2004853188991547 1.1907657384872425 2.5121653117239537 6.8274833597242921 1.0214158929884432 1.0104870684444902 5.1591367684304634
leaf_count=25 26 9 26 12 55 149 20 21 120
internal_value=0.00039856 -0.0489167 0.122365 -0.0835083 -0.0831835 -0.0832883 -0.083229 -0.0830724 -0.0830357
internal_weight=29.9581 21.3326 8.62554 19.0705 17.8797 9.19791 7.8489 8.68179 7.6713
internal_count=463 412 51 403 391 195 169 196 175
is_linear=0
shrinkage=0.1


Tree=25
num_leaves=13
num_cat=0
split_feature=5 1 5 1 0 0 5 9 3 1 5 5
split_gain=44.4742 16.1925 12.2096 6.73376 2.84948 2.53792 4.54113 0.136799 0.13502 0.00282652 0.00466509 0.000769889
threshold=28.050000000000004 0.78656609248549303 23.750000000000004 -0.12940952255126037 0.91597561503675362 -0.91597561503675329 25.650000000000002 1.0000000180025095e-35 -1.0000000180025095e-35 -0.98296291314453399 31.550000000000004 28.550000000000004
decision_type=2 2 2 2 2 2 2 2 2 2 2 2
left_child=1 2 -1 -4 7 6 -5 9 -7 -2 11 -11
right_child=4 -3 3 5 -6 8 -8 -9 -10 10 -12 -13
leaf_value=-0.071957209332341981 -0.099511403766106593 -0.098612684885712773 9.3969079529104467e-06 0.020977965940419022 -0.011443421601884756 0.12077405375429535 0.12016658476305274 -0.07924622355745603 0.10554999736695288 -0.097294637481004281 -0.10003578394884266 -0.095765034851999678
leaf_weight=5.7780306339263907 3.7120646238327017 6.6193076819181433 8.6318798959255201 9.7654171884059853 4.7154550552368155 18.402243614196777 8.7528481781482679 5.1360435932874671 8.5240138173103421 4.0076626241207221 3.3577214628458014 18.390214473009109
leaf_count=25 19 35 30 33 18 67 31 28 31 22 17 107
internal_value=-6.50097e-05 0.0498008 0.0662138 0.0809773 -0.0843691 0.0963566 0.0678605 -0.0943067 0.115955 -0.0969316 -0.0965598 -0.0960387
internal_weight=105.793 66.4737 59.8544 54.0764 39.3192 45.4445 18.5183 34.6037 26.9263 29.4677 25.7556 22.3979
internal_count=463 252 217 192 211 162 64 193 98 165 146 129
is_linear=0
shrinkage=0.1


Tree=26
num_leaves=9
num_cat=0
split_feature=1 5 0 0 1 5 0 6
split_gain=29.8509 5.16573e-05 2.57981e-05 3.38271e-05 1.51555e-05 1.44912e-05 2.0123e-05 3.79232e-06
threshold=0.78656609248549303 23.850000000000005 0.91597561503675362 0.98296291314453421 -0.98296291314453399 31.550000000000004 -0.91597561503675329 64.600000000000009
decision_type=2 2 2 2 2 2 2 2
left_child=1 -1 4 7 -3 6 -6 -4
right_child=-2 2 3 -5 5 -7 -8 -9
leaf_value=-0.083537603127295468 0.12884978539327499 -0.083230898513291421 -0.083257881189134172 -0.082767165907483384 -0.082975841711895995 -0.08317824792169877 -0.082688623595714272 -0.083527428350444008
leaf_weight=1.3967667296528841 10.515599071979524 0.92531085759401932 0.98564166948199217 1.4105555377900603 3.5613898728042868 0.98925289511680681 7.7422588989138506 1.1095159612596033
leaf_count=28 35 20 21 35 83 22 197 22
internal_value=-0.00517664 -0.0829534 -0.0829046 -0.0831457 -0.0828406 -0.0828112 -0.0827791 -0.0834006
internal_weight=28.6363 18.1207 16.7239 3.50571 13.2182 12.2929 11.3036 2.09516
internal_count=463 428 400 78 322 302 280 43
is_linear=0
shrinkage=0.1


Tree=27
num_leaves=15
num_cat=0
split_feature=1 1 0 0 5 1 5 0 0 5 6 5 5 2
split_gain=8.26646 6.85322 8.98186 4.49177 5.84565 7.99383 0.000175915 0.000166275 3.10956e-05 2.77881e-05 7.21699e-06 2.1156e-06 2.23874e-07 3.00478e-08
threshold=0.37940952255126026 0.1294095225512602 -1.0000000180025095e-35 0.98296291314453421 28.250000000000004 -0.98296291314453399 23.850000000000005 -0.60355339059327362 -0.91597561503675329 30.850000000000005 65.350000000000009 24.650000000000002 29.350000000000005 -1.0000000180025095e-35
decision_type=2 2 2 2 2 2 2 2 2 2 2 2 2 2
left_child=1 2 8 4 -4 -6 -2 11 10 12 -1 -8 -10 -13
right_child=6 -3 3 -5 5 -7 7 -9 9 -11 -12 13 -14 -15
leaf_value=-0.085433340948871783 -0.086527192131094707 0.093361740368974044 0.11326330105298632 -0.08611137498503689 0.099952606735426386 -0.055395898861233396 -0.08512920378443474 -0.086348061468558807 -0.085128108761073795 -0.085606427452215403 -0.085709651108355656 -0.085265329262705858 -0.085077613175964059 -0.085285212878102687
leaf_weight=1.4738681539893148 2.6211202219128591 9.7191482782363874 8.0125755593180745 2.9536560550332061 5.4749113023281071 8.3860399797558784 1.4838016554713247 1.8693635910749433 1.4144794493913599 1.5000650882720945 2.635770820081234 1.5933023691177366 2.3149559870362282 1.4531999081373217
leaf_count=20 31 38 34 36 20 92 21 22 20 20 34 22 33 20
internal_value=0.00134838 0.0192696 -0.00180704 0.0296396 0.0452698 0.00596492 -0.0858372 -0.0855546 -0.0854047 -0.085243 -0.0856106 -0.0852271 -0.0850968 -0.0852748
internal_weight=52.9063 43.8855 34.1663 24.8272 21.8735 13.861 9.02079 6.39967 9.33914 5.2295 4.10964 4.5303 3.72944 3.0465
internal_count=463 347 309 182 146 112 116 85 127 73 54 63 53 42
is_linear=0
shrinkage=0.1


Tree=28
num_leaves=12
num_cat=0
split_feature=5 1 0 5 5 0 5 1 1 0 5
split_gain=76.5111 4.89703 4.79288 4.18538 3.37364 0.295617 0.150508 0.0112577 0.00521234 0.00535346 0.00515745
threshold=27.950000000000003 -0.98296291314453399 0.91597561503675362 23.750000000000004 31.650000000000002 -0.91597561503675329 24.250000000000004 -0.12940952255126037 0.78656609248549303 -0.91597561503675329 31.150000000000002
decision_type=2 2 2 2 2 2 2 2 2 2 2
left_child=3 -2 4 -1 5 -3 -5 -8 9 -9 -7
right_child=1 2 -4 6 -6 10 7 8 -10 -11 -12
leaf_value=-0.026962680232128833 -0.0079076164834646755 0.088228647853808156 0.0070321580032735439 -0.082922910795480143 0.025942793900548634 0.11250200797824068 -0.1055612986247086 -0.10190754366314414 -0.10421106798255374 -0.099159519669942284 0.11596400066895099
leaf_weight=9.7351053506135923 5.8186964690685263 5.5780794620513907 6.3207394182682028 4.8781552761793128 5.4557774662971488 30.54400098323822 5.9534016102552405 12.621860951185221 4.0129024982452384 16.172522738575942 5.0087607800960532
leaf_count=36 20 20 21 23 18 119 26 60 18 83 19
internal_value=0.00040734 0.0791679 0.0887444 -0.086251 0.0998309 0.109632 -0.0994772 -0.101561 -0.100835 -0.100364 0.11299
internal_weight=112.1 58.7261 52.9074 53.3739 46.5866 41.1308 43.6388 38.7607 32.8073 28.7944 35.5528
internal_count=463 217 197 246 176 158 210 187 161 143 138
is_linear=0
shrinkage=0.1


Tree=29
num_leaves=12
num_cat=0
split_feature=5 5 3 5 1 0 0 1 0 0 5
split_gain=14.0221 17.6609 0.690862 0.002473 2.26941e-05 1.93055e-05 3.28053e-05 8.99546e-06 5.38016e-06 4.83675e-06 1.51884e-07
threshold=24.050000000000004 31.950000000000003 1.0000000180025095e-35 31.650000000000002 -0.37940952255126015 -0.60355339059327362 0.98296291314453421 -0.9159756150367534 -0.91597561503675329 0.12940952255126059 28.850000000000005
decision_type=2 2 2 2 2 2 2 2 2 2 2
left_child=2 3 -1 4 7 8 -7 9 -6 -2 -9
right_child=1 -3 -4 -5 5 6 -8 10 -10 -11 -12
leaf_value=0.068161767410913357 -0.082954431397438619 0.20202132332052553 0.12374513413581034 -0.087711739452899076 -0.082881703129264295 -0.083268820912903274 -0.082676659410470962 -0.082620586514208394 -0.08268216877628079 -0.082654193760998862 -0.082572451021574511
leaf_weight=3.685147553682329 1.3586121983826163 2.488271325826644 5.6870926544070244 1.1100409403443325 3.329134488478307 2.9628641977906165 1.3672634400427339 0.84368432313204467 2.274610318243504 0.88679424673318852 2.9390551336109638
leaf_count=24 32 9 27 12 80 63 35 22 58 23 78
internal_value=0.00131743 -0.0468714 0.10189 -0.0831478 -0.0828304 -0.0829233 -0.0830818 -0.0826773 -0.0828007 -0.0828359 -0.0825832
internal_weight=28.9326 19.5603 9.37224 17.0721 15.962 9.93387 4.33013 6.02815 5.60374 2.24541 3.78274
internal_count=463 412 51 403 391 236 98 155 138 55 100
is_linear=0
shrinkage=0.1


Tree=30
num_leaves=14
num_cat=0
split_feature=5 1 5 1 0 0 5 8 9 5 0 1 5
split_gain=36.165 13.33 10.1569 5.30702 2.61223 2.33302 4.20693 0.265422 0.152605 0.00290206 0.00109509 0.003763 5.7982e-05
threshold=28.050000000000004 0.78656609248549303 23.650000000000002 -0.12940952255126037 0.91597561503675362 -0.91597561503675329 25.250000000000004 1.0000000180025095e-35 1.0000000180025095e-35 31.550000000000004 0.12940952255126059 -0.98296291314453399 29.250000000000004
decision_type=2 2 2 2 2 2 2 2 2 2 2 2 2
left_child=1 2 -1 -4 8 6 -5 -7 9 10 11 -2 -12
right_child=4 -3 3 5 -6 7 -8 -9 -10 -11 12 -13 -14
leaf_value=-0.082336573515920025 -0.097594925528626433 -0.096164263655753146 0.00087568495606802688 -0.0012497133539165317 -0.011495384237921281 0.096989770406970877 0.097668688171870383 0.1174240170474553 -0.074704246711534528 -0.09711068550931197 -0.093570329861478341 -0.093562919888710336 -0.093079109435744697
leaf_weight=4.5958891957998267 3.1403773128986403 6.0285392701625815 8.5972107350826246 7.0204454511403993 4.7149029523134223 14.106329560279846 11.092922151088713 11.570215761661537 4.64776787161827 3.3530972152948371 3.559242904186247 8.8035439252853429 7.3964274823665619
leaf_count=21 17 35 30 24 18 55 41 46 28 19 23 57 49
internal_value=-0.000282424 0.0452431 0.0602033 0.0727083 -0.0808273 0.0868111 0.0593295 0.106198 -0.0914062 -0.0943631 -0.0939607 -0.094623 -0.0932387
internal_weight=98.6269 63.0116 56.983 52.3871 35.6154 43.7899 18.1134 25.6765 30.9005 26.2527 22.8996 11.9439 10.9557
internal_count=463 252 217 196 211 166 65 101 193 165 146 74 72
is_linear=0
shrinkage=0.1


Tree=31
num_leaves=9
num_cat=0
split_feature=1 5 0 0 1 5 0 6
split_gain=24.1272 5.32278e-05 2.93753e-05 3.60455e-05 1.68443e-05 1.76964e-05 2.41991e-05 2.93652e-06
threshold=0.78656609248549303 23.850000000000005 0.91597561503675362 0.98296291314453421 -0.98296291314453399 31.550000000000004 -0.91597561503675329 64.600000000000009
decision_type=2 2 2 2 2 2 2 2
left_child=1 -1 4 7 -3 6 -6 -4
right_child=-2 2 3 -5 5 -7 -8 -9
leaf_value=-0.083248501742678407 0.11077600261719528 -0.082935437603787354 -0.082987394586487573 -0.082428285585059213 -0.082659936052238439 -0.082896242410458662 -0.082326047108766925 -0.083234248605722233
leaf_weight=1.2881118170917059 10.731406033039095 0.84424575790763157 0.91008767485618514 1.2450854573398829 3.1981562860310069 0.90047311224043447 6.7565068658441243 1.0242267400026319
leaf_count=28 35 20 21 35 83 22 197 22
internal_value=-0.0054694 -0.0826318 -0.0825784 -0.082848 -0.0825052 -0.0824717 -0.0824333 -0.0831181
internal_weight=26.8983 16.1669 14.8788 3.1794 11.6994 10.8551 9.95466 1.93431
internal_count=463 428 400 78 322 302 280 43
is_linear=0
shrinkage=0.1


Tree=32
num_leaves=16
num_cat=0
split_feature=1 1 0 1 1 6 5 0 5 1 5 6 5 5 2
split_gain=7.28965 5.19485 7.75004 2.52222 6.76179 1.37497 0.000193073 0.000172367 5.75209e-05 2.88627e-05 4.37235e-05 6.92647e-06 1.50184e-06 1.95903e-07 4.03482e-08
threshold=0.37940952255126026 0.1294095225512602 -1.0000000180025095e-35 -0.98296291314453399 -0.37940952255126015 62.050000000000004 23.850000000000005 -0.60355339059327362 31.250000000000004 -0.37940952255126015 31.150000000000002 65.350000000000009 24.650000000000002 29.350000000000005 -1.0000000180025095e-35
decision_type=2 2 2 2 2 2 2 2 2 2 2 2 2 2 2
left_child=1 2 9 -4 8 -6 -2 12 -5 10 13 -11 -8 -1 -14
right_child=6 -3 3 4 5 -7 7 -9 -10 11 -12 -13 14 -15 -16
leaf_value=-0.084408541255758709 -0.08593875403406423 0.080865832632770238 0.085486825054885696 -0.084562567273450906 0.089674422429481551 0.023306504484281745 -0.0844201595983987 -0.085710141158877595 -0.085328939441530569 -0.084753631886765102 -0.085074881417908393 -0.085040516528307131 -0.084539455960363843 -0.084358561704034815 -0.084564050141119895
leaf_weight=1.2367061339318755 2.4019151926040632 10.148556396365164 5.699435710906978 4.1353231929242602 4.9177141785621776 8.5469064489006978 1.29989380389452 1.7056507617235181 1.2832892611622808 1.3081630878150412 1.2216462194919584 2.3595741391181946 1.3973167613148691 2.1436421200633049 1.2763638272881506
leaf_count=20 31 38 20 65 22 57 21 22 18 20 18 34 22 35 20
internal_value=0.00195371 0.01833 -0.000988129 0.0271827 0.00958503 0.0475462 -0.0851871 -0.0848693 -0.0847441 -0.0847289 -0.0845621 -0.0849382 -0.0845083 -0.0843768 -0.0845512
internal_weight=51.0821 43.001 32.8524 24.5827 18.8832 13.4646 8.08114 5.67923 5.41861 8.26973 4.60199 3.66774 3.97357 3.38035 2.67368
internal_count=463 347 309 182 162 79 116 85 83 127 73 54 63 55 42
is_linear=0
shrinkage=0.1


Tree=33
num_leaves=12
num_cat=0
split_feature=5 5 1 0 5 0 5 1 1 0 5
split_gain=62.239 4.04071 3.95098 4.28719 3.02764 0.32231 0.207216 0.00957028 0.00501467 0.00491752 0.00301613
threshold=27.950000000000003 23.750000000000004 -0.98296291314453399 0.91597561503675362 31.650000000000002 -0.91597561503675329 24.150000000000002 -0.12940952255126037 0.78656609248549303 -0.91597561503675329 31.150000000000002
decision_type=2 2 2 2 2 2 2 2 2 2 2
left_child=1 -1 -2 4 5 -4 -3 -8 9 -9 -7
right_child=2 6 3 -5 -6 10 7 8 -10 -11 -12
leaf_value=-0.02347294336775714 -0.0054320346371934478 -0.073494063202299606 0.080389521203725237 0.0052732469712400941 0.022972480642190006 0.10667673873320822 -0.10218201216864638 -0.098713372926726495 -0.10099347193802138 -0.095958040279403398 0.10944184523675698
leaf_weight=9.5310159474611265 5.7619646787643424 3.7011308073997489 5.2623415142297736 6.3372617065906516 5.3512921333312979 27.876507356762886 5.5115693807601884 11.458082422614098 3.9098901599645606 14.901080012321479 4.5950557440519324
leaf_count=36 20 19 20 21 18 119 26 60 19 86 19
internal_value=9.61775e-05 -0.081912 0.0729328 0.082069 0.0933647 0.103347 -0.0960193 -0.0983494 -0.0976515 -0.0971558 0.107068
internal_weight=104.197 49.0128 55.1844 49.4225 43.0852 37.7339 39.4818 35.7806 30.2691 26.3592 32.4716
internal_count=463 246 217 197 176 158 210 191 165 146 138
is_linear=0
shrinkage=0.1


Tree=34
num_leaves=11
num_cat=0
split_feature=5 5 3 5 1 1 0 0 0 5
split_gain=11.1705 14.8498 0.510534 0.00209678 2.57523e-05 2.67911e-05 2.16731e-05 3.40875e-05 7.24023e-06 2.05632e-06
threshold=24.050000000000004 31.950000000000003 1.0000000180025095e-35 31.650000000000002 -0.37940952255126015 -0.98296291314453399 -0.60355339059327362 0.98296291314453421 -0.91597561503675329 31.150000000000002
decision_type=2 2 2 2 2 2 2 2 2 2
left_child=2 3 -1 4 5 -2 8 -8 -6 -7
right_child=1 -3 -4 -5 6 9 7 -9 -10 -11
leaf_value=0.058942526124641841 -0.082905327725477471 0.17387832064864242 0.10541339233367562 -0.08716067150005101 -0.082576126930099233 -0.082220860331583115 -0.082987570865790936 -0.082349217419993861 -0.082330040979948338 -0.082411292608301712
leaf_weight=3.87163855135441 0.71858588233590115 2.6442442536354056 6.0713477730751038 1.0416521131992329 2.9884218424558644 3.908173110336068 2.7262812107801411 1.2067968770861628 1.9928691908717158 0.66326678916811932
leaf_count=24 17 9 27 12 80 119 63 35 58 19
internal_value=0.00234076 -0.0448877 0.0873184 -0.0828301 -0.0825125 -0.0823377 -0.0826162 -0.0827917 -0.0824777 -0.0822485
internal_weight=27.8333 17.8903 9.94299 15.246 14.2044 5.29003 8.91437 3.93308 4.98129 4.57144
internal_count=463 412 51 403 391 155 236 98 138 138
is_linear=0
shrinkage=0.1


Tree=35
num_leaves=14
num_cat=0
split_feature=1 1 5 0 0 5 2 2 5 1 5 5 1
split_gain=29.5492 12.4265 10.5376 6.1603 2.59261 3.32858 0.940805 0.108802 0.0343826 0.00260191 0.00363773 0.00245376 3.14075e-05
threshold=-0.12940952255126037 0.78656609248549303 23.850000000000005 0.91597561503675362 -0.91597561503675329 25.650000000000002 1.0000000180025095e-35 0.6078576107927941 26.050000000000004 -0.98296291314453399 31.550000000000004 28.450000000000003 -0.5
decision_type=2 2 2 2 2 2 2 2 2 2 2 2 2
left_child=3 2 -2 9 5 -4 -5 8 -6 -1 11 -11 -13
right_child=1 -3 4 6 7 -7 -8 -9 -10 10 -12 12 -14
leaf_value=-0.095046113429623658 -0.057192313472535387 -0.094085942994693861 0.014762044313429444 0.020855786900780039 0.10640993899292782 0.10115227585795016 -0.035312243276111301 0.092868687492146162 0.11600993445505765 -0.094050150887399056 -0.09501085848832648 -0.090994812494925983 -0.091351524164410058
leaf_weight=3.2848897129297248 6.1304738074541083 5.4742402881383887 9.6096960902214033 6.1729811280965787 12.517346531152734 8.3224968165159208 5.7690554559230804 5.2301659286022177 5.3148120343685141 3.2573409527540305 3.5274147391319266 14.205812439322479 2.9873712956905303
leaf_count=20 28 35 33 22 54 34 21 22 22 21 22 107 22
internal_value=-0.000456965 0.0485234 0.0650895 -0.0661715 0.083376 0.0548566 -0.00627832 0.105551 0.109271 -0.0924067 -0.0920451 -0.0915336 -0.0910568
internal_weight=91.8041 52.5992 47.125 39.2049 40.9945 17.9322 11.942 23.0623 17.8322 27.2628 23.9779 20.4505 17.1932
internal_count=463 228 193 235 165 67 43 98 76 192 172 150 129
is_linear=0
shrinkage=0.1


Tree=36
num_leaves=9
num_cat=0
split_feature=1 5 0 0 1 5 0 6
split_gain=19.739 4.90385e-05 3.33514e-05 3.80503e-05 1.73392e-05 2.01494e-05 2.64002e-05 3.90552e-06
threshold=0.78656609248549303 23.850000000000005 0.91597561503675362 0.98296291314453421 -0.98296291314453399 31.550000000000004 -0.91597561503675329 63.850000000000001
decision_type=2 2 2 2 2 2 2 2
left_child=1 -1 4 7 -3 6 -6 -4
right_child=-2 2 3 -5 5 -7 -8 -9
leaf_value=-0.082966420013916103 0.096739418801685004 -0.082666643859550332 -0.082712229421650574 -0.082130478078328711 -0.082377481174132627 -0.082647300037859681 -0.082007424874386392 -0.083009464370991187
leaf_weight=1.1814307123422629 10.744774430990219 0.76965310424566169 0.79172556474804801 1.0971370488405228 2.869173444807525 0.81986220926046449 5.8760316558182248 1.000915642827749
leaf_count=28 35 20 20 35 83 22 197 23
internal_value=-0.0058397 -0.0823491 -0.082294 -0.0825943 -0.08221 -0.0821733 -0.0821288 -0.0828782
internal_weight=25.1507 14.4059 13.2245 2.88978 10.3347 9.56507 8.74521 1.79264
internal_count=463 428 400 78 322 302 280 43
is_linear=0
shrinkage=0.1


Tree=37
num_leaves=16
num_cat=0
split_feature=1 5 1 3 0 5 1 6 8 5 5 0 1 5 6
split_gain=6.40384 4.00413 7.46921 1.69579 1.56978 1.40967 5.47119 1.01983 0.012122 0.000201421 0.000190493 0.000168123 6.40398e-06 8.34272e-07 4.70741e-09
threshold=0.37940952255126026 28.250000000000004 -0.98296291314453399 0.81174490092936691 0.91597561503675362 25.650000000000002 -0.12940952255126037 69.350000000000009 1.0000000180025095e-35 31.550000000000004 23.850000000000005 -0.60355339059327362 -0.5 24.650000000000002 75.950000000000017
decision_type=2 2 2 2 2 2 2 2 2 2 2 2 2 2 2
left_child=1 3 -3 5 9 7 -7 -1 -8 12 -2 13 -4 -12 -15
right_child=10 2 4 -5 -6 6 8 -9 -10 -11 11 -13 -14 14 -16
leaf_value=0.098589786066265742 -0.085377778667270462 0.074003545061236617 -0.083790008291407106 0.11229431202170109 0.00073783600332001176 0.058403169639237695 -0.085000178040467139 0.034094413329480787 -0.096580365996405071 -0.085109748385017933 -0.083802365593440217 -0.08512528699421798 -0.084010286608951795 -0.083911202236918281 -0.083902202741098025
leaf_weight=4.1568659245967918 2.1904729008674613 5.8578163981437692 5.9366422258317462 3.1479066759347907 2.870832785964013 7.378956530243161 1.6555988602340257 5.9768553674221039 1.9910520538687626 1.4909089133143423 1.1347575001418593 1.5511798262596128 1.6970774680376042 1.2218798510730269 1.1085409447550771
leaf_count=18 31 20 110 20 14 36 24 29 24 22 21 22 30 22 20
internal_value=0.00251285 0.0174037 -0.0185555 0.0438152 -0.0637554 0.0336274 0.00888221 0.0605505 -0.0913229 -0.0840466 -0.0845998 -0.08426 -0.083839 -0.0838727 -0.0839069
internal_weight=49.3673 42.1605 17.8533 24.3072 11.9955 21.1593 11.0256 10.1337 3.64665 9.12463 7.20683 5.01636 7.63372 3.46518 2.33042
internal_count=463 347 196 151 176 131 84 47 48 162 116 85 140 63 42
is_linear=0
shrinkage=0.1


Tree=38
num_leaves=12
num_cat=0
split_feature=5 5 1 0 5 1 5 1 1 0 5
split_gain=50.8963 3.97088 3.21777 3.67104 2.74864 0.351774 0.227937 0.00999648 0.0041527 0.00450245 0.00177376
threshold=27.950000000000003 23.750000000000004 -0.98296291314453399 0.91597561503675362 31.650000000000002 -0.37940952255126015 24.150000000000002 -0.12940952255126037 0.78656609248549303 -0.91597561503675329 31.150000000000002
decision_type=2 2 2 2 2 2 2 2 2 2 2
left_child=1 -1 -2 4 5 10 -3 -8 9 -9 -4
right_child=2 6 3 -5 -6 -7 7 8 -10 -11 -12
leaf_value=-0.019901067821210018 -0.0031668007622433166 -0.068560678914938097 0.10196435418681696 0.0057327658980939654 0.020255966224640889 0.073416215019017725 -0.099823323233969655 -0.096093677946399295 -0.098189847789212983 -0.093306326950758633 0.1041939315626596
leaf_weight=9.3269996792078 5.7081145644187918 3.3990545719861975 25.121016353368759 6.3245907425880423 5.2263055741786948 4.9334653317928341 5.1550544202327684 10.367312505841255 3.5839070230722418 13.140501558780677 4.1589350551366797
leaf_count=36 20 19 119 21 18 20 26 60 19 86 19
internal_value=-0.000274318 -0.0779911 0.0676289 0.0764592 0.0878009 0.0981188 -0.0931908 -0.095787 -0.095019 -0.0945356 0.102281
internal_weight=96.4453 44.9728 51.4724 45.7643 39.4397 34.2134 35.6458 32.2468 27.0917 23.5078 29.28
internal_count=463 246 217 197 176 158 210 191 165 146 138
is_linear=0
shrinkage=0.1


Tree=39
num_leaves=11
num_cat=0
split_feature=5 5 6 5 1 1 0 0 0 5
split_gain=9.0318 12.7222 0.407615 0.00176903 2.71485e-05 2.78063e-05 2.42453e-05 3.45177e-05 8.7937e-06 1.45337e-06
threshold=24.050000000000004 31.950000000000003 79.450000000000017 31.650000000000002 -0.37940952255126015 -0.98296291314453399 -0.60355339059327362 0.98296291314453421 -0.91597561503675329 31.150000000000002
decision_type=2 2 2 2 2 2 2 2 2 2
left_child=2 3 -1 4 5 -2 8 -8 -6 -7
right_child=1 -3 -4 -5 6 9 7 -9 -10 -11
leaf_value=0.053496662628379779 -0.082643315995951303 0.15360563672167338 0.093502846905139894 -0.086651058856280105 -0.082302198466971954 -0.081916545251489933 -0.082741058858939731 -0.082061354863870714 -0.082013222895621851 -0.082088114203047652
leaf_weight=4.4674785807728785 0.65793533250689495 2.7409550547599784 5.9238669276237488 0.97674695774912912 2.6790987364947814 3.3976010493934177 2.5125514827668631 1.0633382201194765 1.7350216601043937 0.57769059762358654
leaf_count=24 17 9 27 12 80 119 63 35 58 19
internal_value=0.00341264 -0.0429391 0.0763033 -0.082551 -0.0822337 -0.0820411 -0.0823454 -0.0825389 -0.0821886 -0.0819415
internal_weight=26.7323 16.3409 10.3913 13.6 12.6232 4.63323 7.99001 3.57589 4.41412 3.97529
internal_count=463 412 51 403 391 155 236 98 138 138
is_linear=0
shrinkage=0.1


Tree=40
num_leaves=13
num_cat=0
split_feature=5 1 5 1 0 5 0 0 8 5 1 5
split_gain=24.2269 9.20077 7.2324 4.2068 2.49198 3.0788 2.26437 0.26492 0.00520137 0.0029617 0.00434208 4.27651e-05
threshold=28.050000000000004 0.78656609248549303 23.850000000000005 -0.12940952255126037 -0.91597561503675329 25.650000000000002 0.91597561503675362 -0.91597561503675329 1.0000000180025095e-35 31.550000000000004 -0.98296291314453399 28.750000000000004
decision_type=2 2 2 2 2 2 2 2 2 2 2 2
left_child=1 2 -1 -4 5 -5 7 -2 -6 10 -9 -12
right_child=6 -3 3 4 8 -7 -8 9 -10 -11 11 -13
leaf_value=-0.053776156858603909 -0.05667429981442982 -0.092308985899190246 0.00079914226992024477 0.013039303148708818 0.10387528732293855 0.10003698723912061 -0.010799701633539932 -0.093681659301612583 0.10063531797039611 -0.093087524378837563 -0.089691958092535676 -0.089233462093459032
leaf_weight=5.8983512222766867 2.5978300869464936 4.9575165659189215 8.5528588593006116 9.5560391247272474 11.082703083753586 7.0829913616180411 4.6599530875682822 2.6501988917589285 8.961435735225681 3.5716281086206427 2.4044007137417749 13.216734193265436
leaf_count=28 17 35 30 33 51 31 18 17 44 25 20 114
internal_value=-0.000646695 0.0377638 0.0503744 0.0639547 0.0786797 0.0500729 -0.0746832 -0.0868634 0.102427 -0.0904538 -0.089939 -0.089304
internal_weight=85.1926 56.0919 51.1344 45.236 36.6832 16.639 29.1007 24.4408 20.0441 21.843 18.2713 15.6211
internal_count=463 252 217 189 159 64 211 193 95 176 151 134
is_linear=0
shrinkage=0.1


Tree=41
num_leaves=9
num_cat=0
split_feature=1 5 0 0 1 5 0 6
split_gain=16.3023 4.89157e-05 3.22075e-05 3.95925e-05 1.67341e-05 2.14583e-05 2.75999e-05 3.18244e-06
threshold=0.78656609248549303 23.850000000000005 0.91597561503675362 0.98296291314453421 -0.98296291314453399 31.550000000000004 -0.91597561503675329 64.600000000000009
decision_type=2 2 2 2 2 2 2 2
left_child=1 -1 4 7 -3 6 -6 -4
right_child=-2 2 3 -5 5 -7 -8 -9
leaf_value=-0.082741335590899051 0.085470206533556414 -0.082422684586335115 -0.082498344829724235 -0.081838036682791923 -0.082131401394347686 -0.082426037653947085 -0.081729660360784703 -0.082776258437377362
leaf_weight=1.0934636071324355 10.610182881355286 0.7013077437877645 0.76928333565592699 0.95233281143009652 2.5734988283365938 0.74661149270832528 5.0969772376120099 0.88728597387671471
leaf_count=28 35 20 21 35 83 22 197 22
internal_value=-0.00622046 -0.0821017 -0.082042 -0.0823518 -0.0819534 -0.0819143 -0.0818644 -0.0826472
internal_weight=23.4309 12.8208 11.7273 2.6089 9.1184 8.41709 7.67048 1.65657
internal_count=463 428 400 78 322 302 280 43
is_linear=0
shrinkage=0.1


Tree=42
num_leaves=16
num_cat=0
split_feature=1 1 0 1 1 6 5 0 5 6 5 6 0 5 2
split_gain=5.63811 3.27911 5.92979 1.3743 4.69793 1.01424 0.00019913 0.000154105 8.77781e-05 5.63901e-05 5.07054e-05 7.62026e-06 4.55963e-06 5.2863e-07 2.49881e-08
threshold=0.37940952255126026 0.1294095225512602 -1.0000000180025095e-35 -0.98296291314453399 -0.37940952255126015 62.050000000000004 23.850000000000005 -0.60355339059327362 28.250000000000004 56.45000000000001 31.150000000000002 66.65000000000002 -0.70710678118654735 24.650000000000002 -1.0000000180025095e-35
decision_type=2 2 2 2 2 2 2 2 2 2 2 2 2 2 2
left_child=1 2 8 -4 9 -6 -2 13 11 -5 12 -1 -10 -8 -15
right_child=6 -3 3 4 5 -7 7 -9 10 -11 -12 -13 -14 14 -16
leaf_value=-0.084060218685161489 -0.08493073585037357 0.064211638755825681 0.064636014924210214 -0.084184356966958043 0.072367005311971086 0.016405935976503323 -0.083267263551699555 -0.084594544882056727 -0.083462609617471872 -0.083380231500144286 -0.084129754497484388 -0.084403652421961517 -0.083209155502844578 -0.083345866223819953 -0.083368086616740278
leaf_weight=1.1652882061898702 2.0105727054178706 10.691400706768034 5.964382320642474 1.2393448576331181 5.1731940209865579 8.6608557626605016 0.98744200542569194 1.4073505103588102 1.1330638974905014 2.9428362138569355 0.98463345319032658 1.4500141218304632 1.9000487439334393 1.0594862177968027 0.96892881765961636
leaf_count=21 31 38 20 22 22 57 21 22 23 61 18 24 41 22 20
internal_value=0.00297058 0.0165338 -0.000117061 0.0230296 0.00925555 0.0373324 -0.0841056 -0.0837305 -0.0837997 -0.0836185 -0.0835062 -0.0842506 -0.0833038 -0.0833273 -0.0833565
internal_weight=47.7388 41.3051 30.6137 23.9806 18.0162 13.834 6.43378 4.42321 6.63305 4.18218 4.01775 2.6153 3.03311 3.01586 2.02842
internal_count=463 347 309 182 162 79 116 85 127 83 82 45 64 63 42
is_linear=0
shrinkage=0.1


Tree=43
num_leaves=12
num_cat=0
split_feature=5 5 5 0 1 1 5 5 1 1 0
split_gain=41.8495 3.89704 3.20807 3.12324 3.4607 0.377565 0.239882 0.0143047 0.00885145 0.0032739 0.00430209
threshold=27.950000000000003 23.750000000000004 31.750000000000004 0.91597561503675362 -0.98296291314453399 -0.37940952255126015 24.150000000000002 31.250000000000004 -0.12940952255126037 0.78656609248549303 -0.91597561503675329
decision_type=2 2 2 2 2 2 2 2 2 2 2
left_child=1 -1 3 4 -2 7 -3 -6 -8 10 -10
right_child=2 6 -4 -5 5 -7 8 -9 9 -11 -12
leaf_value=-0.01681739782090105 0.007002728725058964 -0.064572361144404691 -0.018085702411986936 0.006246515136858458 0.098203492938236478 0.068389762354593833 -0.097587249237823748 0.10440783971344499 -0.094007620030816572 -0.095819149265091746 -0.091122701793292099
leaf_weight=9.1476064622402173 5.2359295487403825 3.14392066001892 4.4235868752002707 6.307880386710166 22.813114494085315 4.6521208435297075 4.781648486852645 4.4391923248767844 9.3792848289012944 3.272907242178916 11.515368431806568
leaf_count=36 18 19 16 21 121 20 26 21 60 19 86
internal_value=-0.000562034 -0.0743954 0.0630441 0.0713041 0.0823535 0.0947195 -0.090807 0.0992141 -0.0936561 -0.0928783 -0.0924177
internal_weight=89.1126 41.2407 47.8718 43.4482 37.1404 31.9044 32.0931 27.2523 28.9492 24.1676 20.8947
internal_count=463 246 217 201 180 162 210 142 191 165 146
is_linear=0
shrinkage=0.1


Tree=44
num_leaves=11
num_cat=0
split_feature=5 5 6 5 1 1 1 1 8 5
split_gain=7.26083 11.017 0.593703 0.00148469 2.65779e-05 2.73649e-05 2.5037e-05 1.45436e-05 1.39951e-05 1.01281e-06
threshold=24.050000000000004 31.950000000000003 80.65000000000002 31.650000000000002 -0.37940952255126015 -0.98296291314453399 -0.12940952255126037 0.78656609248549303 1.0000000180025095e-35 31.150000000000002
decision_type=2 2 2 2 2 2 2 2 2 2
left_child=2 3 -1 4 5 -2 8 -8 -6 -7
right_child=1 -3 -4 -5 6 9 7 -9 -10 -11
leaf_value=0.047251863298078844 -0.08240352423704933 0.13803583840951186 0.094980395419882679 -0.086175275435065229 -0.082584021045092326 -0.081650280560497085 -0.081915994432962158 -0.082404374697762864 -0.082028581502802012 -0.081804004597544638
leaf_weight=6.3956720679998416 0.60173513740301121 2.7927246093749991 4.3986958116292953 0.91515984386205751 1.3567509651184084 2.9446939583867775 4.3968900386244059 0.70792797207832325 0.68148569203913023 0.50159623660147179
leaf_count=31 17 9 20 12 36 119 157 20 23 19
internal_value=0.00424691 -0.0410015 0.0667012 -0.0823027 -0.081986 -0.0817813 -0.082102 -0.0819837 -0.0823983 -0.0816727
internal_weight=25.6933 14.899 10.7944 12.1062 11.1911 4.04803 7.14305 5.10482 2.03824 3.44629
internal_count=463 412 51 403 391 155 236 177 59 138
is_linear=0
shrinkage=0.1


Tree=45
num_leaves=14
num_cat=0
split_feature=5 1 5 1 0 5 2 0 5 5 1 0 5
split_gain=20.0717 7.25371 5.42539 6.97016 2.404 2.94483 1.55429 1.10488 0.0130921 0.00242592 0.0033136 0.000635793 2.35722e-06
threshold=28.350000000000005 0.78656609248549303 23.850000000000005 -0.12940952255126037 -0.91597561503675329 25.650000000000002 -1.0000000180025095e-35 0.91597561503675362 26.250000000000004 31.550000000000004 -0.98296291314453399 -0.70710678118654735 30.850000000000005
decision_type=2 2 2 2 2 2 2 2 2 2 2 2 2
left_child=1 2 -1 6 5 -5 -4 9 -6 10 -2 -12 -13
right_child=7 -3 3 4 8 -7 -8 -9 -10 -11 11 12 -14
leaf_value=-0.050433370046647143 -0.092085775033173944 -0.090787441821980841 0.029869130095093666 0.01133330847361072 0.0988852529577713 0.097120706179364358 -0.045530580326150177 -0.026828094012340625 0.10550462534035002 -0.09167180994353169 -0.089570084953684306 -0.087787837186266177 -0.087672516809504164
leaf_weight=5.6742688715457907 2.4229162335395875 4.4809090644121161 4.6038689315319061 9.4742711931467039 14.612430900335317 6.9270116239786139 6.731304965913294 3.3296921253204337 3.7559922039508811 3.2455046772956839 2.3565940484404626 9.193734951317305 2.1958630084991446
leaf_count=28 17 35 20 33 77 33 29 13 19 25 21 91 22
internal_value=-0.000775297 0.0312728 0.0418358 0.0531916 0.0753921 0.0475652 -0.0149064 -0.0800491 0.100239 -0.0891768 -0.088676 -0.088075 -0.0877656
internal_weight=79.0044 56.2601 51.7791 46.1049 34.7697 16.4013 11.3352 22.7443 18.3684 19.4146 16.1691 13.7462 11.3896
internal_count=463 274 239 211 162 66 49 189 96 176 151 134 113
is_linear=0
shrinkage=0.1


Tree=46
num_leaves=9
num_cat=0
split_feature=1 5 0 0 5 1 0 6
split_gain=13.5585 4.61232e-05 3.19628e-05 3.84765e-05 1.61295e-05 2.04355e-05 2.72914e-05 3.65198e-06
threshold=0.78656609248549303 23.850000000000005 0.91597561503675362 0.98296291314453421 31.550000000000004 -0.98296291314453399 -0.91597561503675329 63.850000000000001
decision_type=2 2 2 2 2 2 2 2
left_child=1 -1 4 7 5 -3 -7 -4
right_child=-2 2 3 -5 -6 6 -8 -9
leaf_value=-0.082529851160115075 0.076117452584131301 -0.082257752557362895 -0.082266489038016921 -0.081595889903644664 -0.082168832867132405 -0.081911474464384237 -0.081486858362691969 -0.082577778468580568
leaf_weight=1.0098610557615764 10.37381985783577 0.5672457925975295 0.66801130771636896 0.82733803056180466 0.74868052080273617 2.3054917538538557 4.4072990790009525 0.86474883928894997
leaf_count=28 35 17 20 35 25 83 197 23
internal_value=-0.00660228 -0.0818847 -0.0818219 -0.0821455 -0.0817268 -0.0816814 -0.0816327 -0.0824421
internal_weight=21.7725 11.3987 10.3888 2.3601 8.02872 7.28004 6.71279 1.53276
internal_count=463 428 400 78 322 297 280 43
is_linear=0
shrinkage=0.1


Tree=47
num_leaves=15
num_cat=0
split_feature=1 5 1 3 0 6 6 6 5 5 1 1 5 2
split_gain=4.96974 2.61095 5.13285 1.42552 1.28438 1.20478 1.8524 1.34592 0.000203219 0.000198231 0.000137192 5.40613e-06 3.57252e-07 2.00753e-08
threshold=0.37940952255126026 28.250000000000004 -0.98296291314453399 0.81174490092936691 0.91597561503675362 71.750000000000014 68.850000000000009 63.150000000000013 31.550000000000004 23.850000000000005 0.78656609248549303 -0.5 24.650000000000002 -1.0000000180025095e-35
decision_type=2 2 2 2 2 2 2 2 2 2 2 2 2 2
left_child=1 3 -3 5 8 6 7 -1 11 -2 12 -4 -11 -14
right_child=9 2 4 -5 -6 -7 -8 -9 -10 10 -12 -13 13 -15
leaf_value=0.058947785113423939 -0.084523874334877722 0.057236435963424884 -0.082775793736114475 0.097946746318645556 -0.0045536295863148083 -0.016580114818041888 0.092661734261765757 -0.010400008404390529 -0.084241718627051293 -0.082797092727511235 -0.084115647829562948 -0.083007602221209745 -0.082865680915045301 -0.082887072943488169
leaf_weight=4.7836176007986158 1.8442621529102314 6.0286723375320408 4.4551020339131311 3.2606572471559039 2.9671845883131027 4.895197343081235 4.7355977557599536 6.7447493188083172 1.2353273965418337 0.85482107102870974 1.2743968628346922 1.2995347529649777 0.91799366474151622 0.84020905569195714
leaf_count=29 31 20 110 20 14 29 27 46 22 21 22 30 22 20
internal_value=0.00347053 0.0158317 -0.0155865 0.0363989 -0.0596781 0.0269143 0.0400054 0.0183754 -0.083078 -0.0836701 -0.083265 -0.0828281 -0.0828501 -0.0828759
internal_weight=46.1373 40.4056 15.9858 24.4198 9.95715 21.1592 16.264 11.5284 6.98996 5.73168 3.88742 5.75464 2.61302 1.7582
internal_count=463 347 196 151 176 131 102 75 162 116 85 140 63 42
is_linear=0
shrinkage=0.1


Tree=48
num_leaves=14
num_cat=0
split_feature=5 5 5 0 1 1 2 5 1 1 0 5 5
split_gain=34.371 3.87656 2.68206 2.71615 3.05305 0.40254 0.380574 0.0087665 0.00820051 0.00293393 0.00386617 0.00312311 2.6085e-05
threshold=27.950000000000003 24.050000000000004 31.750000000000004 0.91597561503675362 -0.98296291314453399 -0.37940952255126015 -1.0000000180025095e-35 31.250000000000004 -0.12940952255126037 0.78656609248549303 -0.91597561503675329 25.650000000000002 24.750000000000004
decision_type=2 2 2 2 2 2 2 2 2 2 2 2 2
left_child=1 6 3 4 -2 7 -1 -6 -3 10 11 -10 -12
right_child=2 8 -4 -5 5 -7 -8 -9 9 -11 12 -13 -14
leaf_value=-0.044291020131650594 0.007783266627179368 -0.09582453471360497 -0.016314777925361807 0.0065376410748959005 0.095137173043239071 0.062974084089163648 -0.0069170786565163067 0.10027286971876513 -0.09394069388822765 -0.093942822271393028 -0.089640422355301605 -0.090067898245126704 -0.089270556954986591
leaf_weight=4.5674857646226883 5.2227437496185258 4.4557015746831921 4.2946105599403372 6.2959485799074164 20.211222335696224 4.3607734739780488 6.7527252137660962 3.9779156893491736 4.7359768897295051 3.1558441817760459 2.5125783756375295 3.7161713242530823 7.9087354093790054
leaf_count=21 18 26 16 21 121 20 30 21 30 20 21 30 68
internal_value=-0.000915441 -0.0709769 0.0587892 0.0668389 0.0780804 0.0909401 -0.0219967 0.0959817 -0.091912 -0.0911206 -0.0906487 -0.0922379 -0.0893597
internal_weight=82.1684 37.8052 44.3632 40.0686 33.7727 28.5499 11.3202 24.1891 26.485 22.0293 18.8735 8.45215 10.4213
internal_count=463 246 217 201 180 162 51 142 195 169 149 60 89
is_linear=0
shrinkage=0.1


Tree=49
num_leaves=9
num_cat=0
split_feature=5 5 6 5 5 1 1 1
split_gain=5.91787 9.46186 0.471752 0.00129114 6.64791e-05 2.75254e-05 2.60126e-05 2.38861e-05
threshold=24.050000000000004 31.950000000000003 80.65000000000002 31.750000000000004 31.450000000000003 -0.37940952255126015 -0.12940952255126037 -0.98296291314453399
decision_type=2 2 2 2 2 2 2 2
left_child=2 3 -1 4 5 7 -7 -2
right_child=1 -3 -4 -5 -6 6 -8 -9
leaf_value=0.041716625171557685 -0.082179038988217379 0.12401790148189332 0.083568682401642877 -0.086706466246135511 -0.082881477148216143 -0.082202597417700238 -0.081758984629811737 -0.081417358812398005
leaf_weight=6.5381882563233393 0.48398835584521327 2.8084315955638877 4.5798432230949402 0.57362775877118188 0.56827810406684953 1.8695134539157123 4.5120721524581313 2.7572373040020439
leaf_count=31 15 9 20 7 16 59 177 129
internal_value=0.00486406 -0.0394443 0.0589567 -0.0820903 -0.0818305 -0.0817684 -0.0818889 -0.0815311
internal_weight=24.6912 13.5731 11.118 10.7647 10.1911 9.62281 6.38159 3.24123
internal_count=463 412 51 403 396 380 236 144
is_linear=0
shrinkage=0.1


Tree=50
num_leaves=14
num_cat=0
split_feature=5 1 5 1 0 1 2 0 3 5 1 0 5
split_gain=16.7577 6.12943 4.61645 5.6201 2.04249 2.71562 1.33896 1.08963 0.108913 0.00224877 0.00280234 0.000496961 1.98367e-06
threshold=28.350000000000005 0.78656609248549303 23.750000000000004 -0.12940952255126037 -0.91597561503675329 0.1294095225512602 -1.0000000180025095e-35 0.91597561503675362 -1.0000000180025095e-35 31.550000000000004 -0.98296291314453399 -0.70710678118654735 30.850000000000005
decision_type=2 2 2 2 2 2 2 2 2 2 2 2 2
left_child=1 2 -1 6 5 -5 -4 9 -6 10 -2 -12 -13
right_child=7 -3 3 4 8 -7 -8 -9 -10 -11 11 12 -14
leaf_value=-0.056066645480598837 -0.090714283814832458 -0.089483201257095968 0.02846892536939807 0.089092481019442074 0.098650754848976951 0.0059376822838213507 -0.041932569588862878 -0.025204173025559596 0.081940687241497667 -0.090482975200713675 -0.088247565306322023 -0.086566669451674627 -0.086452947416968906
leaf_weight=4.6623947173357001 2.2134035080671337 4.0455140694975844 4.59816674888134 7.1261157840490279 11.38254234194755 8.7489759922027588 6.5493017286062223 3.2995160967111579 5.9339337050914862 2.9453800842165938 2.0741101428866413 7.9723214134573919 1.8992476984858511
leaf_count=25 17 35 20 37 67 29 29 13 32 25 21 91 22
internal_value=-0.000803248 0.0288202 0.0385872 0.0485404 0.069173 0.0432648 -0.012893 -0.0778193 0.0929246 -0.087969 -0.087446 -0.0868404 -0.0865448
internal_weight=73.4509 53.0469 49.0014 44.339 33.1916 15.8751 11.1475 20.404 17.3165 17.1045 14.1591 11.9457 9.87157
internal_count=463 274 239 214 165 66 49 189 99 176 151 134 113
is_linear=0
shrinkage=0.1


Tree=51
num_leaves=9
num_cat=0
split_feature=1 5 0 0 5 1 0 6
split_gain=11.34 4.27584e-05 3.12285e-05 3.67844e-05 1.5754e-05 1.78953e-05 2.68192e-05 3.50602e-06
threshold=0.78656609248549303 23.850000000000005 0.91597561503675362 0.98296291314453421 31.550000000000004 -0.98296291314453399 -0.91597561503675329 63.850000000000001
decision_type=2 2 2 2 2 2 2 2
left_child=1 -1 4 7 5 -3 -7 -4
right_child=-2 2 3 -5 -6 6 -8 -9
leaf_value=-0.082341873513760488 0.068122398221575439 -0.08204660160462135 -0.082081903528030228 -0.081382775200084523 -0.081989275855044841 -0.08172269075561546 -0.081275097124360152 -0.082398722271795469
leaf_weight=0.93645429052412588 10.071504205465317 0.51684592664241691 0.61596759222447894 0.71603192947804917 0.67865541763603676 2.0669841431081282 3.7993167564272885 0.80681411735713482
leaf_count=28 35 17 20 35 25 83 197 23
internal_value=-0.0070309 -0.0816981 -0.0816326 -0.0819674 -0.0815312 -0.0814825 -0.0814328 -0.0822616
internal_weight=20.2086 10.1371 9.20062 2.13881 7.0618 6.38315 5.8663 1.42278
internal_count=463 428 400 78 322 297 280 43
is_linear=0
shrinkage=0.1


Tree=52
num_leaves=15
num_cat=0
split_feature=1 1 0 6 5 5 5 5 0 5 6 1 5 2
split_gain=4.35926 2.27477 4.595 0.929747 1.26122 1.22811 0.000189457 0.00015232 0.000119352 6.36909e-05 2.64407e-05 4.23486e-06 2.10986e-07 9.65267e-09
threshold=0.37940952255126026 0.1294095225512602 -1.0000000180025095e-35 68.850000000000009 26.650000000000002 28.250000000000004 23.850000000000005 28.250000000000004 -0.60355339059327362 31.350000000000005 67.850000000000009 -0.60355339059327384 24.650000000000002 -1.0000000180025095e-35
decision_type=2 2 2 2 2 2 2 2 2 2 2 2 2 2
left_child=1 2 7 4 -4 -6 -2 10 12 11 -1 -9 -8 -14
right_child=6 -3 3 -5 5 -7 8 9 -10 -11 -12 -13 13 -15
leaf_value=-0.083461750442258023 -0.084153530148194197 0.053627573337033468 -0.050912318671486594 0.064186081986381691 0.060929742807052593 0.00249215753067143 -0.082391981372165746 -0.082346799595659687 -0.08368669094919251 -0.08352046823541448 -0.084142169537469669 -0.08262433155891763 -0.082449538266256034 -0.082465505611717546
leaf_weight=1.2333339694887393 1.6911916956305493 10.986420467495916 2.8577749133110144 3.8580836206674567 5.264085270464423 11.350735548883675 0.73809161223471198 1.4879556819796567 1.1526139937341215 0.72589134797453869 1.0636405274271963 0.8720323182642461 0.79261114820837986 0.72482183575630155
leaf_count=26 31 38 20 28 26 108 21 43 22 16 19 23 22 20
internal_value=0.00374979 0.0149295 0.000122835 0.0193379 0.0104522 0.021007 -0.0832882 -0.0831603 -0.0828589 -0.0827013 -0.0837768 -0.0824493 -0.0824358 -0.0824572
internal_weight=44.7993 39.7 28.7135 23.3307 19.4726 16.6148 5.09933 5.38285 3.40814 3.08588 2.29697 2.35999 2.25552 1.51743
internal_count=463 347 309 182 154 134 116 127 85 82 45 66 63 42
is_linear=0
shrinkage=0.1


Tree=53
num_leaves=14
num_cat=0
split_feature=5 5 5 0 1 5 2 1 5 1 0 5 5
split_gain=28.304 3.83723 2.24684 2.48155 2.72561 0.438173 0.350853 0.00732837 0.00479071 0.00222711 0.0036116 0.00305213 1.77982e-05
threshold=27.950000000000003 24.050000000000004 31.750000000000004 0.91597561503675362 -0.98296291314453399 28.350000000000005 -1.0000000180025095e-35 -0.12940952255126037 31.250000000000004 0.78656609248549303 -0.91597561503675329 25.650000000000002 24.750000000000004
decision_type=2 2 2 2 2 2 2 2 2 2 2 2 2
left_child=1 6 3 4 -2 -6 -1 -3 -7 10 11 -9 -12
right_child=2 7 -4 -5 5 8 -8 9 -10 -11 12 -13 -14
leaf_value=-0.040912574997419515 0.008490286954118513 -0.094269547513959703 -0.014844281637310561 0.0054897564438170024 0.057683582328275501 0.092883707330518706 -0.0045529905704017777 -0.092518486428257801 0.096910735899709777 -0.092211436463779023 -0.088090968205968873 -0.08846948994998341 -0.087763105410207057
leaf_weight=4.4226057082414627 5.210670441389083 4.1407244354486492 4.1585557162761679 6.2971051186323157 4.0493012517690721 17.93176402151585 6.6361277326941472 4.3820336759090486 3.5367957502603522 2.8685646355152121 2.1833542510867101 3.2368604838848114 6.8517168089747429
leaf_count=21 18 26 16 21 20 121 30 30 21 20 21 30 68
internal_value=-0.00121832 -0.0677224 0.0548506 0.0626785 0.074398 0.0878561 -0.0190939 -0.0904484 0.0935471 -0.0896379 -0.0891946 -0.0907983 -0.0878423
internal_weight=75.9062 34.722 41.1842 37.0256 30.7285 25.5179 11.0587 23.6633 21.4686 19.5225 16.654 7.61889 9.03507
internal_count=463 246 217 201 180 162 51 195 142 169 149 60 89
is_linear=0
shrinkage=0.1


Tree=54
num_leaves=9
num_cat=0
split_feature=5 5 3 5 5 0 0 5
split_gain=4.81593 8.19183 0.464724 0.00116071 4.2139e-05 2.74137e-05 3.29003e-05 1.89789e-05
threshold=24.050000000000004 31.950000000000003 1.0000000180025095e-35 31.750000000000004 31.450000000000003 0.91597561503675362 0.98296291314453421 25.650000000000002
decision_type=2 2 2 2 2 2 2 2
left_child=2 3 -1 4 5 7 -7 -2
right_child=1 -3 -4 -5 -6 6 -8 -9
leaf_value=0.027561830437399057 -0.081712662368797678 0.11285063320429665 0.068738249659965722 -0.086371353385115354 -0.082527237052092986 -0.082182450741283206 -0.081337759510108187 -0.081354013989536622
leaf_weight=4.58652261644602 2.2842069864273018 2.7891739308834067 6.8115437477827072 0.54887394234538156 0.49990832805633623 1.3755546584725382 0.69362230412662018 4.1674248371273279
leaf_count=24 93 9 27 7 16 43 35 209
internal_value=0.00528581 -0.037953 0.0521691 -0.0819066 -0.0816349 -0.0815826 -0.0818993 -0.081481
internal_weight=23.7568 12.3588 11.3981 9.56959 9.02072 8.52081 2.06918 6.45163
internal_count=463 412 51 403 396 380 78 302
is_linear=0
shrinkage=0.1


Tree=55
num_leaves=14
num_cat=0
split_feature=1 1 1 5 0 5 5 2 5 1 5 5 0
split_gain=14.2365 4.89589 4.04135 5.53455 2.2347 2.25269 1.38252 0.152366 0.00222867 0.00278939 8.53575e-05 2.60211e-05 3.47054e-07
threshold=-0.37940952255126015 0.78656609248549303 -0.12940952255126037 23.850000000000005 -0.91597561503675329 25.650000000000002 27.950000000000003 0.6078576107927941 31.650000000000002 -0.98296291314453399 28.850000000000005 31.150000000000002 -0.3794095225512602
decision_type=2 2 2 2 2 2 2 2 2 2 2 2 2
left_child=8 2 6 -4 5 -5 -2 -6 9 -1 -11 12 -12
right_child=1 -3 3 4 7 -7 -8 -9 -10 10 11 -13 -14
leaf_value=-0.089762003815821043 0.01301985024143569 -0.088367433141238572 -0.045332132948161845 0.007263364594166319 0.097691045783512759 0.085489513827705782 -0.0514709995000504 0.074074667109318773 -0.089791740747371354 -0.086347066453629662 -0.085562809213937385 -0.085988594834689222 -0.085516476839224864
leaf_weight=2.0595963895320883 7.6386416852474195 3.6539222300052634 5.2995112538337699 9.2652976810932106 11.844036579132085 6.1081216484308234 5.8851214051246643 3.5509019792079917 2.2726334333419791 1.9176305234432209 2.430908910930154 1.5073341503739355 4.8267673924565324
leaf_count=17 26 35 28 33 76 34 33 22 21 23 32 19 64
internal_value=-0.000907045 0.0233443 0.0315753 0.0490555 0.0653127 0.0383439 -0.0150446 0.0922438 -0.0869069 -0.0863924 -0.0857427 -0.0856105 -0.085532
internal_weight=68.2604 53.2456 49.5916 36.0679 30.7684 15.3734 13.5238 15.3949 15.0149 12.7422 10.6826 8.76501 7.25768
internal_count=463 287 252 193 165 67 59 98 176 155 138 115 96
is_linear=0
shrinkage=0.1


Tree=56
num_leaves=9
num_cat=0
split_feature=1 5 0 0 5 1 0 6
split_gain=9.49331 3.56215e-05 3.00212e-05 3.36061e-05 1.57899e-05 1.79659e-05 2.2351e-05 3.01968e-06
threshold=0.78656609248549303 23.850000000000005 0.91597561503675362 0.98296291314453421 31.650000000000002 -0.98296291314453399 -0.91597561503675329 64.600000000000009
decision_type=2 2 2 2 2 2 2 2
left_child=1 -1 4 7 5 -3 -7 -4
right_child=-2 2 3 -5 -6 6 -8 -9
leaf_value=-0.082145220193724874 0.060903690814194167 -0.081897435079881301 -0.081931157046298525 -0.081205097362322301 -0.08188626520694145 -0.081538727539086919 -0.081105327426328519 -0.082234719596105788
leaf_weight=0.85951380245387632 9.7311201095581055 0.48089926689863105 0.60112674906849839 0.62170478329062451 0.52407964691519726 1.8410356454551204 3.3645373200997715 0.7204032801091671
leaf_count=28 35 17 21 35 21 83 201 22
internal_value=-0.0075873 -0.0815329 -0.0814684 -0.0818114 -0.081361 -0.0813126 -0.0812586 -0.0820966
internal_weight=18.7444 9.0133 8.15379 1.94323 6.21055 5.68647 5.20557 1.32153
internal_count=463 428 400 78 322 301 284 43
is_linear=0
shrinkage=0.1


Tree=57
num_leaves=15
num_cat=0
split_feature=1 1 0 1 1 6 5 0 5 6 5 6 0 3
split_gain=3.81401 1.73435 3.93697 0.832872 2.90452 0.766145 0.000166298 0.000100611 9.49783e-05 6.99211e-05 6.43297e-05 1.71502e-05 2.96558e-06 1.55303e-07
threshold=0.37940952255126026 0.1294095225512602 -1.0000000180025095e-35 -0.98296291314453399 -0.37940952255126015 64.600000000000009 23.850000000000005 -0.60355339059327362 28.250000000000004 56.45000000000001 31.350000000000005 67.850000000000009 -0.70710678118654735 -0.22252093395631442
decision_type=2 2 2 2 2 2 2 2 2 2 2 2 2 2
left_child=1 2 8 -4 9 -6 -2 13 11 -5 12 -1 -10 -8
right_child=6 -3 3 4 5 -7 7 -9 10 -11 -12 -13 -14 -15
leaf_value=-0.083012760975551617 -0.083788112883320179 0.047261139206128303 0.049401419500616293 -0.083365566256108276 0.049902932742099324 0.0032719997984290081 -0.082058871217960294 -0.083303602055534332 -0.0822563487417938 -0.082330725758675977 -0.083238752631154267 -0.083597836582929838 -0.08200661574845404 -0.082115378140709641
leaf_weight=1.0808491744101041 1.5449239276349533 11.159749209880827 6.0590876936912563 0.95338982343674183 6.6796645149588585 7.4566797390580177 1.0083421971648929 1.0417980849742892 0.75562334060669001 2.0717321299016476 0.65442633070051659 0.93389814719557751 1.2827034946531057 0.93961252272129048
leaf_count=26 31 38 20 22 32 47 33 22 23 61 16 19 43 30
internal_value=0.00386703 0.0139384 0.000622986 0.0175282 0.00627487 0.0253059 -0.0829457 -0.0825104 -0.0827647 -0.0826569 -0.0823761 -0.083284 -0.0820992 -0.0820861
internal_weight=43.6225 39.0878 27.9281 23.2206 17.1615 14.1363 4.53468 2.98975 4.7075 3.02512 2.69275 2.01475 2.03833 1.94795
internal_count=463 347 309 182 162 79 116 85 127 83 82 45 66 63
is_linear=0
shrinkage=0.1


Tree=58
num_leaves=14
num_cat=0
split_feature=5 5 5 0 1 3 2 5 1 1 0 5 3
split_gain=23.2199 3.82822 1.86335 2.20607 2.6568 0.458417 0.310672 0.00728104 0.00664923 0.00172569 0.00296526 0.0023514 1.63376e-05
threshold=27.950000000000003 24.050000000000004 31.750000000000004 0.91597561503675362 -0.98296291314453399 -0.56174490092936669 -1.0000000180025095e-35 28.550000000000004 -0.12940952255126037 0.78656609248549303 -0.91597561503675329 25.650000000000002 -0.22252093395631442
decision_type=2 2 2 2 2 2 2 2 2 2 2 2 2
left_child=1 6 3 4 -2 -6 -1 -7 -3 10 11 -10 -12
right_child=2 8 -4 -5 5 7 -8 -9 9 -11 12 -13 -14
leaf_value=-0.036967587005457214 0.0063127228989303926 -0.092952271426229374 -0.01340792661805517 0.0049681610346283961 0.057134429575426221 0.096183101748272451 -0.002232755934261242 0.091314288232130031 -0.091028468978729363 -0.090732660319932781 -0.086475087618652247 -0.087265780671647739 -0.086764463390872723
leaf_weight=4.2563192918896675 5.2473948895931235 3.8576856106519726 4.0258012264966956 6.2907502055168143 4.6343332976102856 3.9111937284469667 6.518481373786928 14.306202180683611 3.9877534508705192 2.6039065122604361 4.1541218385100418 2.8462897166609764 3.6788364723324687
leaf_count=21 18 26 16 21 30 24 30 108 30 20 48 30 41
internal_value=-0.00140517 -0.0644616 0.0509618 0.0584972 0.0704811 0.0852159 -0.0159539 0.0923596 -0.0891987 -0.0883603 -0.0879391 -0.0894614 -0.086611
internal_weight=70.3191 31.9034 38.4157 34.3899 28.0991 22.8517 10.7748 18.2174 21.1286 17.2709 14.667 6.83404 7.83296
internal_count=463 246 217 201 180 162 51 132 195 169 149 60 89
is_linear=0
shrinkage=0.1


Tree=59
num_leaves=9
num_cat=0
split_feature=5 5 6 5 5 0 0 5
split_gain=4.01582 7.10828 0.407091 0.00101931 2.68248e-05 2.69275e-05 3.01155e-05 1.52343e-05
threshold=24.050000000000004 31.950000000000003 80.65000000000002 31.750000000000004 31.450000000000003 0.91597561503675362 0.98296291314453421 25.650000000000002
decision_type=2 2 2 2 2 2 2 2
left_child=2 3 -1 4 5 7 -7 -2
right_child=1 -3 -4 -5 -6 6 -8 -9
leaf_value=0.031524006239961246 -0.081531517649581692 0.10332157863489085 0.069626764231161625 -0.086022146273094999 -0.082223747447262518 -0.082023653849261247 -0.08116587819968521 -0.081189674010695351
leaf_weight=6.7832465097308177 2.0314592402428371 2.7444700598716727 4.7798735201358795 0.52297344058752049 0.44042446091771115 1.2776734158396719 0.60222300142049778 3.6389017859473825
leaf_count=31 93 9 20 7 16 43 35 209
internal_value=0.00588294 -0.0366301 0.0472746 -0.0817451 -0.0814651 -0.0814209 -0.0817489 -0.0813121
internal_weight=22.8212 11.2581 11.5631 8.51366 7.99068 7.55026 1.8799 5.67036
internal_count=463 412 51 403 396 380 78 302
is_linear=0
shrinkage=0.1


Tree=60
num_leaves=15
num_cat=0
split_feature=1 5 1 1 5 6 3 2 2 5 1 5 5 2
split_gain=12.0839 3.86588 3.51406 2.1553 1.1155 1.02203 1.4695 0.699096 0.248659 0.00209391 0.00227979 4.94424e-05 1.80565e-05 6.81443e-07
threshold=-0.37940952255126015 23.650000000000002 -0.12940952255126037 0.1294095225512602 27.950000000000003 67.550000000000011 -0.56174490092936669 0.6078576107927941 -1.0000000180025095e-35 31.650000000000002 -0.98296291314453399 28.850000000000005 31.150000000000002 -0.60785761079279388
decision_type=2 2 2 2 2 2 2 2 2 2 2 2 2 2
left_child=9 -2 4 7 -3 -5 -7 8 -4 10 -1 -12 13 -13
right_child=1 2 3 5 -6 6 -8 -9 -10 -11 11 12 -14 -15
leaf_value=-0.088701136026345523 -0.070427068367719739 0.011083980416429298 0.081903260748519779 -0.019097971897464882 -0.047631103416647606 0.084674051510661319 0.02019389184348579 0.041908003144449348 0.11647318596703847 -0.088985073885402471 -0.085376125167175576 -0.084675288624611655 -0.085111461428739557 -0.084741980727534305
leaf_weight=1.8799405470490445 4.2034592851996413 7.6700843274593336 4.8347701430320731 3.7495553791523006 5.5968020334839821 4.9313103705644599 12.47715223580599 3.1961077004671088 3.6526427865028372 2.0764365606009951 1.6592113226652125 3.6508558765053722 1.3092767000198362 2.6399121358990696
leaf_count=17 30 26 31 16 33 34 75 19 23 21 23 56 19 40
internal_value=-0.000972818 0.0213799 0.0297495 0.0472958 -0.0136857 0.0282591 0.0384592 0.0817699 0.0967808 -0.0860696 -0.0855262 -0.0848816 -0.0847736 -0.0847033
internal_weight=63.5275 50.3119 46.1084 32.8415 13.2669 21.158 17.4085 11.6835 8.48741 13.2156 11.1392 9.25926 7.60004 6.29077
internal_count=463 287 257 198 59 125 109 73 54 176 155 138 115 96
is_linear=0
shrinkage=0.1


Tree=61
num_leaves=9
num_cat=0
split_feature=1 5 0 0 5 1 0 6
split_gain=7.9931 3.05587e-05 2.68113e-05 2.99791e-05 1.56056e-05 1.50355e-05 1.98827e-05 3.04893e-06
threshold=0.78656609248549303 23.850000000000005 0.91597561503675362 0.98296291314453421 31.650000000000002 -0.98296291314453399 -0.91597561503675329 64.600000000000009
decision_type=2 2 2 2 2 2 2 2
left_child=1 -1 4 7 5 -3 -7 -4
right_child=-2 2 3 -5 -6 6 -8 -9
leaf_value=-0.081977569051257262 0.054614753152940454 -0.081721262379663651 -0.081761719048247916 -0.08103943221258128 -0.081759246080578885 -0.081385624830734873 -0.080950473000391029 -0.082079012951760885
leaf_weight=0.79263184964656819 9.3736501336097717 0.43813052959740062 0.55075642466545083 0.53614217042922963 0.47919389884918917 1.6451059998944395 2.9027066854760064 0.67280783876776695
leaf_count=28 35 17 21 35 21 83 201 22
internal_value=-0.00808389 -0.0813881 -0.0813235 -0.081663 -0.0812142 -0.0811618 -0.0811079 -0.0819362
internal_weight=17.3911 8.01748 7.22484 1.75971 5.46514 4.98594 4.54781 1.22356
internal_count=463 428 400 78 322 301 284 43
is_linear=0
shrinkage=0.1


Tree=62
num_leaves=10
num_cat=0
split_feature=6 5 0 3 0 1 1 5 6
split_gain=3.59382 1.38739 1.72098 1.6454 1.80698 2.02947 0.0889753 7.53846e-05 2.49285e-07
threshold=76.850000000000009 23.850000000000005 0.98296291314453421 0.81174490092936691 0.91597561503675362 -0.98296291314453399 0.37940952255126026 23.850000000000005 81.200000000000003
decision_type=2 2 2 2 2 2 2 2 2
left_child=1 -1 3 4 5 -3 -2 -8 -9
right_child=6 2 -4 -5 -6 -7 7 8 -10
leaf_value=0.086815690328562761 -0.11776121373788216 0.037791243138216718 -0.084338322127732013 0.073177796438842133 0.038923309747191104 -0.0325116092270629 -0.083502626147146305 -0.082336043079066223 -0.082423052742569239
leaf_weight=2.3802599348127833 1.050042245537042 5.7568302452564248 1.9118916988372792 4.0306255891919127 10.449001953005792 14.320728659629822 1.0961552541702988 0.64961892552673794 0.66773603297770023
leaf_count=14 6 19 34 37 37 252 24 20 20
internal_value=0.00414337 0.0128452 0.00801732 0.0131269 0.00519802 -0.0123537 -0.0934618 -0.0828899 -0.0823801
internal_weight=42.3129 38.8493 36.4691 34.5572 30.5266 20.0776 3.46355 2.41351 1.31735
internal_count=463 393 379 345 308 271 70 64 40
is_linear=0
shrinkage=0.1


Tree=63
num_leaves=15
num_cat=0
split_feature=5 5 5 0 1 5 3 1 5 5 0 1 1 0
split_gain=19.0494 3.79127 1.5631 1.96328 2.36196 0.487393 0.28841 0.00551795 0.00185547 0.00142458 0.0020332 0.00198028 0.000127324 2.29777e-05
threshold=27.950000000000003 24.050000000000004 31.750000000000004 0.91597561503675362 -0.98296291314453399 28.350000000000005 1.0000000180025095e-35 -0.12940952255126037 31.250000000000004 25.650000000000002 -0.91597561503675329 0.78656609248549303 0.1294095225512602 0.98296291314453421
decision_type=2 2 2 2 2 2 2 2 2 2 2 2 2 2
left_child=1 6 3 4 -2 -6 -1 -3 -7 10 -9 -12 13 -11
right_child=2 7 -4 -5 5 8 -8 9 -10 12 11 -13 -14 -15
leaf_value=0.0033883318617327464 0.0072174734557301423 -0.091684700600819499 -0.01244903975787794 0.0046843250862072831 0.048982630348099021 0.089279101440598668 -0.029689987372703154 -0.089903235459341702 0.092107024135265225 -0.085948327744951369 -0.085657163261304098 -0.089491359338598378 -0.086774196165841033 -0.085460599808541565
leaf_weight=5.2342636808753031 5.2322309911251095 3.5695113912224814 3.8824124336242667 6.2791766226291648 3.557508632540709 13.906061574816706 5.309737041592598 3.6709919795393962 2.7847902104258528 2.093570515513421 4.0778289139270711 2.0114924311637878 1.6390325874090192 1.7933846116065981
leaf_count=24 18 26 16 21 20 121 27 30 21 26 53 17 19 24
internal_value=-0.00170395 -0.0612912 0.0474472 0.0547691 0.0671114 0.0825882 -0.0132692 -0.0881446 0.0897509 -0.087318 -0.0880444 -0.0869237 -0.086035 -0.0857233
internal_weight=65.042 29.3998 35.6422 31.7598 25.4806 20.2484 10.544 18.8558 16.6909 15.2863 9.76031 6.08932 5.52599 3.88696
internal_count=463 246 217 201 180 162 51 195 142 169 100 70 69 50
is_linear=0
shrinkage=0.1


Tree=64
num_leaves=10
num_cat=0
split_feature=5 5 3 5 0 1 5 5 6
split_gain=3.31626 6.22012 0.405641 0.000895598 1.90138e-05 2.69064e-05 2.23934e-05 1.34522e-05 2.81957e-06
threshold=24.050000000000004 31.950000000000003 1.0000000180025095e-35 31.750000000000004 0.91597561503675362 -1.0000000180025095e-35 31.450000000000003 25.650000000000002 64.600000000000009
decision_type=2 2 2 2 2 2 2 2 2
left_child=2 3 -1 4 6 8 7 -2 -6
right_child=1 -3 -4 -5 5 -7 -8 -9 -10
leaf_value=0.020043686026366921 -0.081382283929189031 0.095608929542639831 0.057936562829029314 -0.085700172943845354 -0.081698329230870073 -0.081005724146280142 -0.081954036939807337 -0.081040927684613739 -0.082008683333685273
leaf_weight=4.746084854006769 1.8160600597038845 2.6820967495441437 6.9795557111501694 0.49843551591038693 0.53177918493747689 0.51933459658175696 0.38796307146549214 3.1688820645213127 0.65119716338813305
leaf_count=24 93 9 27 7 21 35 16 209 22
internal_value=0.00627345 -0.0352584 0.042599 -0.0816031 -0.0813145 -0.0816058 -0.0812222 -0.0811653 -0.0818692
internal_weight=21.9814 10.2557 11.7256 7.57365 7.07522 1.70231 5.37291 4.98494 1.18298
internal_count=463 412 51 403 396 78 318 302 43
is_linear=0
shrinkage=0.1


Tree=65
num_leaves=15
num_cat=0
split_feature=1 5 1 1 5 6 3 2 2 5 1 5 5 3
split_gain=10.1492 3.21059 2.68865 2.0492 0.937022 0.905287 1.29263 0.728485 0.26144 0.00190604 0.00188273 4.43533e-05 1.06603e-05 4.23018e-07
threshold=-0.37940952255126015 23.650000000000002 -0.12940952255126037 0.1294095225512602 27.950000000000003 67.550000000000011 -0.56174490092936669 0.6078576107927941 -1.0000000180025095e-35 31.650000000000002 -0.98296291314453399 28.850000000000005 31.150000000000002 -0.22252093395631442
decision_type=2 2 2 2 2 2 2 2 2 2 2 2 2 2
left_child=9 -2 4 7 -3 -5 -7 8 -4 10 -1 -12 13 -13
right_child=1 2 3 5 -6 6 -8 -9 -10 -11 11 12 -14 -15
leaf_value=-0.087794622240519773 -0.06770082004196791 0.01070881080139275 0.078350476376156136 -0.020693177454831811 -0.04384986928665964 0.078480986050048898 0.016690630515291238 0.036058551551296121 0.11564843122522997 -0.088260681044456016 -0.08464674979818404 -0.084004399500006488 -0.084315456752230511 -0.083948463500930659
leaf_weight=1.719011716544627 3.9377201572060576 7.6752407550811714 4.3874073326587677 3.712883502244952 5.3366903886198997 4.6868156567215946 12.194391883909701 2.9782450646162033 3.2875130400061661 1.8938164748251427 1.4500302709639061 2.7791859507560712 1.1253584176301954 2.6327618360519427
leaf_count=17 30 26 31 16 33 34 75 19 23 21 23 49 19 47
internal_value=-0.00138324 0.0188282 0.0265267 0.0424315 -0.0116678 0.024013 0.0338458 0.0780371 0.0943269 -0.0853587 -0.0847925 -0.0841464 -0.0840354 -0.0839772
internal_weight=59.7971 48.1969 44.2592 31.2473 13.0119 20.5941 16.8812 10.6532 7.67492 11.6002 9.70635 7.98734 6.53731 5.41195
internal_count=463 287 257 198 59 125 109 73 54 176 155 138 115 96
is_linear=0
shrinkage=0.1


Tree=66
num_leaves=9
num_cat=0
split_feature=1 5 0 1 5 1 0 6
split_gain=6.97131 2.40108e-05 2.13404e-05 2.45935e-05 1.43209e-05 1.20889e-05 1.77912e-05 2.36604e-06
threshold=0.78656609248549303 23.850000000000005 0.91597561503675362 -1.0000000180025095e-35 31.650000000000002 -0.98296291314453399 -0.91597561503675329 64.600000000000009
decision_type=2 2 2 2 2 2 2 2
left_child=1 -1 4 7 5 -3 -7 -4
right_child=-2 2 3 -5 -6 6 -8 -9
leaf_value=-0.081806613542809936 0.050453042629564508 -0.081565786020546871 -0.081610640843713667 -0.080907516813875938 -0.081641465167648322 -0.081264482525379322 -0.080828261147110905 -0.081902324820543104
leaf_weight=0.72570263780653554 9.1452747583389282 0.4000694155693062 0.50532972998917081 0.46663570776581753 0.43739654589444388 1.4823384331539271 2.5319269755855194 0.61844800785183907
leaf_count=28 35 17 21 35 21 83 201 22
internal_value=-0.00742112 -0.0812613 -0.0811999 -0.0815178 -0.0810957 -0.0810416 -0.0809893 -0.0817712
internal_weight=16.3131 7.16785 6.44214 1.59041 4.85173 4.41433 4.01427 1.12378
internal_count=463 428 400 78 322 301 284 43
is_linear=0
shrinkage=0.1


Tree=67
num_leaves=15
num_cat=0
split_feature=6 5 0 6 6 2 5 6 5 1 1 5 5 6
split_gain=3.1965 1.37734 2.53668 1.4562 1.28648 1.20819 1.09786 0.768671 0.711313 0.0640713 0.0255764 6.39609e-05 4.5475e-05 1.37755e-07
threshold=76.850000000000009 25.650000000000002 -1.0000000180025095e-35 71.750000000000014 68.850000000000009 1.0000000180025095e-35 26.850000000000005 72.15000000000002 29.450000000000003 0.37940952255126026 -1.0000000180025095e-35 23.850000000000005 31.350000000000005 81.200000000000003
decision_type=2 2 2 2 2 2 2 2 2 2 2 2 2 2
left_child=1 3 7 5 6 -1 -4 10 -8 -2 12 -11 -3 -13
right_child=9 2 4 -5 -6 -7 8 -9 -10 11 -12 13 -14 -15
leaf_value=0.10174104881342833 -0.11328004395489731 -0.081945325829894625 -0.057927780102843607 -0.0075940589359081356 0.069129163868272059 0.024584231169072941 0.033299611131421845 0.024228615236572808 -0.010138067274521084 -0.083203485725856896 -0.10364374776265606 -0.082082392847380781 -0.082933705508378697 -0.082150762501514457
leaf_weight=4.2055996004492027 0.99096767231821958 2.6534431725740437 2.5470470190048315 4.2741360235959283 3.5051102358847848 3.9222544245421886 8.0791818648576719 0.75881941244006146 7.0678532496094695 1.0024832841008904 0.66631674580275957 0.5830087177455423 0.56454711034893978 0.59593020752072334
leaf_count=25 6 97 17 40 23 28 55 9 75 24 8 20 16 20
internal_value=0.0042635 0.0122648 -0.000881959 0.0396589 0.0137807 0.0645075 0.00281645 -0.0678275 0.0130309 -0.0921948 -0.0858111 -0.0826163 -0.0821187 -0.082117
internal_weight=41.4167 38.2443 25.8423 12.402 21.1992 8.12785 17.6941 4.64313 15.147 3.17239 3.88431 2.18142 3.21799 1.17894
internal_count=463 393 300 93 170 53 147 130 130 70 121 64 113 40
is_linear=0
shrinkage=0.1


Tree=68
num_leaves=14
num_cat=0
split_feature=5 5 5 0 1 5 3 3 5 1 5 0 1
split_gain=15.9 3.25214 1.43571 1.58407 2.33487 0.675035 0.241061 0.194447 0.00507276 0.0035119 0.001204 0.00176833 0.000143357
threshold=28.050000000000004 24.050000000000004 31.750000000000004 0.91597561503675362 -0.98296291314453399 27.800000000000001 1.0000000180025095e-35 -0.56174490092936669 28.550000000000004 -0.12940952255126037 25.650000000000002 -0.91597561503675329 0.1294095225512602
decision_type=2 2 2 2 2 2 2 2 2 2 2 2 2
left_child=1 6 3 4 -2 9 -1 -6 -9 -3 11 -11 -12
right_child=2 5 -4 -5 7 -7 -8 8 -10 10 12 -13 -14
leaf_value=0.004559093341669004 0.0076961117305366271 -0.090309487225188514 -0.011256588892610865 0.0063299239112385788 0.062407612168844197 -0.024445208796231164 -0.026003586666587086 0.092751655461828619 0.088123129855877363 -0.08900338921384271 -0.084862120149898218 -0.086099888121566978 -0.08604983246425002
leaf_weight=5.1821464598178881 5.2240923643112245 2.996016323566443 3.7451113760471335 5.4632866382598868 3.3827782794833281 1.9109806716442097 5.1409588903188705 3.0172261744737581 11.002382121980189 3.4021394550800368 3.2317117601633063 5.4702332168817458 1.4823891818523405
leaf_count=24 18 24 16 18 28 10 27 23 108 30 48 70 19
internal_value=-0.00181001 -0.0556256 0.0469032 0.0546575 0.0663264 -0.0807247 -0.0106613 0.0839269 0.0891193 -0.0872104 -0.0865271 -0.0872132 -0.0852356
internal_weight=60.6515 28.8166 31.8349 28.0898 22.6265 18.4935 10.3231 17.4024 14.0196 16.5825 13.5865 8.87237 4.7141
internal_count=463 252 211 195 177 201 51 159 131 191 167 100 67
is_linear=0
shrinkage=0.1


Tree=69
num_leaves=10
num_cat=0
split_feature=5 5 6 5 0 0 5 5 6
split_gain=2.75849 5.47584 0.351206 0.0007719 1.6183e-05 2.20875e-05 1.40207e-05 1.23274e-05 2.18872e-06
threshold=24.050000000000004 31.950000000000003 80.65000000000002 31.750000000000004 0.91597561503675362 0.98296291314453421 31.450000000000003 25.650000000000002 64.600000000000009
decision_type=2 2 2 2 2 2 2 2 2
left_child=2 3 -1 4 6 8 7 -2 -6
right_child=1 -3 -4 -5 5 -7 -8 -9 -10
leaf_value=0.024078093110327953 -0.081261050513482452 0.089024721037402124 0.059064090780272874 -0.085372125518789269 -0.081552898355578468 -0.080878284008747039 -0.081711879286971587 -0.080915866928119945 -0.081838246377940987
leaf_weight=6.9137905240058917 1.6531835189089159 2.6098529696464539 4.9048224538564682 0.4730875827372073 0.48791617341339566 0.45202538184821595 0.33951908815652121 2.7649535890668631 0.59858204051852226
leaf_count=31 93 9 20 7 21 35 16 209 22
internal_value=0.00646178 -0.0340325 0.0385976 -0.0814765 -0.0811838 -0.0814657 -0.0810926 -0.081045 -0.0817101
internal_weight=21.1977 9.37912 11.8186 6.76927 6.29618 1.53852 4.75766 4.41814 1.0865
internal_count=463 412 51 403 396 78 318 302 43
is_linear=0
shrinkage=0.1


Tree=70
num_leaves=14
num_cat=0
split_feature=1 1 1 5 0 5 8 5 5 1 5 3 1
split_gain=8.67034 3.74129 2.25655 3.56814 1.92094 1.89731 0.912971 0.7584 0.00169956 0.00169906 2.5778e-05 1.11847e-05 1.04672e-06
threshold=-0.37940952255126015 0.78656609248549303 -0.12940952255126037 23.650000000000002 -0.91597561503675329 25.650000000000002 1.0000000180025095e-35 27.950000000000003 31.650000000000002 -0.98296291314453399 28.850000000000005 -0.56174490092936669 -0.9159756150367534
decision_type=2 2 2 2 2 2 2 2 2 2 2 2 2
left_child=8 2 7 -4 5 -5 -6 -2 9 -1 -11 -12 -13
right_child=1 -3 3 4 6 -7 -8 -9 -10 10 11 12 -14
leaf_value=-0.087143846566461153 0.0093293310065129514 -0.087386595983122428 -0.06157563183689066 -0.0014965361935287518 0.05566223090431191 0.075738608949069419 0.10876057892720357 -0.040375254546973688 -0.087644222992408455 -0.08393649691908367 -0.083737420195309331 -0.083440284043090451 -0.083337221958893218
leaf_weight=1.5987094193696965 7.6975252330303139 3.1979461945593348 3.1282442584633889 9.1309299468994123 7.5064248368144035 4.880684219300746 5.6947461590170878 5.1060609593987465 1.7321120090782631 1.2476784586906422 1.0005469247698764 1.4203310832381228 3.2184536457061803
leaf_count=17 26 35 21 34 56 34 48 33 21 23 19 29 67
internal_value=-0.00140758 0.0169769 0.0247125 0.0395687 0.0511958 0.0254069 0.0785679 -0.0104928 -0.0847896 -0.0842069 -0.0835252 -0.0834342 -0.0833688
internal_weight=56.5604 46.3426 43.1446 30.341 27.2128 14.0116 13.2012 12.8036 10.2178 8.48572 6.88701 5.63933 4.63878
internal_count=463 287 252 193 172 68 104 59 176 155 138 115 96
is_linear=0
shrinkage=0.1


Tree=71
num_leaves=9
num_cat=0
split_feature=1 5 0 1 5 1 0 6
split_gain=6.1188 1.90246e-05 1.74628e-05 2.04555e-05 1.33409e-05 1.13615e-05 1.34232e-05 1.64474e-06
threshold=0.78656609248549303 23.850000000000005 0.91597561503675362 -1.0000000180025095e-35 31.750000000000004 -0.98296291314453399 -0.91597561503675329 64.600000000000009
decision_type=2 2 2 2 2 2 2 2
left_child=1 -1 4 7 5 -3 -7 -4
right_child=-2 2 3 -5 -6 6 -8 -9
leaf_value=-0.081655486846242534 0.046848490976415302 -0.08145216638780324 -0.081489400339401871 -0.080789744302819738 -0.081627022195577187 -0.081139928149783214 -0.080739743857667523 -0.081742428656850302
leaf_weight=0.66795950010418792 8.9314841032028198 0.39386839605867718 0.46853536181151845 0.40450444351881731 0.30622155405580986 1.3237233432009805 2.2850833004340556 0.56873074173927307
leaf_count=28 35 18 21 35 16 83 205 22
internal_value=-0.00667403 -0.0811503 -0.0810917 -0.0813929 -0.0809909 -0.0809422 -0.0808865 -0.0816281
internal_weight=15.3501 6.41863 5.75067 1.44177 4.3089 4.00268 3.60881 1.03727
internal_count=463 428 400 78 322 306 288 43
is_linear=0
shrinkage=0.1


Tree=72
num_leaves=13
num_cat=0
split_feature=1 5 1 0 3 6 6 5 5 5 0 6
split_gain=2.90284 1.25002 1.95241 2.09641 1.10976 0.955727 0.476852 0.000182137 0.000127243 4.83941e-05 3.46373e-05 2.56905e-06
threshold=0.37940952255126026 27.150000000000002 -0.98296291314453399 0.91597561503675362 -0.22252093395631442 70.200000000000003 68.850000000000009 31.750000000000004 23.850000000000005 28.250000000000004 -0.60355339059327362 76.850000000000009
decision_type=2 2 2 2 2 2 2 2 2 2 2 2
left_child=1 4 -3 7 6 -6 -1 9 -2 -4 11 -10
right_child=8 2 3 -5 5 -7 -8 -9 10 -11 -12 -13
leaf_value=-0.01530752603732681 -0.083144408771462341 0.039568891165155218 -0.082544952311141118 0.0042367181189124489 0.026948132719706971 0.091018998772631476 0.028719910649460018 -0.083646368797694395 -0.081704141795229585 -0.081610125281808998 -0.082431753262687674 -0.081428016384467242
leaf_weight=4.9435996972024459 1.2588468845933669 6.0447818934917459 0.65898986160755146 7.0214848704636097 5.4098887331783754 4.0870175641030073 4.8966720905154943 0.58388579264283169 0.98042031005024932 3.4682659581303596 0.77898302301764477 0.51338283531367779
leaf_count=31 31 20 19 31 35 25 24 14 39 148 22 24
internal_value=0.00429572 0.0125393 -0.00660099 -0.0303882 0.0301357 0.0545212 0.00660121 -0.0819933 -0.0823379 -0.0817594 -0.0818912 -0.0816092
internal_weight=40.6462 37.1146 17.7774 11.7326 19.3372 9.49691 9.84027 4.71114 3.53163 4.12726 2.27279 1.4938
internal_count=463 347 232 212 115 60 55 181 116 167 85 63
is_linear=0
shrinkage=0.1


Tree=73
num_leaves=12
num_cat=0
split_feature=5 5 5 1 5 1 5 5 1 5 0
split_gain=13.2168 2.8138 2.60605 1.90176 1.80961 0.916098 0.623198 0.0193473 0.00334535 0.000933874 5.10753e-05
threshold=28.250000000000004 31.850000000000005 23.650000000000002 -0.98296291314453399 27.950000000000003 -0.37940952255126015 24.050000000000004 31.550000000000004 -0.12940952255126037 25.650000000000002 0.78656609248549325
decision_type=2 2 2 2 2 2 2 2 2 2 2
left_child=2 3 -1 -2 6 7 -4 10 -8 -10 -5
right_child=1 -3 4 5 -6 -7 8 -9 9 -11 -12
leaf_value=0.0053179369563723759 0.0056438625036704902 -0.048402466506664028 -0.038254465744752747 0.086478671898969156 -0.0045055055215100807 0.040897586212374187 -0.089483717174878227 0.097306499114105244 -0.086414818864217355 -0.084585494848327322 0.087065842839693486
leaf_weight=6.9079637676477459 5.2577329874038758 2.7140713781118384 3.2419665232300821 9.5120376199483907 4.075584962964057 5.9383996799588159 3.0373300015926423 1.9722414761781681 8.0114657767116935 4.282343588769435 1.7547185793519027
leaf_count=30 18 12 21 110 21 25 26 12 100 69 19
internal_value=-0.0021783 0.0481947 -0.0484484 0.058924 -0.0648473 0.0735315 -0.0780884 0.0881695 -0.0865118 -0.0857776 0.0865701
internal_weight=56.7059 27.1492 29.5567 24.4351 22.6487 19.1774 18.5731 13.239 15.3311 12.2938 11.2668
internal_count=463 196 267 184 237 166 216 141 195 169 129
is_linear=0
shrinkage=0.1


Tree=74
num_leaves=9
num_cat=0
split_feature=5 5 5 6 5 0 1 1
split_gain=2.41757 4.85413 0.575246 0.294635 0.000660203 1.40797e-05 1.83814e-05 1.13979e-05
threshold=32.300000000000004 24.050000000000004 31.950000000000003 80.65000000000002 31.750000000000004 0.91597561503675362 -1.0000000180025095e-35 -0.98296291314453399
decision_type=2 2 2 2 2 2 2 2
left_child=1 3 4 -1 5 7 -7 -3
right_child=-2 2 -4 -5 -6 6 -8 -9
leaf_value=0.021505989048626738 0.12148357504427937 -0.081489877649659814 0.0064558503614657939 0.053394892309497601 -0.085056759352737141 -0.081572177051860262 -0.080764479866546973 -0.080925788242460051
leaf_weight=6.9491675272584015 1.6758331060409535 0.39527625776827591 0.85059258341789235 4.9692414849996567 0.44855310395359982 1.0028513297438619 0.39185698982328165 3.8190996856428647
leaf_count=31 6 18 3 20 7 43 35 300
internal_value=0.00638841 -0.00385666 -0.0705519 0.0348017 -0.0813651 -0.0810698 -0.0813452 -0.0809787
internal_weight=20.5025 18.8266 6.90823 11.9184 6.05764 5.60908 1.39471 4.21438
internal_count=463 457 406 51 403 396 78 318
is_linear=0
shrinkage=0.1


Tree=75
num_leaves=16
num_cat=0
split_feature=1 5 1 1 2 2 0 5 5 2 5 1 5 5 2
split_gain=7.38431 2.27522 1.86002 1.7536 0.759329 0.622952 0.975301 0.613702 0.337208 0.277076 0.00130035 0.00137 3.53636e-05 3.36407e-05 5.59056e-07
threshold=-0.37940952255126015 23.650000000000002 -0.12940952255126037 0.1294095225512602 0.6078576107927941 -1.0000000180025095e-35 -0.91597561503675329 27.950000000000003 24.650000000000002 -1.0000000180025095e-35 31.750000000000004 -0.98296291314453399 31.250000000000004 28.750000000000004 -0.60785761079279388
decision_type=2 2 2 2 2 2 2 2 2 2 2 2 2 2 2
left_child=10 -2 7 4 9 8 -7 -3 -5 -4 11 -1 13 -13 -15
right_child=1 2 3 5 -6 6 -8 -9 -10 -11 -12 12 -14 14 -16
leaf_value=-0.08642346193943147 -0.062429209519166598 0.0077221612388582803 0.072842824832364803 0.014775858901756436 0.027052586889206483 -0.028239297322656023 0.034050259781260715 -0.037417736739941448 0.054459348731736558 0.11453134938528789 -0.087305656210531449 -0.083523079037808715 -0.083634061073537783 -0.082838770755869651 -0.082912504210646443
leaf_weight=1.5474228337407101 3.4676394239068022 7.7227261960506386 3.7803881391882896 3.6259591579437238 2.6602037623524666 5.2041410058736775 4.86215709894896 4.9375048615038395 5.2296767607331276 2.7569682747125679 1.1941949650645254 0.96960621699690719 1.0276240482926366 2.4401872605085364 1.7772701308131225
leaf_count=18 30 26 31 23 19 18 47 33 37 23 16 20 21 59 42
internal_value=-0.00142738 0.0153338 0.0219463 0.0362765 0.0720951 0.0188658 0.00184739 -0.00988245 0.0382109 0.0904239 -0.0842337 -0.0837611 -0.0830981 -0.082992 -0.0828698
internal_weight=53.2037 44.2474 40.7797 28.1195 9.19756 18.9219 10.0663 12.6602 8.85564 6.53736 8.95631 7.76211 6.21469 5.18706 4.21746
internal_count=463 287 257 198 73 125 65 59 60 54 176 160 142 121 101
is_linear=0
shrinkage=0.1


Tree=76
num_leaves=9
num_cat=0
split_feature=1 5 0 0 5 1 0 6
split_gain=5.16865 1.45372e-05 1.49423e-05 1.69024e-05 1.08031e-05 9.09689e-06 1.23405e-05 1.267e-06
threshold=0.78656609248549303 23.850000000000005 0.91597561503675362 0.98296291314453421 31.750000000000004 -0.98296291314453399 -0.91597561503675329 64.600000000000009
decision_type=2 2 2 2 2 2 2 2
left_child=1 -1 4 7 5 -3 -7 -4
right_child=-2 2 3 -5 -6 6 -8 -9
leaf_value=-0.081506999522657331 0.041669783629768975 -0.081319221642893777 -0.081372875503812114 -0.080692734924407372 -0.081490044741340376 -0.081040900965286974 -0.080633529004252802 -0.081603950616863333
leaf_weight=0.6092369370162477 8.5835672467947006 0.35897667519748155 0.43295464664697625 0.35624101012945175 0.27771523408591736 1.1977693988010283 1.9612259324640053 0.52503869868814945
leaf_count=28 35 18 21 35 16 83 205 22
internal_value=-0.00739966 -0.0810453 -0.0809902 -0.0812808 -0.0808896 -0.0808422 -0.080788 -0.0814995
internal_weight=14.3027 5.71916 5.10992 1.31423 3.79569 3.51797 3.159 0.957993
internal_count=463 428 400 78 322 306 288 43
is_linear=0
shrinkage=0.1


Tree=77
num_leaves=12
num_cat=0
split_feature=6 5 3 7 0 5 1 5 0 5 1
split_gain=2.74575 1.21905 1.16174 1.72373 1.0164 0.654676 1.3151 1.10964 0.0615056 7.44023e-05 1.53576e-05
threshold=76.850000000000009 23.750000000000004 0.81174490092936691 1.0000000180025095e-35 0.37940952255126054 30.250000000000004 -0.9159756150367534 31.450000000000003 -0.91597561503675329 23.850000000000005 0.78656609248549303
decision_type=2 2 2 2 2 2 2 2 2 2 2
left_child=1 -1 3 -3 -4 6 -5 -7 -2 -10 -11
right_child=8 2 4 5 -6 7 -8 -9 9 10 -12
leaf_value=0.081906650695895825 -0.11475072217040683 0.095220958191430671 0.10896825660120853 0.07640135343223993 0.01015333371996553 -0.076890407658564613 -0.0062110277811644656 0.017109102850704574 -0.082960777813048767 -0.081296078788880358 -0.082093115139360462
leaf_weight=2.3095249645411959 0.84836491569876704 1.7925661224871898 1.9528023209422816 2.1178296580910745 2.2291747685521841 3.0386675633490077 21.37844049744308 2.1404337324202061 0.91230895929038414 0.4747608806937933 0.49256709590554237
leaf_count=11 4 20 21 19 20 52 222 28 25 25 16
internal_value=0.00441482 0.0115608 0.00687206 8.82679e-05 0.0562956 -0.0058587 0.00123522 -0.038042 -0.0924006 -0.0823129 -0.0817019
internal_weight=39.6874 36.9594 34.6499 30.4679 4.18198 28.6754 23.4963 5.1791 2.728 1.87964 0.967328
internal_count=463 393 382 341 41 321 241 80 70 66 41
is_linear=0
shrinkage=0.1


Tree=78
num_leaves=12
num_cat=0
split_feature=5 5 5 5 1 1 0 5 5 1 0
split_gain=10.8851 2.4716 2.31892 1.74021 1.62519 0.956097 0.422006 0.0119131 0.00528899 0.00246648 3.12334e-05
threshold=28.250000000000004 23.750000000000004 31.850000000000005 27.950000000000003 -0.98296291314453399 -0.37940952255126015 -0.98296291314453399 31.550000000000004 24.050000000000004 1.0000000180025095e-35 0.78656609248549325
decision_type=2 2 2 2 2 2 2 2 2 2 2
left_child=1 -1 4 6 -2 7 -3 10 -8 -10 -6
right_child=2 3 -4 -5 5 -7 8 -9 9 -11 -12
leaf_value=0.00057517957993039016 0.0065905138226484417 -0.039231391240069795 -0.044684177771966677 -0.0060074627158553419 0.085471958466457179 0.037355704145821005 -0.092052069254830823 0.094521965982445139 -0.088613352532010442 -0.085214882654391963 0.085965483735182216
leaf_weight=8.138416141271593 5.2419916391372743 2.1693110801279571 2.5793005228042594 3.9771960750222197 8.2239672765135801 5.8890909329056695 1.6673307269811619 1.7445218041539181 2.8113495036959639 8.8840933814644796 1.519215606153012
leaf_count=36 18 34 12 21 110 25 14 12 26 136 19
internal_value=-0.00238958 -0.0457173 0.0451502 -0.0650285 0.0553943 0.0701168 -0.0801416 0.0869116 -0.086783 -0.0860318 0.0855489
internal_weight=52.8458 27.6477 25.1981 19.5093 22.6188 17.3768 15.5321 11.4877 13.3628 11.6954 9.74318
internal_count=463 267 196 231 184 166 210 141 176 162 129
is_linear=0
shrinkage=0.1


Tree=79
num_leaves=12
num_cat=0
split_feature=0 5 5 2 6 5 6 5 5 0 5
split_gain=2.25471 1.63651 3.50392 0.542104 0.503485 1.83631 0.165888 0.000399345 3.57677e-05 1.02848e-05 5.43502e-06
threshold=0.60355339059327384 32.300000000000004 24.050000000000004 -1.0000000180025095e-35 50.500000000000007 31.950000000000003 75.950000000000017 31.750000000000004 29.450000000000003 0.98296291314453421 28.050000000000004
decision_type=2 2 2 2 2 2 2 2 2 2 2
left_child=1 2 3 -1 -4 7 8 -6 9 10 -2
right_child=6 -3 4 -5 5 -7 -8 -9 -10 -11 -12
leaf_value=0.010690817808300083 -0.081504557921800058 0.11525233996174514 -0.17627872431627908 0.054872185339632978 -0.080898139286424309 0.11660858333684782 -0.15881691215406185 -0.084522295757790258 -0.082455315226435677 -0.080672520482178461 -0.081049119037622866
leaf_weight=4.5593240410089493 0.62623690627515205 1.5767437517642964 0.37804446276277204 7.1049739122390836 3.3113405038602655 0.5384429097175597 0.33194869104772795 0.33478185534477223 0.25374588929116715 0.32549058087170113 0.45053014997392893
leaf_count=21 28 6 7 29 276 2 3 6 19 33 33
internal_value=0.00671212 0.0179907 0.00853991 0.0376026 -0.0657588 -0.0557742 -0.0942961 -0.0812309 -0.0813628 -0.0811651 -0.081314
internal_weight=19.7916 17.8037 16.2269 11.6643 4.56261 4.18457 1.98795 3.64612 1.656 1.40226 1.07677
internal_count=463 347 341 50 291 284 116 282 113 94 61
is_linear=0
shrinkage=0.1


Tree=80
num_leaves=15
num_cat=0
split_feature=1 5 1 1 6 3 2 2 2 5 1 5 5 2
split_gain=6.27931 1.89232 1.55703 1.64839 0.773058 1.09305 0.749079 0.624338 0.280298 0.00100851 0.0011747 1.87762e-05 3.19999e-05 3.41801e-07
threshold=-0.37940952255126015 23.650000000000002 -0.12940952255126037 0.1294095225512602 67.550000000000011 -0.56174490092936669 0.6078576107927941 1.0000000180025095e-35 -1.0000000180025095e-35 31.750000000000004 -0.98296291314453399 31.250000000000004 28.750000000000004 -0.60785761079279388
decision_type=2 2 2 2 2 2 2 2 2 2 2 2 2 2
left_child=9 -2 7 6 -5 -6 8 -3 -4 10 -1 12 -12 -14
right_child=1 2 3 4 5 -7 -8 -9 -10 -11 11 -13 13 -15
leaf_value=-0.085873859287049992 -0.059778370115544002 0.01183052964906446 0.070081104141629588 -0.026385168454691122 0.070895446810902582 0.009730673378079268 0.023683864621979637 -0.0328349394990246 0.11371721645518949 -0.08662150086994258 -0.083114894232151404 -0.08306970850239398 -0.082408096610818091 -0.08247036554000263
leaf_weight=1.4302427917718885 3.2584243565797797 6.5157456099987012 3.5214992314577103 3.4691027030348804 3.9813327863812438 10.977970395237206 2.5477739125490189 6.0217558667063713 2.5294264405965823 1.0776155479252336 0.85414222627878089 0.88015377148985852 2.0916817747056484 1.5236394405364992
leaf_count=18 30 30 31 16 34 75 19 29 23 16 20 21 59 42
internal_value=-0.00160616 0.0134717 0.0195043 0.0330157 0.0161462 0.0260093 0.0691699 -0.00962227 0.088322 -0.0837798 -0.0833281 -0.0826475 -0.0825644 -0.0824343
internal_weight=50.6805 42.823 39.5646 27.0271 18.4284 14.9593 8.5987 12.5375 6.05093 7.85748 6.77986 5.34962 4.46946 3.61532
internal_count=463 287 257 198 125 109 73 59 54 176 160 142 121 101
is_linear=0
shrinkage=0.1


Tree=81
num_leaves=9
num_cat=0
split_feature=1 5 0 0 5 1 0 6
split_gain=4.56154 1.12659e-05 1.25115e-05 1.40623e-05 8.46832e-06 7.70599e-06 1.08139e-05 1.06553e-06
threshold=0.78656609248549303 23.850000000000005 0.91597561503675362 0.98296291314453421 31.750000000000004 -0.98296291314453399 -0.91597561503675329 64.600000000000009
decision_type=2 2 2 2 2 2 2 2
left_child=1 -1 4 7 5 -3 -7 -4
right_child=-2 2 3 -5 -6 6 -8 -9
leaf_value=-0.081382212334551937 0.038732968239801401 -0.08121881250190903 -0.081265737032661184 -0.080603441035788953 -0.081367420113208869 -0.080955930229068218 -0.080552231671215432 -0.081485980388630516
leaf_weight=0.55869747512042423 8.3930110782384872 0.33178191445767824 0.39987474121153332 0.30902756052091718 0.25053701689466823 1.0850532231852408 1.7080701990053075 0.48742390424013138
leaf_count=28 35 18 21 35 16 83 205 22
internal_value=-0.00667489 -0.0809583 -0.0809065 -0.0811844 -0.080808 -0.0807632 -0.0807091 -0.0813867
internal_weight=13.5235 5.13047 4.57177 1.19633 3.37544 3.12491 2.79312 0.887299
internal_count=463 428 400 78 322 306 288 43
is_linear=0
shrinkage=0.1


Tree=82
num_leaves=12
num_cat=0
split_feature=6 5 3 7 0 4 6 6 0 5 1
split_gain=2.47344 0.999752 0.982206 1.45629 0.823246 0.585912 2.4727 1.12674 0.0473626 6.9734e-05 1.12245e-05
threshold=76.850000000000009 23.750000000000004 0.81174490092936691 1.0000000180025095e-35 0.37940952255126054 1.0000000180025095e-35 61.850000000000009 63.150000000000013 -0.91597561503675329 23.850000000000005 0.78656609248549303
decision_type=2 2 2 2 2 2 2 2 2 2 2
left_child=1 -1 3 -3 -4 7 -7 -5 -2 -10 -11
right_child=8 2 4 5 -6 6 -8 -9 9 10 -12
leaf_value=0.074110159379554161 -0.11153215664716785 0.086910832718156014 0.099413147551513481 0.037046111980000899 0.010245050435888449 -0.079113140525471443 0.016465494065868273 -0.015053061012816652 -0.082796958009185115 -0.081151337790464309 -0.081871059076651098
leaf_weight=2.3432911690324536 0.80811309441924128 1.8243291210383201 1.9541646521538485 7.0416886275634196 2.2022708784788847 4.6192569164559263 6.5376724088564515 10.11238999199122 0.84057743288576492 0.42445537727326155 0.44268488697707653
leaf_count=11 4 20 21 76 20 69 74 102 25 25 16
internal_value=0.00432885 0.0109156 0.00659729 0.000311953 0.0521678 -0.00526838 -0.0231065 0.00633347 -0.0915865 -0.0821479 -0.0815188
internal_weight=39.1509 36.6351 34.2918 30.1353 4.15644 28.311 11.1569 17.1541 2.51583 1.70772 0.86714
internal_count=463 393 382 341 41 321 143 178 70 66 41
is_linear=0
shrinkage=0.1


Tree=83
num_leaves=14
num_cat=0
split_feature=5 5 5 5 1 1 5 5 1 0 5 1 0
split_gain=9.0488 2.39478 1.86135 1.84833 1.49313 0.985465 0.301764 0.00785637 0.00216929 0.000680619 0.000893188 0.000713256 2.08987e-05
threshold=28.250000000000004 24.050000000000004 27.950000000000003 31.850000000000005 -0.98296291314453399 -0.37940952255126015 23.550000000000004 31.550000000000004 -0.12940952255126037 -0.91597561503675329 25.650000000000002 0.78656609248549303 0.78656609248549325
decision_type=2 2 2 2 2 2 2 2 2 2 2 2 2
left_child=1 6 8 4 -2 7 -1 12 -3 10 -10 -11 -6
right_child=3 2 -4 -5 5 -7 -8 -9 9 11 -12 -13 -14
leaf_value=-0.019080116203137588 0.0055732343066805688 -0.08788154534667432 -0.0062116034556818859 -0.040028954165473245 0.084708536484774055 0.034409261293726977 0.016485250220225438 0.092487783207484534 -0.086713042283209751 -0.083233157134861138 -0.083676087759132531 -0.085745218981935989 0.085139460477346121
leaf_weight=5.5506891161203402 5.2524403631687209 2.612177491188052 3.9071940332651129 2.4434079825878134 7.2019797042012232 5.8567702770233128 4.1839294359087944 1.5628478750586499 2.6599212512373942 4.1021094508469069 1.522874843329191 1.5601555779576299 1.3338708057999609
leaf_count=25 18 26 21 12 110 25 26 12 30 89 30 20 19
internal_value=-0.00246994 -0.0430687 -0.0664317 0.0423305 0.0518193 0.0670432 -0.00379416 0.0859694 -0.0853197 -0.0846399 -0.0856073 -0.0839253 0.0847759
internal_weight=49.7504 26.0991 16.3644 23.6513 21.2079 15.9555 9.73462 10.0987 12.4572 9.84506 4.1828 5.66227 8.53585
internal_count=463 267 216 196 184 166 51 141 195 169 60 109 129
is_linear=0
shrinkage=0.1


Tree=84
num_leaves=11
num_cat=0
split_feature=0 6 6 6 5 5 5 5 0 5
split_gain=2.02393 1.439 3.49276 3.66503 1.90802 1.90345 0.135213 3.78827e-05 9.25025e-06 4.54639e-06
threshold=0.60355339059327384 86.100000000000009 83.40000000000002 81.200000000000003 32.300000000000004 23.550000000000004 24.150000000000002 29.450000000000003 0.98296291314453421 28.050000000000004
decision_type=2 2 2 2 2 2 2 2 2 2
left_child=1 2 3 4 5 -1 -2 8 9 -8
right_child=6 -3 -4 -5 -6 -7 7 -9 -10 -11
leaf_value=0.052660873846407046 -0.15358427859590032 0.12406820777870074 -0.13046895824157992 0.14385120982550756 0.11033808915677668 -0.038335476480549836 -0.081396728584019612 -0.082470233176126062 -0.080582100470580023 -0.080960642500525135
leaf_weight=3.2951409071683972 0.31195467710494895 1.1718225991353381 1.6097829267382611 2.1946840416640034 1.4758378863334645 7.6022413694299757 0.58227446861565091 0.22751404624432314 0.29808211652562022 0.40559721598401666
leaf_count=13 1 10 12 15 6 291 28 19 35 33
internal_value=0.00652261 0.0170609 0.00930985 0.0247557 0.00363128 -0.0108201 -0.0936371 -0.0812808 -0.0810704 -0.0812177
internal_weight=19.1749 17.3495 16.1777 14.5679 12.3732 10.8974 1.82542 1.51347 1.28595 0.987872
internal_count=463 347 337 325 310 304 116 115 96 61
is_linear=0
shrinkage=0.1


Tree=85
num_leaves=13
num_cat=0
split_feature=1 1 6 5 1 8 5 5 1 5 5 3
split_gain=5.4004 2.95837 1.48288 1.62989 1.70755 1.13011 0.00672195 0.000784115 0.00106198 1.92097e-05 1.69566e-05 1.78217e-07
threshold=-0.37940952255126015 0.78656609248549303 61.650000000000013 23.850000000000005 0.37940952255126026 1.0000000180025095e-35 24.550000000000004 31.750000000000004 -0.98296291314453399 28.850000000000005 31.250000000000004 -0.22252093395631442
decision_type=2 2 2 2 2 2 2 2 2 2 2 2
left_child=7 2 -2 -4 5 -5 -6 8 -1 -10 11 -11
right_child=1 -3 3 4 6 -7 -8 -9 9 10 -12 -13
leaf_value=-0.085466544220189899 -0.025481822902447628 -0.086646271510968709 -0.030502224989225502 0.051294845450472207 0.092904097464395305 0.0063958534880631281 0.085491377249971134 -0.086046754071005427 -0.08269842248094883 -0.082088774515354845 -0.082595413271062609 -0.082040043385908604
leaf_weight=1.3404899984598158 6.2339356169104567 2.833713572472333 4.1843952462077132 9.4899342581629789 1.9893263056874264 13.697025284171104 3.1769734807312489 0.97691442444920529 0.84651706926524539 1.5173698607832196 0.75293613970279683 1.4848867002874615
leaf_count=18 34 35 27 53 18 77 43 16 23 49 21 49
internal_value=-0.00161585 0.0119887 0.0191977 0.0277579 0.0363559 0.0247721 0.0883457 -0.0834213 -0.0829896 -0.0822681 -0.0821711 -0.0820647
internal_weight=48.5244 41.6053 38.7716 32.5377 28.3533 23.187 5.1663 6.91911 5.9422 4.60171 3.75519 3.00226
internal_count=463 287 252 218 191 130 61 176 160 142 119 98
is_linear=0
shrinkage=0.1


Tree=86
num_leaves=9
num_cat=0
split_feature=1 5 0 5 1 0 5 2
split_gain=4.01549 8.63407e-06 1.02243e-05 6.70345e-06 6.9822e-06 9.09913e-06 1.3558e-06 7.97748e-07
threshold=0.78656609248549303 23.850000000000005 0.91597561503675362 31.750000000000004 -0.98296291314453399 -0.91597561503675329 26.250000000000004 1.0000000180025095e-35
decision_type=2 2 2 2 2 2 2 2
left_child=1 -1 3 4 -3 -6 -4 -8
right_child=-2 2 6 -5 5 -7 7 -9
leaf_value=-0.081270078278942059 0.035665162708487325 -0.081143710036228056 -0.080905579058130908 -0.081262225960661655 -0.08087740572795768 -0.08048561507675496 -0.081061512340170672 -0.081259608646462173
leaf_weight=0.51235307566821475 8.2219310998916626 0.31119516119360868 0.27542167576029875 0.22712939465418447 0.98303179163485732 1.4931781254708785 0.39964443584904075 0.41375514352694154
leaf_count=28 35 18 26 16 83 205 28 24
internal_value=-0.00623915 -0.080883 -0.0808347 -0.0807398 -0.0806973 -0.0806412 -0.0810973 -0.0811623
internal_weight=12.8376 4.61571 4.10336 3.01453 2.78741 2.47621 1.08882 0.8134
internal_count=463 428 400 322 306 288 78 52
is_linear=0
shrinkage=0.1


Tree=87
num_leaves=14
num_cat=0
split_feature=1 5 0 3 6 6 6 5 1 5 5 0 6
split_gain=2.23781 0.765178 1.64612 1.04319 0.974891 0.871942 1.0416 0.605904 0.0361145 9.56092e-05 2.48123e-05 1.25607e-05 5.15863e-06
threshold=0.37940952255126026 25.650000000000002 -1.0000000180025095e-35 0.81174490092936691 69.350000000000009 68.850000000000009 64.600000000000009 29.450000000000003 -1.0000000180025095e-35 23.850000000000005 31.250000000000004 -0.60355339059327362 76.850000000000009
decision_type=2 2 2 2 2 2 2 2 2 2 2 2 2
left_child=1 4 3 8 -1 6 7 -4 10 -2 -3 12 -11
right_child=9 2 5 -5 -6 -7 -8 -9 -10 11 -12 -13 -14
leaf_value=0.064686839779496047 -0.082705773457770415 -0.081434739056610597 0.036037855432737465 0.058998429918880983 0.006910609892532899 0.056637103321905247 -0.044586375737989334 -0.0068263204541951852 -0.10754562547582532 -0.081441927229577202 -0.082318553886570556 -0.081866980985607532 -0.080985817888341763
leaf_weight=5.0980568975210172 1.0287915915250772 1.7678699297830474 6.7696735635399907 0.57996332831680764 6.8374343104660511 3.5212281700223675 3.7464809492230406 6.4299907311797142 0.71381941437721153 0.81680344510823466 0.38722210470587004 0.59681567177176464 0.35606325138360262
leaf_count=21 31 94 48 11 32 24 31 68 3 39 15 22 24
internal_value=0.00418606 0.0109087 0.000588248 -0.0633229 0.0315888 0.0113577 0.00194908 0.0151573 -0.0880507 -0.0819392 -0.0815935 -0.0814935 -0.0813035
internal_weight=38.6502 35.8517 23.9162 3.44887 11.9355 20.4674 16.9461 13.1997 2.86891 2.79847 2.15509 1.76968 1.17287
internal_count=463 347 294 123 53 171 147 116 112 116 109 85 63
is_linear=0
shrinkage=0.1


Tree=88
num_leaves=12
num_cat=0
split_feature=5 5 5 5 1 1 0 5 5 1 2
split_gain=7.47426 2.3022 1.5489 1.51623 1.48567 0.959794 0.512051 0.0051005 0.00504996 0.00165088 1.49545e-05
threshold=28.250000000000004 23.750000000000004 27.950000000000003 31.850000000000005 -0.98296291314453399 -0.37940952255126015 -0.98296291314453399 31.550000000000004 24.050000000000004 1.0000000180025095e-35 -0.60785761079279388
decision_type=2 2 2 2 2 2 2 2 2 2 2
left_child=1 -1 6 4 -2 7 -3 10 -8 -10 -6
right_child=3 2 -4 -5 5 -7 8 -9 9 -11 -12
leaf_value=0.0038826728530660715 0.0027380064803219674 -0.027922033132173646 -0.0056759668451191667 -0.036893406617945011 0.084013623434067597 0.032989240244325056 -0.091180606579872037 0.090723284411363736 -0.087260678922351051 -0.084248882070794964 0.084297404115542207
leaf_weight=7.9503698647022274 5.2901184856891676 1.7664444223046327 3.8434158712625495 2.3386125788092604 4.1403727829456356 5.8340257108211491 1.5357369706034649 1.3960991352796552 2.4324470162391645 7.2279665432870388 3.3671537674963465
leaf_count=36 18 34 21 12 73 25 14 12 26 136 56
internal_value=-0.00259938 -0.0404544 -0.0614288 0.0393007 0.0481977 0.0645156 -0.0779595 0.085173 -0.085854 -0.0850072 0.0841409
internal_weight=47.1228 24.7564 16.806 22.3664 20.0278 14.7377 12.9626 8.90363 11.1962 9.66041 7.50753
internal_count=463 267 231 196 184 166 210 141 176 162 129
is_linear=0
shrinkage=0.1


Tree=89
num_leaves=12
num_cat=0
split_feature=0 5 5 2 6 5 5 5 5 0 5
split_gain=1.82486 1.21931 2.76884 0.503275 0.435932 1.59407 0.104803 0.000325477 3.9544e-05 7.77549e-06 4.03138e-06
threshold=0.60355339059327384 32.300000000000004 24.050000000000004 -1.0000000180025095e-35 47.900000000000006 31.950000000000003 24.150000000000002 31.750000000000004 29.450000000000003 0.98296291314453421 28.050000000000004
decision_type=2 2 2 2 2 2 2 2 2 2 2
left_child=1 2 3 -1 -4 7 -2 -6 9 10 -8
right_child=6 -3 4 -5 5 -7 8 -9 -10 -11 -12
leaf_value=0.0066840557903777888 -0.14565371662435975 0.106443629567085 -0.17715330357742956 0.049216062815448748 -0.080784810058806084 0.11085922694837752 -0.081302815978494258 -0.084284652342898225 -0.082499838271853254 -0.080508868661233648 -0.080872292245854127
leaf_weight=4.5560946688055992 0.30946829915046592 1.3758757412433613 0.31492134183645193 7.1452112421393448 2.825459609273822 0.50218841433525074 0.54275238420814254 0.29330347850918759 0.2045083544217049 0.25891241990029812 0.36294518550857902
leaf_count=21 1 6 2 29 281 2 28 6 19 35 33
internal_value=0.00637728 0.0161919 0.00825085 0.0326555 -0.064304 -0.0544893 -0.093097 -0.081114 -0.0812173 -0.0809921 -0.0811303
internal_weight=18.6916 17.0131 15.6372 11.7013 3.93587 3.62095 1.67859 3.11876 1.36912 1.16461 0.905698
internal_count=463 347 341 50 291 289 116 287 115 96 61
is_linear=0
shrinkage=0.1


Tree=90
num_leaves=16
num_cat=0
split_feature=5 1 1 5 0 8 5 8 5 6 1 5 1 5 3
split_gain=4.67587 2.56408 1.42806 1.92587 1.53881 1.26365 1.21668 1.08112 0.5568 0.34027 0.0128769 0.000584044 0.00086737 1.00131e-05 9.78447e-08
threshold=29.050000000000004 0.78656609248549303 -0.12940952255126037 23.650000000000002 -0.91597561503675329 1.0000000180025095e-35 25.250000000000004 1.0000000180025095e-35 27.050000000000004 62.150000000000013 -0.37940952255126015 31.750000000000004 -0.98296291314453399 31.250000000000004 -0.22252093395631442
decision_type=2 2 2 2 2 2 2 2 2 2 2 2 2 2 2
left_child=1 2 5 -4 6 8 -5 -6 -1 -7 11 12 -2 14 -14
right_child=10 -3 3 4 7 9 -8 -9 -10 -11 -12 -13 13 -15 -16
leaf_value=-0.015239696891101837 -0.085053053960136626 -0.085957542339283738 -0.051375958295351735 -0.012477157044264789 0.042504770466526648 -0.025114501192888817 0.049013189752202382 0.11011170403639814 0.033659124414186975 -0.090164155838114601 -0.096925190663035829 -0.085590492874999813 -0.081774065678271127 -0.082199374291508837 -0.081733106317295648
leaf_weight=4.7806398570537549 1.1809254251420491 2.5755919553339472 2.5569229125976589 6.6107926517724991 5.8079385645687616 1.3701133355498307 6.2695486322045326 3.9904848188161814 4.5401324145495892 1.9466847535222767 0.79823370650410552 0.88370106369256962 1.1927422415465117 0.6442408300936221 1.1412662621587524
leaf_count=16 17 35 21 24 56 20 44 48 24 27 5 16 45 21 44
internal_value=-0.00148784 0.0105898 0.0171556 0.030897 0.0401729 -0.0102844 0.0174535 0.0700382 0.00857884 -0.0632932 -0.0851238 -0.0832558 -0.0827597 -0.0818504 -0.081754
internal_weight=46.29 40.4488 37.8733 25.2357 22.6788 12.6376 12.8803 9.79842 9.32077 3.3168 5.84111 5.04288 4.15917 2.97825 2.33401
internal_count=463 315 280 193 172 87 68 104 40 47 148 143 127 110 89
is_linear=0
shrinkage=0.1


Tree=91
num_leaves=9
num_cat=0
split_feature=1 5 0 5 1 0 5 2
split_gain=3.41213 7.07533e-06 7.40054e-06 5.62138e-06 6.03076e-06 7.88089e-06 1.14613e-06 6.4897e-07
threshold=0.78656609248549303 23.850000000000005 0.91597561503675362 31.750000000000004 -0.98296291314453399 -0.91597561503675329 26.250000000000004 1.0000000180025095e-35
decision_type=2 2 2 2 2 2 2 2
left_child=1 -1 3 4 -3 -6 -4 -8
right_child=-2 2 6 -5 5 -7 7 -9
leaf_value=-0.081172888283854314 0.031275192090701516 -0.081062585750888067 -0.080808921948033602 -0.081177912889741743 -0.080803349307118841 -0.080417577053508868 -0.080962611208500401 -0.08115001531933845
leaf_weight=0.47236250806599844 7.9076440036296844 0.28956025745719749 0.24568983772769559 0.20562185905873764 0.90217278804630163 1.2821603314951056 0.36220141220837831 0.37724448181688786
leaf_count=28 35 18 26 16 83 205 28 24
internal_value=-0.00722256 -0.0808086 -0.0807617 -0.0806755 -0.0806338 -0.0805769 -0.080996 -0.0810582
internal_weight=12.0447 4.13701 3.66465 2.67952 2.47389 2.18433 0.985136 0.739446
internal_count=463 428 400 322 306 288 78 52
is_linear=0
shrinkage=0.1


Tree=92
num_leaves=11
num_cat=0
split_feature=6 5 3 7 0 9 1 0 1 5
split_gain=2.07496 0.824997 0.832665 1.23818 0.647286 0.497182 0.721086 0.0311676 0.000112596 1.67694e-06
threshold=76.850000000000009 23.750000000000004 0.81174490092936691 1.0000000180025095e-35 0.37940952255126054 1.0000000180025095e-35 -0.98296291314453399 -0.91597561503675329 0.60355339059327384 24.150000000000002
decision_type=2 2 2 2 2 2 2 2 2 2
left_child=1 -1 3 -3 -4 6 -5 -2 -9 -10
right_child=7 2 4 5 -6 -7 -8 8 9 -11
leaf_value=0.067367284884407616 -0.10715471355942277 0.079979802397698016 0.090665575271811488 0.03259548176667959 0.010886669869728017 -0.049501779397374678 -0.009497477286554739 -0.083278247587838944 -0.081495737686135217 -0.081231114708877838
leaf_weight=2.3547789920121422 0.75045408308506045 1.8263135114684725 1.921768246218561 5.1015966385603013 2.1601462624967098 2.3050976926460853 20.121531752869487 0.43467331118881591 0.41800325363874435 0.56070851255208254
leaf_count=11 4 20 21 17 20 33 271 12 21 33
internal_value=0.00440813 0.0101572 0.0061281 0.000243471 0.0484466 -0.0050465 -0.000983811 -0.0906842 -0.081939 -0.0813441
internal_weight=37.9551 35.7912 33.4365 29.3545 4.08191 27.5282 25.2231 2.16384 1.41339 0.978712
internal_count=463 393 382 341 41 321 288 70 66 54
is_linear=0
shrinkage=0.1


Tree=93
num_leaves=15
num_cat=0
split_feature=5 5 5 5 1 5 8 8 5 5 1 0 5 1
split_gain=6.11729 2.23162 1.6959 1.20171 1.37542 0.982044 0.5114 0.466708 0.41265 0.335003 0.00125525 0.000509211 0.00049546 0.000400654
threshold=28.250000000000004 24.050000000000004 27.950000000000003 31.850000000000005 -0.98296291314453399 29.050000000000004 1.0000000180025095e-35 1.0000000180025095e-35 29.650000000000002 23.550000000000004 -0.12940952255126037 -0.91597561503675329 25.650000000000002 0.78656609248549303
decision_type=2 2 2 2 2 2 2 2 2 2 2 2 2 2
left_child=1 9 10 4 -2 7 -7 -6 -8 -1 -3 12 -12 -13
right_child=3 2 -4 -5 5 6 8 -9 -10 -11 11 13 -14 -15
leaf_value=-0.016560757319174457 0.0013227157591629277 -0.086490580138396958 -0.0060912604846646871 -0.033414191108723894 -0.0021733446549121837 0.14163517349537941 0.017522077257440215 0.054841525725702271 0.084798854594287765 0.021528240122777913 -0.085584373598073762 -0.082488156617887082 -0.083133259221408698 -0.084583353570540087
leaf_weight=5.4234571903944033 5.3099999427795455 2.2106240913271895 3.7917197719216338 2.2136677727103224 2.5000143833458424 1.3158892728388343 1.1024221554398499 3.3724701516330242 5.2697965651750565 4.0212603211402893 2.2636829651892172 3.1867433674633503 1.2972781732678411 1.2789811752736566
leaf_count=25 18 26 21 12 13 10 16 34 93 26 30 89 30 20
internal_value=-0.00280607 -0.037922 -0.0632208 0.0362896 0.0444664 0.0613604 0.0848799 0.0305693 0.0731597 -0.000343674 -0.0843806 -0.0837995 -0.0846914 -0.0830882
internal_weight=44.558 23.4737 14.029 21.0843 18.8706 13.5606 7.68811 5.87248 6.37222 9.44472 10.2373 8.02669 3.56096 4.46572
internal_count=463 267 216 196 184 166 119 47 109 51 195 169 60 109
is_linear=0
shrinkage=0.1


Tree=94
num_leaves=11
num_cat=0
split_feature=0 6 6 6 5 2 5 6 0 5
split_gain=1.62854 1.15396 3.19779 2.88537 1.4256 1.65716 0.0763803 3.02875e-05 5.37203e-06 3.76525e-06
threshold=0.60355339059327384 86.100000000000009 83.40000000000002 81.200000000000003 32.300000000000004 -0.8783796973249266 24.150000000000002 58.850000000000001 0.98296291314453421 28.050000000000004
decision_type=2 2 2 2 2 2 2 2 2 2
left_child=1 2 3 4 5 -1 -2 -8 9 -9
right_child=6 -3 -4 -5 -6 -7 7 8 -10 -11
leaf_value=-0.10145073709074418 -0.13711928284166788 0.11013229666650211 -0.12877126016621521 0.12670118787726589 0.10296913596428565 0.0081930410649903845 -0.082139540204509531 -0.081191050870747197 -0.080456196205310526 -0.080735499119509085
leaf_weight=1.6383137647062547 0.30379855632781883 1.1931397402659047 1.5376519262790669 2.2562097096815696 1.2727302461862553 8.691158594563607 0.24393321434035875 0.4805782362818718 0.21727964980527759 0.29147559637203813
leaf_count=73 1 10 12 15 6 231 22 27 33 33
internal_value=0.00626645 0.0153903 0.00804815 0.0232289 0.00310724 -0.00919709 -0.0922054 -0.0811415 -0.0808954 -0.0810191
internal_weight=18.1263 16.5892 15.3961 13.8584 11.6022 10.3295 1.53707 1.23327 0.989333 0.772054
internal_count=463 347 337 325 310 304 116 115 93 60
is_linear=0
shrinkage=0.1


Tree=95
num_leaves=15
num_cat=0
split_feature=1 5 0 0 1 0 8 5 6 5 1 5 5 5
split_gain=4.05877 1.21183 1.22114 1.11309 1.38192 1.3944 1.07773 0.668918 0.96221 0.000516988 0.000680943 3.55995e-05 5.33066e-06 6.49372e-07
threshold=-0.37940952255126015 23.650000000000002 0.98296291314453421 -0.60355339059327362 0.37940952255126026 -0.98296291314453399 1.0000000180025095e-35 27.150000000000002 68.700000000000003 31.750000000000004 -0.98296291314453399 28.650000000000002 31.250000000000004 29.650000000000002
decision_type=2 2 2 2 2 2 2 2 2 2 2 2 2 2
left_child=9 -2 3 4 5 -3 -6 8 -5 10 -1 -12 13 -13
right_child=1 2 -4 7 6 -7 -8 -9 -10 -11 11 12 -14 -15
leaf_value=-0.084549371749658986 -0.053615446457111908 0.056567604844067601 0.071743217480183932 0.0052158658392733462 0.01937328194146002 -0.013721392518316748 0.10600797354716836 0.012760612273601542 -0.066084315423679874 -0.085180315027859832 -0.082447700815305253 -0.081598830501373273 -0.081868539074670052 -0.081486608841975894
leaf_weight=1.1376659795641897 2.8153301738202563 3.9615987241268114 3.3780019469559184 3.5166976451873797 2.7366859540343285 9.8144424445927161 3.0209718048572531 5.4374026358127594 4.0987036004662514 0.79898932017385949 0.57848908379673902 0.76341305859386999 0.55119390971958626 1.5886649060994384
leaf_count=18 30 38 35 12 23 46 46 24 33 16 18 32 21 71
internal_value=-0.00176137 0.00956597 0.0145119 0.00857911 0.0236871 0.00649173 0.0648294 -0.0140302 -0.0331588 -0.0828316 -0.0824254 -0.0817314 -0.0815886 -0.081523
internal_weight=44.1983 38.7798 35.9645 32.5865 19.5337 13.776 5.75766 13.0528 7.6154 5.41842 4.61943 3.48176 2.90327 2.35208
internal_count=463 287 257 222 153 84 69 69 45 176 160 142 124 103
is_linear=0
shrinkage=0.1


Tree=96
num_leaves=11
num_cat=0
split_feature=6 5 5 1 6 0 5 1 2 6
split_gain=2.99707 1.32369 0.811288 1.25206 0.0828602 5.50436e-06 4.44121e-06 4.4149e-06 4.74936e-07 1.6088e-08
threshold=74.15000000000002 23.950000000000003 23.750000000000004 0.78656609248549303 77.15000000000002 0.91597561503675362 31.750000000000004 -0.98296291314453399 1.0000000180025095e-35 66.100000000000009
decision_type=2 2 2 2 2 2 2 2 2 2
left_child=2 -2 -1 5 -3 6 7 -4 9 -7
right_child=1 4 3 -5 -6 8 -8 -9 -10 -11
leaf_value=-0.17457869541897694 -0.0090536677572900879 0.050073090784767009 -0.080967950534350727 0.094043975167776503 0.086161028690878744 -0.080879332333445728 -0.081100709194423637 -0.080527151752224302 -0.081010090986185751 -0.080840735126197022
leaf_weight=0.69923266861587752 3.8969301278702915 0.8574656932614747 0.26406867057085115 0.47635281085968006 2.466069417539984 0.23483119951561082 0.18604575376957644 1.6281504950020464 0.42668711533769965 0.199935934972018
leaf_count=9 33 32 18 3 35 20 16 244 33 20
internal_value=-0.00833126 0.0304874 -0.0764402 -0.0563523 0.0768504 -0.0807226 -0.0806345 -0.0805887 -0.0809351 -0.0808616
internal_weight=11.3358 7.22047 4.1153 3.41607 3.32354 2.93972 2.07826 1.89222 0.861454 0.434767
internal_count=463 100 363 354 67 351 278 262 73 40
is_linear=0
shrinkage=0.1


Tree=97
num_leaves=10
num_cat=0
split_feature=6 5 5 5 7 6 0 1 5
split_gain=1.86237 1.10611 1.45199 1.45436 0.79599 0.807823 0.0231207 0.000109755 1.14257e-06
threshold=76.850000000000009 23.550000000000004 24.350000000000005 24.650000000000002 1.0000000180025095e-35 68.850000000000009 -0.91597561503675329 0.60355339059327384 24.150000000000002
decision_type=2 2 2 2 2 2 2 2 2
left_child=1 -1 -3 -4 -5 -6 -2 -8 -9
right_child=6 2 3 4 5 -7 7 8 -10
leaf_value=0.089566856768875658 -0.10440078213764088 -0.076511773592397719 0.094788330696228176 0.067949278346104577 -0.0092680751143151118 0.028743160745156062 -0.083194198922335649 -0.081339029422259401 -0.081107977199505382
leaf_weight=1.6532114520668972 0.70394834131002415 2.015572376549243 1.9454160826280738 1.9130923999473513 20.165743002668023 7.7358215507119885 0.40818822663277277 0.37624615710228682 0.49639348033815622
leaf_count=7 4 21 12 21 254 78 12 21 33
internal_value=0.00442063 0.00970136 0.0057922 0.0110154 0.0055492 0.00127069 -0.0898422 -0.0818407 -0.0812076
internal_weight=37.4136 35.4289 33.7756 31.7601 29.8147 27.9016 1.98478 1.28083 0.87264
internal_count=463 393 386 365 353 332 70 66 54
is_linear=0
shrinkage=0.1


Tree=98
num_leaves=14
num_cat=0
split_feature=5 5 5 5 6 1 1 5 1 5 0 5 1
split_gain=5.17023 2.10545 1.58526 0.979937 1.32754 2.02969 0.925788 0.332988 0.00102659 0.000797708 0.000436853 0.000418218 0.000326544
threshold=28.250000000000004 24.050000000000004 27.950000000000003 31.850000000000005 53.400000000000006 -0.98296291314453399 -0.37940952255126015 23.550000000000004 -0.12940952255126037 31.450000000000003 -0.91597561503675329 25.650000000000002 0.78656609248549303
decision_type=2 2 2 2 2 2 2 2 2 2 2 2 2
left_child=1 7 8 4 -2 -6 9 -1 -3 -7 11 -10 -12
right_child=3 2 -4 -5 5 6 -8 -9 10 -11 12 -13 -14
leaf_value=-0.015812867971524223 0.12429222758624048 -0.085970500511620668 -0.0066881050286541795 -0.030099793943840915 -0.022531881020675038 0.083190597053115253 0.026937006913272457 0.022294212326671725 -0.085134978599588615 0.086416324375905795 -0.082130671190739774 -0.082762056881994062 -0.084128382143645208
leaf_weight=5.3613530844450015 1.7644368857145369 2.0568000152707091 3.7233182713389388 2.1111396327614775 4.6852462291717591 4.8868918642401757 5.699204452335823 4.0067911110818386 2.0949637666344638 0.90927888080477703 2.7513859923928976 1.1507027484476564 1.1645570248365404
leaf_count=25 23 26 21 12 16 107 25 26 30 13 89 30 20
internal_value=-0.00249912 -0.0356215 -0.0617584 0.0343451 0.0419267 0.0329451 0.0555562 0.000485676 -0.0840013 0.0836966 -0.0834358 -0.0842937 -0.0827248
internal_weight=42.3661 22.3099 12.9417 20.0562 17.9451 16.1806 11.4954 9.36814 9.21841 5.79617 7.16161 3.24567 3.91594
internal_count=463 267 216 196 184 161 145 51 195 120 169 60 109
is_linear=0
shrinkage=0.1


Tree=99
num_leaves=11
num_cat=0
split_feature=0 6 6 6 5 2 5 6 0 5
split_gain=1.48665 0.941407 2.87006 2.34788 1.22915 1.51057 0.0600677 3.42285e-05 4.36812e-06 3.34179e-06
threshold=0.60355339059327384 86.100000000000009 83.40000000000002 81.200000000000003 32.300000000000004 -0.8783796973249266 24.150000000000002 58.050000000000004 0.98296291314453421 28.050000000000004
decision_type=2 2 2 2 2 2 2 2 2 2
left_child=1 2 3 4 5 -1 -2 -8 9 -9
right_child=6 -3 -4 -5 -6 -7 7 8 -10 -11
leaf_value=-0.10032411853109749 -0.13158535467935553 0.099581646399675178 -0.12498605689102292 0.11455315301621871 0.10030249461921859 0.0085307582471095388 -0.082272079065901435 -0.081108285157245191 -0.080403084917370818 -0.080669925889322869
leaf_weight=1.4967642365954823 0.29792797565460105 1.2163096154108632 1.4624440479092289 2.2992567513138047 1.178744688630103 8.596711499150846 0.1991147664375601 0.44817948341369629 0.19269069982692599 0.28417790262028575
leaf_count=73 1 10 12 15 6 231 19 27 33 36
internal_value=0.00638156 0.0149616 0.00811551 0.0224584 0.00367327 -0.00761136 -0.091663 -0.0810827 -0.0808267 -0.0809382
internal_weight=17.6723 16.2502 15.0339 13.5715 11.2722 10.0935 1.42209 1.12416 0.925048 0.732357
internal_count=463 347 337 325 310 304 116 115 96 63
is_linear=0
shrinkage=0.1


Tree=100
num_leaves=13
num_cat=0
split_feature=5 5 0 0 6 6 2 0 5 1 5 5
split_gain=3.57988 1.06705 1.08736 0.86955 0.87948 1.29782 0.863545 0.00915972 0.000381779 0.000559697 2.43891e-06 1.81001e-06
threshold=29.050000000000004 23.650000000000002 0.98296291314453421 -0.98296291314453399 64.600000000000009 60.000000000000007 -1.0000000180025095e-35 0.91597561503675362 31.750000000000004 -0.98296291314453399 31.250000000000004 29.750000000000004
decision_type=2 2 2 2 2 2 2 2 2 2 2 2
left_child=1 -1 3 -3 5 -5 -6 8 9 -2 11 -11
right_child=7 2 -4 4 6 -7 -8 -9 -10 10 -12 -13
leaf_value=-0.051780413076465338 -0.084218005708506266 0.053214906819959523 0.069443540572440718 0.028450742855209061 0.034470237087188611 -0.064774666571160197 -0.0058101766923352397 -0.095353644770842461 -0.084806230841696584 -0.081482735679967222 -0.081573855861502911 -0.081254408208476347
leaf_weight=2.7015746384859076 1.002848204225302 3.7385714650154105 3.1551874913275233 2.3575903642922702 9.3345131110400015 4.0733591560274363 12.382315889000887 0.67212857306003559 0.71908383443951596 0.4775401223450898 0.46748549118638028 1.2719145677983759
leaf_count=30 17 38 35 24 73 30 85 4 16 23 21 67
internal_value=-0.00138628 0.00877539 0.013444 0.00790281 0.00188449 -0.0305982 0.0115035 -0.0845641 -0.082723 -0.0822577 -0.081371 -0.0813167
internal_weight=42.3541 37.7431 35.0415 31.8863 28.1478 6.43095 21.7168 4.611 3.93887 3.21979 2.21694 1.74945
internal_count=463 315 285 250 212 54 158 148 144 128 111 90
is_linear=0
shrinkage=0.1


Tree=101
num_leaves=11
num_cat=0
split_feature=6 5 5 1 6 0 5 1 2 6
split_gain=2.60244 1.14825 0.621939 1.10007 0.0799224 4.44011e-06 3.6477e-06 3.75556e-06 3.51921e-07 1.72573e-08
threshold=74.15000000000002 23.950000000000003 23.750000000000004 0.78656609248549303 77.15000000000002 0.91597561503675362 31.750000000000004 -0.98296291314453399 1.0000000180025095e-35 65.15000000000002
decision_type=2 2 2 2 2 2 2 2 2 2
left_child=2 -2 -1 5 -3 6 7 -4 9 -7
right_child=1 4 3 -5 -6 8 -8 -9 -10 -11
leaf_value=-0.16117390574206636 -0.008665900370232054 0.046427558716205145 -0.080900774720408505 0.092121677729959259 0.083027113447595391 -0.080778455507465222 -0.081029144073311243 -0.08047774622583001 -0.080935470651725905 -0.08082042581393778
leaf_weight=0.69643803592771325 3.8764459984377027 0.81267869006842408 0.24594010040164072 0.4284604638814925 2.2444873806089163 0.17702018655836571 0.16755670565180469 1.4306339698377994 0.39010545937344432 0.21938166487962008
leaf_count=9 33 32 18 3 35 17 16 244 33 23
internal_value=-0.00884049 0.0274736 -0.0758849 -0.0564679 0.0732979 -0.0806691 -0.0805843 -0.0805398 -0.080868 -0.0808017
internal_weight=10.6891 6.93361 3.75554 3.0591 3.05717 2.63064 1.84413 1.67657 0.786507 0.396402
internal_count=463 100 363 354 67 351 278 262 73 40
is_linear=0
shrinkage=0.1


Tree=102
num_leaves=14
num_cat=0
split_feature=1 6 8 4 6 6 5 0 6 6 5 0 6
split_gain=1.66873 0.635811 0.679469 1.44719 2.26246 2.86821 1.37098 1.8777 0.539022 1.56414 7.7208e-05 7.99182e-06 3.39516e-06
threshold=0.37940952255126026 53.400000000000006 1.0000000180025095e-35 1.0000000180025095e-35 70.800000000000026 61.850000000000009 24.750000000000004 0.91597561503675362 68.850000000000009 64.600000000000009 23.850000000000005 -0.60355339059327362 76.850000000000009
decision_type=2 2 2 2 2 2 2 2 2 2 2 2 2
left_child=1 -1 8 6 5 -5 -4 -8 9 -3 -2 12 -12
right_child=10 2 3 4 -6 -7 7 -9 -10 -11 11 -13 -14
leaf_value=-0.054358340566604615 -0.082371243558514926 0.014773665901667832 0.10587803344988032 -0.039481586002118291 -0.09395941097660368 0.090863810360262046 0.0020291002649819533 0.12164303392480398 0.025487107102924917 -0.069272253579695561 -0.08108258783061334 -0.081478750206444975 -0.08062877873247698
leaf_weight=1.4996213940903533 0.84974743518978302 5.5742171537131053 2.9914550017565498 3.5405585942789912 2.2053620498627424 3.2267310870811343 6.3926546443253738 1.651421010494232 3.9576702248305073 3.6736730681732297 0.60564489755779516 0.45918746851384606 0.22651923401281238
leaf_count=30 31 39 12 59 16 38 97 7 25 24 39 22 24
internal_value=0.00404882 0.00933349 0.0122092 0.0238291 -0.00599692 0.0226688 0.0480797 0.0265854 -0.0053964 -0.0186131 -0.081631 -0.0811439 -0.0809591
internal_weight=36.8545 34.7134 33.2137 20.0082 8.97265 6.76729 11.0355 8.04408 13.2056 9.24789 2.1411 1.29135 0.832164
internal_count=463 347 317 229 113 97 116 104 88 63 116 85 63
is_linear=0
shrinkage=0.1


Tree=103
num_leaves=14
num_cat=0
split_feature=5 5 5 1 5 1 5 5 1 0 5 1 5
split_gain=4.31498 1.88201 1.52825 0.89039 0.859572 0.971076 0.306705 0.00137027 0.000882927 0.000373063 0.000316664 0.000210695 1.33108e-05
threshold=28.250000000000004 24.050000000000004 27.950000000000003 -0.98296291314453399 31.850000000000005 -0.37940952255126015 23.550000000000004 31.550000000000004 -0.12940952255126037 -0.91597561503675329 25.650000000000002 0.78656609248549303 29.150000000000002
decision_type=2 2 2 2 2 2 2 2 2 2 2 2 2
left_child=1 6 8 -2 5 7 -1 12 -3 10 -10 -11 -5
right_child=3 2 -4 4 -6 -7 -8 -9 9 11 -12 -13 -14
leaf_value=-0.015560528207784075 -0.0016976841501950694 -0.08551050500163615 -0.0061060380800413419 0.083034103226727732 -0.01875493952214162 0.025954857180436653 0.020967364500554763 0.08685301602489269 -0.084644910353461292 -0.081827227638767486 -0.082464924770520753 -0.083549385714236993 0.08266365963938406
leaf_weight=5.3205230981111544 5.5171649679541614 1.9168605022132386 3.6791318356990805 1.2978124693036068 1.7832970321178425 5.6744788065552703 4.0471539422869682 0.97125279530882824 1.9119488969445217 2.3663415517658004 1.0227821152657268 1.0151799917221067 3.8398437537252903
leaf_count=25 20 26 21 30 10 25 26 12 30 89 30 20 99
internal_value=-0.00235199 -0.0333149 -0.059687 0.0321739 0.0459485 0.0557407 0.000220759 0.0834084 -0.0836307 -0.0830602 -0.0838852 -0.0823442 0.0827572
internal_weight=40.3638 21.2799 11.9122 19.0838 13.5667 11.7834 9.36768 6.10891 8.23311 6.31625 2.93473 3.38152 5.13766
internal_count=463 267 216 196 176 166 51 141 195 169 60 109 129
is_linear=0
shrinkage=0.1


Tree=104
num_leaves=12
num_cat=0
split_feature=0 5 5 3 6 5 5 5 6 0 5
split_gain=1.33115 0.865887 2.15002 0.391763 0.365715 1.29915 0.0472627 0.000355384 3.43674e-05 3.75293e-06 2.79473e-06
threshold=0.60355339059327384 24.050000000000004 32.300000000000004 1.0000000180025095e-35 47.900000000000006 31.950000000000003 24.150000000000002 31.750000000000004 57.800000000000004 0.98296291314453421 28.050000000000004
decision_type=2 2 2 2 2 2 2 2 2 2 2
left_child=1 3 4 -1 -3 7 -2 -6 -8 10 -10
right_child=6 2 -4 -5 5 -7 8 -9 9 -11 -12
leaf_value=0.0064211078863914157 -0.12672682977044231 -0.16667253894757206 0.097874445376855579 0.043670798775792524 -0.080698153190416844 0.10412327585589126 -0.082308011071412598 -0.084580715215183414 -0.081032657105441872 -0.080352025506354979 -0.080611596728309115
leaf_weight=4.8736924342811125 0.29095724225044151 0.31568744336254839 1.0862502604722974 6.7116358429193497 2.2776586930267522 0.445003181695938 0.17460465058684327 0.26297470182180394 0.4182398272678256 0.17334291059523821 0.25298457033932209
leaf_count=24 1 2 6 26 281 2 18 6 27 34 36
internal_value=0.00572411 0.0136723 -0.0241615 0.0280007 -0.0643156 -0.0534929 -0.0911792 -0.0811 -0.0810309 -0.0807668 -0.080874
internal_weight=17.283 15.9729 4.38757 11.5853 3.30132 2.98564 1.31013 2.54063 1.01917 0.844567 0.671224
internal_count=463 347 297 50 291 289 116 287 115 97 63
is_linear=0
shrinkage=0.1


Tree=105
num_leaves=15
num_cat=0
split_feature=1 5 0 0 1 8 0 5 6 5 1 5 5 5
split_gain=3.1306 0.921609 0.949195 0.816635 1.20593 1.02935 0.981537 0.600456 0.535893 0.00032862 0.000473439 5.33454e-05 1.641e-06 9.5336e-07
threshold=-0.37940952255126015 23.650000000000002 0.98296291314453421 -0.60355339059327362 0.37940952255126026 1.0000000180025095e-35 -0.98296291314453399 27.150000000000002 66.65000000000002 31.750000000000004 -0.98296291314453399 28.550000000000004 31.250000000000004 29.150000000000002
decision_type=2 2 2 2 2 2 2 2 2 2 2 2 2 2
left_child=9 -2 3 4 6 -6 -3 8 -5 10 -1 -12 13 -13
right_child=1 2 -4 7 5 -7 -8 -9 -10 -11 11 12 -14 -15
leaf_value=-0.083919779338743811 -0.04953266579049715 0.049888331636315487 0.066802480841464743 0.0027367059118859581 0.017575076029402985 0.10677937597632139 -0.011719487226079395 0.013275706816780315 -0.052682744645857538 -0.084503281597749003 -0.082361736548385495 -0.081253615354600531 -0.08133644129120908 -0.081074259261197157
leaf_weight=0.99356806278228793 2.5756248794496051 3.5319785699248305 2.9414771758019915 2.8813306987285632 2.612523041665554 2.5622423328459254 9.6558411382138747 5.3481086045503616 4.423625223338604 0.6503084385767578 0.43883392028510515 0.37568031623959575 0.39931865595281113 1.4037113888189194
leaf_count=18 30 38 35 10 23 46 46 24 35 16 15 20 21 86
internal_value=-0.00132313 0.00813817 0.0125125 0.00736369 0.0208333 0.0617438 0.0047804 -0.0121839 -0.0308234 -0.0824339 -0.0820613 -0.0813558 -0.0811532 -0.0811121
internal_weight=40.7942 36.5328 33.9571 31.0156 18.3626 5.17477 13.1878 12.6531 7.30496 4.26142 3.61111 2.61754 2.17871 1.77939
internal_count=463 287 257 222 153 69 84 69 45 176 160 142 127 106
is_linear=0
shrinkage=0.1


Tree=106
num_leaves=9
num_cat=0
split_feature=1 5 0 5 1 0 5 6
split_gain=2.35454 6.26975e-06 3.67317e-06 2.98864e-06 2.87518e-06 4.92225e-06 3.99524e-07 4.13466e-07
threshold=0.78656609248549303 23.850000000000005 0.91597561503675362 31.750000000000004 -0.98296291314453399 -0.91597561503675329 26.250000000000004 63.850000000000001
decision_type=2 2 2 2 2 2 2 2
left_child=1 -1 3 4 -3 -6 -4 -8
right_child=-2 2 6 -5 5 -7 7 -9
leaf_value=-0.081042208132179716 0.023560444261167435 -0.080839824616133316 -0.080676811709103693 -0.080970865248539123 -0.080658960443805258 -0.080304510617754343 -0.080747843180514756 -0.080919268052947441
leaf_weight=0.39624025067314539 7.0619243532419205 0.22939257603138719 0.18831892521120597 0.15171315823681641 0.70184081909246765 0.88687184499576643 0.24896552925929427 0.32354809669777751
leaf_count=28 35 18 26 16 83 205 24 28
internal_value=-0.00842745 -0.0806705 -0.0806165 -0.0805445 -0.0805089 -0.0804611 -0.0808032 -0.0808447
internal_weight=10.1888 3.12689 2.73065 1.96982 1.81811 1.58871 0.760833 0.572514
internal_count=463 428 400 322 306 288 78 52
is_linear=0
shrinkage=0.1


Tree=107
num_leaves=10
num_cat=0
split_feature=6 5 5 5 7 3 0 1 5
split_gain=1.56536 0.982666 1.28359 0.989767 0.733975 0.790581 0.016518 0.000130934 1.1698e-06
threshold=76.850000000000009 23.350000000000005 24.350000000000005 24.650000000000002 1.0000000180025095e-35 0.81174490092936691 -0.91597561503675329 0.60355339059327384 24.150000000000002
decision_type=2 2 2 2 2 2 2 2 2
left_child=1 -1 -3 -4 -5 -6 -2 -8 -9
right_child=6 2 3 4 5 -7 7 8 -10
leaf_value=0.086101573845398308 -0.10195524148788924 -0.072641341989821098 0.079636253985249705 0.065645188103735486 -0.0055340418330411699 0.045337151798362577 -0.083290299210733582 -0.081097054091434556 -0.080835641267404224
leaf_weight=1.5541335940361012 0.65623153373599041 2.0132041191682211 1.9026507260277892 1.8786319345235885 23.716437227092683 3.506630588322877 0.36669414397328981 0.31065239710733294 0.38128351233899593
leaf_count=5 4 23 12 21 295 37 12 21 33
internal_value=0.00376682 0.00839263 0.00473488 0.00975915 0.00519063 0.00101873 -0.0894898 -0.0817626 -0.080953
internal_weight=36.2865 34.5717 33.0176 31.0044 29.1017 27.2231 1.71486 1.05863 0.691936
internal_count=463 393 388 365 353 332 70 66 54
is_linear=0
shrinkage=0.1


Tree=108
num_leaves=12
num_cat=0
split_feature=5 5 2 1 5 6 1 9 2 6 5
split_gain=3.54652 1.73239 1.49615 0.858671 0.742984 0.724782 0.597057 0.557848 0.635729 1.10549 0.0511307
threshold=28.250000000000004 23.650000000000002 0.87837969732492682 -0.98296291314453399 28.050000000000004 54.600000000000009 0.78656609248549303 1.0000000180025095e-35 1.0000000180025095e-35 66.65000000000002 23.850000000000005
decision_type=2 2 2 2 2 2 2 2 2 2 2
left_child=1 -1 4 -2 6 -5 10 8 9 -7 -3
right_child=3 2 -4 5 -6 7 -8 -9 -10 -11 -12
leaf_value=0.011588155020147546 -0.0030284521733234802 -0.10393501316076326 0.029044837560476561 -0.0013493096727107004 -0.012064985779239428 0.068816219370825146 -0.01656225238351676 0.0040600982379386938 0.10030172482588323 -0.047580217767550476 -0.08308632292777407
leaf_weight=6.5446383655071285 5.5367618575692203 1.4224915206432305 2.0053980611264697 2.7461277674883595 2.2109384685754767 3.8427542168647015 1.4242297224700458 1.6773103680461652 3.4261813126504421 1.0359458252787588 6.7971790917217731
leaf_count=30 20 7 35 35 14 69 23 21 39 12 158
internal_value=-0.00216276 -0.030815 -0.0508372 0.0298461 -0.0643503 0.0441464 -0.0763371 0.0566624 0.0672864 0.0441005 -0.0866944
internal_weight=38.67 20.4049 13.8602 18.2651 11.8548 12.7283 9.6439 9.98219 8.30488 4.8787 8.21967
internal_count=463 267 237 196 202 176 188 141 120 81 165
is_linear=0
shrinkage=0.1


Tree=109
num_leaves=11
num_cat=0
split_feature=0 6 6 6 6 5 5 6 0 5
split_gain=1.19154 0.779649 2.64253 1.9085 1.11877 1.31346 0.0362415 3.51178e-05 3.21079e-06 2.34775e-06
threshold=0.60355339059327384 86.100000000000009 83.40000000000002 81.200000000000003 80.40000000000002 23.550000000000004 24.150000000000002 57.100000000000009 0.98296291314453421 28.050000000000004
decision_type=2 2 2 2 2 2 2 2 2 2
left_child=1 2 3 4 5 -1 -2 -8 9 -9
right_child=6 -3 -4 -5 -6 -7 7 8 -10 -11
leaf_value=0.068518549904144133 -0.12192544629898139 0.089044522683902894 -0.1239563705552314 0.10237993336333032 -0.11876721038402337 -0.011955300623380655 -0.082401075066294821 -0.080959474612157037 -0.080305154591636382 -0.080555465896392786
leaf_weight=2.8345922529697418 0.28202590346336254 1.2276808093301941 1.4108370686881233 2.3183694910258046 0.71256052609533149 7.1292815380729735 0.14648237614892423 0.40047215949743986 0.15442530368454754 0.22445367649197578
leaf_count=11 1 10 12 15 4 295 16 28 35 36
internal_value=0.00515347 0.012547 0.0060277 0.02014 0.00228172 0.0109385 -0.0905408 -0.0809805 -0.0807135 -0.0808144
internal_weight=16.8412 15.6333 14.4056 12.9948 10.6764 9.96387 1.20786 0.925834 0.779351 0.624926
internal_count=463 347 337 325 310 306 116 115 99 64
is_linear=0
shrinkage=0.1


Tree=110
num_leaves=18
num_cat=0
split_feature=5 5 8 1 8 5 1 0 8 5 6 2 0 5 1 5 6
split_gain=2.82698 0.870777 1.77421 0.873537 1.41926 2.11923 1.26486 1.15213 0.991548 0.444948 0.34396 0.294014 0.00592429 0.000227361 0.000381504 9.09587e-07 1.21623e-06
threshold=29.050000000000004 23.850000000000005 1.0000000180025095e-35 -0.12940952255126037 1.0000000180025095e-35 24.650000000000002 0.1294095225512602 -0.60355339059327362 1.0000000180025095e-35 27.050000000000004 62.150000000000013 1.0000000180025095e-35 0.91597561503675362 31.750000000000004 -0.98296291314453399 31.250000000000004 63.850000000000001
decision_type=2 2 2 2 2 2 2 2 2 2 2 2 2 2 2 2 2
left_child=1 2 -1 8 7 -6 -7 -5 9 -3 -10 -9 13 14 -2 16 -16
right_child=12 3 -4 4 5 6 -8 11 10 -11 -12 -13 -14 -15 15 -17 -18
leaf_value=-0.099582370509701049 -0.08361551036889675 -0.013527113745837593 0.028671840410011765 0.12710723569500768 -0.065076093141145708 0.079706933663602347 0.0077879341161556995 0.062292262835228401 -0.019170849158110979 0.030391999753644788 -0.089292634634961232 -0.0043211491985373158 -0.093155259689809089 -0.08408294976797781 -0.080946293773367914 -0.081177670969442284 -0.08117890561572251
leaf_weight=2.1376397982239723 0.87023632228374559 4.7205847203731519 2.1771338544785968 2.1776621975004673 2.9461778663098803 3.5399664342403394 7.9091213215142488 1.3231755308806925 1.2180583002045779 4.5112032778561115 1.6432020096108315 1.3271886780858038 0.60228903591632832 0.59850649908184994 1.0371264033019536 0.35148909222334612 0.28697415441274632
leaf_count=19 17 16 22 21 23 38 65 22 20 24 27 18 4 16 72 21 18
internal_value=-0.00144089 0.00724754 -0.0348683 0.0130503 0.026297 0.0105611 0.0300247 0.0732153 -0.00800695 0.00793439 -0.0594413 0.0289351 -0.0840695 -0.0823292 -0.0819169 -0.0810347 -0.0809967
internal_weight=39.3777 35.6311 4.31477 31.3163 19.2233 14.3953 11.4491 4.82803 12.093 9.23179 2.86126 2.65036 3.74662 3.14433 2.54583 1.67559 1.3241
internal_count=463 315 41 274 187 126 103 61 87 40 47 40 148 144 128 111 90
is_linear=0
shrinkage=0.1


Tree=111
num_leaves=11
num_cat=0
split_feature=6 5 5 1 6 0 5 1 6 2
split_gain=2.15149 1.01083 0.487778 0.925115 0.0674876 2.89016e-06 2.32286e-06 2.60322e-06 2.65076e-07 2.58765e-07
threshold=74.15000000000002 23.950000000000003 23.750000000000004 0.78656609248549303 77.15000000000002 0.91597561503675362 31.750000000000004 -0.98296291314453399 63.850000000000001 1.0000000180025095e-35
decision_type=2 2 2 2 2 2 2 2 2 2
left_child=2 -2 -1 5 -3 6 7 -4 -7 -10
right_child=1 4 3 -5 -6 8 -8 -9 9 -11
leaf_value=-0.15069949023853263 -0.0087087339549136392 0.045197845774556877 -0.080779126564149095 0.09009002396214337 0.080627117994376579 -0.080675190246876208 -0.080886835355211364 -0.080398012640346378 -0.080723554187388663 -0.080888021453171643
leaf_weight=0.68049255106598172 3.8127568890340626 0.73696083063259754 0.21287048980593759 0.3729247897863387 1.9879885879345236 0.27239613234996785 0.13956089527346183 1.1339731116313485 0.19497639802284539 0.18781256466172636
leaf_count=9 33 32 18 3 35 31 16 244 24 18
internal_value=-0.00833503 0.0245332 -0.0755908 -0.0552644 0.0710453 -0.0805756 -0.0804985 -0.0804582 -0.0807506 -0.0808042
internal_weight=9.73271 6.53771 3.19501 2.51451 2.72495 2.14159 1.4864 1.34684 0.655185 0.382789
internal_count=463 100 363 354 67 351 278 262 73 42
is_linear=0
shrinkage=0.1


Tree=112
num_leaves=16
num_cat=0
split_feature=1 7 8 4 6 6 3 2 6 5 6 2 5 0 6
split_gain=1.36052 0.518399 0.801823 2.0911 1.70316 4.22584 1.38 2.03688 1.00026 0.681862 0.719569 0.680261 4.64927e-05 4.21518e-06 2.49003e-06
threshold=0.37940952255126026 1.0000000180025095e-35 1.0000000180025095e-35 1.0000000180025095e-35 61.850000000000009 69.350000000000009 -0.22252093395631442 -1.0000000180025095e-35 66.100000000000009 27.800000000000001 67.15000000000002 -0.8783796973249266 23.850000000000005 -0.60355339059327362 76.850000000000009
decision_type=2 2 2 2 2 2 2 2 2 2 2 2 2 2 2
left_child=1 -1 9 6 11 -6 7 -4 -8 10 -3 -5 -2 14 -14
right_child=12 2 3 4 5 -7 8 -9 -10 -11 -12 -13 13 -15 -16
leaf_value=0.058551502768296071 -0.082007381559923265 0.028195860546281815 0.057464437109926797 -0.017697852581733852 0.11229456362026649 -0.067852949093673939 0.028460118262180912 -0.069259401843010313 0.11131358604537885 -0.054473157061206937 -0.030507635394794959 -0.10390388473039902 -0.080934376531206137 -0.081238572102727558 -0.0805013601951
leaf_weight=1.9172609262168396 0.72214757930487294 4.2369483588263375 3.2738233832642436 1.518251187168062 2.4924097154289484 2.7266515288501978 2.433818688616161 2.0705915195867375 3.6309358039870858 3.2914410624653092 4.1170430891215801 2.3052460569888353 0.5141959786415099 0.37543056346476067 0.17903922777622938
leaf_count=22 31 25 25 29 33 19 47 27 30 26 26 38 39 22 24
internal_value=0.00356694 0.00803968 0.00502246 0.0169491 -0.0189682 0.0181781 0.0454161 0.00836771 0.078064 -0.0159232 -0.0007346 -0.0696728 -0.0813875 -0.0809687 -0.0808225
internal_weight=35.8052 34.0144 32.0972 20.4517 9.04256 5.21906 11.4092 5.34441 6.06475 11.6454 8.35399 3.8235 1.79081 1.06867 0.693235
internal_count=463 347 325 248 119 52 129 52 77 77 51 67 116 85 63
is_linear=0
shrinkage=0.1


Tree=113
num_leaves=15
num_cat=0
split_feature=6 0 5 6 1 0 2 5 6 6 1 6 6 2
split_gain=2.98571 1.3378 1.49096 1.20515 1.36866 1.83327 1.32923 1.30107 0.950385 0.883173 1.37338 0.27129 0.188635 0.0287984
threshold=61.850000000000009 0.91597561503675362 31.850000000000005 84.40000000000002 -0.12940952255126037 -1.0000000180025095e-35 1.0000000180025095e-35 24.050000000000004 60.650000000000013 53.400000000000006 -0.98296291314453399 63.650000000000013 65.850000000000009 -1.0000000180025095e-35
decision_type=2 2 2 2 2 2 2 2 2 2 2 2 2 2
left_child=1 2 8 4 5 -2 -7 13 9 -1 -11 -9 -13 -6
right_child=3 -3 -4 -5 7 6 -8 11 -10 10 -12 12 -14 -15
leaf_value=0.12379282428168795 0.087437560220194679 -0.017234499825016753 -0.028582187764589186 0.049523501516802584 -0.015951629365258936 -0.064012188033641601 0.034435285951332412 -0.13529370301079502 0.14088343218570595 -0.017001084996136995 0.079992629864186246 -0.030150448882987724 -0.084803196072203116 -0.028708085188144373
leaf_weight=1.4482000134885291 1.8827981278300283 3.8619470987468949 1.9182034209370602 1.9986033029854287 3.4177685976028442 3.5655386149883297 2.2287820763885975 0.93906290270388115 1.511093098670244 2.6391492486000034 3.2669031322002438 0.74100981652736653 4.2747754510492086 3.6701626554131526
leaf_count=23 30 22 12 17 20 34 23 12 18 9 78 16 129 20
internal_value=-0.00193857 0.0332689 0.0513558 -0.0246351 -0.0317883 0.00171133 -0.0261444 -0.0515065 0.0686521 0.0538106 0.0366505 -0.0859645 -0.076729 -0.022557
internal_weight=37.364 14.6455 10.7835 22.7185 20.7199 7.67712 5.79432 13.0428 8.86535 7.35425 5.90605 5.95485 5.01579 7.08793
internal_count=463 162 140 301 284 87 57 197 128 110 87 157 145 40
is_linear=0
shrinkage=0.1


Tree=114
num_leaves=13
num_cat=0
split_feature=0 5 5 6 5 3 5 5 6 5 5 5
split_gain=1.07063 0.755174 1.75497 0.308907 1.18518 0.277406 0.0278334 0.000407588 2.89315e-05 1.0712e-06 3.47151e-07 2.89826e-07
threshold=0.60355339059327384 32.300000000000004 24.050000000000004 47.900000000000006 31.950000000000003 1.0000000180025095e-35 24.150000000000002 31.850000000000005 56.050000000000004 28.050000000000004 26.250000000000004 28.650000000000002
decision_type=2 2 2 2 2 2 2 2 2 2 2 2
left_child=1 2 5 -4 7 -1 -2 -5 -8 10 -10 -11
right_child=6 -3 3 4 -6 -7 8 -9 9 11 -12 -13
leaf_value=0.0053053357600886097 -0.11770192848187291 0.095772392987159921 -0.15643737283816861 -0.080661312671932328 0.10190556870406892 0.036744959451812942 -0.082368566231171295 -0.085902431006577906 -0.080618948410173544 -0.080587076109464112 -0.080798675731978853 -0.080365176303300104
leaf_weight=4.8302867822349089 0.27214249968528637 1.001238927245139 0.31538785086013321 2.0482658932451168 0.42173731327056874 6.6982850730419159 0.11407754383981228 0.15996760874986637 0.15999886067584157 0.12199502345174551 0.32735101715661585 0.11373593052849174
leaf_count=24 1 6 2 285 2 26 12 2 26 15 34 28
internal_value=0.00497929 0.0117819 0.00597184 -0.0629188 -0.051704 0.0235723 -0.0899199 -0.081041 -0.0808885 -0.080655 -0.0807397 -0.08048
internal_weight=16.5845 15.4752 14.4739 2.94536 2.62997 11.5286 1.1093 2.20823 0.837158 0.723081 0.48735 0.235731
internal_count=463 347 341 291 289 50 116 287 115 103 60 43
is_linear=0
shrinkage=0.1


Tree=115
num_leaves=16
num_cat=0
split_feature=5 5 3 6 5 8 5 1 0 0 0 5 1 5 6
split_gain=2.51721 0.746025 1.66089 0.734194 0.883051 0.878984 1.45586 1.38017 1.3542 0.57002 0.00474241 0.000223436 0.000280285 2.51342e-05 1.27458e-06
threshold=29.050000000000004 23.850000000000005 -1.0000000180025095e-35 61.45000000000001 27.600000000000005 1.0000000180025095e-35 24.650000000000002 1.0000000180025095e-35 -0.98296291314453399 -0.60355339059327362 0.91597561503675362 31.850000000000005 -0.98296291314453399 31.550000000000004 65.050000000000011
decision_type=2 2 2 2 2 2 2 2 2 2 2 2 2 2 2
left_child=1 2 -1 4 -3 7 -7 -5 -8 -9 11 12 -2 14 -14
right_child=10 3 -4 5 -6 6 8 9 -10 -11 -12 -13 13 -15 -16
leaf_value=0.030281372864664469 -0.083328893987096184 0.018993040911401873 -0.095497163399463666 0.012821730019354877 -0.06299612292622693 -0.060298692821290259 0.085180046292155503 0.12489433789002735 0.001669511588010501 0.049659510981332436 -0.092174903059709046 -0.084376598007107451 -0.080798834580927958 -0.081868847883681636 -0.081046484560045248
leaf_weight=2.0955307856202126 0.80424414575100023 2.6426714472472694 2.1038916409015647 6.4760183487087524 2.6120271431282163 2.8745417408645126 2.4535587877035132 2.0190962851047516 9.3092711642384511 2.0091401115059853 0.57065865397453297 0.3940965300425886 1.03569047152996 0.29672005213797081 0.25999252218753088
leaf_count=20 17 15 21 25 31 23 32 21 91 36 4 12 85 12 18
internal_value=-0.00125262 0.00677453 -0.0327331 0.0122327 -0.0217625 0.0193379 0.00349824 0.0414099 0.0190886 0.0873699 -0.0838685 -0.08217 -0.0818072 -0.0810386 -0.0808485
internal_weight=37.9571 34.5957 4.19942 30.3963 5.2547 25.1416 14.6374 10.5043 11.7628 4.02824 3.3614 2.79074 2.39665 1.5924 1.29568
internal_count=463 315 41 274 46 228 146 82 123 57 148 144 132 115 103
is_linear=0
shrinkage=0.1


Tree=116
num_leaves=12
num_cat=0
split_feature=6 6 5 1 8 6 0 5 1 6 2
split_gain=1.93166 0.923372 0.381253 0.820195 0.104192 0.00699614 2.2984e-06 2.40194e-06 2.05676e-06 2.1916e-07 1.46367e-07
threshold=74.15000000000002 80.65000000000002 23.750000000000004 0.78656609248549303 1.0000000180025095e-35 77.15000000000002 0.91597561503675362 31.850000000000005 -0.98296291314453399 63.850000000000001 1.0000000180025095e-35
decision_type=2 2 2 2 2 2 2 2 2 2 2
left_child=2 4 -1 6 -2 -6 7 8 -4 -8 -11
right_child=1 -3 3 -5 5 -7 9 -9 -10 10 -12
leaf_value=-0.14147157413946873 0.088768062199671011 -0.0073232193368421589 -0.080720121152870472 0.088833402858203014 0.039586800680753549 0.055558905783858664 -0.080624450131279432 -0.080952308797110129 -0.08036702986953867 -0.08068359791120705 -0.08081247113210939
leaf_weight=0.66588673647493157 1.3964039441198111 3.8854241713415831 0.19632660225033793 0.335799179971218 0.54757590917870402 0.54939499869942665 0.25095396861433972 0.092317218659445532 1.0329756031278519 0.17995666223578155 0.17270761425606906
leaf_count=9 21 39 18 3 25 15 31 12 248 24 18
internal_value=-0.00770693 0.0231553 -0.0749665 -0.0553805 0.0706499 0.0475861 -0.0805342 -0.0804604 -0.0804234 -0.0806959 -0.0807467
internal_weight=9.30572 6.3788 2.92692 2.26104 2.49337 1.09697 1.92524 1.32162 1.2293 0.603618 0.352664
internal_count=463 100 363 354 61 40 351 278 266 73 42
is_linear=0
shrinkage=0.1


Tree=117
num_leaves=11
num_cat=0
split_feature=1 5 5 5 5 5 5 6 0 0
split_gain=1.21535 1.16039 1.59823 0.76096 0.627473 1.11423 3.82112e-05 3.01513e-06 1.84102e-06 9.34882e-07
threshold=0.37940952255126026 23.250000000000004 24.350000000000005 24.650000000000002 24.950000000000003 25.650000000000002 23.850000000000005 75.950000000000017 -0.78656609248549303 -0.60355339059327362
decision_type=2 2 2 2 2 2 2 2 2 2
left_child=1 -1 -3 -4 -5 -6 -2 8 -8 -9
right_child=6 2 3 4 5 -7 7 9 -10 -11
leaf_value=0.09158539019089848 -0.081841932023267172 -0.083556670174148862 0.072909319552012117 -0.0471098856454387 0.057937575830467526 0.00060990527205618541 -0.080826421865258236 -0.080491430453932783 -0.081190302332773093 -0.080799602660028336
leaf_weight=1.5633254200220097 0.66814251337200292 1.9848312996327866 1.7591279037296796 2.1268624104559448 4.0017485581338432 22.191607641987503 0.28351979469880462 0.1997813661582768 0.27284781076014042 0.194060318171978
leaf_count=6 31 10 7 8 22 294 24 28 17 16
internal_value=0.00338388 0.00745755 0.0033558 0.00909085 0.00512673 0.00936827 -0.0812625 -0.080855 -0.0810049 -0.0806433
internal_weight=35.2459 33.6275 32.0642 30.0793 28.3202 26.1934 1.61835 0.950209 0.556368 0.393842
internal_count=463 347 341 331 324 316 116 85 41 44
is_linear=0
shrinkage=0.1


Tree=118
num_leaves=14
num_cat=0
split_feature=5 5 5 1 6 9 5 5 5 1 0 5 1
split_gain=2.54492 1.6182 1.37986 0.75947 0.73613 0.435553 0.944253 1.31802 0.350297 0.000742673 0.000208544 0.000169267 9.1862e-05
threshold=28.250000000000004 24.050000000000004 27.950000000000003 -0.98296291314453399 54.600000000000009 1.0000000180025095e-35 28.450000000000003 29.050000000000004 23.550000000000004 -0.12940952255126037 -0.91597561503675329 25.550000000000004 0.78656609248549303
decision_type=2 2 2 2 2 2 2 2 2 2 2 2 2
left_child=1 8 9 -2 -5 6 -6 -8 -1 -3 11 -11 -12
right_child=3 2 -4 4 5 -7 7 -9 -10 10 12 -13 -14
leaf_value=-0.013996360219595086 -0.0046260478062923448 -0.084812043592343664 -0.0037860085415370387 -0.007719978448622997 0.14587931847870117 0.006439659171121024 -0.0046017534533281425 0.088082870324788343 0.025699330362772107 -0.083717017904266389 -0.081315815130398234 -0.081909560251939406 -0.082634730617486996
leaf_weight=5.1969788670539874 5.4910122156143215 1.6770814992487428 3.3550207540392876 2.4792392235249272 1.1832078192383031 1.5999592430889604 2.6789495460689068 3.5908507406711578 3.8848172761499882 1.4244757965207098 1.6971866320818652 0.81432045251131047 0.76661743223667134
leaf_count=25 20 26 21 35 9 21 30 81 26 28 89 32 20
internal_value=-0.0020318 -0.0273776 -0.0557027 0.025984 0.0405589 0.0537805 0.0639433 0.0484807 0.00298382 -0.0830053 -0.082361 -0.0830596 -0.0817262
internal_weight=35.8397 18.8165 9.7347 17.0232 11.5322 9.05297 7.45301 6.2698 9.0818 6.37968 4.7026 2.2388 2.4638
internal_count=463 267 216 196 176 141 120 111 51 195 169 60 109
is_linear=0
shrinkage=0.1


Tree=119
num_leaves=7
num_cat=0
split_feature=6 6 6 5 5 5
split_gain=0.979816 1.44284 1.85973 1.01072 1.18304 0.281937
threshold=87.100000000000009 83.40000000000002 81.200000000000003 32.300000000000004 24.050000000000004 31.950000000000003
decision_type=2 2 2 2 2 2
left_child=1 2 3 4 -1 -6
right_child=-2 -3 -4 -5 5 -7
leaf_value=0.0070795899134642425 0.11028585671411391 -0.087129119036462782 0.091744627915652591 0.093793472030305289 -0.080950552969589862 -0.0093094175181810974
leaf_weight=7.0919312685728038 0.83068842627108175 1.7338454285636551 2.2976401718333355 0.9147958457469948 2.5698466298636053 0.69866856932640065
leaf_count=32 6 16 15 6 385 3
internal_value=0.00451225 -0.00122803 0.00974526 -0.00696436 -0.015861 -0.0656367
internal_weight=16.1374 15.3067 13.5729 11.2752 10.3604 3.26852
internal_count=463 457 441 426 420 388
is_linear=0
shrinkage=0.1


Tree=120
num_leaves=14
num_cat=0
split_feature=5 0 5 0 6 6 6 0 0 5 1 5 6
split_gain=2.22791 0.661431 0.441836 0.494927 1.56068 1.276 0.637684 0.326351 0.00324123 0.000168403 0.000225464 1.97152e-05 6.16899e-07
threshold=29.050000000000004 0.98296291314453421 23.650000000000002 -0.70710678118654735 68.850000000000009 76.850000000000009 64.600000000000009 -0.98296291314453399 0.91597561503675362 31.850000000000005 -0.98296291314453399 31.550000000000004 65.050000000000011
decision_type=2 2 2 2 2 2 2 2 2 2 2 2 2
left_child=1 2 -1 5 6 7 -5 -4 9 10 -2 12 -12
right_child=8 -3 3 4 -6 -7 -8 -9 -10 -11 11 -13 -14
leaf_value=-0.041416154056654414 -0.083073293740074106 0.054215490347306584 0.034959458919707399 -0.0096839590121465431 -0.061004118379189398 0.083527646646791909 0.046385912892071758 -0.002532815370381177 -0.090709775701630121 -0.08401613811211614 -0.080702521935697102 -0.081695568472919533 -0.080888551649789961
leaf_weight=2.1696467064321068 0.746924929320813 2.6431054398417464 2.9203241802752045 4.5987947918474656 4.0152785861864677 2.4319002255797377 3.6289780605584383 11.325579853728415 0.51606158912181843 0.3571129236370324 0.90974724758416348 0.26612501312047232 0.22169829905033112
leaf_count=29 17 36 37 37 37 30 16 93 4 12 85 12 18
internal_value=-0.00117357 0.00619049 0.00210772 0.00537289 -0.00989538 0.0165812 0.0150465 0.00515287 -0.0834941 -0.0820055 -0.0816707 -0.0809211 -0.080739
internal_weight=36.7513 33.7336 31.0905 28.9209 12.2431 16.6778 8.22777 14.2459 3.01767 2.50161 2.1445 1.39757 1.13145
internal_count=463 315 279 250 90 160 53 130 148 144 132 115 103
is_linear=0
shrinkage=0.1


Tree=121
num_leaves=10
num_cat=0
split_feature=1 5 0 5 5 1 5 6 5
split_gain=1.80444 7.74266e-06 1.58764e-06 1.50641e-06 2.09054e-06 2.07869e-06 4.64596e-07 2.03096e-07 1.89989e-07
threshold=0.78656609248549303 23.850000000000005 0.91597561503675362 24.950000000000003 31.850000000000005 -0.98296291314453399 24.550000000000004 63.850000000000001 26.750000000000004
decision_type=2 2 2 2 2 2 2 2 2
left_child=1 -1 3 6 5 -5 -3 -4 -9
right_child=-2 2 7 4 -6 -7 -8 8 -10
leaf_value=-0.081013500923011947 0.020305143167330938 -0.08052102695474575 -0.080573304240247764 -0.08066807568415639 -0.08087984330257296 -0.080297153913502339 -0.080755028798611628 -0.080612100546417015 -0.080757884161417576
leaf_weight=0.35540457861498032 6.5231629461050034 0.16918751480989191 0.2294462053105234 0.1823302945122125 0.083673248765990027 0.8816822511143978 0.17020364361815155 0.16004991624504328 0.20249804714694619
leaf_count=28 35 27 31 18 12 246 19 25 22
internal_value=-0.00711366 -0.0805822 -0.0805084 -0.0804533 -0.0803986 -0.0803607 -0.0806384 -0.0806469 -0.0806935
internal_weight=8.95764 2.43448 2.07907 1.48708 1.14769 1.06401 0.339391 0.591994 0.362548
internal_count=463 428 400 322 276 264 46 78 47
is_linear=0
shrinkage=0.1


Tree=122
num_leaves=14
num_cat=0
split_feature=6 5 5 7 4 6 5 6 6 5 6 0 1
split_gain=1.08793 1.23225 0.964951 0.555334 0.568285 1.7863 2.08806 1.1351 1.12727 2.20774 0.0761497 0.0041319 0.000101579
threshold=75.65000000000002 23.750000000000004 25.250000000000004 1.0000000180025095e-35 1.0000000180025095e-35 61.850000000000009 25.550000000000004 59.550000000000004 54.150000000000013 28.550000000000004 77.750000000000014 -0.91597561503675329 0.60355339059327384
decision_type=2 2 2 2 2 2 2 2 2 2 2 2 2
left_child=1 -1 10 -3 8 7 -7 -6 -5 -10 -2 -12 -13
right_child=2 3 -4 4 5 6 -8 -9 9 -11 11 12 -14
leaf_value=0.084469076943320787 -0.13116901010830612 0.055223306117916593 0.048009966894813079 0.098485237885515498 -0.033562871297331279 -0.057809159278826884 0.063925383278859757 -0.14614519161477538 0.017672438294024522 -0.082950767268626241 -0.094858711643531324 -0.083268421572678275 -0.080747872413465926
leaf_weight=1.9745997972786415 0.61043452471494619 1.9064600449055458 0.56765499571338285 1.3289689165540064 2.6745436666533369 2.347655488178134 3.5241146772168577 1.3463938189670441 14.896119879093023 2.5543842636980107 0.38776111602783203 0.27956949453800894 0.37348849885165691
leaf_count=10 8 22 25 19 53 18 51 16 127 63 3 10 38
internal_value=0.00328748 0.00790552 -0.0644629 0.00296146 -0.000513512 -0.0199106 0.0152534 -0.0712606 0.00970456 0.00294333 -0.103128 -0.086682 -0.0818269
internal_weight=34.7721 32.5532 2.21891 30.5786 28.6722 9.89271 5.87177 4.02094 18.7795 17.4505 1.65125 1.04082 0.653058
internal_count=463 379 84 369 347 138 69 69 209 190 59 51 48
is_linear=0
shrinkage=0.1


Tree=123
num_leaves=16
num_cat=0
split_feature=6 0 6 5 6 1 2 1 5 2 6 5 5 5 5
split_gain=2.0708 1.29528 1.19143 1.05272 1.03699 1.17614 2.14354 1.20601 2.24295 0.957622 0.823124 0.578432 0.315115 0.0877574 0.0117763
threshold=61.850000000000009 0.91597561503675362 59.45000000000001 31.250000000000004 84.40000000000002 0.1294095225512602 0.6078576107927941 -0.98296291314453399 28.350000000000005 -0.60785761079279388 74.15000000000002 23.350000000000005 29.950000000000003 23.750000000000004 30.650000000000002
decision_type=2 2 2 2 2 2 2 2 2 2 2 2 2 2 2
left_child=1 2 3 12 5 6 7 -2 -9 10 -7 -11 -1 -13 -14
right_child=4 -3 -4 -5 -6 9 -8 8 -10 11 -12 13 14 -15 -16
leaf_value=0.030417603965301316 -0.11857414899748009 -0.021521046220361741 0.1161503722517508 -0.01581313220451494 0.04616020866598302 0.043564654583320046 0.069328060614757714 -0.072825421241507454 0.05205357593311271 -0.017066969422261061 -0.054535970637921087 -0.11236423485874257 0.088754254091240825 -0.084177340545055143 0.075386028979552738
leaf_weight=2.1035503856837732 1.3694870769977576 3.7800083365291348 2.0043108388781548 3.0775433760136366 2.0279266182333222 1.4525988493114712 2.7770939134061337 3.0634898459538862 2.7111084312200546 1.1381274461746196 2.0800832398235798 2.0186434388160706 1.3654299415647986 2.4392878236249089 1.2736188936978576
leaf_count=30 5 22 37 32 17 21 37 66 43 6 24 9 23 73 18
internal_value=-0.00219099 0.028224 0.0473636 0.0297335 -0.021822 -0.0290589 -0.00522441 -0.0342049 -0.0141961 -0.0549624 -0.0141981 -0.0806962 0.0592894 -0.0969409 0.0823027
internal_weight=34.6823 13.6045 9.82445 7.82014 21.0778 19.0499 9.92118 7.14409 5.7746 9.12874 3.53268 5.59606 4.7426 4.45793 2.63905
internal_count=463 162 140 103 301 284 151 114 109 133 45 88 71 82 41
is_linear=0
shrinkage=0.1


Tree=124
num_leaves=12
num_cat=0
split_feature=0 6 6 3 1 6 6 6 5 5 6
split_gain=0.928152 0.648875 2.17369 1.45405 1.33448 0.962408 0.0247603 1.39619e-05 5.85331e-07 2.10641e-07 1.05952e-08
threshold=0.60355339059327384 86.100000000000009 83.40000000000002 0.81174490092936691 0.78656609248549303 74.65000000000002 80.050000000000026 56.45000000000001 28.050000000000004 26.250000000000004 61.45000000000001
decision_type=2 2 2 2 2 2 2 2 2 2 2
left_child=1 2 3 4 5 -1 7 -2 9 -9 -10
right_child=6 -3 -4 -5 -6 -7 -8 8 10 -11 -12
leaf_value=-0.012188606863415882 -0.081815371289989225 0.079981212089242915 -0.11878160248222425 0.093660436593104565 -0.10021362943995399 0.054281677187171806 -0.1164874662405988 -0.080526858544037086 -0.080392462218881772 -0.080680608512500765 -0.080440645185101384
leaf_weight=5.4095877837389672 0.1050636281725027 1.2335046385414887 1.2990150349214662 2.0702755034435532 1.1402734923176474 3.6465640321839601 0.26889657974243164 0.13166332640685141 0.095215418725274503 0.27568511827848852 0.087647648062556982
leaf_count=230 14 10 12 32 20 43 1 26 23 34 18
internal_value=0.00434726 0.0105408 0.00422677 0.0172531 0.00173937 0.0145764 -0.0907191 -0.0807533 -0.0805642 -0.0806309 -0.0804156
internal_weight=15.7634 14.7992 13.5657 12.2667 10.1964 9.05615 0.964172 0.695275 0.590212 0.407348 0.182863
internal_count=463 347 337 325 293 273 116 115 101 60 41
is_linear=0
shrinkage=0.1


Tree=125
num_leaves=15
num_cat=0
split_feature=1 5 6 8 2 1 6 6 6 5 1 5 5 5
split_gain=2.01075 0.603425 0.730226 0.783369 1.42413 1.2243 0.718229 0.493901 0.359706 0.000141954 0.000171887 3.68144e-05 1.665e-05 2.21563e-06
threshold=-0.37940952255126015 23.850000000000005 61.45000000000001 1.0000000180025095e-35 0.87837969732492682 1.0000000180025095e-35 71.750000000000014 73.050000000000011 79.600000000000009 31.850000000000005 -0.98296291314453399 28.350000000000005 31.550000000000004 29.050000000000004
decision_type=2 2 2 2 2 2 2 2 2 2 2 2 2 2
left_child=9 8 -3 5 6 -4 -5 -7 -2 10 -1 -12 13 -13
right_child=1 2 3 4 -6 7 -8 -9 -10 -11 11 12 -14 -15
leaf_value=-0.082836384318056289 -0.06123659167019057 -0.022840285982480515 0.013416407806097401 -0.0027471960957778895 -0.074767354176499934 0.11502513296461825 0.048293963754073077 0.038963451974578289 -0.0011342319316971332 -0.083749803561425015 -0.082187915212391854 -0.080916231987984005 -0.081588074358833654 -0.080615136963820486
leaf_weight=0.73371797427535113 1.9445940591394895 5.2194957248866585 6.3919831216335332 7.3974911458790249 2.011203086003662 2.2498832978308205 4.3947428502142429 1.3757097218185661 2.0408618170768023 0.33245930168777693 0.2323330380022518 0.32843853905796982 0.24743825290352095 0.95506874704733491
leaf_count=18 19 32 22 64 19 31 52 26 22 12 8 24 12 102
internal_value=-0.000903238 0.00602822 0.0110357 0.0184584 0.00300975 0.0397454 0.0162749 0.086164 -0.0304595 -0.0818086 -0.0815502 -0.081015 -0.080837 -0.0806922
internal_weight=35.8554 33.026 29.0405 23.821 13.8034 10.0176 11.7922 3.62559 3.98546 2.82946 2.497 1.76328 1.53095 1.28351
internal_count=463 287 246 214 135 79 116 57 41 176 164 146 138 126
is_linear=0
shrinkage=0.1


Tree=126
num_leaves=11
num_cat=0
split_feature=6 5 5 1 6 0 5 1 6 2
split_gain=1.61745 0.833238 0.31749 0.687269 0.0769007 1.2588e-06 1.55377e-06 1.25879e-06 9.35265e-08 7.50404e-08
threshold=74.15000000000002 23.950000000000003 23.750000000000004 0.78656609248549303 77.15000000000002 0.91597561503675362 31.850000000000005 -0.98296291314453399 63.850000000000001 1.0000000180025095e-35
decision_type=2 2 2 2 2 2 2 2 2 2
left_child=2 -2 -1 5 -3 6 7 -4 -7 -10
right_child=1 4 3 -5 -6 8 -8 -9 9 -11
leaf_value=-0.13591332183725394 -0.0093445507828652033 0.037244152183220268 -0.080612785117066016 0.087341634911451749 0.078228533127510991 -0.080537271001103056 -0.080826136161525092 -0.080312364941693984 -0.080574881492122732 -0.080676589108694199
leaf_weight=0.64530275366269085 3.7100570448674262 0.6283400324173275 0.16749618668109156 0.28862250596284855 1.6869796984829006 0.21253871056251217 0.077952272491529473 0.83367541502229869 0.14847158663906157 0.14184669288806617
leaf_count=9 33 32 18 3 35 31 12 248 24 18
internal_value=-0.00808717 0.0200325 -0.0754312 -0.0545667 0.067106 -0.080457 -0.0803961 -0.0803626 -0.0805877 -0.0806246
internal_weight=8.54128 6.02538 2.51591 1.8706 2.31532 1.58198 1.07912 1.00117 0.502857 0.290318
internal_count=463 100 363 354 67 351 278 266 73 42
is_linear=0
shrinkage=0.1


Tree=127
num_leaves=15
num_cat=0
split_feature=6 5 5 7 4 6 5 6 8 0 5 6 1 5
split_gain=0.921207 1.02438 0.955122 0.473512 0.475405 1.35235 1.75593 1.01823 0.880743 1.34605 1.00836 0.0541125 0.00275988 3.87628e-06
threshold=75.65000000000002 23.750000000000004 25.350000000000005 1.0000000180025095e-35 1.0000000180025095e-35 61.850000000000009 27.050000000000004 59.550000000000004 1.0000000180025095e-35 0.91597561503675362 27.050000000000004 77.750000000000014 0.37940952255126026 23.550000000000004
decision_type=2 2 2 2 2 2 2 2 2 2 2 2 2 2
left_child=1 -1 11 -3 8 7 -7 -6 10 -10 -5 -2 -13 -14
right_child=2 3 -4 4 5 6 -8 -9 9 -11 -12 12 13 -15
leaf_value=0.077248008293978696 -0.12404481647582118 0.051224439903345992 0.055321297636842792 0.020901169150044974 -0.027948137817216851 -0.029995509858999042 0.083905916884472104 -0.13617560192724562 0.013157238629673541 0.11317535929069844 -0.046089617539677025 -0.091674613042938294 -0.08124296478085237 -0.080698138302403272
leaf_weight=1.9684890564531077 0.59716382087208264 1.8932498907670403 0.52667936962097872 4.3626381037756854 2.6410686573945008 3.6374388467520475 2.1555243916809559 1.2958194748498497 8.0492621888406504 1.6156430989503867 4.6330950502306223 0.43424111232161522 0.22946921177208424 0.30304244928993285
leaf_count=10 10 22 20 36 53 32 37 16 136 6 31 4 15 35
internal_value=0.00317631 0.00734612 -0.0611525 0.00280239 -0.000426686 -0.0183474 0.0123865 -0.063571 0.00891736 0.0298769 -0.0136013 -0.100377 -0.0857578 -0.0809329
internal_weight=34.3428 32.2522 2.0906 30.2837 28.3905 9.72985 5.79296 3.93689 18.6606 9.66491 8.99573 1.56392 0.966753 0.532512
internal_count=463 379 84 369 347 138 69 69 209 142 67 64 54 50
is_linear=0
shrinkage=0.1


Tree=128
num_leaves=14
num_cat=0
split_feature=5 5 5 1 6 5 9 5 5 1 0 5 1
split_gain=1.66283 1.5678 1.27621 0.664759 0.603213 0.390484 0.340165 0.906536 1.21855 0.000516722 0.000166362 0.000128717 5.95461e-05
threshold=28.250000000000004 24.050000000000004 27.950000000000003 -0.98296291314453399 54.600000000000009 23.550000000000004 1.0000000180025095e-35 28.450000000000003 29.050000000000004 -0.12940952255126037 -0.91597561503675329 25.550000000000004 0.78656609248549303
decision_type=2 2 2 2 2 2 2 2 2 2 2 2 2
left_child=1 5 9 -2 -5 -1 7 -6 -9 -3 11 -11 -12
right_child=3 2 -4 4 6 -7 -8 8 -10 10 12 -13 -14
leaf_value=-0.011745741152612494 -0.0073842370818173776 -0.084272997692662555 -0.0035992321603116606 -0.009191787506237746 0.13969790105394642 0.030811296330486751 0.0057082385967620955 -0.0088640096512211577 0.084471833097465268 -0.083354905297489956 -0.081102289824269674 -0.081653968501014168 -0.082257243321170792
leaf_weight=5.0684613734483737 5.4133789017796543 1.4947902783751486 3.2411086708307266 2.3380014970898619 1.1298818998038749 3.7521973177790642 1.5279853045940397 2.5896824914962053 3.0416756998747587 1.2649464234709733 1.4080903884023417 0.68626545090228308 0.65361120924353588
leaf_count=25 20 26 21 35 9 26 21 30 81 28 89 32 20
internal_value=-0.00213975 -0.0233927 -0.0533873 0.0211389 0.0356683 0.00635749 0.0483212 0.0579514 0.0415496 -0.082686 -0.0820948 -0.0827567 -0.0814684
internal_weight=33.6101 17.5695 8.74881 16.0406 10.6272 8.82066 8.28923 6.76124 5.63136 5.5077 4.01291 1.95121 2.0617
internal_count=463 267 216 196 176 51 141 120 111 195 169 60 109
is_linear=0
shrinkage=0.1


Tree=129
num_leaves=15
num_cat=0
split_feature=0 5 5 6 2 5 5 6 5 6 6 5 5 6
split_gain=0.819733 0.613835 1.23705 0.392083 0.290096 0.921883 0.0795362 0.0165462 8.46445e-05 7.41018e-05 1.2232e-05 4.27162e-07 1.11084e-07 6.67856e-09
threshold=0.60355339059327384 32.300000000000004 24.050000000000004 74.65000000000002 -1.0000000180025095e-35 31.950000000000003 31.950000000000003 80.050000000000026 31.750000000000004 56.850000000000001 56.45000000000001 28.050000000000004 26.550000000000004 61.250000000000007
decision_type=2 2 2 2 2 2 2 2 2 2 2 2 2 2
left_child=1 2 3 -1 5 8 9 10 -4 -6 -2 12 -12 -13
right_child=7 -3 4 -5 6 -7 -8 -9 -10 -11 11 13 -14 -15
leaf_value=-0.0089594609502327699 -0.081739072351576333 0.092605477937439368 -0.080527769107041805 0.031408970612669639 -0.083236322794037337 0.099799169857990783 -0.14105809660164134 -0.11102533568710832 -0.083241862710456693 -0.08057404591904288 -0.080504405471862162 -0.080363997027955991 -0.080619314824244073 -0.080404348630468025
leaf_weight=3.4932229109108395 0.097176472540014269 0.84435083717107851 0.84737729188054556 7.7303213477134705 0.12426553503610527 0.39656515419483185 0.30686491727828979 0.25169369578361511 0.13293409906327724 0.6589528585318476 0.12937232386320829 0.076601740904152393 0.24055827269330621 0.088294441113248467
leaf_count=17 14 6 162 33 13 2 1 1 5 108 27 21 33 20
internal_value=0.00416992 0.00985532 0.00475177 0.0188447 -0.0593645 -0.0288524 -0.0979042 -0.0893422 -0.0808958 -0.0809964 -0.080707 -0.0805195 -0.0805791 -0.0803856
internal_weight=15.4186 14.5349 13.6905 11.2235 2.46696 1.37688 1.09008 0.883697 0.980311 0.783218 0.632003 0.534827 0.369931 0.164896
internal_count=463 347 341 50 291 169 122 116 167 121 115 101 60 41
is_linear=0
shrinkage=0.1


Tree=130
num_leaves=15
num_cat=0
split_feature=5 0 3 0 5 6 5 6 6 0 5 1 5 5
split_gain=1.80164 0.534823 0.388194 0.532915 1.28932 0.821863 0.81439 0.140495 0.058183 0.0021319 0.000105263 0.000138901 1.39265e-05 2.77199e-07
threshold=29.050000000000004 0.98296291314453421 0.81174490092936691 -0.70710678118654735 26.150000000000002 76.450000000000017 24.050000000000004 62.550000000000004 80.65000000000002 0.91597561503675362 31.850000000000005 -0.98296291314453399 31.550000000000004 29.650000000000002
decision_type=2 2 2 2 2 2 2 2 2 2 2 2 2 2
left_child=1 2 3 5 -5 6 -1 -6 -7 10 11 -2 13 -13
right_child=9 -3 -4 4 7 8 -8 -9 -10 -11 -12 12 -14 -15
leaf_value=-0.04846185796499991 -0.082609245452766294 0.05048652041820928 -0.029675783720900874 -0.073309728347033948 0.023364448483565597 0.075649958296253567 0.017472060966654376 -0.0035290990971511547 0.048912784274191455 -0.089262944371715391 -0.083466488947846681 -0.080677839336158866 -0.08145261047567548 -0.080536769956716103
leaf_weight=2.2775102742016378 0.63685797899961505 2.4179672226309767 3.5055297557264558 2.57288955897093 3.444325240328908 1.5965521652251475 10.556066189892588 4.455081544816494 1.6602513864636419 0.46292381733655918 0.30032470263540734 0.17485039262100988 0.2228017458692193 0.68493179278448224
leaf_count=16 17 36 36 32 25 20 103 27 20 4 12 19 12 84
internal_value=-0.00103479 0.00524009 0.00160155 0.00572928 -0.0118279 0.0171562 0.0057711 0.00819711 0.0620199 -0.083142 -0.0817391 -0.0814374 -0.080748 -0.0805655
internal_weight=34.9689 32.4862 30.0682 26.5627 10.4723 16.0904 12.8336 7.89941 3.2568 2.48269 2.01977 1.71944 1.08258 0.859782
internal_count=463 315 279 243 84 159 119 52 40 148 144 132 115 103
is_linear=0
shrinkage=0.1


Tree=131
num_leaves=10
num_cat=0
split_feature=1 5 0 5 5 1 6 5 5
split_gain=1.48217 6.54213e-06 8.63871e-07 1.30568e-06 1.35179e-06 1.25048e-06 4.79393e-07 1.285e-07 2.35771e-07
threshold=0.78656609248549303 23.850000000000005 0.91597561503675362 24.950000000000003 31.850000000000005 -0.98296291314453399 73.550000000000026 27.950000000000003 26.550000000000004
decision_type=2 2 2 2 2 2 2 2 2
left_child=1 -1 3 6 5 -5 -3 8 -4
right_child=-2 2 7 4 -6 -7 -8 -9 -10
leaf_value=-0.080941891000142874 0.017329775196225462 -0.080456564037613809 -0.080485810559408538 -0.080570766897269677 -0.080768015607955213 -0.080257990839670404 -0.080709627362558448 -0.080481069821089046 -0.080656001467566962
leaf_weight=0.31656857067719135 6.1825235262513161 0.14657057635486104 0.12955367728136469 0.15502595249563456 0.070459690410643816 0.72845299309119582 0.15299572609364986 0.14629070775117725 0.21899132849648595
leaf_count=28 35 26 27 18 12 246 20 21 30
internal_value=-0.00716977 -0.0805236 -0.0804478 -0.0804037 -0.0803465 -0.0803129 -0.0805858 -0.0805597 -0.0805927
internal_weight=8.24743 2.06491 1.74834 1.2535 0.953939 0.883479 0.299566 0.494836 0.348545
internal_count=463 428 400 322 276 264 46 78 57
is_linear=0
shrinkage=0.1


Tree=132
num_leaves=12
num_cat=0
split_feature=6 5 5 7 3 5 5 6 0 1 5
split_gain=0.779858 1.04701 0.842166 0.417948 0.472257 1.25127 0.598797 0.0392374 0.0021206 7.3956e-05 5.33895e-07
threshold=75.65000000000002 25.750000000000004 23.750000000000004 1.0000000180025095e-35 0.81174490092936691 24.450000000000003 25.650000000000002 77.15000000000002 -0.91597561503675329 0.60355339059327384 23.850000000000005
decision_type=2 2 2 2 2 2 2 2 2 2 2
left_child=2 7 -1 -4 5 -5 -7 -2 -9 -10 -11
right_child=1 -3 3 4 -6 6 -8 8 9 10 -12
leaf_value=0.070278849294071896 -0.11797955987236231 0.074351654640669507 0.048295968296928303 -0.11208194368783782 0.03580255800594586 0.024508304847738385 -0.01044538519889268 -0.091548179132827839 -0.082879935554592735 -0.08075059733069595 -0.08050628417985789
leaf_weight=1.9618192538619066 0.5929437510203559 0.45967845804989327 1.8801558706909478 1.0462837754748786 3.1932083861902347 6.8909420883283046 16.972846189746633 0.32477704808115948 0.24050095723941933 0.16308046085759997 0.1981000283267349
leaf_count=10 13 13 22 16 37 49 245 3 10 16 29
internal_value=0.00302943 -0.0578855 0.00680324 0.00265002 -0.000403764 -0.00504503 -0.000352107 -0.0978923 -0.0850363 -0.0815213 -0.0806166
internal_weight=33.9243 1.97908 31.9453 29.9834 28.1033 24.9101 23.8638 1.5194 0.926458 0.601681 0.36118
internal_count=463 84 379 369 347 310 294 71 58 55 45
is_linear=0
shrinkage=0.1


Tree=133
num_leaves=18
num_cat=0
split_feature=5 5 0 3 2 5 5 6 3 1 5 5 1 0 5 1 2
split_gain=1.37282 2.52084 0.701325 0.931269 0.732333 1.65719 0.638055 0.374351 0.365649 0.346723 0.00475661 0.00159931 0.000417428 0.000145512 0.00010302 3.54309e-05 3.53395e-06
threshold=27.950000000000003 24.050000000000004 -0.3794095225512602 -0.56174490092936669 1.0000000180025095e-35 30.250000000000004 31.250000000000004 59.050000000000004 1.0000000180025095e-35 -0.37940952255126015 28.350000000000005 30.450000000000003 -0.12940952255126037 -0.91597561503675329 25.550000000000004 0.78656609248549303 0.6078576107927941
decision_type=2 2 2 2 2 2 2 2 2 2 2 2 2 2 2 2 2
left_child=1 8 3 -2 5 9 -7 -6 -1 -4 -5 -12 -3 14 -14 16 -15
right_child=2 12 4 10 7 6 -8 -9 -10 -11 11 -13 13 15 -16 -17 -18
leaf_value=0.026298394756268269 -0.01044623623759796 -0.083956763924191727 -0.020477683975916979 0.093578275477959161 0.0039538312500565047 0.062592065328188659 -0.0078797093793413955 0.065155747012493867 -0.014427870693434729 -0.07193632294485891 0.082134328054637884 0.088706407618288005 -0.083107875026816047 -0.080882780379618213 -0.081526972622403659 -0.081944348342197548 -0.081250260259432244
leaf_weight=4.4810180626809579 1.5038999095559118 1.391137931495902 2.4237927217036486 1.0701438672840624 1.6605916991829861 2.8910486688837409 2.3124073762446642 2.51014737598598 4.3393548354506493 2.8478395417332631 0.88684927299618699 0.63568906858563423 1.1771111860871286 0.88190717622638215 0.63433833792805661 0.56710931845009316 0.37211295403540134
leaf_count=24 14 26 32 10 19 33 23 26 27 11 35 14 28 69 32 20 20
internal_value=-0.0020598 -0.0259417 0.0155806 0.0521563 0.00534999 -0.00875994 0.0312745 0.040788 0.00626231 -0.0482767 0.0884693 0.0848783 -0.0824838 -0.0819197 -0.0825543 -0.0812884 -0.0809918
internal_weight=32.5865 13.8441 18.7424 4.09658 14.6458 10.4751 5.20346 4.17074 8.82037 5.27163 2.59268 1.52254 5.02372 3.63258 1.81145 1.82113 1.25402
internal_count=463 246 217 73 144 99 56 45 51 43 59 49 195 169 60 109 89
is_linear=0
shrinkage=0.1


Tree=134
num_leaves=16
num_cat=0
split_feature=0 2 0 6 6 3 0 8 2 3 6 6 5 5 6
split_gain=0.739279 0.641412 1.19322 0.634369 0.890887 1.15842 1.35337 0.844555 0.764918 0.707611 0.0129311 7.22403e-06 3.84162e-07 1.00595e-07 6.24795e-09
threshold=0.60355339059327384 0.87837969732492682 -0.60355339059327362 74.65000000000002 71.850000000000009 -0.56174490092936669 -0.91597561503675329 1.0000000180025095e-35 -1.0000000180025095e-35 0.81174490092936691 80.050000000000026 56.45000000000001 28.050000000000004 26.550000000000004 61.250000000000007
decision_type=2 2 2 2 2 2 2 2 2 2 2 2 2 2 2
left_child=1 3 -3 4 5 8 -7 -5 -1 -9 11 -2 13 -13 -14
right_child=10 2 -4 7 -6 6 -8 9 -10 -11 -12 12 14 -15 -16
leaf_value=0.01307953356822981 -0.081474307192410902 -0.13144357597799025 0.034076958591091215 0.075879971005985092 -0.095802292671890263 -0.10305991679781873 0.025418436442356585 -0.036257650497303173 0.20398376266875157 0.051989052075553502 -0.10825292634902935 -0.080467978807295906 -0.080327406022923709 -0.080583006191653345 -0.080368806133516393
leaf_weight=0.38764522247947752 0.087050388916396382 0.85981790348887444 0.88259957008995182 3.1382345727179199 0.9497723914682864 1.1641817986965159 2.7723592350957924 1.9375330826733261 0.45770591031759744 1.7111256369389594 0.24109275639057159 0.11569136800244451 0.067508067237213254 0.22176134877372533 0.079242579056881368
leaf_count=23 14 24 18 27 26 40 115 35 27 12 1 27 21 33 20
internal_value=0.00395851 0.00924413 -0.0476012 0.0171563 -0.00733941 0.010231 -0.0125774 0.0378433 0.116442 0.00512775 -0.088832 -0.0806356 -0.0804848 -0.0805436 -0.0803498
internal_weight=15.0733 14.261 1.74242 12.5186 5.73166 4.78189 3.93654 6.78689 0.845351 3.64866 0.812347 0.571254 0.484203 0.337453 0.146751
internal_count=463 347 42 305 231 205 155 74 50 47 116 115 101 60 41
is_linear=0
shrinkage=0.1


Tree=135
num_leaves=17
num_cat=0
split_feature=5 6 6 6 5 5 2 3 0 6 5 5 5 0 5 1
split_gain=1.62395 0.648927 0.527614 2.14575 1.79079 1.44544 1.71929 1.18134 0.574083 0.901164 1.32395 0.524374 0.0173084 0.00170003 7.61433e-05 9.37296e-05
threshold=28.650000000000002 67.850000000000009 68.850000000000009 66.750000000000014 25.550000000000004 26.750000000000004 -1.0000000180025095e-35 0.81174490092936691 -0.60355339059327362 71.750000000000014 24.850000000000005 26.050000000000004 28.750000000000004 0.91597561503675362 31.850000000000005 -0.98296291314453399
decision_type=2 2 2 2 2 2 2 2 2 2 2 2 2 2 2 2
left_child=2 12 3 4 -1 -6 -7 8 9 -4 -11 -10 -2 14 15 -14
right_child=1 -3 7 -5 5 6 -8 -9 11 10 -12 -13 13 -15 -16 -17
leaf_value=-0.063587681098564844 -0.10476770715097827 0.047597395962361282 -0.029259642780583985 0.10425056479893305 0.093296928462116582 -0.064191141959890702 0.038584306790665462 -0.082447554544818474 -0.064084822760180113 0.0069303623845478118 0.10091854003488701 0.009632044821163456 -0.082395024362300659 -0.088525660209370083 -0.083134758713477822 -0.080802085457698944
leaf_weight=3.0862356498837498 0.42484912090003479 0.41666762577369798 3.1445555109530705 2.4851659368723622 2.2901940550655109 2.5302611850202066 4.5629926798865217 1.8252005111426122 2.0730552729219176 5.0254536718130112 2.1356459558010101 1.8052597362548111 0.55300121381878931 0.43140077590942372 0.27229420514777292 1.1124796322546893
leaf_count=19 4 10 26 23 22 26 33 21 37 41 34 13 16 4 12 122
internal_value=-0.00112422 -0.0688202 0.00589525 0.0194011 0.00249093 0.0242243 0.00192289 -0.00672118 0.00302333 0.015365 0.0349603 -0.0297714 -0.0861814 -0.0828484 -0.0815845 -0.081331
internal_weight=34.1747 3.21069 30.964 14.9548 12.4697 9.38345 7.09325 16.0092 14.184 10.3057 7.1611 3.87832 2.79402 2.36918 1.93778 1.66548
internal_count=463 168 295 123 100 81 59 172 151 101 75 50 158 154 150 138
is_linear=0
shrinkage=0.1


Tree=136
num_leaves=12
num_cat=0
split_feature=6 6 3 5 1 5 0 5 1 5 2
split_gain=1.43102 0.802768 0.619942 0.270871 0.583597 0.125659 8.72195e-07 7.3394e-07 8.06365e-07 8.26147e-08 4.26939e-08
threshold=74.15000000000002 82.000000000000014 1.0000000180025095e-35 23.750000000000004 0.78656609248549303 23.650000000000002 0.91597561503675362 31.750000000000004 -0.98296291314453399 27.950000000000003 1.0000000180025095e-35
decision_type=2 2 2 2 2 2 2 2 2 2 2
left_child=3 2 5 -1 6 -2 7 8 -5 10 -8
right_child=1 -3 -4 4 -6 -7 9 -9 -10 -11 -12
leaf_value=-0.13156409767751237 0.11438458046451393 -0.019437766483841018 -0.012707197394726068 -0.080522977648273708 0.086205922072814453 0.0642832941331756 -0.080503751598506146 -0.080612686253842269 -0.08026058010342467 -0.080447075731854958 -0.080580934515967262
leaf_weight=0.62563741998747024 0.88984684413299042 2.7855528497602791 0.92048665089532722 0.14233403978869319 0.25038373470306385 1.1444306704215703 0.14497497549746186 0.087100591859780252 0.66098389658145584 0.1351813415531069 0.14173255360219628
leaf_count=9 7 30 26 18 3 37 29 16 244 21 23
internal_value=-0.00715337 0.0190775 0.0553871 -0.0759609 -0.0536996 0.0861989 -0.0803931 -0.080337 -0.0803071 -0.0805115 -0.0805419
internal_weight=7.92865 5.74032 2.95476 2.18833 1.56269 2.03428 1.31231 0.890419 0.803318 0.421889 0.286708
internal_count=463 100 70 363 354 44 351 278 262 73 52
is_linear=0
shrinkage=0.1


Tree=137
num_leaves=14
num_cat=0
split_feature=6 5 5 1 1 6 6 6 0 5 1 5 5
split_gain=0.667979 0.963214 0.64105 0.466826 1.21266 0.711331 0.697461 0.0357451 0.00284536 0.000342972 6.2889e-05 5.68928e-05 4.69867e-07
threshold=75.65000000000002 25.850000000000005 23.750000000000004 -0.98296291314453399 -0.37940952255126015 61.45000000000001 68.850000000000009 76.950000000000017 -0.91597561503675329 31.850000000000005 0.60355339059327384 28.450000000000003 23.750000000000004
decision_type=2 2 2 2 2 2 2 2 2 2 2 2 2
left_child=2 7 -1 -4 9 -6 -7 -2 -9 11 -10 -5 -12
right_child=1 -3 3 4 5 6 -8 8 10 -11 12 -13 -14
leaf_value=0.062033291371360523 -0.12196252395070856 0.072735777059461826 0.028492312817223371 -0.082482532012946211 0.033463935903707623 -0.027797972365066637 0.013226711047995415 -0.091978532672726182 -0.082707727535423367 -0.084702622244558101 -0.080694110022061782 -0.080797584188900096 -0.080455880630864229
leaf_weight=1.9339970536530042 0.38277173275127907 0.44571448536589731 5.6494949683547047 0.23754064855166035 5.6984878536313799 8.3722848915494996 8.2057686094194633 0.46406271681189515 0.22618041257373989 0.31170878093689669 0.14266826631501317 1.2814523393753914 0.19726577075198293
leaf_count=10 11 11 20 10 32 81 81 4 11 10 15 135 32
internal_value=0.00282758 -0.055437 0.0062448 0.0026189 -0.00344449 0.00298505 -0.00749166 -0.0958691 -0.0861739 -0.0816811 -0.0814156 -0.0810611 -0.0805559
internal_weight=33.5494 1.85866 31.6907 29.7567 24.1072 22.2765 16.5781 1.41295 1.03018 1.8307 0.566114 1.51899 0.339934
internal_count=463 84 379 369 349 194 162 73 62 155 58 145 47
is_linear=0
shrinkage=0.1


Tree=138
num_leaves=13
num_cat=0
split_feature=6 0 6 6 6 6 1 6 2 5 6 3
split_gain=1.17541 0.982277 1.06665 0.903263 1.07045 1.37874 1.32373 1.30776 0.761369 0.741556 0.303575 0.241677
threshold=61.850000000000009 0.91597561503675362 59.45000000000001 84.40000000000002 81.200000000000003 79.600000000000009 1.0000000180025095e-35 63.300000000000004 -0.60785761079279388 31.250000000000004 55.550000000000004 1.0000000180025095e-35
decision_type=2 2 2 2 2 2 2 2 2 2 2 2
left_child=1 2 9 4 5 6 7 -2 -8 10 -1 -12
right_child=3 -3 -4 -5 -6 -7 8 -9 -10 -11 11 -13
leaf_value=0.080532202486156362 -0.075770183778519989 -0.022165366547238212 0.11021773619869737 0.046068316681488357 -0.10531570139440985 0.073499934610960049 -0.020681503212423073 0.022377939021160465 -0.091111419604744295 -0.017600383344906639 -0.003702760844921714 0.056471220305293196
leaf_weight=1.7548773996531979 1.7463357131928257 3.604421190917491 1.7288358425721524 2.0035282047465435 1.509263427928089 1.5159032102674235 2.6753899594768922 6.0983370374888182 3.6006213882937987 2.7909446936100721 1.3084479309618475 1.3624423313885925
leaf_count=30 22 22 37 17 20 8 45 96 93 32 20 21
internal_value=-0.00187766 0.0219085 0.0396672 -0.0174665 -0.0248906 -0.0171279 -0.0268571 0.000528771 -0.061088 0.0227661 0.0482217 0.0269925
internal_weight=31.6993 12.55 8.94555 19.1494 17.1459 15.6366 14.1207 7.84467 6.27601 7.21671 4.42577 2.67089
internal_count=463 162 140 301 284 264 256 118 138 103 71 41
is_linear=0
shrinkage=0.1


Tree=139
num_leaves=10
num_cat=0
split_feature=6 6 6 2 2 6 1 6 5
split_gain=0.720435 1.21718 1.34804 0.783541 1.02349 0.700672 0.6429 0.565116 0.0539553
threshold=87.100000000000009 83.40000000000002 82.000000000000014 -0.8783796973249266 0.6078576107927941 75.950000000000017 0.37940952255126026 56.750000000000007 23.250000000000004
decision_type=2 2 2 2 2 2 2 2 2
left_child=1 2 3 7 5 -5 -6 -1 -9
right_child=-2 -3 -4 4 6 -7 -8 8 -10
leaf_value=0.048923317777025424 0.091493799989088201 -0.084220189039523621 0.11416954682940068 0.0023819555151768433 -0.078729076641089357 0.06723901800934444 0.016089975393939082 -0.13857429462257642 -0.089426161447619501
leaf_weight=0.31404855533037057 0.885623645968736 1.5779806557111431 1.1102392356842745 3.8790484381606802 1.7591053778305652 2.9192957513732836 1.2048469621222464 0.30502939224243142 0.83433965174481273
leaf_count=20 6 16 8 214 77 29 22 1 70
internal_value=0.00404296 -0.0015273 0.00905912 -0.00134572 0.00885279 0.0302324 -0.0401851 -0.0698469 -0.102584
internal_weight=14.7896 13.9039 12.326 11.2157 9.7623 6.79834 2.96395 1.45342 1.13937
internal_count=463 457 441 433 342 243 99 91 71
is_linear=0
shrinkage=0.1


Tree=140
num_leaves=14
num_cat=0
split_feature=1 5 2 6 6 1 6 8 5 1 5 5 5
split_gain=1.47932 0.45194 0.488952 0.798751 2.23945 1.62399 0.780838 0.666781 6.76481e-05 7.42975e-05 2.53068e-05 6.67071e-06 2.07059e-06
threshold=-0.37940952255126015 23.650000000000002 0.6078576107927941 66.450000000000017 68.850000000000009 -0.12940952255126037 63.050000000000004 1.0000000180025095e-35 31.850000000000005 -0.98296291314453399 28.350000000000005 31.550000000000004 29.050000000000004
decision_type=2 2 2 2 2 2 2 2 2 2 2 2 2
left_child=8 -2 3 6 -5 -6 -3 -4 9 -1 -11 12 -12
right_child=1 2 7 4 5 -7 -8 -9 -10 10 11 -13 -14
leaf_value=-0.082187719563221656 -0.040422822692511774 0.024209293766611423 0.013025299492603587 0.12577292288988845 -0.067500988933441516 0.033123107681210802 -0.035329795563905385 -0.04390578677245062 -0.082964491673194155 -0.08186838688824892 -0.080763441480268067 -0.08118471719133194 -0.080434650768030497
leaf_weight=0.57020189613103878 2.0967055261135128 4.2020234242081695 4.5203233752399683 2.1240671128034583 2.0152106843888786 7.858516338281329 4.6294947005808353 3.7754935361444932 0.25662514986470331 0.19644520338624638 0.26880222512409069 0.18611085461452603 0.66636563139036298
leaf_count=18 30 30 29 20 10 96 33 39 12 8 24 12 102
internal_value=-0.00110015 0.00441827 0.00764636 0.0158233 0.0326243 0.0125859 -0.00700118 -0.0128845 -0.0814411 -0.0812341 -0.0808214 -0.080638 -0.0805292
internal_weight=33.3664 31.2218 29.1251 20.8293 11.9978 9.87373 8.83152 8.29582 2.14455 1.88793 1.31772 1.12128 0.935168
internal_count=463 287 257 189 126 106 63 68 176 164 146 138 126
is_linear=0
shrinkage=0.1


Tree=141
num_leaves=12
num_cat=0
split_feature=6 6 5 1 8 6 0 5 1 5 2
split_gain=1.29301 0.689946 0.220603 0.522216 0.0892304 2.95437e-05 6.4134e-07 8.09866e-07 5.20641e-07 5.7148e-08 3.94685e-08
threshold=74.15000000000002 80.65000000000002 23.750000000000004 0.78656609248549303 1.0000000180025095e-35 76.850000000000009 0.91597561503675362 31.850000000000005 -0.98296291314453399 27.950000000000003 1.0000000180025095e-35
decision_type=2 2 2 2 2 2 2 2 2 2 2
left_child=2 4 -1 6 -2 -6 7 8 -4 10 -8
right_child=1 -3 3 -5 5 -7 9 -9 -10 -11 -12
leaf_value=-0.12606875047673463 0.081717882625760671 -0.0087010689766663409 -0.08046635901602088 0.085508183697502654 0.039510818342590903 0.038304526094756139 -0.080455451398957836 -0.080663347235867613 -0.080244527686691103 -0.080411567497086542 -0.080533255775712756
leaf_weight=0.60614804271608624 1.2031046692281964 3.5805291919969022 0.12748865596950054 0.22565969824790943 0.38185535487718869 0.43353940173983574 0.13167548994533718 0.060249320929870009 0.62196624046191551 0.12423124886117876 0.12914591911248863
leaf_count=9 21 39 18 3 21 19 29 12 248 21 23
internal_value=-0.00711786 0.0176557 -0.0755627 -0.0540097 0.0644088 0.0388694 -0.0803611 -0.0803106 -0.0802823 -0.0804674 -0.080494
internal_weight=7.62559 5.59903 2.02656 1.42042 2.0185 0.815395 1.19476 0.809704 0.749455 0.385053 0.260821
internal_count=463 100 363 354 61 40 351 278 266 73 52
is_linear=0
shrinkage=0.1


Tree=142
num_leaves=8
num_cat=0
split_feature=5 5 3 5 5 5 1
split_gain=0.656295 1.6793 0.661086 0.414481 0.442776 1.20903 0.586261
threshold=23.250000000000004 24.350000000000005 -1.0000000180025095e-35 24.650000000000002 24.950000000000003 25.250000000000004 -0.12940952255126037
decision_type=2 2 2 2 2 2 2
left_child=-1 2 -2 -3 -5 -6 -7
right_child=1 3 -4 4 5 6 -8
leaf_value=0.068922329154604098 -0.1251172791897289 0.053767798093033753 -0.018902711962672073 -0.040881136759912139 0.091107565827560452 0.008996075616261456 -0.03128287670593119
leaf_weight=1.4388782619498659 1.3935600914992394 1.74350554449484 1.0111962959636027 2.0789703507907715 1.6055137342773402 19.259917804272856 4.4481076071970085
leaf_count=15 21 19 26 17 26 234 105
internal_value=0.00287572 -0.000137298 -0.0804542 0.0064917 0.00348263 0.00712617 0.00143893
internal_weight=32.9796 31.5408 2.40476 29.136 27.3925 25.3135 23.708
internal_count=463 448 47 401 382 365 339
is_linear=0
shrinkage=0.1


Tree=143
num_leaves=17
num_cat=0
split_feature=6 3 3 5 6 1 5 2 6 0 1 2 5 4 1 5
split_gain=0.971191 0.880577 0.802589 1.31596 0.755451 1.18571 2.28369 0.766583 0.698522 0.698455 0.645612 0.549348 0.539393 0.175655 0.0998762 0.0156184
threshold=61.850000000000009 -1.0000000180025095e-35 1.0000000180025095e-35 28.850000000000005 63.300000000000004 1.0000000180025095e-35 23.650000000000002 -1.0000000180025095e-35 56.850000000000001 0.12940952255126059 0.60355339059327384 0.6078576107927941 31.250000000000004 1.0000000180025095e-35 -0.12940952255126037 23.850000000000005
decision_type=2 2 2 2 2 2 2 2 2 2 2 2 2 2 2 2
left_child=2 4 3 -1 -2 7 -7 -6 -4 -10 11 14 13 -5 -3 -8
right_child=1 10 8 12 5 6 15 -9 9 -11 -12 -13 -14 -15 -16 -17
leaf_value=-0.086736358390111734 -0.074270279943257175 -0.062048932337919319 0.0065644493277245159 0.071123978870499191 0.0072107713927503847 0.038098401717028024 -0.10027408890610789 0.097361455326083715 0.11681548524440029 0.025777107341779751 0.010137438708731027 -0.016550568826432344 -0.023132058713832265 0.023009156312133211 -0.094458146835845358 -0.082694878936139818
leaf_weight=1.4912404650822297 1.150799714494499 1.7031974792480471 2.5079275341704488 1.4737273985520005 1.7760780462995174 3.3248226344585419 0.69149677455425296 2.0115071041509491 1.8840637989342215 1.5247390400618313 1.832690233364701 2.097336676903069 1.7671419363468883 1.5639772247523069 2.1527198501862577 1.8779873433522878
leaf_count=21 20 23 32 23 28 16 4 29 21 22 29 23 19 24 38 91
internal_value=-0.00173558 -0.01611 0.0201784 -0.00467262 0.00232733 0.0114318 -0.0166209 0.0550879 0.0466228 0.0760945 -0.041762 -0.0577391 0.0207968 0.0463518 -0.0801427 -0.0874258
internal_weight=30.8315 18.6186 12.2128 6.29609 10.8327 9.68189 5.89431 3.78759 5.91673 3.4088 7.78594 5.95325 4.80485 3.0377 3.85592 2.56948
internal_count=463 301 162 87 188 168 111 57 75 43 113 84 66 47 61 95
is_linear=0
shrinkage=0.1


Tree=144
num_leaves=13
num_cat=0
split_feature=0 6 6 6 5 5 6 6 5 5 5 6
split_gain=0.625869 0.540341 1.19759 0.991529 0.845629 2.2536 0.00755483 6.98512e-06 2.34007e-07 7.13374e-08 3.10551e-08 2.23041e-08
threshold=0.60355339059327384 87.100000000000009 83.40000000000002 82.000000000000014 23.250000000000004 23.550000000000004 80.050000000000026 56.45000000000001 28.050000000000004 27.050000000000004 26.250000000000004 63.650000000000013
decision_type=2 2 2 2 2 2 2 2 2 2 2 2
left_child=1 2 3 4 -1 -6 7 -2 9 10 -9 -10
right_child=6 -3 -4 -5 5 -7 -8 8 11 -11 -12 -13
leaf_value=-0.051601665558319826 -0.08145635994303857 0.082832553864538069 -0.07957785652082891 0.10691228001914509 0.1445540767133624 -0.0026842004986467041 -0.10292063242837823 -0.080407463633111353 -0.080290230949905991 -0.080550649541423713 -0.080488778160279981 -0.080374195990721251
leaf_weight=2.1145720630884126 0.079810084309429707 0.90584205230698067 1.547820586711169 1.0469403057359148 1.222475677728651 6.9460505421739072 0.21638229489326477 0.092291310545988381 0.075815106858499348 0.10861015447881073 0.095638088183477521 0.05429139279294759
leaf_count=9 14 6 16 8 5 303 1 26 27 16 18 14
internal_value=0.00342302 0.00817963 0.00292846 0.0141998 0.00476061 0.019351 -0.0872801 -0.0805977 -0.0804371 -0.0804861 -0.0804488 -0.0803253
internal_weight=14.5065 13.7837 12.8779 11.33 10.2831 8.16853 0.722838 0.506456 0.426646 0.29654 0.187929 0.130106
internal_count=463 347 341 325 317 308 116 115 101 60 44 41
is_linear=0
shrinkage=0.1


Tree=145
num_leaves=17
num_cat=0
split_feature=5 5 8 5 2 1 1 5 6 6 6 0 5 1 5 6
split_gain=1.34419 0.393795 0.493631 1.02844 1.01045 0.857084 0.815234 0.699359 0.500107 0.419899 0.305611 0.00126637 5.83506e-05 5.40773e-05 7.12107e-06 2.64147e-07
threshold=29.050000000000004 23.850000000000005 1.0000000180025095e-35 26.250000000000004 0.87837969732492682 -0.12940952255126037 0.1294095225512602 24.550000000000004 64.600000000000009 80.050000000000026 63.300000000000004 0.91597561503675362 31.850000000000005 -0.98296291314453399 31.650000000000002 61.850000000000009
decision_type=2 2 2 2 2 2 2 2 2 2 2 2 2 2 2 2
left_child=1 9 3 7 5 10 -7 -3 -5 -1 -4 12 13 -2 15 -15
right_child=11 2 4 8 -6 6 -8 -9 -10 -11 -12 -13 -14 14 -16 -17
leaf_value=-0.060696512078811451 -0.081914665187734798 0.11365349834766059 -0.012506883707849442 -0.027396847993103979 -0.071881267446267036 0.067282577496253229 0.0018506249607922705 0.031556577540145 0.022886406670384839 0.0068150553584447882 -0.08787624666822863 -0.08769200235234581 -0.082776200359768265 -0.080387133777801684 -0.081229420909564157 -0.080519309743310424
leaf_weight=1.8401318993419438 0.47899520024657227 1.599995017051701 1.0352668468840431 3.5112835988402349 1.9359569633379585 2.5079419184476066 7.9092625109478831 2.9522589109838009 4.5294611090794206 1.8449653442949054 1.1200532396323977 0.39660904556512822 0.2395683298818766 0.42530661751516075 0.1357458122074604 0.23459478653967381
leaf_count=20 17 16 23 23 21 34 74 37 25 21 21 4 12 74 8 33
internal_value=-0.00127686 0.00377444 0.00794488 0.022431 -0.00462869 0.00572708 0.0176034 0.0604114 0.000928395 -0.0268965 -0.051674 -0.0826618 -0.0813443 -0.0810752 -0.0805698 -0.0804341
internal_weight=32.6974 30.7866 27.1015 12.593 14.5085 12.5725 10.4172 4.55225 8.04074 3.6851 2.15532 1.91082 1.51421 1.27464 0.795647 0.659901
internal_count=463 315 274 101 173 152 108 53 48 41 44 148 144 132 115 107
is_linear=0
shrinkage=0.1


Tree=146
num_leaves=10
num_cat=0
split_feature=1 5 6 1 0 5 1 5 2
split_gain=1.2032 8.26379e-06 9.81838e-07 1.89221e-06 4.84335e-07 7.0171e-07 3.8225e-07 4.19674e-08 3.54609e-08
threshold=0.78656609248549303 23.850000000000005 74.15000000000002 0.37940952255126026 0.91597561503675362 31.850000000000005 -0.98296291314453399 27.950000000000003 1.0000000180025095e-35
decision_type=2 2 2 2 2 2 2 2 2
left_child=1 -1 4 -4 5 6 -3 8 -6
right_child=-2 2 3 -5 7 -7 -8 -9 -10
leaf_value=-0.080958714113515365 0.015962088552019291 -0.080421683668420452 -0.080811446557145242 -0.080299773192633039 -0.080412664601020867 -0.080623756909942335 -0.080222153009564506 -0.08037721888191332 -0.080489900917926127
leaf_weight=0.29373644781298924 5.7505036219954491 0.11581344250589565 0.13508110516704608 0.15544359129853547 0.11936882312875241 0.056276420713402331 0.5615731707075613 0.11350341117940843 0.11841046903282404
leaf_count=28 35 18 15 35 29 12 247 21 23
internal_value=-0.0057338 -0.0804772 -0.0803744 -0.0805377 -0.0803307 -0.0802845 -0.0802563 -0.0804272 -0.0804511
internal_weight=7.41971 1.66921 1.37547 0.290525 1.08495 0.733663 0.677387 0.351283 0.237779
internal_count=463 428 400 50 350 277 265 73 52
is_linear=0
shrinkage=0.1


Tree=147
num_leaves=9
num_cat=0
split_feature=5 5 3 6 6 6 6 2
split_gain=0.52077 1.45131 0.594311 0.409265 1.42145 0.609943 0.862925 0.55022
threshold=23.250000000000004 24.350000000000005 -1.0000000180025095e-35 53.400000000000006 54.050000000000004 57.45000000000001 55.550000000000004 -0.8783796973249266
decision_type=2 2 2 2 2 2 2 2
left_child=-1 2 -2 -3 -5 6 -6 -7
right_child=1 3 -4 4 5 7 -8 -9
leaf_value=0.062207860626885103 -0.11976064064693906 -0.046959600583081872 -0.017439084883315217 0.12414501115214525 -0.1204101190303937 0.04195741692394192 0.0058222283170007508 0.0022078211232075501
leaf_weight=1.4170262059196819 1.3244669605046513 1.3721451908350015 0.99341125134378927 1.0318734766915465 0.91050865035504402 4.2174547384493186 1.3363737876061348 19.978650838369493
leaf_count=15 21 30 26 7 16 63 32 253
internal_value=0.00291826 0.000222442 -0.075907 0.0063395 0.00900135 0.00450815 -0.0453312 0.0091363
internal_weight=32.5819 31.1649 2.31788 28.847 27.4749 26.443 2.24688 24.1961
internal_count=463 448 47 401 371 364 48 316
is_linear=0
shrinkage=0.1


Tree=148
num_leaves=14
num_cat=0
split_feature=5 5 5 1 6 5 9 5 5 1 0 5 1
split_gain=0.897066 1.33647 1.05288 0.620905 0.588967 0.41377 0.311949 0.864576 0.985472 0.000377164 9.35666e-05 6.5012e-05 1.95904e-05
threshold=28.250000000000004 24.050000000000004 27.950000000000003 -0.98296291314453399 54.600000000000009 23.550000000000004 1.0000000180025095e-35 28.450000000000003 29.050000000000004 -0.12940952255126037 -0.91597561503675329 25.550000000000004 0.78656609248549303
decision_type=2 2 2 2 2 2 2 2 2 2 2 2 2
left_child=1 5 9 -2 -5 -1 7 -6 -9 -3 11 -11 -12
right_child=3 2 -4 4 6 -7 -8 8 -10 10 12 -13 -14
leaf_value=-0.010622811284861353 -0.011532901196213401 -0.083708440515786631 -0.0042042607993634917 -0.015599801360927631 0.13630277589973552 0.034084291282805622 0.0015108738607620311 -0.0084487878065045811 0.08134252420831517 -0.082674119141412691 -0.080808641591029351 -0.08130918532279155 -0.081606134455528834
leaf_weight=4.8485712707042712 5.238099042326211 1.2710123192518938 2.9275041855871677 2.0733088953420502 1.0647444399073718 3.6126456335186958 1.3567060735076664 2.4221271341666579 2.4674682365730405 0.98562492616474517 0.96675263391807786 0.54021676350384951 0.45206338353455067
leaf_count=25 20 26 21 35 9 26 21 30 81 28 89 32 20
internal_value=-0.00174769 -0.0184241 -0.0502754 0.0160486 0.0314439 0.00846557 0.0447848 0.0546448 0.0368632 -0.0822687 -0.0816473 -0.0821909 -0.0810627
internal_weight=30.2268 15.6044 7.14317 14.6225 9.38435 8.46122 7.31105 5.95434 4.8896 4.21567 2.94466 1.52584 1.41882
internal_count=463 267 216 196 176 51 141 120 111 195 169 60 109
is_linear=0
shrinkage=0.1


Tree=149
num_leaves=8
num_cat=0
split_feature=5 5 5 6 5 6 1
split_gain=0.586916 1.17412 0.28961 0.155886 0.000241846 3.68911e-06 2.48314e-06
threshold=32.300000000000004 24.050000000000004 31.950000000000003 74.65000000000002 31.850000000000005 81.65000000000002 -0.98296291314453399
decision_type=2 2 2 2 2 2 2
left_child=1 3 4 -1 5 6 -3
right_child=-2 2 -4 -5 -6 -7 -8
leaf_value=-0.0056247562101909817 0.090198912252939925 -0.08077373807151389 -0.0042848719019540288 0.020492204832595208 -0.084406685435113149 -0.0809641279189528 -0.080396727059426576
leaf_weight=3.2577119208872301 0.73140754550695497 0.19848622614517619 0.65927942097187031 7.6571308150887489 0.17222838103771199 0.14730475551914413 1.4577867258340131
leaf_count=17 6 18 3 34 3 17 365
internal_value=0.00294353 -0.0017664 -0.0616763 0.0126972 -0.0808264 -0.0804846 -0.0804419
internal_weight=14.2813 13.5499 2.63509 10.9148 1.97581 1.80358 1.65627
internal_count=463 457 406 51 403 400 383
is_linear=0
shrinkage=0.1


Tree=150
num_leaves=15
num_cat=0
split_feature=1 5 6 6 6 5 2 2 1 5 1 5 5 5
split_gain=1.21548 0.341 0.384258 0.478266 1.21915 1.84139 1.04247 1.37011 0.687313 4.41762e-05 3.90872e-05 1.88739e-05 3.99625e-06 1.79071e-06
threshold=-0.37940952255126015 23.650000000000002 61.45000000000001 68.850000000000009 66.750000000000014 25.550000000000004 -1.0000000180025095e-35 -0.8783796973249266 0.37940952255126026 31.850000000000005 -0.98296291314453399 28.350000000000005 31.550000000000004 29.050000000000004
decision_type=2 2 2 2 2 2 2 2 2 2 2 2 2 2
left_child=9 -2 -3 4 5 -4 7 -5 -8 10 -1 -12 13 -13
right_child=1 2 3 6 -6 -7 8 -9 -10 -11 11 12 -14 -15
leaf_value=-0.081811143307931572 -0.036890444754170679 -0.019266577540505328 -0.059994678804195595 -0.021847453087671016 0.091665070043867758 0.044254570075691085 -0.048299522369776034 0.069864608184580276 0.020697518198469017 -0.082573633399887048 -0.081681209999052415 -0.080682447780086361 -0.081009133388085297 -0.080352317300081355
leaf_weight=0.47735091671347607 1.960715770721438 4.8854607269167927 2.5672823470085877 3.0050126519054174 2.3218665253371 4.9829718451946974 4.8558348119258783 3.5571637433022341 2.0546543169766665 0.21815088018774975 0.17463078536093479 0.23769678408280015 0.15611094003543258 0.53214977495372295
leaf_count=18 30 32 15 23 22 44 30 48 43 12 8 24 12 102
internal_value=-0.00131872 0.00343586 0.0062367 0.0115739 0.0282948 0.00880712 -0.000678431 0.027867 -0.027785 -0.0812398 -0.0810554 -0.0807276 -0.0805478 -0.0804542
internal_weight=31.9871 30.191 28.2302 23.3448 9.87212 7.55025 13.4727 6.56218 6.91049 1.79609 1.57794 1.10059 0.925957 0.769847
internal_count=463 287 257 225 81 59 144 71 73 176 164 146 138 126
is_linear=0
shrinkage=0.1


Tree=151
num_leaves=11
num_cat=0
split_feature=6 5 5 1 6 0 5 1 5 2
split_gain=1.12311 0.631778 0.176648 0.458014 0.077855 3.36899e-07 5.41856e-07 2.77855e-07 3.30207e-08 2.91444e-08
threshold=74.15000000000002 23.950000000000003 23.750000000000004 0.78656609248549303 77.15000000000002 0.91597561503675362 31.850000000000005 -0.98296291314453399 27.950000000000003 1.0000000180025095e-35
decision_type=2 2 2 2 2 2 2 2 2 2
left_child=2 -2 -1 5 -3 6 7 -4 9 -7
right_child=1 4 3 -5 -6 8 -8 -9 -10 -11
leaf_value=-0.1199727904147324 -0.0074104296381390074 0.030474064539226804 -0.080389284383211052 0.084853486979807657 0.076439610611047898 -0.080378017685301353 -0.080580573731344474 -0.080212099564237041 -0.080345912520867299 -0.080451205067405634
leaf_weight=0.57337349490262557 3.5690721446881071 0.50259991921484459 0.10675328690558639 0.20191948860883713 1.3809335709083823 0.10893544368445873 0.051266985479742289 0.51774544082582008 0.10328527598176152 0.10870660422369838
leaf_count=9 33 32 18 3 35 29 12 248 21 23
internal_value=-0.00515908 0.0173176 -0.0743224 -0.0524848 0.0641742 -0.0803081 -0.080268 -0.0802424 -0.0803925 -0.0804146
internal_weight=7.22459 5.45261 1.77199 1.19861 1.88353 0.996693 0.675766 0.624499 0.320927 0.217642
internal_count=463 100 363 354 67 351 278 266 73 52
is_linear=0
shrinkage=0.1


Tree=152
num_leaves=11
num_cat=0
split_feature=5 5 3 3 6 5 6 9 0 3
split_gain=0.437026 1.24876 0.557097 0.357656 0.647787 2.08256 0.704067 0.757644 0.504392 0.341681
threshold=23.250000000000004 24.350000000000005 -1.0000000180025095e-35 0.81174490092936691 70.800000000000026 24.850000000000005 69.800000000000026 1.0000000180025095e-35 0.12940952255126059 1.0000000180025095e-35
decision_type=2 2 2 2 2 2 2 2 2 2
left_child=-1 2 -2 4 6 -6 7 -3 -5 -7
right_child=1 3 -4 8 5 9 -8 -9 -10 -11
leaf_value=0.057345832432219426 -0.11568945159308219 0.0087084314995187744 -0.014875660573056655 0.079622001828786662 0.075466443629561036 -0.11169360461084188 0.071072186520839548 -0.065591068889432655 0.0027143080919448687 -0.033765134070044799
leaf_weight=1.3999595157802094 1.2604860858991744 18.278263411019012 0.96992250648327427 1.5000803978182369 1.144161444390192 1.7496819046791645 1.6527679725550104 1.4838579189963628 1.9761788127943871 0.82931615668348957
leaf_count=15 21 228 26 21 20 47 11 32 22 20
internal_value=0.0027 0.00021977 -0.0718492 0.00583736 0.00167987 -0.0368194 0.00837329 0.00312958 0.0359016 -0.0866345
internal_weight=32.2447 30.8447 2.23041 28.6143 25.138 3.72316 21.4149 19.7621 3.47626 2.579
internal_count=463 448 47 401 358 87 271 260 43 67
is_linear=0
shrinkage=0.1


Tree=153
num_leaves=14
num_cat=0
split_feature=5 5 5 1 6 5 9 5 5 1 0 5 1
split_gain=0.745944 1.2288 0.987746 0.511517 0.514237 0.320187 0.240267 0.772157 0.871423 0.000278977 7.78384e-05 5.4961e-05 1.43619e-05
threshold=28.250000000000004 24.050000000000004 27.950000000000003 -0.98296291314453399 54.600000000000009 23.550000000000004 1.0000000180025095e-35 28.450000000000003 29.050000000000004 -0.12940952255126037 -0.91597561503675329 25.550000000000004 0.78656609248549303
decision_type=2 2 2 2 2 2 2 2 2 2 2 2 2
left_child=1 5 9 -2 -5 -1 7 -6 -9 -3 11 -11 -12
right_child=3 2 -4 4 6 -7 -8 8 -10 10 12 -13 -14
leaf_value=-0.0088493535184078244 -0.010331029981881812 -0.083379122724994426 -0.0047025330859809637 -0.015617048699899031 0.12978303383795184 0.030382709424937922 0.0038865375737353472 -0.0085403830130292291 0.07789162052640114 -0.082500536226528434 -0.080742812142135967 -0.08118003578948535 -0.08145785333058686
leaf_weight=4.7867136821150797 5.1908271908760062 1.168072467669844 2.8798916712403297 2.0054933838546258 1.0163371618837116 3.6792707126587629 1.3515645004808901 2.3925615372136235 2.2762844022363424 0.91639205440878801 0.88345381291583247 0.48044158751145005 0.4118475653231144
leaf_count=25 20 26 21 35 9 26 21 30 81 28 89 32 20
internal_value=-0.00176346 -0.0171638 -0.0490232 0.0146897 0.0290532 0.00820069 0.0417844 0.050794 0.0335993 -0.0820885 -0.0815286 -0.0820463 -0.0809702
internal_weight=29.4392 15.2061 6.7401 14.2331 9.04224 8.46598 7.03675 5.68518 4.66885 3.86021 2.69214 1.39683 1.2953
internal_count=463 267 216 196 176 51 141 120 111 195 169 60 109
is_linear=0
shrinkage=0.1


Tree=154
num_leaves=10
num_cat=0
split_feature=6 6 6 2 2 1 5 6 5
split_gain=0.588058 1.54526 0.987871 0.698967 0.889215 0.551853 0.527673 0.450016 0.0284249
threshold=86.100000000000009 83.40000000000002 82.000000000000014 -0.8783796973249266 0.6078576107927941 0.37940952255126026 23.250000000000004 56.750000000000007 23.250000000000004
decision_type=2 2 2 2 2 2 2 2 2
left_child=1 2 3 7 6 -6 -5 -1 -9
right_child=-2 -3 -4 4 5 -7 -8 8 -10
leaf_value=0.044347767311068195 0.068243243131533279 -0.11374244626661129 0.10237260830690838 -0.023638330954074013 -0.076765619637887736 0.014016537101217502 0.044026776286327368 -0.12632396850942068 -0.089448052855086779
leaf_weight=0.27388802298810055 1.2632210508454598 1.1520919612376008 1.0062709902413178 1.4957834705710409 1.6189384385361338 1.1419227221049366 5.0214822890702635 0.29029142856597878 0.74674686836078763
leaf_count=20 10 12 8 7 77 22 236 1 70
internal_value=0.00316249 -0.00328677 0.00768792 -0.00130991 0.00834747 -0.0392171 0.0284969 -0.0696603 -0.0997705
internal_weight=14.0106 12.7474 11.5953 10.5891 9.27813 2.76086 6.51727 1.31093 1.03704
internal_count=463 453 441 433 342 99 243 91 71
is_linear=0
shrinkage=0.1


Tree=155
num_leaves=16
num_cat=0
split_feature=5 6 6 6 5 5 2 3 2 6 6 5 0 5 1
split_gain=1.14352 0.588258 0.349453 1.27402 1.36653 1.1825 1.43069 0.940265 0.463637 0.759634 0.912616 0.0129869 0.000710666 3.33382e-05 2.43568e-05
threshold=28.650000000000002 69.250000000000014 68.850000000000009 66.750000000000014 25.550000000000004 26.750000000000004 -1.0000000180025095e-35 0.81174490092936691 -0.8783796973249266 71.050000000000011 72.15000000000002 28.750000000000004 0.91597561503675362 31.850000000000005 -0.98296291314453399
decision_type=2 2 2 2 2 2 2 2 2 2 2 2 2 2 2
left_child=2 11 3 4 -1 -6 -7 8 -4 -10 -11 -2 13 14 -13
right_child=1 -3 7 -5 5 6 -8 -9 9 10 -12 12 -14 -15 -16
leaf_value=-0.057011783431075207 -0.10176272246974238 0.061755639098845974 -0.029713659860157001 0.084069648546291773 0.087554921789820606 -0.060548844824610981 0.035613655014427259 -0.076697148223388481 0.059400769910583177 -0.077112471175912689 0.01397674861585832 -0.081622250434721544 -0.086331070639788218 -0.082370550305157955 -0.080643912878139226
leaf_weight=2.9091405812650981 0.4259364055469631 0.30824093986302603 3.2964743264019498 2.2839785451069465 2.0986192077398282 2.3922414788976294 4.379614033270629 1.6816393611952669 2.6477943677455134 1.3571168752387164 5.8033018931746483 0.38286000862717651 0.33474090695381153 0.20035120518878091 0.75886464794166342
leaf_count=19 5 8 27 23 22 26 33 21 21 14 89 16 4 12 123
internal_value=-0.00109769 -0.0672578 0.00443133 0.0157164 0.00246322 0.0219685 0.00164307 -0.00630215 0.00273119 0.0136357 -0.00328743 -0.0861698 -0.0822089 -0.0811808 -0.080972
internal_weight=31.2609 2.41099 28.8499 14.0636 11.7796 8.87047 6.77186 14.7863 13.1047 9.80821 7.16042 2.10275 1.67682 1.34208 1.14172
internal_count=463 168 295 123 100 81 59 172 151 124 103 160 155 151 139
is_linear=0
shrinkage=0.1


Tree=156
num_leaves=10
num_cat=0
split_feature=1 5 6 1 0 5 1 5 2
split_gain=1.04862 7.00643e-06 1.28681e-06 1.87958e-06 2.45307e-07 4.27042e-07 2.25572e-07 2.71517e-08 2.66779e-08
threshold=0.78656609248549303 23.850000000000005 74.15000000000002 0.37940952255126026 0.91597561503675362 31.850000000000005 -0.98296291314453399 27.950000000000003 1.0000000180025095e-35
decision_type=2 2 2 2 2 2 2 2 2
left_child=1 -1 4 -4 5 6 -3 8 -6
right_child=-2 2 3 -5 7 -7 -8 -9 -10
leaf_value=-0.080909232073272247 0.015275339726511067 -0.080360548237327925 -0.080807981545400712 -0.080284067726050165 -0.080342947897388536 -0.080536838035177263 -0.080194120026898158 -0.080314494519359472 -0.080416190060673853
leaf_weight=0.26657266402617086 5.5315182991325855 0.098794977646320725 0.12946296134032309 0.14536254643462598 0.09856749017490074 0.047095218382310122 0.46356967836618435 0.09320072882110253 0.10037351975915954
leaf_count=28 35 18 15 35 29 12 247 21 23
internal_value=-0.00452909 -0.0804463 -0.0803414 -0.0805309 -0.0802837 -0.0802476 -0.0802234 -0.080359 -0.0803799
internal_weight=6.97452 1.443 1.17643 0.274826 0.901602 0.60946 0.562365 0.292142 0.198941
internal_count=463 428 400 50 350 277 265 73 52
is_linear=0
shrinkage=0.1


Tree=157
num_leaves=16
num_cat=0
split_feature=7 8 2 6 6 0 3 5 1 5 4 5 3 5 2
split_gain=0.377757 0.450222 0.954335 0.993878 2.08943 0.975381 0.955287 1.09933 0.838999 0.706397 0.535921 0.532402 0.503175 0.0323652 0.0225864
threshold=1.0000000180025095e-35 1.0000000180025095e-35 -0.60785761079279388 70.800000000000026 61.850000000000009 0.91597561503675362 -0.22252093395631442 24.550000000000004 1.0000000180025095e-35 27.050000000000004 1.0000000180025095e-35 25.150000000000002 1.0000000180025095e-35 25.550000000000004 0.6078576107927941
decision_type=2 2 2 2 2 2 2 2 2 2 2 2 2 2 2
left_child=-1 8 3 4 12 6 7 -4 9 -2 14 -8 -3 -6 -10
right_child=1 2 5 -5 13 -7 11 -9 10 -11 -12 -13 -14 -15 -16
leaf_value=0.047499478650071175 0.025793734542335429 -0.0044486811987410925 0.0555311475809162 -0.079084094217508255 0.053247712212500464 0.10087181268213807 0.077855540744297444 -0.056152020877330594 -0.092023797153263642 -0.03008915791014043 0.0089141532124966793 0.012729007132325741 -0.082656458834230909 0.07473055369983711 -0.11680065531129649
leaf_weight=1.7377515193074966 4.3361965715885216 1.4010125973727607 1.2997390539385403 1.9465461524669079 1.2223183009773495 1.5925243347883231 2.4981129288207606 2.7380533524556085 0.66839957085903667 4.7287667000200599 0.56274800864048291 2.5229369322769344 1.9928176919929683 1.6451861178502438 0.81842429633252323
leaf_count=22 15 29 12 29 7 6 34 64 27 32 25 70 38 33 20
internal_value=0.00217064 -0.000457335 0.00895129 -0.0166744 0.00272776 0.0286983 0.0160103 -0.0202019 -0.016422 -0.00335775 -0.0742032 0.0451313 -0.0503714 0.0655732 -0.105662
internal_weight=31.7115 29.9738 18.8592 8.20788 6.26133 10.6514 9.05884 4.03779 11.1145 9.06496 2.04957 5.02105 3.39383 2.8675 1.48682
internal_count=463 441 322 136 107 186 180 76 119 47 72 104 67 40 47
is_linear=0
shrinkage=0.1


Tree=158
num_leaves=13
num_cat=0
split_feature=6 1 5 3 0 6 6 6 6 5 6 3
split_gain=0.650043 1.05475 1.06739 0.974042 0.872051 0.909671 0.812095 0.883136 1.27458 0.656544 0.295453 0.20878
threshold=61.850000000000009 -0.98296291314453399 28.350000000000005 1.0000000180025095e-35 0.91597561503675362 59.45000000000001 84.40000000000002 81.200000000000003 79.600000000000009 31.250000000000004 55.550000000000004 1.0000000180025095e-35
decision_type=2 2 2 2 2 2 2 2 2 2 2 2
left_child=4 -2 6 -4 5 9 7 8 -3 10 -1 -12
right_child=1 2 3 -5 -6 -7 -8 -9 -10 -11 11 -13
leaf_value=0.07669322735700379 -0.10620997762082181 -0.033135746629384163 0.10633684828949859 -0.02191559596268864 -0.025720286979008224 0.10469778848646652 0.039983280583542558 -0.10744088209033575 0.06648052746743803 -0.021193000890727214 -0.0076869078908691092 0.050776418495950541
leaf_weight=1.6191325755789892 1.1546293944120432 8.8982856166549045 1.4396334262564772 1.0059517826884983 3.4016894949600092 1.5073009883053599 2.0453443229198447 1.2588064027950157 1.5010901587083925 2.5472488543018699 1.2188741015270355 1.2244630511850116
leaf_count=30 5 198 33 20 22 37 17 20 8 32 20 21
internal_value=-0.00162384 -0.0138767 -0.00727506 0.0535823 0.0167828 0.034595 -0.0181359 -0.0283325 -0.0187567 0.0186085 0.0435649 0.0216116
internal_weight=28.8225 17.3037 16.1491 2.44559 11.5187 8.11702 13.7035 11.6582 10.3994 6.60972 4.06247 2.44334
internal_count=463 301 296 53 162 140 243 226 206 103 71 41
is_linear=0
shrinkage=0.1


Tree=159
num_leaves=19
num_cat=0
split_feature=0 2 2 9 6 6 3 0 8 8 3 5 6 6 5 6 5 6
split_gain=0.532362 0.595034 0.640751 0.564694 0.419664 0.798535 0.913459 0.592214 0.847783 0.265706 0.171553 0.126816 0.104858 0.105838 0.0348116 0.00567066 2.36471e-06 3.77372e-08
threshold=1.0000000180025095e-35 0.87837969732492682 -0.8783796973249266 1.0000000180025095e-35 74.65000000000002 71.850000000000009 -1.0000000180025095e-35 -0.78656609248549303 1.0000000180025095e-35 1.0000000180025095e-35 -0.56174490092936669 31.850000000000005 74.15000000000002 63.750000000000007 31.950000000000003 80.050000000000026 31.150000000000002 61.250000000000007
decision_type=2 2 2 2 2 2 2 2 2 2 2 2 2 2 2 2 2 2
left_child=1 2 9 10 5 6 -4 -6 -9 -1 11 17 13 -11 15 16 -12 -2
right_child=3 -3 4 -5 7 -7 -8 8 -10 12 14 -13 -14 -15 -16 -17 -18 -19
leaf_value=0.015348642909864464 -0.080501858600481924 -0.045658710997835542 0.13285490330286451 0.078186264490764226 0.086321467219703046 -0.098920399387565874 -0.0028664997293285591 0.076015518417012706 -0.027245375192674833 0.022693077522754471 -0.080401235800723392 0.032055853415122126 -0.11061347613376021 -0.087728313357327448 -0.12746577071800477 -0.10040174406918503 -0.080946453384253533 -0.080410848618271982
leaf_weight=0.44454481825232506 0.076099058846011647 1.6338989477371804 0.61590422037988624 0.28632161463610817 2.1973524233326316 0.63986795628443349 2.5450863970909285 1.4391253748908639 1.776633367408067 0.15577689430210451 0.39149796037236306 0.21243888139724731 0.48289187590125948 0.1960449666948989 0.29214158654212952 0.20238801836967468 0.099835740344133228 0.11353408370632678
leaf_count=5 15 34 39 4 15 18 71 17 29 26 112 2 8 19 1 1 17 30
internal_value=0.0031788 0.0104763 0.0192171 -0.0496791 0.0284247 0.00295576 0.0235782 0.0463078 0.0189662 -0.0471014 -0.0760569 -0.0210051 -0.0803605 -0.0388368 -0.098509 -0.0863147 -0.080512 -0.0804474
internal_weight=13.8014 12.1271 10.4932 1.67426 9.21397 3.80086 3.16099 5.41311 3.21576 1.27926 1.38794 0.402072 0.834714 0.351822 0.985863 0.693722 0.491334 0.189633
internal_count=463 281 247 182 189 128 110 61 46 58 178 47 53 45 131 130 129 45
is_linear=0
shrinkage=0.1


Tree=160
num_leaves=15
num_cat=0
split_feature=1 5 2 6 6 0 6 6 8 5 1 5 5 5
split_gain=1.01123 0.287232 0.305575 0.526915 1.63516 1.1814 0.744183 0.393074 0.942823 2.86357e-05 2.29882e-05 1.60943e-05 3.18305e-06 1.43284e-06
threshold=-0.37940952255126015 23.650000000000002 0.6078576107927941 66.450000000000017 68.850000000000009 -0.60355339059327362 63.050000000000004 64.850000000000009 1.0000000180025095e-35 31.850000000000005 -0.98296291314453399 28.250000000000004 31.650000000000002 29.050000000000004
decision_type=2 2 2 2 2 2 2 2 2 2 2 2 2 2
left_child=9 -2 3 6 -5 -6 -3 -4 -9 10 -1 -12 13 -13
right_child=1 2 7 4 5 -7 -8 8 -10 -11 11 12 -14 -15
leaf_value=-0.081550675480960441 -0.034680874013778271 0.024596014733990638 0.022257055802214279 0.10998268857893019 0.035022229718880526 -0.04096021528131609 -0.03560651744463731 0.016298951481422526 -0.067003564833605686 -0.082250658245111602 -0.081703911426181053 -0.080599001551139346 -0.080984818656276339 -0.080290781998093932
leaf_weight=0.40852654539048661 1.8715770561248088 3.968610851094132 2.4814915768802157 1.9498626086860884 5.9914682824164691 3.1076788045465866 4.2544854199513793 2.6899449368938804 2.7452956009656191 0.18725815485231567 0.12403803132474678 0.2294461689889431 0.10655979113653302 0.44017881690524518
leaf_count=18 30 30 16 20 69 37 33 20 32 12 5 27 8 106
internal_value=-0.000915575 0.00321195 0.00582035 0.0126151 0.0268797 0.00907155 -0.00655172 -0.0107204 -0.0257765 -0.081094 -0.0809285 -0.0806462 -0.0804772 -0.0803964
internal_weight=30.5564 29.0604 27.1888 19.2721 11.049 9.09915 8.2231 7.91673 5.43524 1.49601 1.30875 0.900223 0.776185 0.669625
internal_count=463 287 257 189 126 106 63 68 52 176 164 146 141 133
is_linear=0
shrinkage=0.1


Tree=161
num_leaves=10
num_cat=0
split_feature=6 6 5 1 8 5 0 1 5
split_gain=0.982617 0.638747 0.151838 0.394981 0.0864602 2.12746e-07 2.52e-07 1.66143e-07 2.02294e-08
threshold=74.15000000000002 80.65000000000002 23.750000000000004 0.78656609248549303 1.0000000180025095e-35 31.750000000000004 0.91597561503675362 -0.98296291314453399 27.950000000000003
decision_type=2 2 2 2 2 2 2 2 2
left_child=2 4 -1 5 -2 6 7 -4 -8
right_child=1 -3 3 -5 -6 -7 8 -9 -10
leaf_value=-0.11658312189552156 0.081091723300181218 -0.009242538131434384 -0.080330894800274097 0.084202365126379256 0.03637923739305967 -0.080445082133104792 -0.080347694704782452 -0.080181264273126496 -0.080288606728531192
leaf_weight=0.55032562685664732 1.1243589788209645 3.447034340002574 0.090593300992622638 0.1773219034075737 0.70279572904109944 0.060371159110218287 0.18079754617065191 0.41024248284520592 0.085266285459510982
leaf_count=9 21 39 18 3 40 16 52 244 21
internal_value=-0.00450192 0.0160942 -0.0743628 -0.0512341 0.0638935 -0.0802643 -0.0802501 -0.0802083 -0.0803288
internal_weight=6.82911 5.27419 1.55492 1.00459 1.82715 0.827271 0.7669 0.500836 0.266064
internal_count=463 100 363 354 61 351 335 262 73
is_linear=0
shrinkage=0.1


Tree=162
num_leaves=15
num_cat=0
split_feature=1 1 6 2 6 6 6 5 5 6 5 5 5 6
split_gain=0.380698 1.02752 0.482847 1.78516 0.89196 0.711842 0.607338 0.603797 0.602256 0.000555748 0.000379893 3.22962e-05 8.10116e-06 2.29779e-06
threshold=-0.98296291314453399 -0.37940952255126015 71.750000000000014 -0.60785761079279388 70.200000000000003 75.65000000000002 61.45000000000001 24.950000000000003 25.650000000000002 73.15000000000002 31.850000000000005 28.350000000000005 31.550000000000004 61.850000000000009
decision_type=2 2 2 2 2 2 2 2 2 2 2 2 2 2
left_child=-1 10 4 9 6 -5 -3 -7 -8 -4 11 -2 13 -13
right_child=1 2 3 5 -6 7 8 -9 -10 -11 -12 12 -14 -15
leaf_value=0.02646057403711536 -0.082192710242092029 0.027661980237018227 -0.1041184159522741 0.05242341678758157 0.06299636712462918 -0.091546243964734958 0.01159911697363685 0.052236863794065391 -0.035764731849644689 -0.10766122600099304 -0.084955092517495709 -0.080479043496784697 -0.081331680259829287 -0.080803981385891843
leaf_weight=5.3025549128651646 0.18383201747201994 5.5286167268641355 0.81919649895280577 2.1537796698976304 2.6783796255476764 0.84008499258197822 5.1443862440064532 0.44771354051772505 5.6147631397470832 0.96359541430138052 0.2947460040450095 0.47635524184443034 0.20076761767268181 0.40067672356963158
leaf_count=20 8 32 9 27 25 37 36 22 68 31 10 85 12 41
internal_value=0.00206095 -0.00296413 0.00210306 -0.0248157 0.00951804 0.0172563 0.000723999 -0.0415589 -0.0131182 -0.106033 -0.0817228 -0.0809676 -0.0807587 -0.0806275
internal_weight=31.0494 25.7469 24.1905 5.22437 18.9661 3.44158 16.2878 1.2878 10.7591 1.78279 1.55638 1.26163 1.0778 0.877032
internal_count=463 443 287 126 161 86 136 59 104 40 156 146 138 126
is_linear=0
shrinkage=0.1


Tree=163
num_leaves=18
num_cat=0
split_feature=5 5 0 3 2 5 6 5 3 3 5 6 1 0 5 1 6
split_gain=0.558994 1.93295 0.634955 0.713939 0.483077 1.20709 0.651854 0.295611 0.292505 0.280052 0.00166242 0.00106774 0.000176425 6.02984e-05 4.42207e-05 6.97934e-06 3.16181e-06
threshold=27.950000000000003 24.050000000000004 -0.3794095225512602 -0.56174490092936669 1.0000000180025095e-35 29.850000000000005 55.550000000000004 23.550000000000004 1.0000000180025095e-35 1.0000000180025095e-35 28.350000000000005 55.050000000000004 -0.12940952255126037 -0.91597561503675329 25.550000000000004 0.78656609248549303 66.100000000000009
decision_type=2 2 2 2 2 2 2 2 2 2 2 2 2 2 2 2 2
left_child=1 7 3 -2 5 -4 -7 -1 -6 -8 -5 -12 -3 14 -14 16 -15
right_child=2 12 4 10 8 6 9 -9 -10 -11 11 -13 13 15 -16 -17 -18
leaf_value=-0.0089940377441596626 -0.0070106132942667314 -0.082963103124408716 -0.054292523986516343 0.090385620175651868 0.057972297741879633 0.069466483784484223 -0.03459991839464515 0.028989827995970319 0.0019307153587846881 0.020684120380260285 0.088471982971079777 0.082131861791430436 -0.082302710035638382 -0.081044838577204084 -0.081033587005761298 -0.081241395512818448 -0.080584755668823616
leaf_weight=4.6631597802042979 1.3492097863927486 1.0280983243137609 3.8907581996172649 0.87823659460991876 1.9200940164737395 1.7253631204366682 1.7123695681802931 3.654730087146163 1.8086397144943476 1.9709971975535152 0.43224114645272471 0.68909950461238623 0.81998815760016552 0.20053600240498493 0.41274128668010235 0.34552381467074156 0.58543146727606654
leaf_count=25 14 26 37 10 33 17 23 26 12 22 12 37 28 17 32 20 72
internal_value=-0.00156719 -0.0182506 0.0103621 0.0491997 0.000379219 -0.0118139 0.0187429 0.00769538 0.0307891 -0.00501701 0.0871275 0.0845758 -0.0818695 -0.0813939 -0.0818778 -0.0808668 -0.0807021
internal_weight=28.0872 11.7102 16.377 3.34879 13.0282 9.29949 5.40873 8.31789 3.72873 3.68337 1.99958 1.12134 3.39232 2.36422 1.23273 1.13149 0.785967
internal_count=463 246 217 73 144 99 62 51 45 45 59 49 195 169 60 109 89
is_linear=0
shrinkage=0.1


Tree=164
num_leaves=10
num_cat=0
split_feature=6 6 6 2 2 1 5 6 5
split_gain=0.516458 1.35283 0.83839 0.586821 0.684869 0.434827 0.425136 0.371439 0.0140671
threshold=86.100000000000009 83.40000000000002 82.000000000000014 -0.8783796973249266 0.6078576107927941 0.37940952255126026 23.250000000000004 56.750000000000007 23.250000000000004
decision_type=2 2 2 2 2 2 2 2 2
left_child=1 2 3 7 6 -6 -5 -1 -9
right_child=-2 -3 -4 4 5 -7 -8 8 -10
leaf_value=0.040332454065448241 0.063699181549608325 -0.11046568216498692 0.097539926526395107 -0.023154609417872406 -0.070575291995196687 0.011421561368427967 0.038838980233492394 -0.11572295923258025 -0.088582888208317223
leaf_weight=0.25249260233249227 1.2649827189743525 1.0766897146822874 0.93517146306112486 1.4232181459665278 1.5119345162529501 1.1301488245371727 4.9661768549703993 0.26675242185592651 0.67230202280916274
leaf_count=20 10 12 8 7 77 22 236 1 70
internal_value=0.00287021 -0.00341898 0.00691029 -0.00138023 0.00732217 -0.0355012 0.0250301 -0.0673412 -0.0962924
internal_weight=13.4999 12.2349 11.1582 10.223 9.03148 2.64208 6.3894 1.19155 0.939054
internal_count=463 453 441 433 342 99 243 91 71
is_linear=0
shrinkage=0.1


Tree=165
num_leaves=17
num_cat=0
split_feature=5 6 5 2 6 2 1 6 1 1 3 6 5 0 5 1
split_gain=0.931621 0.609449 0.272698 0.215567 0.714054 0.722964 1.54377 0.526334 0.597977 0.367956 0.268474 0.190419 0.0087152 0.000577523 1.87908e-05 1.28451e-05
threshold=28.650000000000002 71.750000000000014 23.650000000000002 -1.0000000180025095e-35 65.450000000000017 -0.8783796973249266 0.37940952255126026 68.700000000000003 0.37940952255126026 -0.12940952255126037 1.0000000180025095e-35 64.600000000000009 28.750000000000004 0.91597561503675362 31.850000000000005 -0.98296291314453399
decision_type=2 2 2 2 2 2 2 2 2 2 2 2 2 2 2 2
left_child=2 12 -1 4 -4 -6 -7 9 -9 -5 -10 -11 -2 14 15 -14
right_child=1 -3 3 7 5 6 -8 8 10 11 -12 -13 13 -15 -16 -17
leaf_value=-0.033364851823013887 -0.09893894439139829 0.07782217969936471 -0.019743152976041626 -0.0041888221397106363 0.0027366095020387119 0.12160492327391487 -0.0077188109030860378 -0.041526741972298505 0.061654914812227138 0.014619134570505267 -0.012700099585603801 0.05802139764786042 -0.081334647395172058 -0.085839604542357575 -0.08195972799699297 -0.080556794736965545
leaf_weight=1.8242554254829944 0.38690615585073773 0.26068952726200212 3.4897511377930712 4.5643398445099592 3.5268385522067547 2.137465357780457 1.6246488047763703 4.6889373348094532 0.97066749632358529 1.9412865266203789 0.97174740768969059 2.1090419674292207 0.31646467745304097 0.31268584728240956 0.16778850741684437 0.64495304250158358
leaf_count=30 5 4 35 27 32 22 32 32 25 19 18 23 16 4 12 127
internal_value=-0.000821295 -0.0652219 0.00401063 0.00663054 0.0174547 0.035264 0.0657572 -0.00102196 -0.0221993 0.0152798 0.0244567 0.0372191 -0.0856123 -0.0820364 -0.0809833 -0.0808128
internal_weight=29.9385 2.08949 27.849 26.0247 10.7787 7.28895 3.76211 15.246 6.63135 8.61467 1.94241 4.05033 1.8288 1.44189 1.12921 0.961418
internal_count=463 168 295 265 121 86 54 144 75 69 43 42 164 159 155 143
is_linear=0
shrinkage=0.1


Tree=166
num_leaves=11
num_cat=0
split_feature=6 6 3 3 5 1 5 0 5 5
split_gain=0.921794 1.27389 0.503859 0.529854 0.122758 0.34799 0.113735 1.81878e-07 2.76962e-07 1.66483e-08
threshold=87.100000000000009 74.15000000000002 0.81174490092936691 -0.56174490092936669 24.950000000000003 0.78656609248549303 23.350000000000005 0.91597561503675362 31.850000000000005 27.950000000000003
decision_type=2 2 2 2 2 2 2 2 2 2
left_child=1 4 3 -3 -1 7 -5 8 -6 -9
right_child=-2 2 -4 6 5 -7 -8 9 -10 -11
leaf_value=-0.10691294747575866 -0.11054610027544594 0.00099743290547803383 -0.027891507066761901 0.11107926265297818 -0.080168492774182087 0.083790032754733346 0.064481232623201351 -0.080322535047512508 -0.080447123933632569 -0.08026648491678634
leaf_weight=0.61789833928924032 0.7297583776526152 1.241995821008459 0.98516146815381933 0.85993259120732579 0.37343920359853655 0.16119588911533356 1.3399971188046036 0.16321716451784596 0.039442735083866864 0.078470106702297926
leaf_count=39 6 31 13 7 238 3 43 50 12 21
internal_value=-0.00456107 0.00863578 0.0351668 0.0532156 -0.0732908 -0.0478239 0.082696 -0.0802354 -0.0801951 -0.0803043
internal_weight=6.59051 5.86075 4.42709 3.44193 1.43366 0.815765 2.19993 0.654569 0.412882 0.241687
internal_count=463 457 94 81 363 324 50 321 250 71
is_linear=0
shrinkage=0.1


Tree=167
num_leaves=14
num_cat=0
split_feature=1 1 6 2 6 6 5 6 6 5 5 5 6
split_gain=0.320501 0.924573 0.432105 1.56983 0.73126 0.57115 0.629044 0.531144 0.567692 0.000240886 2.67876e-05 5.08176e-06 2.29899e-06
threshold=-0.98296291314453399 -0.37940952255126015 71.750000000000014 -0.60785761079279388 70.200000000000003 75.65000000000002 25.350000000000005 61.45000000000001 66.100000000000009 31.850000000000005 28.350000000000005 31.550000000000004 61.850000000000009
decision_type=2 2 2 2 2 2 2 2 2 2 2 2 2
left_child=-1 9 4 -4 7 -5 -7 -3 -9 10 -2 12 -12
right_child=1 2 3 5 -6 6 -8 8 -10 -11 11 -13 -14
leaf_value=0.02444287975360844 -0.082054319033812384 0.026049441593729517 -0.10348553038230751 0.046912625482448081 0.057441907008948349 -0.089864015083886292 0.061501791293163216 -0.039699020205838695 0.0072646743650901296 -0.084252674295806296 -0.08042610467850092 -0.081176659284407468 -0.080766862219505298
leaf_weight=5.2573874965310123 0.16949489363469783 5.5189111973159077 1.6648038683924822 2.1121917851269241 2.6643385221250346 0.81441629992332287 0.41417828458361328 4.3961902637965959 6.2093072060961276 0.26264979783445586 0.42648106475826353 0.17703297641128302 0.36955554550513625
leaf_count=20 8 32 40 27 25 46 13 47 57 10 85 12 41
internal_value=0.00198427 -0.00270128 0.0019536 -0.0241547 0.00890924 0.015378 -0.0388363 0.000889875 -0.0122027 -0.0815219 -0.0808942 -0.0806921 -0.0805843
internal_weight=30.4569 25.1996 23.7943 5.00559 18.7887 3.34079 1.22859 16.1244 10.6055 1.40521 1.14256 0.97307 0.796037
internal_count=463 443 287 126 161 86 59 136 104 156 146 138 126
is_linear=0
shrinkage=0.1


Tree=168
num_leaves=18
num_cat=0
split_feature=5 5 0 3 2 5 6 5 3 3 5 6 1 0 5 1 6
split_gain=0.483597 1.77192 0.54957 0.654124 0.384249 1.05739 0.561162 0.276439 0.25814 0.244787 0.00140063 0.00069847 0.000130412 4.81261e-05 3.46682e-05 5.20212e-06 2.48708e-06
threshold=27.950000000000003 24.050000000000004 -0.3794095225512602 -0.56174490092936669 1.0000000180025095e-35 29.850000000000005 55.550000000000004 23.550000000000004 -1.0000000180025095e-35 -1.0000000180025095e-35 28.350000000000005 54.600000000000009 -0.12940952255126037 -0.91597561503675329 25.550000000000004 0.78656609248549303 66.100000000000009
decision_type=2 2 2 2 2 2 2 2 2 2 2 2 2 2 2 2 2
left_child=1 7 3 -2 5 -4 -7 -1 -6 -8 -5 -12 -3 14 -14 16 -15
right_child=2 12 4 10 8 6 9 -9 -10 -11 11 -13 13 15 -16 -17 -18
leaf_value=-0.0095043976796378837 -0.0054251568324453448 -0.082699198080764591 -0.050720972300795766 0.089656346245447938 0.053739427998800784 0.06584618843601725 -0.031932635166903332 0.027249115186897644 0.00074082767387611485 0.020187005974239058 0.087495607041299064 0.082003723925615973 -0.082130455497028548 -0.080962357694518997 -0.080961314645879343 -0.081135571149975327 -0.080537508711316319
leaf_weight=4.6141809895634669 1.3562255920842292 0.94015960767865125 3.8185192011296696 0.80611474439501829 1.8708653100766242 1.6901809968985615 1.6770274592563492 3.6774608250707388 1.8063620179891595 1.9476913153193909 0.36848591547459364 0.62331858975812793 0.75547057390212968 0.1856711152940993 0.3818098590709269 0.31265626102685928 0.53433038992807269
leaf_count=25 14 26 37 10 33 17 23 26 12 22 10 39 28 17 32 20 72
internal_value=-0.00161741 -0.0173474 0.00961663 0.0470083 0.000410327 -0.0105788 0.0182615 0.00679631 0.027705 -0.00392688 0.0865604 0.0840441 -0.0817154 -0.0812892 -0.0817379 -0.080795 -0.0806471
internal_weight=27.3665 11.4017 15.9648 3.15414 12.8106 9.13342 5.3149 8.29164 3.67723 3.62472 1.79792 0.991805 3.1101 2.16994 1.13728 1.03266 0.720002
internal_count=463 246 217 73 144 99 62 51 45 45 59 49 195 169 60 109 89
is_linear=0
shrinkage=0.1


Tree=169
num_leaves=8
num_cat=0
split_feature=5 5 5 6 5 6 5
split_gain=0.507359 0.9847 0.281458 0.152739 0.000186995 7.41111e-06 2.30565e-06
threshold=32.300000000000004 24.050000000000004 31.950000000000003 79.600000000000009 31.850000000000005 82.000000000000014 31.650000000000002
decision_type=2 2 2 2 2 2 2
left_child=1 3 4 -1 5 6 -3
right_child=-2 2 -4 -5 -6 -7 -8
leaf_value=0.024717147166617048 0.088909878784400487 -0.080394475707160948 -0.0014982255268126089 0.00029724123846601702 -0.084146073572369223 -0.081233650660837015 -0.080897673243987389
leaf_weight=4.8237997610121948 0.65212526172399599 1.3500427471008145 0.60393232107162464 5.4608963876962662 0.15374598652124394 0.12409527128329489 0.09764332091435779
leaf_count=26 6 376 3 25 3 15 9
internal_value=0.00290032 -0.0015462 -0.0602534 0.0117508 -0.0808176 -0.080492 -0.0804284
internal_weight=13.2663 12.6142 2.32946 10.2847 1.72553 1.57178 1.44769
internal_count=463 457 406 51 403 400 385
is_linear=0
shrinkage=0.1


Tree=170
num_leaves=15
num_cat=0
split_feature=1 5 1 8 2 6 8 5 0 6 6 5 0 5
split_gain=0.881873 0.953042 0.568904 1.22268 0.863162 0.529228 0.497298 1.22835 0.823922 0.437579 0.507462 0.00764103 0.000429524 1.23971e-05
threshold=0.78656609248549303 28.650000000000002 0.37940952255126026 1.0000000180025095e-35 1.0000000180025095e-35 71.750000000000014 1.0000000180025095e-35 24.650000000000002 -0.98296291314453399 64.600000000000009 68.850000000000009 28.750000000000004 0.91597561503675362 31.850000000000005
decision_type=2 2 2 2 2 2 2 2 2 2 2 2 2 2
left_child=1 2 6 -4 -5 11 9 -8 -9 -1 -11 -3 13 -13
right_child=-2 5 3 4 -6 -7 7 8 -10 10 -12 12 -14 -15
leaf_value=-0.0094311595558857486 -0.082801042499056343 -0.098177594928076956 -0.014772933136508513 0.035057967540900681 0.15909058251648678 0.07158785201262198 -0.07952714297629021 0.059823263744637339 -0.013081977318039102 0.059194101028912496 0.0036446885007480586 -0.080740816781394317 -0.085278616465774809 -0.081728479637749013
leaf_weight=3.9679008079692792 1.2571817338466633 0.36721871793270011 2.0600485103204846 1.2279944801703089 1.0331008173525331 0.24629326397553075 2.2482406329363629 1.9939677305519641 6.9640720169991175 3.4353624684736133 3.1547496635466814 0.86909969116095431 0.28478769585490216 0.14885388221591711
leaf_count=25 35 5 29 30 22 4 16 36 55 23 24 143 4 12
internal_value=-0.00086644 0.00281215 0.00781239 0.0409555 0.0917288 -0.0652548 0.00123207 -0.0134402 0.00314598 0.0168052 0.0326021 -0.085437 -0.0818457 -0.0808852
internal_weight=29.2589 28.0017 26.0854 4.32114 2.2611 1.91625 21.7643 11.2063 8.95804 10.558 6.59011 1.66996 1.30274 1.01795
internal_count=463 428 260 81 52 168 179 107 91 72 47 164 159 155
is_linear=0
shrinkage=0.1


Tree=171
num_leaves=10
num_cat=0
split_feature=1 5 6 1 0 5 1 5 5
split_gain=0.854328 9.31263e-06 2.59802e-06 1.72795e-06 1.1847e-07 1.59013e-07 8.82208e-08 1.16551e-08 2.10809e-08
threshold=0.78656609248549303 23.550000000000004 74.15000000000002 0.60355339059327384 0.91597561503675362 31.850000000000005 -0.98296291314453399 27.950000000000003 26.850000000000005
decision_type=2 2 2 2 2 2 2 2 2
left_child=1 -1 4 -4 5 6 -3 8 -6
right_child=-2 2 3 -5 7 -7 -8 -9 -10
leaf_value=-0.081112136181732464 0.013269450803775574 -0.08027287211815283 -0.08077456918685641 -0.080315274421195793 -0.080262702730265242 -0.080395807173721495 -0.080153230122882224 -0.080246154511994489 -0.080337870151162394
leaf_weight=0.17908629239536811 5.1970873586833477 0.074611765565350319 0.17628158978186548 0.15301074576564133 0.08699119626544416 0.034969990607351065 0.35426694399211567 0.072165604040492326 0.065330640645697713
leaf_count=17 35 18 21 36 35 12 251 21 17
internal_value=-0.00427129 -0.0804472 -0.0803301 -0.0805612 -0.0802196 -0.0801908 -0.080174 -0.0802793 -0.0802949
internal_weight=6.3938 1.19671 1.01763 0.329292 0.688336 0.463849 0.428879 0.224487 0.152322
internal_count=463 428 411 57 354 281 269 73 52
is_linear=0
shrinkage=0.1


Tree=172
num_leaves=10
num_cat=0
split_feature=5 5 3 7 8 3 5 5 5
split_gain=0.362271 0.906239 0.410487 0.295106 0.378875 0.783075 0.737002 0.73316 0.454428
threshold=23.250000000000004 24.350000000000005 -1.0000000180025095e-35 1.0000000180025095e-35 1.0000000180025095e-35 0.81174490092936691 24.650000000000002 27.950000000000003 26.650000000000002
decision_type=2 2 2 2 2 2 2 2 2
left_child=-1 2 -2 -3 7 6 -6 8 -5
right_child=1 3 -4 4 5 -7 -8 -9 -10
leaf_value=0.055337004253213355 -0.10617652720990511 0.045793107348266825 -0.014251098956512951 -0.023815499881657345 0.08453675889337009 0.076091315331005493 -0.0029548491686396186 -0.062670456599065325 0.025799405459063309
leaf_weight=1.2196239312179411 1.1042179326759649 1.6268454953096902 0.86731734452769416 3.5793677379842919 1.0421834886073913 1.6779744909144945 12.639902704511767 2.3193361747544259 3.8121231440454721
leaf_count=15 21 21 26 44 12 29 250 24 21
internal_value=0.00195965 -0.000311087 -0.0657367 0.00452037 0.00184219 0.0116167 0.00370951 -0.0136186 0.00177313
internal_weight=29.8889 28.6693 1.97154 26.6977 25.0709 15.3601 13.6821 9.71083 7.39149
internal_count=463 448 47 401 380 291 262 89 65
is_linear=0
shrinkage=0.1


Tree=173
num_leaves=19
num_cat=0
split_feature=1 5 0 3 5 2 6 2 2 3 2 5 3 5 1 0 0 6
split_gain=0.409399 1.47447 0.724121 0.744389 0.44949 0.854643 0.538268 0.82861 0.611001 0.243663 0.229785 0.160656 0.0294743 0.00416146 0.0018196 3.38033e-05 3.00402e-06 2.03296e-06
threshold=0.1294095225512602 23.750000000000004 -0.3794095225512602 -0.56174490092936669 28.250000000000004 0.6078576107927941 56.850000000000001 -0.60785761079279388 -0.60785761079279388 1.0000000180025095e-35 0.87837969732492682 28.150000000000002 -0.56174490092936669 24.050000000000004 -0.37940952255126015 -0.91597561503675329 -0.60355339059327362 70.550000000000011
decision_type=2 2 2 2 2 2 2 2 2 2 2 2 2 2 2 2 2 2
left_child=2 -2 3 -1 5 12 8 -8 -6 -9 11 -5 -4 -3 -13 -15 17 -17
right_child=1 13 4 10 6 -7 7 9 -10 -11 -12 14 -14 15 -16 16 -18 -19
leaf_value=-0.0095380505555357278 0.0057238204356278247 -0.089536854164327925 -0.098708400098302049 0.017026109421536026 0.019282800758137153 0.021990330220972874 -0.013633974568599756 0.082343618752169612 -0.055103832018281632 0.029108099589801584 0.13462431037713213 0.081332229549272189 -0.071872278964498423 -0.081800963410656596 0.089604757757177841 -0.080956447699565282 -0.081059453966292952 -0.080507724906004857
leaf_weight=1.4070855402387681 6.6581503897905332 1.0873247701674702 0.84986479440703988 0.5105957696214366 2.0709181278944016 1.3349553458392618 3.0000581094063836 1.8910839650779947 2.3654856421053392 1.5765599850565193 0.62937866803258646 0.56399717181921027 0.78942094021476916 0.61521015502512455 0.50303820148110345 0.14659179653972387 0.28335514012724139 0.32439020043238997
leaf_count=21 35 14 24 25 23 17 40 30 26 15 10 44 27 27 7 13 20 45
internal_value=-0.00152409 -0.0187078 0.00743008 0.0473004 -0.00295264 -0.0374113 0.00644642 0.0248476 -0.0203801 0.0581402 0.0835379 0.0631575 -0.0857851 -0.0849179 0.0852322 -0.0812508 -0.0808022 -0.0806474
internal_weight=26.6075 9.11502 17.4924 3.6141 13.8783 2.97424 10.9041 6.4677 4.4364 3.46764 2.20701 1.57763 1.63929 2.45687 1.06704 1.36955 0.754337 0.470982
internal_count=463 154 309 107 202 68 134 85 49 45 86 76 51 119 51 105 78 58
is_linear=0
shrinkage=0.1


Tree=174
num_leaves=8
num_cat=0
split_feature=5 5 5 6 5 6 5
split_gain=0.475774 0.84994 0.277573 0.138323 0.00012451 7.07909e-06 1.51414e-06
threshold=32.300000000000004 24.050000000000004 31.950000000000003 79.600000000000009 31.850000000000005 82.000000000000014 31.650000000000002
decision_type=2 2 2 2 2 2 2
left_child=1 3 4 -1 5 6 -3
right_child=-2 2 -4 -5 -6 -7 -8
leaf_value=0.022758430902481169 0.088353844270800938 -0.080361997191296594 -0.00084511493370186322 -0.00051467812917055562 -0.083619896953004771 -0.081203599542951366 -0.080796285356526582
leaf_weight=4.8187296185642463 0.61717907339334566 1.2249690388271113 0.60249808430671681 5.4332863092422485 0.13633767142891873 0.11658673436613742 0.085910631343722232
leaf_count=26 6 376 3 25 3 15 9
internal_value=0.00265746 -0.00160158 -0.0585141 0.0104243 -0.0807326 -0.0804569 -0.0803905
internal_weight=13.0355 12.4183 2.1663 10.252 1.5638 1.42747 1.31088
internal_count=463 457 406 51 403 400 385
is_linear=0
shrinkage=0.1


Tree=175
num_leaves=16
num_cat=0
split_feature=5 6 5 8 1 5 0 5 5 2 5 5 0 5 1
split_gain=0.755141 0.481792 0.238264 0.434399 0.729534 0.624469 0.680989 0.789872 0.496281 0.264174 0.0393494 0.0051436 0.000342116 9.25106e-06 7.31534e-06
threshold=28.650000000000002 71.750000000000014 23.850000000000005 1.0000000180025095e-35 1.0000000180025095e-35 24.650000000000002 -0.98296291314453399 27.950000000000003 24.550000000000004 1.0000000180025095e-35 23.650000000000002 28.750000000000004 0.91597561503675362 31.850000000000005 -0.98296291314453399
decision_type=2 2 2 2 2 2 2 2 2 2 2 2 2 2 2
left_child=2 11 10 4 -4 -5 -7 -8 -6 -10 -1 -2 13 14 -13
right_child=1 -3 3 5 8 6 7 -9 9 -11 -12 12 -14 -15 -16
leaf_value=-0.031822519006804946 -0.095762874809646972 0.067522484266130486 0.0056782445124503589 -0.054696537324185328 0.10454853411089374 0.057628785932854323 0.0074177282103903815 -0.071030799421793939 0.066483347820589553 -0.014418910699538462 -0.0099714932599812567 -0.081114029437065777 -0.084899178655089322 -0.08158323205668401 -0.080469210817332881
leaf_weight=1.7568479040637677 0.33443507784977455 0.24042782746255387 8.33682311140001 2.1720802029594752 1.4731750460341584 1.9405973311513705 6.3501891568303046 1.60859685880132 0.77438056096434571 0.84299253392964602 1.5523083992302416 0.26470300462096907 0.26380353048443794 0.13430141820572317 0.52465785027015954
leaf_count=30 5 4 34 23 16 36 66 34 28 17 11 16 4 12 127
internal_value=-0.000618245 -0.0640264 0.00355014 0.00708794 0.0210622 -0.00614068 0.00451324 -0.00843796 0.0625606 0.0243162 -0.0215723 -0.0848083 -0.0817231 -0.080816 -0.0806854
internal_weight=28.5703 1.76233 26.808 23.4988 11.4274 12.0715 9.89938 7.95879 3.09055 1.61737 3.30916 1.5219 1.18747 0.923662 0.789361
internal_count=463 168 295 254 95 159 136 100 61 45 41 164 159 155 143
is_linear=0
shrinkage=0.1


Tree=176
num_leaves=11
num_cat=0
split_feature=6 6 2 2 5 1 2 0 5 5
split_gain=0.827357 1.06426 0.450032 0.607508 0.104087 0.296004 0.0098099 1.14063e-07 1.4103e-07 8.58295e-09
threshold=87.100000000000009 74.15000000000002 0.6078576107927941 -1.0000000180025095e-35 24.950000000000003 0.78656609248549303 -0.8783796973249266 0.91597561503675362 31.850000000000005 27.950000000000003
decision_type=2 2 2 2 2 2 2 2 2 2
left_child=1 4 3 6 -1 7 -3 8 -6 -9
right_child=-2 2 -4 -5 5 -7 -8 9 -10 -11
leaf_value=-0.10450040136796984 -0.10622422741640028 0.076229642975448 0.086927746745990131 -0.023381376978422505 -0.080141368883473951 0.083247073664941995 0.058379958641203655 -0.080271588181367606 -0.080363513158103125 -0.080227760714042529
leaf_weight=0.57064795563928761 0.71687812218442548 0.60089631378650643 1.104664825601503 1.8668431295081975 0.30311375053133816 0.13954776898026466 0.63144354301039129 0.13693387235980481 0.031553647131659091 0.066326217958703637
leaf_count=39 6 13 24 26 238 3 31 50 12 21
internal_value=-0.00522954 0.00805023 0.0321245 0.0125905 -0.0730351 -0.0465314 0.0670836 -0.0801982 -0.0801623 -0.0802573
internal_weight=6.16885 5.45197 4.20385 3.09918 1.24812 0.677475 1.23234 0.537927 0.334667 0.20326
internal_count=463 457 94 70 363 324 44 321 250 71
is_linear=0
shrinkage=0.1


Tree=177
num_leaves=9
num_cat=0
split_feature=5 5 3 6 6 2 6 6
split_gain=0.314006 0.802293 0.400432 0.264128 1.11409 0.535024 0.8457 0.375585
threshold=23.250000000000004 24.350000000000005 -1.0000000180025095e-35 53.400000000000006 54.050000000000004 -0.8783796973249266 59.050000000000004 68.850000000000009
decision_type=2 2 2 2 2 2 2 2
left_child=-1 2 -2 -3 -5 7 -7 -6
right_child=1 3 -4 4 5 6 -8 -9
leaf_value=0.051614197887346613 -0.10437394722231529 -0.041034493860979772 -0.012101485184492302 0.10991280078947063 0.0074437986781783639 -0.063779704121244271 0.0023203972963702565 0.065867641725278037
leaf_weight=1.2115985839627708 1.0511753438040612 1.2324674522969896 0.85110659990459936 0.99803128838539379 2.4807131565176084 2.1774470477830539 17.425655653118156 1.9774630710016934
leaf_count=15 21 30 26 7 54 49 238 23
internal_value=0.00176557 -0.000376603 -0.06309 0.00416088 0.00638368 0.00208943 -0.00502178 0.0333582
internal_weight=29.4057 28.1941 1.90228 26.2918 25.0593 24.0613 19.6031 4.45818
internal_count=463 448 47 401 371 364 287 77
is_linear=0
shrinkage=0.1


Tree=178
num_leaves=17
num_cat=0
split_feature=6 6 3 6 1 5 1 2 1 2 5 5 6 2 0 5
split_gain=0.3682 0.808823 0.773875 0.691374 0.759065 1.56034 0.552835 0.502835 0.444285 0.465386 0.37938 0.853758 0.855265 0.31824 0.0410933 0.0104476
threshold=61.850000000000009 60.45000000000001 -1.0000000180025095e-35 63.850000000000001 1.0000000180025095e-35 23.650000000000002 0.60355339059327384 1.0000000180025095e-35 0.1294095225512602 0.6078576107927941 29.450000000000003 31.250000000000004 55.550000000000004 1.0000000180025095e-35 0.37940952255126054 23.850000000000005
decision_type=2 2 2 2 2 2 2 2 2 2 2 2 2 2 2 2
left_child=1 10 3 -2 7 -6 8 -5 9 14 13 12 -12 -1 -4 -7
right_child=2 -3 6 4 5 15 -8 -9 -10 -11 11 -13 -14 -15 -16 -17
leaf_value=-0.054111309591226155 -0.062595436511086053 0.076040693254394359 -0.049009547784188617 0.011590586400999215 0.033496925413744015 -0.097820166715036294 0.011796551694108981 0.093419147234397523 -0.092658940296056425 0.01795159903773489 0.12385838912806571 -0.029668686017793829 0.012531638105355054 0.0071806975865506403 -0.079483888620190721 -0.081160280290725126
leaf_weight=1.7962069795466979 1.2094019232317785 1.7118152556940902 0.98122547520324499 1.3342645489610734 3.2536277920007706 0.62150114029645898 1.6994691183790562 1.7177531803026793 1.871812251396477 1.1905465517193079 1.0753522994928064 2.1927201081998646 1.9261457622051237 1.6032405490987001 0.80592348612844944 0.95455189980566502
leaf_count=27 31 28 24 23 16 4 29 27 26 15 24 35 31 17 19 87
internal_value=-0.0014051 0.0132705 -0.0110751 0.0078046 0.0186071 -0.00606262 -0.0372833 0.0576458 -0.0544829 -0.030485 0.000766997 0.0177648 0.0524169 -0.0252049 -0.0627521 -0.0877299
internal_weight=25.9456 10.3055 15.6401 9.0911 7.8817 4.82968 6.54898 3.05202 4.84951 2.9777 8.59367 5.19422 3.0015 3.39945 1.78715 1.57605
internal_count=463 162 301 188 157 107 113 50 84 58 134 90 55 44 43 91
is_linear=0
shrinkage=0.1


Tree=179
num_leaves=8
num_cat=0
split_feature=5 5 5 5 5 6 1
split_gain=0.421931 0.753117 0.266398 0.133161 0.000101555 6.68894e-06 1.10957e-06
threshold=32.300000000000004 24.050000000000004 31.950000000000003 23.550000000000004 31.850000000000005 82.000000000000014 -0.98296291314453399
decision_type=2 2 2 2 2 2 2
left_child=1 3 4 -1 5 6 -3
right_child=-2 2 -4 -5 -6 -7 -8
leaf_value=0.020948798530456697 0.087411572999828782 -0.0806156632064534 -0.0014030533019021374 -0.0018541231081168356 -0.083416670604469723 -0.081178791136855055 -0.080322644077578054
leaf_weight=5.2413794323801977 0.56202795356512147 0.14764962741173615 0.60455739498138417 5.0076210480183363 0.12467920221388329 0.10872550396015856 1.0358714653411891
leaf_count=25 6 18 3 26 3 15 367
internal_value=0.00268553 -0.0011952 -0.0569787 0.00980738 -0.0806911 -0.0804282 -0.0803592
internal_weight=12.8325 12.2705 2.02148 10.249 1.41693 1.29225 1.18352
internal_count=463 457 406 51 403 400 385
is_linear=0
shrinkage=0.1


Tree=180
num_leaves=16
num_cat=0
split_feature=5 6 5 8 1 5 5 5 5 2 5 5 0 5 1
split_gain=0.693987 0.418222 0.212649 0.36829 0.632152 0.560858 0.585691 0.688609 0.433831 0.238568 0.0256429 0.00392564 0.000252506 8.73752e-06 5.34764e-06
threshold=28.650000000000002 71.750000000000014 23.850000000000005 1.0000000180025095e-35 1.0000000180025095e-35 24.650000000000002 27.950000000000003 25.650000000000002 24.550000000000004 1.0000000180025095e-35 23.650000000000002 28.750000000000004 0.91597561503675362 31.850000000000005 -0.98296291314453399
decision_type=2 2 2 2 2 2 2 2 2 2 2 2 2 2 2
left_child=2 11 10 4 -4 -5 7 -7 -6 -10 -1 -2 13 14 -13
right_child=1 -3 3 5 8 6 -8 -9 9 -11 -12 12 -14 -15 -16
leaf_value=-0.029145130049426378 -0.094304988470252205 0.061524024382609371 0.0055500139633886201 -0.051915111231553374 0.099668557725867635 -6.719787041556173e-05 -0.03886222820738184 0.068872251265180914 0.065137780816606886 -0.013357941977497654 -0.011336242442587154 -0.081005829912986077 -0.084419018511130831 -0.081523440608028325 -0.080427533354989839
leaf_weight=1.6898258784785931 0.31125796306878228 0.22847465937957157 8.3343146927654761 2.1409336719661924 1.4033145550638448 5.3810308342799527 2.3478972888551652 1.9827763829380272 0.72132844664156415 0.83584076166152954 1.550283635035157 0.23963670898228862 0.24172758683562279 0.12572154658846557 0.48059764283243567
leaf_count=30 5 4 34 23 16 55 38 43 28 17 11 16 4 12 127
internal_value=-0.000538788 -0.0639157 0.0033699 0.00672851 0.01965 -0.0055848 0.00462866 0.0184954 0.059344 0.0230037 -0.0206242 -0.0844025 -0.0815687 -0.0807542 -0.0806199
internal_weight=28.015 1.62742 26.3875 23.1474 11.2948 11.8526 9.7117 7.36381 2.96048 1.55717 3.24011 1.39894 1.08768 0.845956 0.720234
internal_count=463 168 295 254 95 159 136 98 61 45 41 164 159 155 143
is_linear=0
shrinkage=0.1


Tree=181
num_leaves=11
num_cat=0
split_feature=1 5 6 0 0 5 5 6 5 5
split_gain=0.733992 8.04583e-06 2.65799e-06 1.81089e-06 6.37745e-08 1.11066e-07 5.76359e-08 3.04732e-08 5.59151e-09 1.05283e-08
threshold=0.78656609248549303 23.550000000000004 74.15000000000002 -0.78656609248549303 0.91597561503675362 31.850000000000005 25.650000000000002 77.15000000000002 27.950000000000003 26.850000000000005
decision_type=2 2 2 2 2 2 2 2 2 2
left_child=1 -1 4 -4 5 6 -3 -5 9 -6
right_child=-2 2 3 7 8 -7 -8 -9 -10 -11
leaf_value=-0.081069767178682403 0.011717874083696407 -0.080202428371608833 -0.080828129578308774 -0.080384181896467025 -0.080222420459319613 -0.08035037391433146 -0.080118266345889796 -0.080300127468155111 -0.08021048532356069 -0.080280687085975744
leaf_weight=0.1685334183857774 4.9619661942124367 0.12721576838521287 0.13420040346682072 0.08015782292932272 0.072543292248155922 0.029564365220721811 0.22578509483719245 0.093375991797074676 0.061032626283122227 0.054167074122233316
leaf_count=17 35 55 15 18 35 12 214 24 21 17
internal_value=-0.00433377 -0.0804369 -0.0803154 -0.0805523 -0.0801876 -0.0801642 -0.0801486 -0.080339 -0.0802354 -0.0802473
internal_weight=6.00854 1.04658 0.878042 0.307734 0.570308 0.382565 0.353001 0.173534 0.187743 0.12671
internal_count=463 428 411 57 354 281 269 42 73 52
is_linear=0
shrinkage=0.1


Tree=182
num_leaves=15
num_cat=0
split_feature=1 1 6 2 6 6 8 5 6 5 5 5 5 6
split_gain=0.301212 0.815171 0.417875 1.274 0.57807 0.479315 0.62545 0.46047 0.448988 0.511703 0.000175053 2.10028e-05 3.25494e-06 2.78912e-06
threshold=-0.98296291314453399 -0.37940952255126015 71.750000000000014 -0.60785761079279388 70.200000000000003 66.750000000000014 1.0000000180025095e-35 25.550000000000004 75.65000000000002 25.350000000000005 31.850000000000005 28.250000000000004 31.550000000000004 61.850000000000009
decision_type=2 2 2 2 2 2 2 2 2 2 2 2 2 2
left_child=-1 10 4 -4 5 7 -7 -3 -5 -10 11 -2 13 -13
right_child=1 2 3 8 -6 6 -8 -9 9 -11 -12 12 -14 -15
leaf_value=0.024197988760393734 -0.08209023197453956 0.049158324822859686 -0.099688818440477056 0.040517498508976284 0.052326357012085545 -0.060511914189746788 0.014239983840955366 0.0010883635481866954 -0.087745983974986647 0.053120883193513525 -0.083922674362770122 -0.080411821096612573 -0.08110262446183962 -0.08080081165146015
leaf_weight=5.0600826367735889 0.12180611118674878 2.6105611091479686 1.5336588297504929 1.9730408496689045 2.5828126152046016 2.441067127045244 2.0671580841299138 8.420418694149701 0.73692581208888419 0.39667745097540319 0.22822460276074696 0.37615956319496036 0.15796046052128077 0.36144200921989977
leaf_count=20 5 19 40 27 25 19 25 73 46 13 10 87 12 42
internal_value=0.00202486 -0.0026485 0.00166199 -0.025114 0.00851821 0.00123674 -0.0262359 0.0124645 0.0117015 -0.038453 -0.0814197 -0.0808582 -0.0806907 -0.0806024
internal_weight=29.068 24.0079 22.7623 4.6403 18.122 15.5392 4.50823 11.031 3.10664 1.1336 1.24559 1.01737 0.895562 0.737602
internal_count=463 443 287 126 161 136 44 92 86 59 156 146 141 129
is_linear=0
shrinkage=0.1


Tree=183
num_leaves=11
num_cat=0
split_feature=9 6 6 3 5 5 1 5 6 5
split_gain=0.307961 0.50212 0.526118 0.422927 0.392273 0.692049 0.594927 0.541138 0.45717 0.452087
threshold=1.0000000180025095e-35 53.400000000000006 54.050000000000004 -1.0000000180025095e-35 28.250000000000004 24.050000000000004 -0.98296291314453399 27.950000000000003 55.750000000000007 23.550000000000004
decision_type=2 2 2 2 2 2 2 2 2 2
left_child=1 -1 -3 -2 5 9 -6 -7 -8 -4
right_child=3 2 4 -5 6 7 8 -9 -10 -11
leaf_value=0.052776478556430195 -0.0098472286730300444 -0.078853538732912024 -0.020905310535467885 0.075988785640866391 -0.022211914015009583 -0.081667095854305344 -0.035039741185856545 -0.012669640882108891 0.045861593664386989 0.027567813253229129
leaf_weight=1.405310002155608 1.143139014253393 1.024489215575161 4.1827954947948474 1.1529787087347347 3.2373058348894119 2.3124558909330517 0.83540323423221519 2.2355988714843988 4.2623526221141219 3.5630605090409517
leaf_count=27 31 7 24 20 13 172 14 18 111 26
internal_value=-0.00167045 -0.00514818 -0.00890749 0.0332547 -0.00543379 -0.0167882 0.0113136 -0.0477514 0.0326038 0.00139212
internal_weight=25.3549 23.0588 21.6535 2.29612 20.629 12.2939 8.33506 4.54805 5.09776 7.74586
internal_count=463 412 385 51 378 240 138 190 125 50
is_linear=0
shrinkage=0.1


Tree=184
num_leaves=18
num_cat=0
split_feature=0 2 2 9 6 6 3 6 8 8 3 2 6 6 5 6 5
split_gain=0.410247 0.477643 0.492951 0.455184 0.330025 0.739862 0.73149 0.437962 0.239291 0.161054 0.122289 0.0918296 0.0674463 0.0973869 0.0203438 0.00326514 1.11536e-06
threshold=1.0000000180025095e-35 0.87837969732492682 -0.8783796973249266 1.0000000180025095e-35 74.65000000000002 71.850000000000009 -1.0000000180025095e-35 82.950000000000017 1.0000000180025095e-35 1.0000000180025095e-35 -0.56174490092936669 1.0000000180025095e-35 74.15000000000002 63.750000000000007 31.950000000000003 80.050000000000026 31.250000000000004
decision_type=2 2 2 2 2 2 2 2 2 2 2 2 2 2 2 2 2
left_child=1 2 8 10 5 6 -4 9 -1 -6 11 -2 13 -10 15 16 -12
right_child=3 -3 4 -5 7 -7 -8 -9 12 -11 14 -13 -14 -15 -16 -17 -18
leaf_value=0.018765837518575888 -0.082137935961410502 -0.043769772590265273 0.11945267830283031 0.076871915122354251 0.03798111743923499 -0.1026708335548383 -0.0042472808872729478 -0.0028714618010870687 0.02814143004984862 0.080910973581797538 -0.080300364277873792 0.027776703820139772 -0.10487675489815006 -0.089226992787849346 -0.11968109580045885 -0.097008316050310475 -0.080799165665089157
leaf_weight=0.37165704101789743 0.14220372529234726 1.5275336764752871 0.60228692530654093 0.23209921072702844 1.6685062858741728 0.57678777363616962 2.3174259494990128 1.5859601299744097 0.11665352343697744 1.8349238600349056 0.28734731502481814 0.16329274993040599 0.43446818215306848 0.17945003829663619 0.27703365683555603 0.1807355135679245 0.053115425107534975
leaf_count=5 23 34 39 4 15 18 71 17 26 29 115 24 8 19 1 1 14
internal_value=0.00196224 0.00820157 0.0163959 -0.0504234 0.0244781 0.000824466 0.0212699 0.0407285 -0.0465603 0.0604657 -0.0771919 -0.0233868 -0.0797931 -0.0429883 -0.097784 -0.086145 -0.0803782
internal_weight=12.5515 11.2157 9.68812 1.33583 8.58589 3.4965 2.91971 5.08939 1.10223 3.50343 1.10373 0.305496 0.730572 0.296104 0.798232 0.521198 0.340463
internal_count=463 281 247 182 189 128 110 61 58 44 178 47 53 45 131 130 129
is_linear=0
shrinkage=0.1


Tree=185
num_leaves=18
num_cat=0
split_feature=5 1 6 6 5 3 6 3 0 5 6 2 2 5 0 5 1
split_gain=0.613474 0.50618 0.188334 0.791472 0.978039 0.543571 0.679167 1.04251 0.730373 0.641148 0.445107 0.265751 0.0964273 0.00277063 0.000195378 5.52786e-06 9.30692e-06
threshold=28.650000000000002 -1.0000000180025095e-35 68.850000000000009 66.750000000000014 25.550000000000004 -0.56174490092936669 70.550000000000011 1.0000000180025095e-35 -0.91597561503675329 23.850000000000005 61.45000000000001 -1.0000000180025095e-35 1.0000000180025095e-35 28.750000000000004 0.91597561503675362 31.850000000000005 -0.98296291314453399
decision_type=2 2 2 2 2 2 2 2 2 2 2 2 2 2 2 2 2
left_child=2 13 3 4 -1 11 -7 8 -8 -9 -6 -4 -12 -2 15 16 -15
right_child=1 -3 5 -5 10 6 7 9 -10 -11 12 -13 -14 14 -16 -17 -18
leaf_value=-0.052367581286421917 -0.092625964912122091 0.096408397010031982 0.063235456078422222 0.069833373215949318 -0.0060901415359390062 -0.055725486592476059 -0.0057391601036712904 -0.092721491296634997 0.083518614894145748 -0.0049305238972482505 0.05609508608649854 0.0026987715703498307 0.025911938488463418 -0.081140015061351975 -0.084103339482666253 -0.081406918210198839 -0.080381186040198116
leaf_weight=2.5895938444882693 0.28481527185067523 0.17653729021549125 1.4544192608445883 1.9899253686889995 3.926138179143889 3.0287082744762248 1.8677101098001005 1.3340608160942795 1.8005345212295649 2.2098929211497307 2.0681542083621025 1.4462738707661655 2.1680073803290725 0.25545257423073031 0.22388090193271637 0.11550820176489651 0.44006289553362876
leaf_count=19 5 1 27 23 34 18 11 18 37 37 25 24 22 17 4 12 129
internal_value=-0.000361474 -0.062619 0.00323748 0.0119004 0.00117831 -0.00516187 -0.0159858 0.000702563 0.0380725 -0.0379779 0.0181664 0.0330521 0.0406478 -0.0838919 -0.0814882 -0.0807663 -0.0806599
internal_weight=27.3797 1.49626 25.8834 12.7418 10.7519 13.1416 10.2409 7.2122 3.66824 3.54395 8.1623 2.90069 4.23616 1.31972 1.0349 0.811024 0.695515
internal_count=463 168 295 123 100 172 121 103 48 55 81 51 47 167 162 158 146
is_linear=0
shrinkage=0.1


Tree=186
num_leaves=11
num_cat=0
split_feature=6 6 2 2 5 1 2 0 5 5
split_gain=0.714673 0.944362 0.384436 0.537262 0.0981326 0.264063 0.00708481 6.63955e-08 1.04041e-07 4.59191e-09
threshold=87.100000000000009 74.15000000000002 0.6078576107927941 -1.0000000180025095e-35 24.950000000000003 0.78656609248549303 -0.8783796973249266 0.91597561503675362 31.850000000000005 27.950000000000003
decision_type=2 2 2 2 2 2 2 2 2 2
left_child=1 4 3 6 -1 7 -3 8 -6 -9
right_child=-2 2 -4 -5 5 -7 -8 9 -10 -11
leaf_value=-0.10342392571810591 -0.097477795026486125 0.074311420053954844 0.083158564837164606 -0.020573238633657735 -0.080118225771093385 0.082933519174978321 0.058684107756693672 -0.080229267094461723 -0.080324297060282962 -0.080194349633646342
leaf_weight=0.53687449183780678 0.71824557904619712 0.56715396861545719 1.0585621218197045 1.8382644322700801 0.24938241181371268 0.12758030742406845 0.59389393834862858 0.11456035877927206 0.027169514709385112 0.056108358461642638
leaf_count=39 6 13 24 26 238 3 31 50 12 21
internal_value=-0.00400888 0.00897748 0.0313483 0.0130627 -0.0726814 -0.0439673 0.0663178 -0.0801687 -0.0801385 -0.0802178
internal_weight=5.8878 5.16955 4.05787 2.99931 1.11168 0.574801 1.16105 0.447221 0.276552 0.170669
internal_count=463 457 94 70 363 324 44 321 250 71
is_linear=0
shrinkage=0.1


Tree=187
num_leaves=7
num_cat=0
split_feature=6 6 6 6 6 7
split_gain=0.730849 0.968491 0.828713 1.0643 0.386324 0.304706
threshold=47.900000000000006 53.400000000000006 54.050000000000004 55.550000000000004 56.850000000000001 1.0000000180025095e-35
decision_type=2 2 2 2 2 2
left_child=-1 -2 -3 -4 -5 -6
right_child=1 2 3 4 5 -7
leaf_value=0.15224776727703393 -0.10619333429739819 0.094867757004720665 -0.11293234018641229 0.072687407198076995 0.043651258043024194 -0.0014154333770669682
leaf_weight=0.31974160973914223 0.83029415016062813 0.95663275383413093 0.80723375664092856 0.78652170056011783 1.6040492570027911 23.189367751881928
leaf_count=3 27 7 16 21 20 369
internal_value=0.00191147 0.000205334 0.00343613 0.000121392 0.00368906 0.00150023
internal_weight=28.4938 28.1741 27.3438 26.3872 25.5799 24.7934
internal_count=463 460 433 426 410 389
is_linear=0
shrinkage=0.1


Tree=188
num_leaves=9
num_cat=0
split_feature=6 6 6 6 5 5 5 5
split_gain=0.296922 1.2184 0.648956 1.2742 0.665148 1.17387 0.0311738 0.0339547
threshold=84.40000000000002 81.200000000000003 79.600000000000009 73.550000000000026 24.050000000000004 27.950000000000003 23.750000000000004 24.850000000000005
decision_type=2 2 2 2 2 2 2 2
left_child=1 2 3 4 -1 -6 -5 -8
right_child=-2 -3 -4 6 5 -7 7 -9
leaf_value=0.053198538225228159 0.034462299803554398 -0.10872260407165263 0.065164636378362825 -0.097121410387751531 -0.081617834331165651 0.0053507365197993859 -0.087297441096205755 -0.045988227731350251
leaf_weight=2.3211288414895703 2.0484171914868048 1.0844866347033519 1.4231774327345181 0.97259701043367275 1.7405232124729106 14.329700471833346 0.49590030196122825 0.33232109528034925
leaf_count=16 17 20 8 6 127 215 16 38
internal_value=-0.00200057 -0.00529095 -0.00010157 -0.00470164 0.00315895 -0.0040686 -0.0849801 -0.0707223
internal_weight=24.7483 22.6998 21.6153 20.1922 18.3914 16.0702 1.80082 0.828221
internal_count=463 446 426 418 358 342 60 54
is_linear=0
shrinkage=0.1


Tree=189
num_leaves=7
num_cat=0
split_feature=6 6 6 6 5 5
split_gain=0.414838 1.17744 0.729249 0.705701 0.796845 0.572935
threshold=86.100000000000009 83.40000000000002 81.200000000000003 79.600000000000009 23.550000000000004 32.300000000000004
decision_type=2 2 2 2 2 2
left_child=1 2 3 4 -1 -6
right_child=-2 -3 -4 -5 5 -7
leaf_value=0.064897427653705361 0.056780012871031765 -0.10733975690181495 0.063373222894277298 -0.072988290578531734 -0.024532275529238121 0.086767337072822706
leaf_weight=1.7471139207482318 1.2558699366636581 1.0001899106428016 1.8376376475207497 1.3303248772863296 4.5965741309628356 0.51425056159496296
leaf_count=9 10 12 15 8 403 6
internal_value=0.00232422 -0.00387829 0.00644309 -0.00633336 0.00659658 -0.0133333
internal_weight=12.282 11.0261 10.0259 8.18826 6.85794 5.11082
internal_count=463 453 441 426 418 409
is_linear=0
shrinkage=0.1


Tree=190
num_leaves=16
num_cat=0
split_feature=5 1 5 2 8 1 2 5 5 5 3 5 0 5 1
split_gain=0.548477 0.468591 0.165448 0.63977 0.269148 0.570916 0.532857 0.464544 0.543429 0.377242 0.221999 0.00213948 0.000143857 4.36498e-06 7.18017e-06
threshold=28.650000000000002 -1.0000000180025095e-35 23.850000000000005 1.0000000180025095e-35 1.0000000180025095e-35 1.0000000180025095e-35 0.87837969732492682 27.950000000000003 25.650000000000002 24.550000000000004 -1.0000000180025095e-35 28.750000000000004 0.91597561503675362 31.850000000000005 -0.98296291314453399
decision_type=2 2 2 2 2 2 2 2 2 2 2 2 2 2 2
left_child=2 11 3 -1 5 -4 7 8 -6 -7 -11 -2 13 14 -13
right_child=1 -3 4 -5 6 9 -8 -9 -10 10 -12 12 -14 -15 -16
leaf_value=-0.061670780597462782 -0.09153248268698419 0.095106930284418495 0.0036856845966210905 0.029218452844166007 0.0010221985867368154 0.094286374101109252 -0.057097540109113193 -0.036056449561957658 0.064513453352117583 0.057269139399600315 -0.020736186549856941 -0.081046473743724493 -0.083698357908008794 -0.081301685120049136 -0.080350543983325515
leaf_weight=1.6419115131720965 0.26374938967637696 0.16701366007327934 8.2455060631036776 1.4658968308940528 5.7536843358538992 1.3389914706349384 1.6724639288149781 2.2322513263206929 1.7605791804380713 0.78174006985500366 0.68412182107567854 0.23398551624268282 0.20454804226756096 0.10485779994633049 0.40462094719987374
leaf_count=23 5 1 34 18 64 16 21 35 39 29 16 17 4 12 129
internal_value=-0.000486 -0.0619232 0.00282587 -0.0188 0.00581701 0.0169427 -0.0049495 0.00399891 0.0158981 0.0559146 0.0208638 -0.0835662 -0.0813499 -0.0807037 -0.0806055
internal_weight=26.9559 1.37878 25.5771 3.10781 22.4693 11.0504 11.419 9.74651 7.51426 2.80485 1.46586 1.21176 0.948012 0.743464 0.638606
internal_count=463 168 295 41 254 95 159 138 103 61 45 167 162 158 146
is_linear=0
shrinkage=0.1


Tree=191
num_leaves=11
num_cat=0
split_feature=1 5 6 6 1 0 5 1 5 5
split_gain=0.665278 8.56071e-06 2.55248e-06 9.09805e-07 6.59368e-07 4.79154e-08 7.70139e-08 3.74585e-08 3.66655e-09 5.88515e-09
threshold=0.78656609248549303 24.450000000000003 79.600000000000009 74.15000000000002 0.37940952255126026 0.91597561503675362 31.850000000000005 -0.98296291314453399 27.950000000000003 26.850000000000005
decision_type=2 2 2 2 2 2 2 2 2 2
left_child=1 2 -1 5 -5 6 7 -3 9 -7
right_child=-2 3 -4 4 -6 8 -8 -9 -10 -11
leaf_value=-0.080540511832129361 0.012198504912635704 -0.080191524445855644 -0.081133201278292447 -0.080608786134623855 -0.080230404450684842 -0.080190588634006521 -0.080300648309554107 -0.080096881259062877 -0.080178742463229036 -0.080238415348651421
leaf_weight=0.12513528854469758 4.79133640229702 0.052271685330197104 0.1732805089559406 0.09258533245883882 0.091635722666978836 0.059222420823061839 0.024668142694281414 0.20912360097281646 0.051339224475668743 0.045492300967453048
leaf_count=33 35 18 17 14 28 33 12 235 21 17
internal_value=-0.00278926 -0.0804439 -0.0808847 -0.0802339 -0.0804206 -0.0801561 -0.0801317 -0.0801158 -0.0802006 -0.0802114
internal_weight=5.71609 0.924754 0.298416 0.626338 0.184221 0.442117 0.286063 0.261395 0.156054 0.104715
internal_count=463 428 50 378 42 336 265 253 71 50
is_linear=0
shrinkage=0.1


Tree=192
num_leaves=9
num_cat=0
split_feature=5 5 3 7 3 6 5 6
split_gain=0.302298 0.653899 0.369773 0.233739 0.342247 0.486266 1.16501 0.622174
threshold=23.250000000000004 24.350000000000005 -1.0000000180025095e-35 1.0000000180025095e-35 0.81174490092936691 70.800000000000026 24.850000000000005 66.350000000000009
decision_type=2 2 2 2 2 2 2 2
left_child=-1 2 -2 -3 5 7 -7 -5
right_child=1 3 -4 4 -6 6 -8 -9
leaf_value=0.051945076814719687 -0.10103423571906273 0.040881997479250504 -0.0089091321074331164 -0.0093322799253990462 0.033723990038178102 0.053372178005927133 -0.082468717807557046 0.031227975055906545
leaf_weight=1.1498713432811225 0.96327507332898676 1.584256758447746 0.79549492243677622 12.452565698768014 2.8480256283655754 0.91135816788300816 2.054840300232172 5.4314616050105533
leaf_count=15 21 21 26 201 41 20 65 53
internal_value=0.00172811 -0.000407256 -0.0593659 0.00369418 0.00120813 -0.00323335 -0.0407319 0.00298606
internal_weight=28.1911 27.0413 1.75877 25.2825 23.6983 20.8502 2.9662 17.884
internal_count=463 448 47 401 380 339 85 254
is_linear=0
shrinkage=0.1


Tree=193
num_leaves=17
num_cat=0
split_feature=6 1 6 3 5 6 6 0 5 0 5 5 1 5 5 2
split_gain=0.26122 0.8196 0.699265 0.610836 0.955622 0.727759 0.399168 0.366571 0.847169 0.363791 0.550621 0.345449 0.226553 0.176572 0.281451 0.0206382
threshold=61.850000000000009 -0.98296291314453399 60.45000000000001 -1.0000000180025095e-35 28.350000000000005 66.65000000000002 84.950000000000003 -0.78656609248549303 23.750000000000004 0.91597561503675362 31.250000000000004 28.250000000000004 -0.98296291314453399 23.650000000000002 23.950000000000003 -0.60785761079279388
decision_type=2 2 2 2 2 2 2 2 2 2 2 2 2 2 2 2
left_child=2 -2 9 4 5 -3 -7 13 -9 10 12 -10 -1 -5 -15 -14
right_child=1 3 -4 7 -6 6 -8 8 11 -11 -12 -13 15 14 -16 -17
leaf_value=0.02005432246001522 -0.099263863017264864 -0.078501777798762079 0.070587241227276054 -0.093140034398383587 0.098846686917823501 0.00040589349623509918 0.0658768802957201 0.041263428399139566 -0.10271517977292555 -0.033513319922816642 -0.029688358753652562 -0.013324791576922141 0.086343803456571167 -0.090118574842158336 0.011534073377742815 0.057465963092214016
leaf_weight=2.5774769186973563 0.96579004824161607 1.0176848156843314 1.6337941270321596 0.99560245499014888 1.12820762488991 4.8669255124405026 1.1515729175880549 1.6734199896454787 0.8748235546518115 2.4278428796678782 1.9715321131516246 0.85467692278325558 0.64362681657075771 0.50214875116944291 0.59524550964124501 0.40208713384345574
leaf_count=9 5 32 28 8 33 110 11 8 38 15 35 15 43 5 36 32
internal_value=-0.00180856 -0.0102361 0.0109562 -0.00394177 0.0134079 -0.000291718 0.012933 -0.0297153 -0.00946099 -0.0011876 0.0128402 -0.0585406 0.0359818 -0.062646 -0.0349804 0.07524
internal_weight=24.2825 14.6261 9.65636 13.6603 8.16439 7.03618 6.0185 5.49592 3.40292 8.02257 5.59472 1.7295 3.62319 2.093 1.09739 1.04571
internal_count=463 301 162 296 186 153 121 110 61 134 119 53 84 49 41 75
is_linear=0
shrinkage=0.1


Tree=194
num_leaves=8
num_cat=0
split_feature=2 0 6 6 6 6 6
split_gain=0.359394 1.00991 0.510212 0.906819 1.01485 0.606662 0.641644
threshold=0.87837969732492682 -0.60355339059327362 86.100000000000009 83.40000000000002 81.200000000000003 79.600000000000009 74.65000000000002
decision_type=2 2 2 2 2 2 2
left_child=2 -2 3 4 5 6 -1
right_child=1 -3 -4 -5 -6 -7 -8
leaf_value=-0.0092352628234260558 -0.12766854196813465 0.03473057117792442 0.094941114091980472 -0.10525572492140423 0.085923533621594231 -0.065962245636827135 0.064561680930556017
leaf_weight=4.6655387939535959 0.73583970832987688 0.79841181883239254 0.64338054344989437 0.71695203636773008 1.5265134172514079 1.2886728701414538 1.5762490681954657
leaf_count=325 24 37 8 9 13 8 39
internal_value=0.00202845 -0.0431574 0.00868338 0.00300536 0.0115753 -0.00349593 0.0094008
internal_weight=11.9516 1.53425 10.4173 9.77393 9.05697 7.53046 6.24179
internal_count=463 61 402 394 385 372 364
is_linear=0
shrinkage=0.1


Tree=195
num_leaves=8
num_cat=0
split_feature=1 6 5 1 0 5 5
split_gain=0.790297 0.583647 0.496077 0.767345 0.313032 0.398339 0.000399457
threshold=0.78656609248549303 80.40000000000002 23.850000000000005 0.37940952255126026 0.98296291314453421 28.450000000000003 24.550000000000004
decision_type=2 2 2 2 2 2 2
left_child=1 2 -1 4 5 -4 -5
right_child=-2 -3 3 6 -6 -7 -8
leaf_value=-0.056235260215615458 -0.082658754179873728 0.058231635048096433 0.00015610842985011079 0.085406967710682902 0.043603783718528855 -0.046706498875390287 0.081595119491694096
leaf_weight=1.5134256659075713 1.1155617972835887 1.7996231839060772 17.440496392315264 0.47155260946601518 1.4397929371334601 2.0243814999703309 0.65926832240074873
leaf_count=18 35 23 120 14 35 181 37
internal_value=-0.000283615 0.00334163 -0.000853104 0.00295061 -0.00138958 -0.00471769 0.0831847
internal_weight=26.4641 25.3485 23.5489 22.0355 20.9047 19.4649 1.13082
internal_count=463 428 405 387 336 301 51
is_linear=0
shrinkage=0.1


Tree=196
num_leaves=10
num_cat=0
split_feature=1 5 6 6 1 5 0 1 5
split_gain=0.629059 7.03408e-06 2.19023e-06 6.81778e-07 4.909e-07 3.5071e-08 5.37132e-08 3.04259e-08 2.72702e-09
threshold=0.78656609248549303 24.450000000000003 79.600000000000009 74.15000000000002 0.37940952255126026 31.750000000000004 0.91597561503675362 -0.98296291314453399 27.950000000000003
decision_type=2 2 2 2 2 2 2 2 2
left_child=1 2 -1 5 -5 6 7 -3 -8
right_child=-2 3 -4 4 -6 -7 8 -9 -10
leaf_value=-0.080496082771154276 0.013139003811766465 -0.080177274116802699 -0.081069150108884436 -0.080556838590411239 -0.080215271854623973 -0.080246529980781203 -0.080194595637180455 -0.080087886176275214 -0.080165258184914823
leaf_weight=0.11390001676045347 4.7630705572664738 0.048273811466060468 0.1609128782292828 0.083661094773560762 0.084651542361825705 0.031630073266569525 0.09574761995463632 0.18030973990971699 0.047354563808767125
leaf_count=33 35 18 17 14 28 16 50 231 21
internal_value=-0.00097786 -0.0804159 -0.0808316 -0.080216 -0.0803851 -0.0801454 -0.0801368 -0.0801068 -0.0801849
internal_weight=5.60951 0.846441 0.274813 0.571628 0.168313 0.403316 0.371686 0.228584 0.143102
internal_count=463 428 50 378 42 336 320 249 71
is_linear=0
shrinkage=0.1


Tree=197
num_leaves=15
num_cat=0
split_feature=1 0 6 5 5 5 2 5 6 2 5 2 6 6
split_gain=0.264592 1.23454 0.316046 0.599027 0.598431 0.482703 0.350901 0.329043 0.224883 0.746758 0.000720859 4.58677e-05 2.47508e-05 1.03125e-05
threshold=-0.12940952255126037 -0.91597561503675329 66.350000000000009 26.650000000000002 27.150000000000002 28.050000000000004 1.0000000180025095e-35 28.250000000000004 71.750000000000014 1.0000000180025095e-35 27.950000000000003 0.6078576107927941 65.15000000000002 75.15000000000002
decision_type=2 2 2 2 2 2 2 2 2 2 2 2 2 2
left_child=2 8 3 -1 -5 -6 -4 -7 9 -2 11 12 -3 -14
right_child=1 10 6 4 5 7 -8 -9 -10 -11 -12 -13 13 -15
leaf_value=-0.070385765529690392 0.053821761667294403 -0.082156653453515083 0.0068550159284495793 0.063104033744509083 -0.062693158688411896 0.069922542369257726 0.060093067466709206 3.0375037930521852e-05 -0.015978000578138349 -0.019307591307059578 -0.087283290697647231 -0.082452839103268838 -0.081332752563185021 -0.080613047461365717
leaf_weight=1.0821114033460641 2.8069674652069789 0.27954935934394842 2.7918854197487226 1.650760918855666 1.1560440585017193 0.7400940451771002 2.2245092336088419 7.4959804938407615 3.1481576273217797 2.7786019365303218 0.26770770084112872 0.54558880464173842 0.55438831506762654 0.31065426528220996
leaf_count=4 29 11 26 6 5 9 17 168 23 24 4 38 41 58
internal_value=0.00165259 -0.0106929 0.00935288 0.000618997 0.00757688 -0.00218259 0.0304633 0.00631089 0.00539593 0.0174428 -0.082462 -0.0816983 -0.0813386 -0.0810743
internal_weight=27.833 10.6916 17.1414 12.125 11.0429 9.39212 5.01639 8.23607 8.73373 5.58557 1.95789 1.69018 1.14459 0.865043
internal_count=463 228 235 192 188 182 43 177 76 53 152 148 110 99
is_linear=0
shrinkage=0.1


Tree=198
num_leaves=16
num_cat=0
split_feature=6 1 3 5 6 5 3 6 1 5 2 5 2 5 2
split_gain=0.229104 0.751065 0.62152 1.1224 0.941467 0.525838 0.636143 0.610387 0.478339 0.809138 0.737775 0.291435 0.442134 0.284993 0.288473
threshold=61.850000000000009 -0.98296291314453399 1.0000000180025095e-35 28.750000000000004 60.45000000000001 28.350000000000005 -1.0000000180025095e-35 64.850000000000009 0.1294095225512602 23.750000000000004 0.87837969732492682 28.650000000000002 -1.0000000180025095e-35 31.250000000000004 -0.60785761079279388
decision_type=2 2 2 2 2 2 2 2 2 2 2 2 2 2 2
left_child=2 -2 3 -1 11 7 -7 -3 10 -10 -9 -4 -13 14 -5
right_child=1 5 4 13 -6 6 -8 8 9 -11 -12 12 -14 -15 -16
leaf_value=-0.099521093082313938 -0.097892116116529523 -0.089199611783747107 0.055214179913204986 0.00049869111518812293 0.11037639588039397 0.096926596514850832 -0.021679182229586078 -0.0063520644554029742 -0.0022876552583933805 -0.083759537263244338 0.099565460877554524 0.033467539327309608 -0.051552329990475002 -0.026708803167439812 0.069800077404060037
leaf_weight=1.1946123703382925 0.91749340295791704 0.9471437123138412 0.96463680407032404 1.3177614896558227 1.2410263614729045 1.038598036393523 0.80095372721552927 1.9946047362172961 6.027474582195282 1.5280448886333031 0.98112611658871163 1.2050759103149178 1.2421420572791246 1.2499578432179985 1.1037518735975029
leaf_count=19 5 25 16 25 15 33 20 59 34 110 15 25 19 19 24
internal_value=-0.00234882 -0.0103795 0.00966096 -0.0153254 0.0357923 -0.00435066 0.0452848 -0.0123053 -0.00538974 -0.0187647 0.0285699 0.0086631 -0.00968626 0.0120699 0.032087
internal_weight=23.7544 14.2354 9.51896 4.86608 4.65288 13.3179 1.83955 11.4784 10.5313 7.55552 2.97573 3.41185 2.44722 3.67147 2.42151
internal_count=463 301 162 87 75 296 53 243 218 144 74 60 44 68 49
is_linear=0
shrinkage=0.1


Tree=199
num_leaves=10
num_cat=0
split_feature=6 6 6 2 2 5 1 6 5
split_gain=0.360068 0.918418 0.549603 0.466521 0.425232 0.38592 0.354611 0.234109 0.00433687
threshold=86.100000000000009 83.40000000000002 82.000000000000014 -0.8783796973249266 0.6078576107927941 23.250000000000004 0.37940952255126026 56.750000000000007 23.250000000000004
decision_type=2 2 2 2 2 2 2 2 2
left_child=1 2 3 7 5 -5 -6 -1 -9
right_child=-2 -3 -4 4 6 -7 -8 8 -10
leaf_value=0.037785397588307033 0.052458323532638566 -0.10232896900076063 0.086347910677265965 -0.028009197619476612 -0.068214997935023947 0.03427181480042419 0.012612504338751189 -0.10472630316521768 -0.088173684157624443
leaf_weight=0.16675879107787928 1.2592948507517583 0.8730212725640748 0.76105209626257497 1.2872686311602564 1.2028035679832103 4.3807450353924651 0.98918551264796395 0.22544868290424347 0.53133115338278003
leaf_count=20 10 12 8 7 77 236 22 1 70
internal_value=0.00195165 -0.00415367 0.00482619 -0.00223728 0.00566254 0.0201271 -0.0317397 -0.0694706 -0.0931048
internal_weight=11.6769 10.4176 9.54459 8.78354 7.86 5.66801 2.19199 0.923539 0.75678
internal_count=463 453 441 433 342 243 99 91 71
is_linear=0
shrinkage=0.1


Tree=200
num_leaves=19
num_cat=0
split_feature=5 6 6 6 5 8 1 6 5 0 6 2 2 2 5 8 2 1
split_gain=0.268804 0.805412 1.95542 1.36466 0.600429 0.96174 0.566978 0.3874 0.729824 0.65115 0.630406 0.765866 0.520945 0.513997 0.410124 0.0367624 0.0101251 0.00134989
threshold=27.600000000000005 54.600000000000009 54.150000000000013 61.45000000000001 28.150000000000002 1.0000000180025095e-35 -0.12940952255126037 68.850000000000009 25.550000000000004 -0.60355339059327362 76.850000000000009 1.0000000180025095e-35 0.6078576107927941 -1.0000000180025095e-35 26.750000000000004 1.0000000180025095e-35 -1.0000000180025095e-35 -0.37940952255126015
decision_type=2 2 2 2 2 2 2 2 2 2 2 2 2 2 2 2 2 2
left_child=7 2 -2 15 -5 -6 -7 8 -1 10 13 -12 -11 -9 -10 -3 17 -17
right_child=1 3 -4 4 5 6 -8 9 14 12 11 -13 -14 -15 -16 16 -18 -19
leaf_value=-0.011560304302019032 -0.081355787967396953 -0.10766728574100717 0.31120881700396419 -0.030758898270947122 0.13258889077386388 -0.082521046300030571 0.055400855786344141 0.019436803623616453 0.082113063569714026 -0.077740628726007746 -0.0010534150662830728 0.10674218889074756 0.0087649414063707687 -0.039238104377706889 0.01976541791288056 -0.080606301564643712 -0.061243109591141959 -0.090380521967070429
leaf_weight=3.3381710676476422 0.26975218125153233 1.1581923213670959 0.2395832953043282 2.2314585503190756 0.76559542468748953 0.57477169384947013 0.61910280585289035 2.9988101031631258 2.1152341514825821 1.8911475734785157 1.4245533659122886 1.2266189265064893 1.1016977289691565 2.9732453096657983 2.1050134627148509 0.23051077255513475 0.21412746992427878 0.36508884839713585
leaf_count=25 39 16 3 17 7 58 3 35 30 38 26 16 16 33 18 53 25 5
internal_value=-0.000256938 -0.0175514 0.1033 -0.0275458 0.00471025 0.0451028 -0.0109994 0.00575744 0.0233785 -0.00570835 0.00823985 0.0488204 -0.045897 -0.00977506 0.0510147 -0.0962391 -0.0798928 -0.0865977
internal_weight=25.8427 6.66818 0.509335 6.15885 4.19093 1.95947 1.19387 19.1745 7.55842 11.6161 8.62323 2.65117 2.99285 5.97206 4.22025 1.96792 0.809727 0.5956
internal_count=463 226 42 184 85 68 61 237 73 164 110 42 54 68 48 99 83 58
is_linear=0
shrinkage=0.1


Tree=201
num_leaves=10
num_cat=0
split_feature=6 5 5 1 6 5 0 1 5
split_gain=0.559118 0.486875 0.0867161 0.219244 0.0442873 4.18728e-08 4.53992e-08 2.6927e-08 2.09338e-09
threshold=74.15000000000002 23.950000000000003 24.950000000000003 0.78656609248549303 78.300000000000026 31.850000000000005 0.91597561503675362 -0.98296291314453399 27.950000000000003
decision_type=2 2 2 2 2 2 2 2 2
left_child=2 -2 -1 5 -3 6 7 -4 -8
right_child=1 4 3 -5 -6 -7 8 -9 -10
leaf_value=-0.10142587777545467 -0.0089512245571883378 0.036453402977975211 -0.080162317575695932 0.08250595615780687 0.075574164297906365 -0.080268971543194456 -0.08017963932813621 -0.080073114644248378 -0.080152719436918055
leaf_weight=0.48809772444656108 3.1167656072648242 0.42352842295076676 0.044205261976458021 0.10951975733041763 0.91359692381229252 0.021702406113035977 0.087433908978709951 0.14431730880460247 0.04313969289069064
leaf_count=39 33 37 18 3 30 12 50 220 21
internal_value=-0.0020761 0.0127045 -0.0722275 -0.0405795 0.0631828 -0.0801346 -0.0801254 -0.080094 -0.0801707
internal_weight=5.39231 4.45389 0.938416 0.450318 1.33713 0.340799 0.319096 0.188523 0.130574
internal_count=463 100 363 324 67 321 309 238 71
is_linear=0
shrinkage=0.1


Tree=202
num_leaves=9
num_cat=0
split_feature=5 5 3 7 3 6 5 3
split_gain=0.236884 0.548274 0.357969 0.211944 0.304099 0.435267 1.05549 0.475586
threshold=23.250000000000004 24.350000000000005 -1.0000000180025095e-35 1.0000000180025095e-35 0.81174490092936691 70.800000000000026 24.850000000000005 -1.0000000180025095e-35
decision_type=2 2 2 2 2 2 2 2
left_child=-1 2 -2 -3 5 7 -7 -5
right_child=1 3 -4 4 -6 6 -8 -9
leaf_value=0.047099001072522018 -0.099247556627446179 0.039531940981288712 -0.0051598704950373067 0.013723486801092845 0.03194759212944602 0.050329389511385082 -0.082027073875348883 -0.021718168413640371
leaf_weight=1.0961830872111047 0.88995765405707061 1.5206614588387406 0.74110925849527365 12.027048364514497 2.7903366326354435 0.8826886875322083 1.898188433726318 5.5256961774430122
leaf_count=15 21 21 26 168 41 20 65 86
internal_value=0.00155289 -0.000347223 -0.0564969 0.00336895 0.00099083 -0.0032573 -0.0400153 0.00256627
internal_weight=27.3719 26.2757 1.63107 24.6446 23.124 20.3336 2.78088 17.5527
internal_count=463 448 47 401 380 339 85 254
is_linear=0
shrinkage=0.1


Tree=203
num_leaves=15
num_cat=0
split_feature=6 6 6 3 5 2 3 6 6 6 6 5 6 5
split_gain=0.21753 0.385354 0.28651 0.874503 0.975632 0.989376 0.569614 0.560858 0.545996 0.554049 0.422938 0.391044 0.0796215 0.00492993
threshold=52.550000000000004 54.050000000000004 61.850000000000009 1.0000000180025095e-35 28.750000000000004 -0.60785761079279388 -1.0000000180025095e-35 60.45000000000001 63.850000000000001 67.850000000000009 73.15000000000002 28.050000000000004 57.45000000000001 23.550000000000004
decision_type=2 2 2 2 2 2 2 2 2 2 2 2 2 2
left_child=-1 -2 3 4 -3 -6 8 12 -4 -10 11 -8 -5 -12
right_child=1 2 6 7 5 -7 10 -9 9 -11 13 -13 -14 -15
leaf_value=0.038581099402158703 -0.061414436020037114 -0.097048140440348304 -0.060756725637811829 0.039101779495839782 -0.042360377285020463 0.089851349796805924 -0.09681295717903371 0.10536732486091882 0.075844291033402261 0.0039458997007942023 0.00070331002329539042 -0.026244907851151564 0.0026343487842353016 -0.0081200430102068497
leaf_weight=1.2489713546820009 1.1218943572603191 1.1298854085616796 1.0277432184666446 1.2526826360262937 1.271448712795973 1.020137761486694 1.4340938008390289 1.2016273129265753 1.3142857298953456 5.8089310862123966 1.3530932329595091 1.735597575549036 1.1468442848417906 1.1903143881354479
leaf_count=23 14 17 31 23 24 25 44 15 40 117 8 26 21 35
internal_value=-0.00201624 -0.00432011 -0.00125338 0.0152029 -0.0210002 0.0164959 -0.00958904 0.0495995 0.00738075 0.0172117 -0.0338001 -0.0581727 0.0216723 -0.00342602
internal_weight=23.2576 22.0086 20.8867 7.02263 3.42147 2.29159 13.8641 3.60115 8.15096 7.12322 5.7131 3.16969 2.39953 2.54341
internal_count=463 440 426 125 66 49 301 59 188 157 113 70 44 43
is_linear=0
shrinkage=0.1


Tree=204
num_leaves=9
num_cat=0
split_feature=6 6 3 1 1 0 6 9
split_gain=0.313321 0.826444 0.502514 0.880709 0.684152 0.34049 0.625913 0.397267
threshold=86.100000000000009 83.40000000000002 0.81174490092936691 0.78656609248549303 0.78656609248549303 -1.0000000180025095e-35 63.850000000000001 1.0000000180025095e-35
decision_type=2 2 2 2 2 2 2 2
left_child=1 2 3 5 -4 6 -1 -7
right_child=-2 -3 4 -5 -6 7 -8 -9
leaf_value=0.093161118814147056 0.049056039467044545 -0.10038656741690735 -0.012370116955684218 -0.10028550854286214 0.11859906475721788 -0.073632293988192155 0.0018098743978057941 0.077302200430943935
leaf_weight=0.8863418191613136 1.256477162474767 0.81608294235775325 0.7683957047993315 0.87808501766994584 0.82934643980115652 0.90176796865125541 4.8773897464561742 0.21619007410481572
leaf_count=84 10 12 46 20 4 155 128 4
internal_value=0.00194418 -0.0038743 0.00454267 -0.00597265 0.0556126 0.00606142 0.0158578 -0.0444447
internal_weight=11.4301 10.1736 9.35752 7.75977 1.59774 6.88169 5.76373 1.11796
internal_count=463 453 441 391 50 371 212 159
is_linear=0
shrinkage=0.1


Tree=205
num_leaves=9
num_cat=0
split_feature=5 6 8 5 0 5 6 2
split_gain=0.639483 0.436009 1.03236 0.454515 0.529039 0.332742 0.804812 0.295115
threshold=23.350000000000005 76.950000000000017 1.0000000180025095e-35 24.050000000000004 -0.98296291314453399 27.600000000000005 69.350000000000009 -1.0000000180025095e-35
decision_type=2 2 2 2 2 2 2 2
left_child=-1 3 -3 -2 -5 7 -7 -6
right_child=1 2 -4 4 5 6 -8 -9
leaf_value=-0.086591315338091626 -0.051049312478355813 -0.033059586658511803 0.090227977137940535 0.056308224171005776 0.022157350659394347 -0.036146073394281573 0.08240547006398935 -0.0083956856258928583
leaf_weight=0.82770272158086555 1.7391507355496347 1.1486407616175711 1.6618534321896723 1.6600371450185871 6.1264153430238366 5.052227178355678 0.64583972422406066 6.5322865680791384
leaf_count=19 15 23 31 36 57 206 13 63
internal_value=-0.000137978 0.00277484 0.0398407 -0.00201343 0.00224703 -0.00264182 -0.022709 0.00639103
internal_weight=25.3942 24.5665 2.81049 21.756 20.0168 18.3568 5.69807 12.6587
internal_count=463 444 54 390 375 339 219 120
is_linear=0
shrinkage=0.1


Tree=206
num_leaves=10
num_cat=0
split_feature=6 6 2 2 5 1 2 5 0
split_gain=0.526448 0.722532 0.332195 0.420186 0.0740536 0.196496 0.00651404 3.3407e-08 3.43751e-08
threshold=87.100000000000009 74.15000000000002 0.6078576107927941 -1.0000000180025095e-35 24.950000000000003 0.78656609248549303 -0.8783796973249266 31.850000000000005 0.91597561503675362
decision_type=2 2 2 2 2 2 2 2 2
left_child=1 4 3 6 -1 7 -3 8 -6
right_child=-2 2 -4 -5 5 -7 -8 -9 -10
leaf_value=-0.099941329333782344 -0.084941170699208687 0.071987880916595998 0.080122685238353808 -0.018760504725249143 -0.080087260971911836 0.082233022031276054 0.055605394036340031 -0.080249824856611182 -0.080157004252155717
leaf_weight=0.45609299233183254 0.67467253527138371 0.48380660591647073 0.95313180261291552 1.6921329941833392 0.1732776037970325 0.097900213673710823 0.48705069615971308 0.019830444041872397 0.11934547383862082
leaf_count=39 6 13 24 26 238 3 31 12 71
internal_value=-0.00258693 0.00980823 0.0294606 0.0113277 -0.072211 -0.0413898 0.0637693 -0.0801242 -0.0801157
internal_weight=5.15724 4.48257 3.61612 2.66299 0.866447 0.410354 0.970857 0.312454 0.292623
internal_count=463 457 94 70 363 324 44 321 309
is_linear=0
shrinkage=0.1


Tree=207
num_leaves=12
num_cat=0
split_feature=1 1 6 5 6 6 6 5 5 5 5
split_gain=0.218865 0.708559 0.278717 0.629536 0.391285 2.18445 0.0169824 0.000187465 1.76897e-05 3.49626e-06 2.42964e-06
threshold=-0.98296291314453399 -0.37940952255126015 60.750000000000007 28.050000000000004 66.100000000000009 66.750000000000014 63.850000000000001 31.850000000000005 28.250000000000004 31.550000000000004 28.950000000000003
decision_type=2 2 2 2 2 2 2 2 2 2 2
left_child=-1 7 -3 4 6 -6 -4 8 -2 10 -10
right_child=1 2 3 -5 5 -7 -8 -9 9 -11 -12
leaf_value=0.021037397859271185 -0.081989770847123472 0.025663291435893888 -0.01682857679819048 -0.06174649099476779 0.13702349079820902 -0.0034749116899501298 -0.029370809779061691 -0.084115549252062771 -0.080875764380308079 -0.08109472359472876 -0.080427486142632065
leaf_weight=4.6670954748988178 0.11397509928792959 3.8343407362699535 2.0569739239290383 1.7094732793048013 1.2429147693328548 10.091967092273988 2.2719628284685314 0.21660016919486225 0.16580851550679654 0.14517153520137072 0.44645848975051194
leaf_count=20 5 25 24 23 12 185 18 10 22 12 107
internal_value=0.00134525 -0.00277686 0.00126098 -0.00412469 0.00216387 0.0119313 -0.0234111 -0.0814827 -0.0808283 -0.0806535 -0.0805489
internal_weight=26.9627 22.2956 21.2076 17.3733 15.6638 11.3349 4.32894 1.08801 0.871414 0.757439 0.612267
internal_count=463 443 287 262 239 197 42 156 146 141 129
is_linear=0
shrinkage=0.1


Tree=208
num_leaves=14
num_cat=0
split_feature=9 6 2 1 6 6 6 0 6 1 5 3 3
split_gain=0.191811 0.320683 0.392559 0.790645 0.755134 0.697901 0.773762 0.572803 0.615064 1.19422 0.258375 0.23936 0.0379318
threshold=1.0000000180025095e-35 53.400000000000006 1.0000000180025095e-35 0.1294095225512602 79.600000000000009 66.65000000000002 59.850000000000001 0.91597561503675362 73.550000000000026 -0.98296291314453399 23.250000000000004 -1.0000000180025095e-35 -0.56174490092936669
decision_type=2 2 2 2 2 2 2 2 2 2 2 2 2
left_child=1 -1 7 5 -5 6 -4 8 9 -3 -10 -2 -9
right_child=11 2 3 4 -6 -7 -8 12 10 -11 -12 -13 -14
leaf_value=0.044405375768454297 -0.0067717031606796298 -0.032331704965746409 0.056375167519023467 -0.090313521122760504 0.0056147954311830794 0.085746650052051579 -0.045914667691690614 -0.074005168560182952 -0.012778633738445414 0.053574107960380285 -0.083425281813344271 0.062367571195418608 -0.049328868438707207
leaf_weight=1.2526251603849292 1.0027455308008941 3.5014277398586318 1.5045199238229527 1.2238389909034597 2.4905202016234398 1.7511664532357825 1.4543580838944761 1.3109341493109243 0.87802221626043353 3.008764841128138 1.2614425643114371 1.0001714471727599 1.1869616449112061
leaf_count=27 31 15 25 39 20 29 37 14 6 126 45 20 29
internal_value=-0.00180375 -0.00464658 -0.00778595 0.00850534 -0.0259925 0.0357105 0.00609731 -0.0200976 -0.00791608 0.00737071 -0.0544324 0.0277535 -0.0622794
internal_weight=22.8275 20.8246 19.572 8.4244 3.71436 4.71004 2.95888 11.1476 8.64966 6.51019 2.13946 2.00292 2.4979
internal_count=463 412 385 150 59 91 62 235 192 141 51 51 43
is_linear=0
shrinkage=0.1


Tree=209
num_leaves=8
num_cat=0
split_feature=5 6 6 5 6 5 5
split_gain=0.285915 0.846323 0.739614 0.636474 0.394872 0.728783 0.000674077
threshold=23.550000000000004 83.40000000000002 81.200000000000003 23.750000000000004 74.850000000000009 23.850000000000005 23.950000000000003
decision_type=2 2 2 2 2 2 2
left_child=-1 2 3 -2 5 -5 -6
right_child=1 -3 -4 4 6 -7 -8
leaf_value=0.021228393741705945 -0.076552523989731711 -0.12876117667338469 0.071467384768925848 0.12098182057012681 -0.091098665267239573 -0.0054518957185581548 -0.083043097360342669
leaf_weight=4.5589955858886242 1.3268859088420866 0.56147059801151034 1.1579500094521789 0.55131927132606584 0.21369919925928105 2.6342244536790531 0.202128475822974
leaf_count=25 7 14 12 2 2 360 41
internal_value=0.0019407 -0.0112869 -0.000449508 -0.0173472 0.00446636 0.0164299 -0.087183
internal_weight=11.2067 6.64768 6.08621 4.92826 3.60137 3.18554 0.415828
internal_count=463 438 424 412 405 362 43
is_linear=0
shrinkage=0.1


Tree=210
num_leaves=16
num_cat=0
split_feature=5 3 3 6 5 0 6 6 3 2 6 2 5 0 5
split_gain=0.249197 1.31153 0.350467 0.222179 0.2068 0.483815 0.80674 0.455234 0.600807 0.473727 0.0711579 0.0170923 0.00509178 5.87254e-05 2.84951e-06
threshold=28.450000000000003 0.81174490092936691 0.81174490092936691 71.750000000000014 27.150000000000002 -0.60355339059327362 68.850000000000009 76.450000000000017 1.0000000180025095e-35 1.0000000180025095e-35 71.350000000000009 0.6078576107927941 28.750000000000004 0.91597561503675362 31.850000000000005
decision_type=2 2 2 2 2 2 2 2 2 2 2 2 2 2 2
left_child=2 3 4 12 5 7 -7 8 -1 -9 -8 -6 -2 14 -14
right_child=1 -3 -4 -5 11 6 10 9 -10 -11 -12 -13 13 -15 -16
leaf_value=-0.015581986169680784 -0.093268034811143694 0.14159260562065765 -0.03292299228218875 0.023463177716373018 0.032140774254578924 0.007857237194774833 -0.087224243832464007 0.0074237294660448351 0.043808504032169113 0.095339618127707415 -0.051313676793997356 0.019741648763710928 -0.080390677346415057 -0.08276128838067881 -0.081044078275813961
leaf_weight=5.3390058656223207 0.74083899566903599 0.34725121199153353 2.4194775638170531 0.20715542905963946 2.3815835437271735 3.6848724177107242 1.0612969035282733 1.1896081888116898 2.5013662450946867 1.2642829865217207 1.1493973452597854 2.0851965006440878 0.39935806475114077 0.15099449083209038 0.080136995413340628
leaf_count=59 16 15 37 5 27 28 10 21 28 19 36 16 131 4 11
internal_value=0.000201974 -0.0343576 0.00308603 -0.073065 0.00730371 0.00204812 -0.0207949 0.0151304 0.00336576 0.0527194 -0.0685534 0.0263526 -0.0876467 -0.0810415 -0.0804999
internal_weight=25.0018 1.92574 23.0761 1.57848 20.6566 16.1898 5.89557 10.2943 7.84037 2.45389 2.21069 4.46678 1.37133 0.63049 0.479495
internal_count=463 182 281 167 244 201 74 127 87 40 46 43 162 146 142
is_linear=0
shrinkage=0.1


Tree=211
num_leaves=10
num_cat=0
split_feature=1 5 6 0 6 5 0 5 5
split_gain=0.50581 6.07844e-06 1.66157e-06 1.19973e-06 2.43153e-08 1.40079e-08 1.9754e-08 1.31909e-08 1.87229e-09
threshold=0.78656609248549303 23.550000000000004 74.15000000000002 -0.78656609248549303 77.15000000000002 31.750000000000004 0.91597561503675362 25.650000000000002 27.150000000000002
decision_type=2 2 2 2 2 2 2 2 2
left_child=1 -1 5 -4 -5 6 7 -3 -8
right_child=-2 2 3 4 -6 -7 8 -9 -10
leaf_value=-0.080994377172019419 0.010665532923616185 -0.080124171614523371 -0.080703130996575834 -0.080300135964716232 -0.080213773448811268 -0.08018975288507324 -0.080130020803633739 -0.080070464096159519 -0.080156107317077452
leaf_weight=0.14186834005522531 4.2667833585292101 0.074304279580246657 0.11120066908188164 0.063909845543093979 0.066546938847750425 0.024013089598156512 0.051011274685151875 0.11891918184119277 0.059727457672124729
leaf_count=17 35 55 15 18 24 16 42 210 31
internal_value=-0.00235088 -0.0804087 -0.0802628 -0.0804618 -0.0802561 -0.0801162 -0.0801104 -0.0800911 -0.0801441
internal_weight=4.97828 0.711501 0.569633 0.241657 0.130457 0.327975 0.303962 0.193223 0.110739
internal_count=463 428 411 57 42 354 338 265 73
is_linear=0
shrinkage=0.1


Tree=212
num_leaves=9
num_cat=0
split_feature=5 5 3 7 3 6 5 5
split_gain=0.212945 0.496403 0.303886 0.156539 0.252447 0.35927 0.941808 0.566339
threshold=23.250000000000004 24.350000000000005 -1.0000000180025095e-35 1.0000000180025095e-35 0.81174490092936691 70.800000000000026 24.850000000000005 24.850000000000005
decision_type=2 2 2 2 2 2 2 2
left_child=-1 2 -2 -3 5 7 -7 -5
right_child=1 3 -4 4 -6 6 -8 -9
leaf_value=0.044453787043414683 -0.097093509686420831 0.034067481809998551 -0.0084743129311181768 -0.062155691772312074 0.029617534753829285 0.050233969024559705 -0.078771880796609656 0.0072340560335176808
leaf_weight=1.088395614176991 0.82424321313737892 1.5044327359646654 0.72935468307696527 1.2701089242473269 2.6688894317485383 0.82998728589154724 1.7785886781639417 15.910136507416608
leaf_count=15 21 21 26 8 41 20 65 246
internal_value=0.00113566 -0.000712117 -0.0554902 0.00283945 0.000747495 -0.00314617 -0.0377253 0.00210418
internal_weight=26.6041 25.5157 1.5536 23.9621 22.4577 19.7888 2.60858 17.1802
internal_count=463 448 47 401 380 339 85 254
is_linear=0
shrinkage=0.1


Tree=213
num_leaves=10
num_cat=0
split_feature=5 5 1 6 5 2 6 5 2
split_gain=0.187882 0.453135 0.445164 0.605944 0.635684 0.332273 0.568921 0.230977 0.0788309
threshold=31.850000000000005 30.250000000000004 -0.98296291314453399 55.050000000000004 28.750000000000004 -0.8783796973249266 56.850000000000001 23.650000000000002 1.0000000180025095e-35
decision_type=2 2 2 2 2 2 2 2 2
left_child=1 2 -1 -4 7 -3 -7 -5 -6
right_child=-2 5 3 4 8 6 -8 -9 -10
leaf_value=-0.061411417743256785 -0.041155486317211457 -0.011384850217858733 -0.096367494551842722 0.013486474135047983 0.04155696280595679 -0.0057087384869192945 0.094705820458567763 -0.01267583833723418 0.096990010395332726
leaf_weight=1.3455891907215214 1.1488702744245518 1.1234039515256884 0.64751093252562242 5.3036999478936186 0.41290142678189912 0.93768567824736182 1.4167095317970959 9.2775340286316332 0.67745679593645036
leaf_count=6 12 27 12 30 34 25 33 265 19
internal_value=-0.00177176 0.000368332 -0.0061275 -0.00156907 0.00234776 0.0333624 0.0547137 -0.0031597 0.0759984
internal_weight=22.2914 21.1425 17.6647 16.3191 15.6716 3.4778 2.3544 14.5812 1.09036
internal_count=463 451 366 360 348 85 58 295 53
is_linear=0
shrinkage=0.1


Tree=214
num_leaves=7
num_cat=0
split_feature=6 6 6 5 5 3
split_gain=0.280913 0.715749 0.455755 0.402314 0.648847 0.461384
threshold=86.100000000000009 83.40000000000002 82.000000000000014 23.250000000000004 23.550000000000004 -0.56174490092936669
decision_type=2 2 2 2 2 2
left_child=1 2 3 -1 -5 -6
right_child=-2 -3 -4 4 5 -7
leaf_value=-0.046529280836664424 0.04624004647819592 -0.098128552967919863 0.081596359145814257 0.078675432421671798 0.043305043226217657 -0.02277582881406599
leaf_weight=1.6862529441714231 1.2419516285881407 0.74977754271822128 0.69103300990536887 1.0906087197363374 1.4238251135393474 4.0967348240810715
leaf_count=9 10 12 8 6 106 312
internal_value=0.00145128 -0.00426079 0.00356925 -0.00292907 0.00819165 -0.0057327
internal_weight=10.9802 9.73823 8.98845 8.29742 6.61117 5.52056
internal_count=463 453 441 433 424 418
is_linear=0
shrinkage=0.1


Tree=215
num_leaves=19
num_cat=0
split_feature=6 2 6 5 5 5 8 6 6 1 3 0 0 8 6 0 5 6
split_gain=0.223513 1.26639 0.41697 1.04257 0.243862 0.242986 0.694849 0.473739 0.301021 0.605425 0.310876 0.139156 0.119262 0.0276851 0.00591403 2.20783e-05 4.00981e-07 3.5764e-07
threshold=57.350000000000001 0.87837969732492682 61.45000000000001 27.600000000000005 28.050000000000004 28.150000000000002 1.0000000180025095e-35 62.550000000000004 66.100000000000009 -0.12940952255126037 -0.56174490092936669 -0.91597561503675329 0.78656609248549325 1.0000000180025095e-35 58.850000000000001 0.78656609248549325 31.750000000000004 55.550000000000004
decision_type=2 2 2 2 2 2 2 2 2 2 2 2 2 2 2 2 2 2
left_child=1 4 3 -2 -1 8 -7 -8 11 -10 -11 -4 -9 -5 -15 16 17 -6
right_child=2 -3 5 13 15 6 7 12 9 10 -12 -13 -14 14 -16 -17 -18 -19
leaf_value=0.083372073985781364 0.011547887746313651 0.21238841587550633 0.005417633321105203 -0.10613273589351149 -0.080351852614119951 0.10994594185738549 0.087220438412956555 -0.086781296583777687 -0.041566283789849924 0.039197751926111288 -0.0030958979293746582 0.042809195184279031 -0.0049549863897015486 -0.065844724915043507 -0.086451241920894484 -0.082100829552968227 -0.080752139978479298 -0.08064816770240546
leaf_weight=0.11615773662925022 2.2103990809991987 0.30600344156846404 1.9379807431250813 0.95243802299955882 0.091882144100964069 0.78379801521077741 0.32728207868058123 0.48215374222490937 3.6561370119452574 2.1881056008860549 8.447702810168245 2.0461715785786572 0.28247571270912886 0.22578390350099609 0.36350383399985731 0.15286898624617606 0.083489298005588353 0.07316874124808237
leaf_count=3 12 8 20 12 31 7 10 44 17 51 131 20 7 15 35 10 14 16
internal_value=-0.000102505 0.0511182 -0.00186723 -0.0324753 -0.0442303 0.00383178 0.038108 -0.0134589 0.000313951 -0.00646213 0.00560518 0.0246211 -0.0565523 -0.0955922 -0.0785559 -0.0811552 -0.0805736 -0.0804832
internal_weight=24.7275 0.82357 23.9039 3.75212 0.517567 20.1518 1.87571 1.09191 18.2761 14.2919 10.6358 3.98415 0.764629 1.54173 0.589288 0.401409 0.24854 0.165051
internal_count=463 82 381 74 74 307 68 61 239 199 182 40 51 62 50 71 61 47
is_linear=0
shrinkage=0.1


Tree=216
num_leaves=9
num_cat=0
split_feature=1 5 6 1 5 0 5 5
split_gain=0.454325 4.75814e-06 7.18108e-07 6.01932e-07 1.35082e-08 1.4834e-08 1.02538e-08 1.38756e-09
threshold=0.78656609248549303 23.850000000000005 74.15000000000002 0.37940952255126026 31.750000000000004 0.91597561503675362 25.650000000000002 27.150000000000002
decision_type=2 2 2 2 2 2 2 2
left_child=1 -1 4 -4 5 6 -3 -7
right_child=-2 2 3 -5 -6 7 -8 -9
leaf_value=-0.080806717726908284 0.0094681529559488206 -0.080115951490920878 -0.080545583659320075 -0.080172646921538193 -0.080182104169215965 -0.080119544010704272 -0.080065334891854731 -0.080142954141339665
leaf_weight=0.18031664841691952 4.1924167424440384 0.063295208150520921 0.088994672521948814 0.084251078485976905 0.02270684482937213 0.047208398304064758 0.10884594693197869 0.054604354256298393
leaf_count=28 35 51 15 35 16 42 210 31
internal_value=-0.00259445 -0.08037 -0.0802025 -0.0803642 -0.080108 -0.0801018 -0.0800839 -0.0801321
internal_weight=4.84264 0.650223 0.469907 0.173246 0.296661 0.273954 0.172141 0.101813
internal_count=463 428 400 50 350 334 261 73
is_linear=0
shrinkage=0.1


Tree=217
num_leaves=9
num_cat=0
split_feature=5 5 3 6 6 6 6 2
split_gain=0.176695 0.424645 0.288231 0.146038 0.550574 0.402994 0.622649 0.393952
threshold=23.250000000000004 24.350000000000005 -1.0000000180025095e-35 53.400000000000006 54.050000000000004 57.45000000000001 55.550000000000004 -0.8783796973249266
decision_type=2 2 2 2 2 2 2 2
left_child=-1 2 -2 -3 -5 6 -6 -7
right_child=1 3 -4 4 5 7 -8 -9
leaf_value=0.040654055703574561 -0.09543726329909423 -0.033881492882126815 -0.0072452531163715618 0.081422163818719584 -0.11234599042971488 0.036666942880953839 0.0047107186488070879 -0.0011492819481852335
leaf_weight=1.0687579270452285 0.76575911001418717 1.0608785275835568 0.71809159987606352 0.88449927605688827 0.77089893090306105 3.3015144233359193 1.1068629489745943 16.635058897663825
leaf_count=15 21 30 26 7 16 63 32 253
internal_value=0.000827867 -0.000858287 -0.0527578 0.00238296 0.00407786 0.000941802 -0.0433459 0.00511312
internal_weight=26.3123 25.2436 1.48385 23.7597 22.6988 21.8143 1.87776 19.9366
internal_count=463 448 47 401 371 364 48 316
is_linear=0
shrinkage=0.1


Tree=218
num_leaves=12
num_cat=0
split_feature=6 6 6 1 3 5 2 3 5 0 5
split_gain=0.17686 0.297658 0.226101 0.670909 0.654431 0.777479 0.757623 0.416691 0.698756 0.305626 0.182979
threshold=52.550000000000004 54.050000000000004 61.850000000000009 -0.98296291314453399 1.0000000180025095e-35 28.750000000000004 -0.60785761079279388 -1.0000000180025095e-35 28.350000000000005 -0.78656609248549303 28.650000000000002
decision_type=2 2 2 2 2 2 2 2 2 2 2
left_child=-1 -2 4 -4 5 -3 -7 8 -5 -9 -6
right_child=1 2 3 7 10 6 -8 9 -10 -11 -12
leaf_value=0.035875050352080898 -0.055186956164738482 -0.086872961830588846 -0.095657025165230461 0.0010812422498947889 0.071015859451695237 -0.034430776877618217 0.085572716624587777 -0.058455222907276318 0.095019026217116997 -0.0062079038261651509 0.02412482497420166
leaf_weight=1.2118559565860803 1.0546071748249257 1.0805117718409776 0.82283793389797821 6.6213845415040895 1.5215908186510207 1.22440921375528 0.92244894639588881 1.7663731907960025 0.8994147207122295 3.0576696194475383 1.8367332399357108
leaf_count=23 14 17 5 153 20 24 25 49 33 61 39
internal_value=-0.00126115 -0.00342396 -0.000660397 -0.00822657 0.0144677 -0.0176888 0.0171316 -0.00239895 0.0123153 -0.0253388 0.0453702
internal_weight=22.0198 20.808 19.7534 13.1677 6.58569 3.22737 2.14686 12.3448 7.5208 4.82404 3.35832
internal_count=463 440 426 301 125 66 49 296 186 110 59
is_linear=0
shrinkage=0.1


Tree=219
num_leaves=11
num_cat=0
split_feature=1 6 5 6 3 5 3 8 9 6
split_gain=0.257065 0.743169 0.341688 0.451998 0.956731 0.84865 0.729712 0.815617 0.35797 0.246908
threshold=0.78656609248549303 86.450000000000003 32.300000000000004 71.450000000000017 -0.56174490092936669 24.050000000000004 1.0000000180025095e-35 1.0000000180025095e-35 1.0000000180025095e-35 80.050000000000026
decision_type=2 2 2 2 2 2 2 2 2 2
left_child=1 2 3 4 5 -1 7 -5 -6 -8
right_child=-2 -3 -4 6 8 -7 9 -9 -10 -11
leaf_value=0.18317972260903803 0.030391695557374251 -0.13846658498422393 0.085822926491228468 0.031572634758262823 -0.094407592123929088 -0.02901109330266672 0.074085759319754071 -0.092646218020396853 0.045964796613734926 0.014337160854130032
leaf_weight=0.30749607086181563 2.4559334879741082 0.40547616174444545 0.44147764146327961 1.047434919004445 1.6051878303551337 0.48699604911962524 1.5139486819971355 1.0670705205120612 0.20485459070187073 1.273376867000479
leaf_count=1 35 4 6 14 210 81 34 41 28 9
internal_value=0.00195072 -0.00641113 0.000325965 -0.00470243 -0.0383666 0.0531141 0.0131846 -0.0311135 -0.0785207 0.0467899
internal_weight=10.8093 8.35332 7.94784 7.50637 2.60453 0.794492 4.90183 2.11451 1.81004 2.78733
internal_count=463 428 424 418 320 82 98 55 238 43
is_linear=0
shrinkage=0.1


Tree=220
num_leaves=14
num_cat=0
split_feature=6 5 6 0 2 5 6 5 5 5 1 5 5
split_gain=0.290299 1.03964 0.646118 0.202221 0.235627 0.634218 0.551129 0.393589 0.412502 0.108877 0.00454718 1.30029e-05 2.1593e-06
threshold=55.550000000000004 28.450000000000003 59.150000000000013 -0.98296291314453399 -1.0000000180025095e-35 23.850000000000005 71.050000000000011 24.550000000000004 27.050000000000004 28.150000000000002 -0.12940952255126037 29.650000000000002 31.750000000000004
decision_type=2 2 2 2 2 2 2 2 2 2 2 2 2
left_child=1 -1 9 -4 5 -5 -7 -6 -9 -2 -11 -3 -13
right_child=2 11 3 4 7 6 -8 8 -10 10 -12 12 -14
leaf_value=0.18185767689928534 -0.030986998009815161 -0.082092312372152906 0.034325362346836419 -0.055418774673966935 0.022960019601978007 0.0056838573671065583 0.065899356500394177 -0.036703829096292703 0.0065703142609305184 -0.08930358357856967 -0.10478882059200734 -0.080294249946238558 -0.081028619073060013
leaf_weight=0.34705969039351003 0.3674012310802961 0.10466548753902316 1.7738530137576223 1.2181425876915541 2.7951377574354295 5.5085482173890341 2.099213657900691 5.6568844551220518 3.6075243415252771 0.36726557684596628 0.39206364750862122 0.080596796935424209 0.079565872089006007
leaf_count=3 7 7 35 16 40 95 50 64 57 44 2 32 11
internal_value=-1.58022e-05 0.0679939 -0.00176533 0.00190988 -0.000843251 0.0115726 0.0222992 -0.00992992 -0.019853 -0.0756762 -0.0972991 -0.0812255 -0.0806591
internal_weight=24.3979 0.611888 23.786 22.6593 20.8855 8.8259 7.60776 12.0595 9.26441 1.12673 0.759329 0.264828 0.160163
internal_count=463 53 410 357 322 161 145 161 121 53 46 50 43
is_linear=0
shrinkage=0.1


Tree=221
num_leaves=9
num_cat=0
split_feature=6 6 2 5 6 5 5 8
split_gain=0.451385 0.649233 0.489787 0.653376 0.594482 0.497852 0.0760479 0.0567556
threshold=87.100000000000009 85.850000000000009 0.87837969732492682 23.650000000000002 83.40000000000002 23.950000000000003 23.350000000000005 1.0000000180025095e-35
decision_type=2 2 2 2 2 2 2 2
left_child=1 2 3 -1 5 -5 -4 -8
right_child=-2 -3 6 4 -6 -7 7 -9
leaf_value=-0.10895582063935072 -0.079077841988776626 0.10443570436194519 0.11455898956262207 -0.079296456895758094 0.11241596717927488 0.026735777882291551 0.074201361018832054 -0.0066196327701183028
leaf_weight=0.68274434795603234 0.64598189282696683 0.62810907728271548 0.26333141326904286 0.81584944765199929 0.40530251921154548 0.96847486417391337 0.23543330142274499 0.13771112984250067
leaf_count=21 6 7 1 13 4 353 21 37
internal_value=-0.00133569 0.0108037 -0.00595714 -0.0235441 0.00308794 -0.0217455 0.0734118 0.0443739
internal_weight=4.78294 4.13696 3.50885 2.87237 2.18963 1.78432 0.636476 0.373144
internal_count=463 457 450 391 370 366 59 58
is_linear=0
shrinkage=0.1


Tree=222
num_leaves=11
num_cat=0
split_feature=1 5 6 6 5 1 0 0 5 6
split_gain=0.144724 0.43243 0.30412 0.301398 0.572274 0.266513 0.834293 0.00339493 6.0872e-06 8.52719e-07
threshold=-0.98296291314453399 28.750000000000004 53.70000000000001 60.750000000000007 28.050000000000004 -0.12940952255126037 -0.91597561503675329 0.91597561503675362 31.650000000000002 62.550000000000004
decision_type=2 2 2 2 2 2 2 2 2 2
left_child=-1 3 -3 -2 5 -5 -7 8 9 -4
right_child=1 2 7 4 -6 6 -8 -9 -10 -11
leaf_value=0.016979278539497655 0.029478237924578061 0.0094636484774242927 -0.08033562943909589 0.018054565359776165 -0.060411464185481933 0.003578047779763071 -0.081499133952351005 -0.092256039160190151 -0.081328833192106598 -0.080620203416733427
leaf_weight=4.4260567352175739 3.1357732643373373 0.49625583935994555 0.23166011215653248 6.0485827904194673 1.6398901379434381 7.7968359114602288 1.352596218086531 0.48113926127552986 0.1009624085854739 0.19303940131794661
leaf_count=20 31 27 71 25 29 69 145 4 9 33
internal_value=0.000513864 -0.00287943 -0.0546062 0.00101311 -0.00428804 0.00176777 -0.00899924 -0.0861864 -0.0806309 -0.080465
internal_weight=25.9028 21.4767 1.50306 19.9737 16.8379 15.198 9.14943 1.0068 0.525662 0.4247
internal_count=463 443 144 299 268 239 214 117 113 104
is_linear=0
shrinkage=0.1


Tree=223
num_leaves=9
num_cat=0
split_feature=5 6 9 6 3 3 8 5
split_gain=0.172775 0.771554 0.42594 0.479226 0.329892 0.239268 0.639599 0.369793
threshold=31.850000000000005 53.400000000000006 1.0000000180025095e-35 54.050000000000004 -1.0000000180025095e-35 0.81174490092936691 1.0000000180025095e-35 30.250000000000004
decision_type=2 2 2 2 2 2 2 2
left_child=1 -1 3 -3 -4 7 -7 -5
right_child=-2 2 4 5 -6 6 -8 -9
leaf_value=0.10366473905492196 -0.039269757111297786 -0.085744015290186729 0.0039595334109331472 -0.0057496372094032805 0.094641391090248342 0.01874078664626919 -0.09051788949225395 0.039084761297136096
leaf_weight=0.70492856740020826 1.1317635495215643 0.74501968454570189 0.85616798826958984 13.001887160120534 0.75488917622715124 1.0872433864278719 1.0563663889188311 2.1428442969918242
leaf_count=23 12 6 28 285 18 15 26 50
internal_value=-0.00124122 0.000873797 -0.0028148 -0.007216 0.0464501 -0.00383194 -0.0351017 0.00059403
internal_weight=21.4811 20.3493 19.6444 18.0334 1.61106 17.2883 2.14361 15.1447
internal_count=463 451 428 382 46 376 41 335
is_linear=0
shrinkage=0.1


Tree=224
num_leaves=10
num_cat=0
split_feature=6 6 3 1 1 6 0 6 9
split_gain=0.282031 0.639124 0.454623 0.735785 0.437431 0.480928 0.249635 0.448248 0.354967
threshold=86.100000000000009 83.40000000000002 0.81174490092936691 0.78656609248549303 0.78656609248549303 79.450000000000017 -1.0000000180025095e-35 63.850000000000001 1.0000000180025095e-35
decision_type=2 2 2 2 2 2 2 2 2
left_child=1 2 3 6 5 -4 7 -1 -8
right_child=-2 -3 4 -5 -6 -7 8 -9 -10
leaf_value=0.077546836686682996 0.047039270209521859 -0.096431204009411409 -0.07410642301110737 -0.098347137594486433 0.10848337043386874 0.09416982148577388 -0.070937856361023233 2.0872746917033224e-05 0.077450089697581201
leaf_weight=0.89475483607384099 1.2238209454808391 0.69274935233988877 0.39706537846359402 0.78306297352537502 0.7375721475109458 0.29678076505661011 0.80697590086492599 4.4800169253430795 0.20145416422747076
leaf_count=84 10 12 44 20 4 2 155 128 4
internal_value=0.0019142 -0.00403008 0.00341504 -0.00686209 0.0548666 -0.00212915 0.00436089 0.0129269 -0.0412944
internal_weight=10.5143 9.29043 8.59768 7.16626 1.43142 0.693846 6.3832 5.37477 1.00843
internal_count=463 453 441 391 50 46 371 212 159
is_linear=0
shrinkage=0.1


Tree=225
num_leaves=18
num_cat=0
split_feature=5 5 6 6 6 5 6 6 0 6 2 2 1 6 0 2 1
split_gain=0.203717 0.737565 0.484924 0.959203 0.412538 0.967764 0.333049 1.13074 0.881228 0.475393 0.449215 0.309555 0.232467 0.379438 0.0270853 0.0285171 0.000550848
threshold=27.600000000000005 27.050000000000004 54.600000000000009 61.45000000000001 64.850000000000009 28.150000000000002 68.850000000000009 65.350000000000009 -0.60355339059327362 76.850000000000009 1.0000000180025095e-35 -1.0000000180025095e-35 1.0000000180025095e-35 77.15000000000002 0.91597561503675362 -1.0000000180025095e-35 -0.12940952255126037
decision_type=2 2 2 2 2 2 2 2 2 2 2 2 2 2 2 2 2
left_child=1 6 -2 14 -5 -6 7 -1 9 11 -11 -8 -10 -14 15 16 -4
right_child=2 -3 3 4 5 -7 8 -9 12 10 -12 -13 13 -15 -16 -17 -18
leaf_value=-0.019170696054897782 0.077566590518015663 0.071315415767832388 -0.080953605976629275 0.053675178098392611 -0.069795774583277445 0.047323810849320594 0.011879703305429066 0.067678556019637667 -0.10130004306937371 -0.00044146684198167709 0.084530655111335659 -0.03554300353734715 0.02538618489429318 -0.08340488444264349 -0.098833156588533658 -0.024759678889048346 -0.089402448338583199
leaf_weight=3.5114668281748989 0.5120126498513845 1.5629494730383147 0.22431645830511071 1.1112516908324326 1.5989004084840419 1.2626892584376035 2.7187259271740976 2.6158402059227228 1.0220608562230986 1.2909164740704002 1.2009642687626181 2.7880016090348363 0.55256001930683829 0.76367570832371712 1.1150836795568464 0.1072508585348263 0.1176365539431572
leaf_count=33 42 13 57 35 12 38 33 32 5 26 16 32 21 26 10 31 1
internal_value=0.000336985 0.00566544 -0.0155424 -0.0241521 0.00196469 -0.0181162 -0.000566718 0.0179066 -0.0115169 0.00426976 0.0405109 -0.0121299 -0.0655185 -0.037734 -0.0904814 -0.0697494 -0.0838601
internal_weight=24.0763 18.0272 6.04914 5.53713 3.97284 2.86159 16.4642 6.12731 10.3369 7.99861 2.49188 5.50673 2.3383 1.31624 1.56429 0.449204 0.341953
internal_count=463 237 226 184 85 50 224 65 159 107 42 65 52 47 99 89 58
is_linear=0
shrinkage=0.1


Tree=226
num_leaves=9
num_cat=0
split_feature=1 5 6 1 5 0 5 5
split_gain=0.418573 3.0341e-06 8.40574e-07 5.77484e-07 1.95759e-08 1.30261e-08 7.27962e-09 1.21106e-09
threshold=0.78656609248549303 23.550000000000004 74.15000000000002 0.60355339059327384 31.850000000000005 0.91597561503675362 25.650000000000002 27.150000000000002
decision_type=2 2 2 2 2 2 2 2
left_child=1 -1 4 -4 5 6 -3 -7
right_child=-2 2 3 -5 -6 7 -8 -9
leaf_value=-0.080796973764995617 0.010027245717175547 -0.080105816713157474 -0.080515822041745164 -0.080169848605804866 -0.08020922860484371 -0.08011296009011154 -0.080062799348074559 -0.080135461573952169
leaf_weight=0.10956159987836134 3.9954788982868195 0.06277848593890667 0.11539929697755724 0.082905901654157788 0.016099235508590937 0.044679819111479446 0.10536088531080168 0.051477073779096827
leaf_count=17 35 55 21 36 12 42 214 31
internal_value=-0.00156791 -0.0803223 -0.0802136 -0.0803712 -0.0801022 -0.0800956 -0.0800789 -0.080125
internal_weight=4.58374 0.588262 0.478701 0.198305 0.280395 0.264296 0.168139 0.0961569
internal_count=463 428 411 57 354 342 269 73
is_linear=0
shrinkage=0.1


Tree=227
num_leaves=11
num_cat=0
split_feature=5 5 2 6 2 1 6 9 5 4
split_gain=0.15408 0.343245 0.325406 0.128901 0.518428 0.789807 1.54963 0.50799 0.601125 0.336618
threshold=23.250000000000004 24.350000000000005 0.6078576107927941 55.550000000000004 -0.8783796973249266 -0.98296291314453399 68.850000000000009 1.0000000180025095e-35 25.250000000000004 1.0000000180025095e-35
decision_type=2 2 2 2 2 2 2 2 2 2
left_child=-1 2 -2 9 5 -5 -7 8 -6 -3
right_child=1 3 -4 4 7 6 -8 -9 -10 -11
leaf_value=0.038325265070378846 -0.091923298325970904 0.012714822439243878 0.0066753584922074356 0.11362158503940156 0.050893253856690551 -0.10008769280980234 0.065057432279187852 -0.056434953130156097 -0.0054621374770675432 -0.060792454114753647
leaf_weight=1.0280914562754357 0.7845307563839039 1.4166067045880508 0.58380178743391298 1.0147006064653399 2.2105829415959244 0.85821727861185637 1.6813735541654748 1.607815497613047 13.164554379123727 1.1120149663183838
leaf_count=15 28 23 19 5 41 42 23 32 205 30
internal_value=0.000401889 -0.00119377 -0.049856 0.00169301 0.00431611 0.039046 0.00924907 -0.00295236 0.00264044 -0.0196116
internal_weight=25.4623 24.4342 1.36833 23.0659 20.5372 3.55429 2.53959 16.983 15.3751 2.52862
internal_count=463 448 47 401 348 70 65 278 246 53
is_linear=0
shrinkage=0.1


Tree=228
num_leaves=7
num_cat=0
split_feature=6 6 6 5 5 1
split_gain=0.160475 0.451935 0.283758 0.734821 0.996759 0.879302
threshold=84.40000000000002 80.40000000000002 79.450000000000017 23.550000000000004 23.750000000000004 0.1294095225512602
decision_type=2 2 2 2 2 2
left_child=1 2 3 -1 -5 -6
right_child=-2 -3 -4 4 5 -7
leaf_value=-0.091198057531787766 0.026007472628550962 -0.057751490065438865 0.054135994661252566 0.095520439486983869 0.0031823104063786324 -0.083903741751708436
leaf_weight=0.8846256509423388 1.9793812504503865 1.4410048109712068 0.933930987957864 1.0727906078100193 13.458729435689746 1.2687149380799372
leaf_count=8 17 24 7 5 307 95
internal_value=-0.00109344 -0.00390789 0.000495862 -0.00250663 0.00245904 -0.00431983
internal_weight=21.0392 19.0598 17.6188 16.6849 15.8002 14.7274
internal_count=463 446 422 415 407 402
is_linear=0
shrinkage=0.1


Tree=229
num_leaves=8
num_cat=0
split_feature=5 6 6 1 5 6 6
split_gain=0.241395 0.694961 0.518111 0.515733 0.331357 0.362875 0.00365955
threshold=23.550000000000004 83.40000000000002 81.200000000000003 0.60355339059327384 32.300000000000004 71.750000000000014 76.450000000000017
decision_type=2 2 2 2 2 2 2
left_child=-1 2 3 4 5 -2 -5
right_child=1 -3 -4 6 -6 -7 -8
leaf_value=0.019617531273435785 -0.03423289695977063 -0.12289779099636998 0.061936888779190985 -0.10419344704519802 0.085199913002256586 0.03632110228200721 -0.08945699992830225
leaf_weight=4.1784168593585491 2.3038284234207831 0.51380301716562815 1.0488237950485197 0.33424987015314389 0.39228752627968777 1.0664104811439754 0.33986179728526622
leaf_count=25 321 14 12 21 6 42 22
internal_value=0.00116387 -0.0116889 -0.00127235 -0.0162151 -0.00178355 -0.0119082 -0.0967639
internal_weight=10.1777 5.99926 5.48546 4.43664 3.76253 3.37024 0.674112
internal_count=463 438 424 412 369 363 43
is_linear=0
shrinkage=0.1


Tree=230
num_leaves=8
num_cat=0
split_feature=5 6 8 5 0 0 8
split_gain=0.57151 0.270417 0.770403 0.432128 0.451309 0.290145 0.279201
threshold=23.350000000000005 76.950000000000017 1.0000000180025095e-35 24.050000000000004 -0.98296291314453399 0.98296291314453421 1.0000000180025095e-35
decision_type=2 2 2 2 2 2 2
left_child=-1 3 -3 -2 -5 6 -6
right_child=1 2 -4 4 5 -7 -8
leaf_value=-0.086468858547255972 -0.050635555310462245 -0.032049094109351535 0.079511693631890312 0.056558464585763468 0.0077553201717628743 0.046751817330380654 -0.018680233670510044
leaf_weight=0.73849558643996971 1.6113656023517311 1.0524122356437147 1.5030940170399836 1.4681101925671196 8.4666310715547421 1.175500540062784 7.5649518668069353
leaf_count=19 15 23 31 36 59 34 246
internal_value=0.000113341 0.00291259 0.0335686 -0.00094916 0.00333797 -0.00120281 -0.00471904
internal_weight=23.5806 22.8421 2.55551 20.2866 18.6752 17.2071 16.0316
internal_count=463 444 54 390 375 339 305
is_linear=0
shrinkage=0.1


Tree=231
num_leaves=10
num_cat=0
split_feature=6 5 5 1 6 5 0 1 5
split_gain=0.398424 0.37708 0.0616356 0.153096 0.0437575 1.59255e-08 1.38165e-08 7.18354e-09 9.48959e-10
threshold=74.15000000000002 23.950000000000003 24.950000000000003 0.78656609248549303 77.750000000000014 31.850000000000005 0.91597561503675362 -0.98296291314453399 27.150000000000002
decision_type=2 2 2 2 2 2 2 2 2
left_child=2 -2 -1 5 -3 6 7 -4 -8
right_child=1 4 3 -5 -6 -7 8 -9 -10
leaf_value=-0.097934120903982597 -0.0084905006943655301 0.030201378365885857 -0.080107659560308936 0.081787177603229302 0.075030088738055833 -0.080193346382852693 -0.080104676534575495 -0.080050199497090885 -0.080125560048610461
leaf_weight=0.38671106069523364 2.7153375316993338 0.30727246869355418 0.028507066948804893 0.079186610877513885 0.74728669581236318 0.014742649145773612 0.04014841174648609 0.091891244541329908 0.047505371796432883
leaf_count=39 33 36 18 3 31 12 40 220 31
internal_value=-0.0015578 0.011219 -0.0714979 -0.0376441 0.0619681 -0.0800929 -0.0800858 -0.0800638 -0.080116
internal_weight=4.45859 3.7699 0.688692 0.301981 1.05456 0.222795 0.208052 0.120398 0.0876538
internal_count=463 100 363 324 67 321 309 238 71
is_linear=0
shrinkage=0.1


Tree=232
num_leaves=12
num_cat=0
split_feature=1 5 6 6 5 6 6 6 0 5 6
split_gain=0.135068 0.388867 0.269373 0.24892 0.487573 0.258016 1.79783 0.0182217 0.00265389 5.46872e-06 6.96698e-07
threshold=-0.98296291314453399 28.750000000000004 53.70000000000001 60.750000000000007 28.050000000000004 66.100000000000009 66.750000000000014 63.850000000000001 0.91597561503675362 31.650000000000002 62.550000000000004
decision_type=2 2 2 2 2 2 2 2 2 2 2
left_child=-1 3 -3 -2 5 7 -7 -5 9 10 -4
right_child=1 2 8 4 -6 6 -8 -9 -10 -11 -12
leaf_value=0.016548687642743285 0.026772656398583495 0.0065867564666669265 -0.080282902280856702 -0.012538858928154685 -0.05731815639181137 0.12399158934536832 -0.0052091591826064409 -0.025756921546772261 -0.091362823460770709 -0.081272409773862214 -0.080556891027937588
leaf_weight=4.280859604477885 3.08173599792645 0.4811292091035273 0.20131300622597337 1.9650801252573753 1.5632995188934717 1.2186799272894848 9.264516914408885 2.2224279181100428 0.44827558845281601 0.091344871558248997 0.17218530364334583
leaf_count=20 31 27 71 24 29 12 185 18 4 9 33
internal_value=0.000378667 -0.00296376 -0.0539668 0.000717744 -0.00422832 0.0014289 0.00981053 -0.0195541 -0.085873 -0.0805788 -0.0804092
internal_weight=24.9908 20.71 1.39425 19.3157 16.234 14.6707 10.4832 4.18751 0.913119 0.464843 0.373498
internal_count=463 443 144 299 268 239 197 42 117 113 104
is_linear=0
shrinkage=0.1


Tree=233
num_leaves=10
num_cat=0
split_feature=0 2 5 6 6 6 2 1 3
split_gain=0.158881 0.72764 0.696921 0.761922 0.325764 0.544437 0.65666 0.622999 0.0240855
threshold=0.91597561503675362 1.0000000180025095e-35 31.950000000000003 53.70000000000001 54.050000000000004 61.850000000000009 -0.8783796973249266 -0.98296291314453399 -0.56174490092936669
decision_type=2 2 2 2 2 2 2 2 2
left_child=2 8 3 -1 -5 6 -6 -7 -2
right_child=1 -3 -4 4 5 7 -8 -9 -10
leaf_value=0.096580423097012966 -0.067960509552634427 0.016717405798698143 -0.090108066051173913 -0.075870171330772562 -0.016658239208201236 -0.093975041481584129 0.07389121930605333 0.0012552534574165894 -0.047442223858302518
leaf_weight=0.92970275715924877 1.2088467689463871 2.9705337098566815 0.74606757424771863 0.50402463413774867 1.2730974352452906 0.7435792461037608 2.1591862825443959 9.0234452893491834 1.0861277418443922
leaf_count=26 14 36 9 4 27 5 74 239 29
internal_value=-0.000964534 -0.0159572 0.00416865 0.00897536 0.0030318 0.00604472 0.0403048 -0.00599478 -0.05825
internal_weight=20.6446 5.26551 15.3791 14.633 13.7033 13.1993 3.43228 9.76702 2.29497
internal_count=463 79 384 375 349 345 101 244 43
is_linear=0
shrinkage=0.1


Tree=234
num_leaves=10
num_cat=0
split_feature=6 6 3 1 1 6 0 6 9
split_gain=0.27406 0.534987 0.377829 0.598598 0.338469 0.399575 0.201475 0.401558 0.31098
threshold=86.100000000000009 83.40000000000002 0.81174490092936691 0.78656609248549303 0.78656609248549303 79.450000000000017 -1.0000000180025095e-35 63.850000000000001 1.0000000180025095e-35
decision_type=2 2 2 2 2 2 2 2 2
left_child=1 2 3 6 5 -4 7 -1 -8
right_child=-2 -3 4 -5 -6 -7 8 -9 -10
leaf_value=0.073130746288976353 0.046312670109542341 -0.094133389229765607 -0.06908512823041385 -0.095090811605082787 0.10216059544337908 0.092150466639493334 -0.068810668969350994 -0.0018487663454034063 0.075928151161179527
leaf_weight=0.85410726303234419 1.1991570465033881 0.62091349785623684 0.36136065443861276 0.69569760817103077 0.65623796917498112 0.26746374368667603 0.74693711797590268 4.3627313133620191 0.18526244536042213
leaf_count=84 10 12 44 20 4 2 155 128 4
internal_value=0.00147963 -0.00466408 0.00216914 -0.00717182 0.0519227 -0.000505289 0.00277527 0.010427 -0.0400457
internal_weight=9.94987 8.75071 8.1298 6.84474 1.28506 0.628824 6.14904 5.21684 0.9322
internal_count=463 453 441 391 50 46 371 212 159
is_linear=0
shrinkage=0.1


Tree=235
num_leaves=16
num_cat=0
split_feature=5 3 3 5 0 6 6 3 6 6 2 6 5 0 5
split_gain=0.215259 0.97844 0.235835 0.173887 0.334971 0.598691 0.287261 0.560666 0.158579 0.044895 0.0204571 0.00765253 0.00312747 2.12542e-05 2.90121e-06
threshold=28.450000000000003 0.81174490092936691 0.81174490092936691 27.150000000000002 -0.60355339059327362 68.850000000000009 76.450000000000017 1.0000000180025095e-35 71.750000000000014 71.350000000000009 0.6078576107927941 81.200000000000003 28.750000000000004 0.91597561503675362 31.850000000000005
decision_type=2 2 2 2 2 2 2 2 2 2 2 2 2 2 2
left_child=2 8 3 4 6 -6 7 -1 12 -7 -5 -8 -2 14 -14
right_child=1 -3 -4 10 5 9 11 -9 -10 -11 -12 -13 13 -15 -16
leaf_value=-0.015728244961750279 -0.091418062610866421 0.11706648587081124 -0.028053249566429923 0.030864488818178156 0.0056730589817413218 -0.080007301481386128 0.037690670351508748 0.043603513013287021 0.010897085549113748 -0.049139304344167953 0.017013496648733795 0.049260698729906738 -0.080304302275558279 -0.082037229919517757 -0.081024593131834008
leaf_weight=5.0298667461611384 0.66665770194958784 0.34059637144673605 2.1999582608696064 2.249328830628655 3.5961306164972511 0.90061794780194737 1.1143634500913324 2.3306883075274527 0.19350759056396771 0.98812996130436659 2.0274054538458586 1.1738124294206498 0.29885102112893946 0.10756346210837364 0.068791301921010017
leaf_count=59 16 15 37 27 28 10 22 28 5 36 16 18 131 4 11
internal_value=0.00029929 -0.0342253 0.00297681 0.00649374 0.00146219 -0.0182704 0.0126793 0.0030589 -0.0728134 -0.0638582 0.0242984 0.043626 -0.0869995 -0.0808008 -0.0804391
internal_weight=23.2863 1.67597 21.6103 19.4103 15.1336 5.48488 9.64873 7.36056 1.33537 1.88875 4.27673 2.28818 1.14186 0.475206 0.367642
internal_count=463 182 281 244 201 74 127 87 167 46 43 40 162 146 142
is_linear=0
shrinkage=0.1


Tree=236
num_leaves=12
num_cat=0
split_feature=6 6 3 6 6 5 3 1 5 1 5
split_gain=0.375123 0.564799 0.531773 1.14587 0.536423 0.399103 0.438359 0.224265 0.0679287 0.126443 1.8908e-07
threshold=87.100000000000009 85.850000000000009 -0.56174490092936669 84.950000000000003 74.15000000000002 23.750000000000004 0.81174490092936691 0.78656609248549303 24.950000000000003 0.78656609248549303 25.050000000000004
decision_type=2 2 2 2 2 2 2 2 2 2 2
left_child=1 2 3 7 8 -6 -7 10 -4 -10 -1
right_child=-2 -3 4 -5 5 6 -8 -9 9 -11 -12
leaf_value=-0.080347880257964965 -0.074176431146601982 0.10165454953859963 -0.097158999168442339 -0.24022820784856991 0.088241009480554911 0.054786160168537351 -0.079625970173792471 0.083467173766150621 -0.080079155720243753 0.081635725674720619 -0.08010058097878435
leaf_weight=0.053617546858732434 0.60369552235351864 0.57787528570042912 0.35160499130142886 0.27764570713043213 0.9155304853338746 0.56053600541781634 0.42782229534350336 0.24697967618703842 0.14468852640129626 0.072615146636962891 0.073025846410018858
leaf_count=18 6 7 31 1 15 37 9 5 241 3 90
internal_value=-0.00108378 0.0108358 -0.0059634 -0.0863562 0.0152099 0.04067 -0.00339568 0.0279887 -0.0699939 -0.0260398 -0.0802053
internal_weight=4.30564 3.70194 3.12407 0.651269 2.4728 1.90389 0.988358 0.373623 0.568909 0.217304 0.126643
internal_count=463 457 450 114 336 61 46 113 275 244 108
is_linear=0
shrinkage=0.1


Tree=237
num_leaves=10
num_cat=0
split_feature=5 5 2 7 3 8 6 5 5
split_gain=0.132135 0.285591 0.305704 0.122764 0.200511 0.440535 0.315154 0.811931 0.473049
threshold=23.250000000000004 24.350000000000005 0.6078576107927941 1.0000000180025095e-35 0.81174490092936691 1.0000000180025095e-35 70.800000000000026 24.850000000000005 24.850000000000005
decision_type=2 2 2 2 2 2 2 2 2
left_child=-1 2 -2 -3 6 -6 8 -8 -5
right_child=1 3 -4 4 5 -7 7 -9 -10
leaf_value=0.035907444736167429 -0.090560362675236927 0.030138117005035277 0.0069853627825694035 -0.058594441154674819 -0.017916622848829691 0.06645378628338891 0.049166661158323806 -0.07762256883459813 0.0058925634100548694
leaf_weight=1.0000742217525864 0.71596712994505896 1.3982012928463614 0.58280934864887968 1.2319892551749969 1.1829699228983372 1.2978301742114118 0.73293973971158211 1.6245876737521028 14.835944844264302
leaf_count=15 28 21 19 8 12 29 20 65 246
internal_value=0.000304781 -0.00120371 -0.046788 0.00145063 -0.000467972 0.0262217 -0.00406147 -0.0382046 0.000948101
internal_weight=24.6033 23.6032 1.29878 22.3045 20.9063 2.4808 18.4255 2.35753 16.0679
internal_count=463 448 47 401 380 41 339 85 254
is_linear=0
shrinkage=0.1


Tree=238
num_leaves=13
num_cat=0
split_feature=0 2 1 5 5 1 0 3 5 5 0 6
split_gain=0.144651 0.635646 0.348103 0.849336 0.843188 0.739686 0.359145 0.0207978 0.000941348 0.000800242 1.47929e-05 1.64665e-06
threshold=0.91597561503675362 1.0000000180025095e-35 -1.0000000180025095e-35 31.950000000000003 23.750000000000004 -0.98296291314453399 -0.98296291314453399 -0.56174490092936669 31.850000000000005 24.050000000000004 -0.91597561503675329 82.000000000000014
decision_type=2 2 2 2 2 2 2 2 2 2 2 2
left_child=2 7 3 5 -4 -1 -7 -2 -8 -6 -11 -12
right_child=1 -3 4 -5 9 6 8 -9 -10 10 11 -13
leaf_value=-0.0027277695752120643 -0.064417684182064033 0.015552915146556946 0.0048136180413614433 -0.089020107723129349 -0.085846762762340004 0.01726179489952314 0.08317187538784665 -0.04509394328543842 0.089185760186237958 -0.081393316382360359 -0.080369899948134912 -0.08085094109404925
leaf_weight=3.74135795980692 1.1867385387886318 2.9096482893219218 5.6775477360934028 0.67335225082933892 0.60976153146475531 1.2344267170410614 2.0390349841909479 1.049572056508622 0.29836533218622197 0.37388880434446015 0.2673440662911164 0.096971403225325048
leaf_count=18 14 36 35 9 14 38 162 29 3 27 64 14
internal_value=-0.000790589 -0.0152591 0.00416906 0.0184512 -0.0120668 0.0283465 0.0608956 -0.0553484 0.0839395 -0.0831659 -0.0809514 -0.0804979
internal_weight=20.158 5.14596 15.0121 7.98654 7.02551 7.31318 3.57183 2.23631 2.3374 1.34797 0.738204 0.364315
internal_count=463 79 384 230 154 221 203 43 165 119 105 78
is_linear=0
shrinkage=0.1


Tree=239
num_leaves=7
num_cat=0
split_feature=1 6 5 5 5 5
split_gain=0.238629 0.600974 0.262032 0.354855 0.231857 3.88784e-05
threshold=0.78656609248549303 86.450000000000003 32.300000000000004 24.050000000000004 31.950000000000003 31.850000000000005
decision_type=2 2 2 2 2 2
left_child=1 2 3 -1 5 -5
right_child=-2 -3 -4 4 -6 -7
leaf_value=0.0059015792815213675 0.030124066217621277 -0.12991352334255388 0.084587289651260486 -0.080350585418351328 0.0072475045132172318 -0.082501525631754669
leaf_weight=5.4491142593324184 2.1370803714089561 0.38218145025894035 0.33911623992025841 0.80852509933902161 0.4508184939622879 0.093780448660254478
leaf_count=34 35 4 6 378 3 3
internal_value=0.000635066 -0.00774136 -0.00120312 -0.00548008 -0.0513147 -0.0805741
internal_weight=9.66062 7.52354 7.14135 6.80224 1.35312 0.902306
internal_count=463 428 424 418 384 381
is_linear=0
shrinkage=0.1


Tree=240
num_leaves=18
num_cat=0
split_feature=6 5 5 6 5 6 5 6 6 5 0 8 6 0 5 1 5
split_gain=0.192644 0.742434 0.298913 0.783712 0.551686 0.383049 0.584671 0.305484 0.640294 1.21757 0.674194 0.0217718 0.0137254 1.23345e-05 1.2657e-06 2.49062e-07 6.43523e-08
threshold=57.350000000000001 28.450000000000003 27.600000000000005 61.45000000000001 27.050000000000004 66.100000000000009 28.250000000000004 61.650000000000013 68.850000000000009 25.550000000000004 -0.60355339059327362 1.0000000180025095e-35 58.850000000000001 0.78656609248549325 31.850000000000005 -0.98296291314453399 31.450000000000003
decision_type=2 2 2 2 2 2 2 2 2 2 2 2 2 2 2 2 2
left_child=1 -1 4 11 7 6 -5 -2 9 -9 -10 -4 -13 14 15 -3 -17
right_child=2 13 3 5 -6 -7 -8 8 10 -11 -12 12 -14 -15 -16 16 -18
leaf_value=0.12676275218620134 -0.044906962995853353 -0.080460878320088247 -0.10027575895572671 0.092525526090685817 0.062719304551308017 -0.028000579406364953 -0.026103025282195311 -0.0053718627136261068 0.0029016796798856767 0.10275745995789221 -0.061654429831597558 -0.051089844760786075 -0.086241761152786547 -0.081944780017264851 -0.080851751218682835 -0.080090123356966136 -0.080276437405172416
leaf_weight=0.46758943074383097 1.4260486764833391 0.055108700413256884 0.80867995720473118 0.87127889040857576 1.4993035783991207 2.1390696634771302 0.79414900590199977 2.7843440584838381 7.6489779625553682 1.6635576225817201 2.0516684832982657 0.1752940720762115 0.3032158212736249 0.081863802741281688 0.061214268440380692 0.038319300685543567 0.035912442486733198
leaf_count=9 10 8 12 8 12 38 39 21 107 32 52 15 35 7 12 35 11
internal_value=0.000118111 0.0503093 -0.00155755 -0.0228227 0.00478403 -2.456e-06 0.0359582 -0.000793166 0.00365312 0.0350695 -0.0107518 -0.0902715 -0.0733644 -0.0809182 -0.0804771 -0.0802998 -0.0801803
internal_weight=22.9056 0.740008 22.1656 5.09169 17.0739 3.8045 1.66543 15.5746 14.1485 4.4479 9.70065 1.28719 0.47851 0.272419 0.190555 0.12934 0.0742317
internal_count=463 82 381 147 234 85 47 222 212 53 159 62 50 73 66 54 46
is_linear=0
shrinkage=0.1


Tree=241
num_leaves=10
num_cat=0
split_feature=1 5 6 1 0 5 5 5 2
split_gain=0.355852 2.78766e-06 6.13685e-07 3.97983e-07 4.25088e-09 6.11716e-09 3.63464e-09 6.93546e-10 8.64717e-11
threshold=0.78656609248549303 23.550000000000004 74.15000000000002 0.60355339059327384 0.91597561503675362 31.850000000000005 25.550000000000004 27.150000000000002 -1.0000000180025095e-35
decision_type=2 2 2 2 2 2 2 2 2
left_child=1 -1 4 -4 5 6 -3 8 -6
right_child=-2 2 3 -5 7 -7 -8 -9 -10
leaf_value=-0.080777372912273521 0.010109886002159743 -0.080083758394130095 -0.080457068822334554 -0.080156118613349911 -0.080082387933562815 -0.080139465277761113 -0.080048650014232919 -0.080106891664975477 -0.0800924235232299
leaf_weight=0.10387657218961965 3.6045188289135695 0.047545764304231852 0.10416474135126919 0.07600320311030373 0.016690801290678792 0.011092586784798186 0.077638554859731812 0.040249468220281415 0.017681548342807218
leaf_count=17 35 54 21 36 21 12 215 31 21
internal_value=-0.000807674 -0.0803169 -0.0801946 -0.0803301 -0.0800788 -0.0800683 -0.080062 -0.080098 -0.0800876
internal_weight=4.09946 0.494943 0.391067 0.180168 0.210899 0.136277 0.125184 0.0746218 0.0343723
internal_count=463 428 411 57 354 281 269 73 42
is_linear=0
shrinkage=0.1


Tree=242
num_leaves=11
num_cat=0
split_feature=5 5 2 6 2 1 6 9 5 3
split_gain=0.117372 0.247176 0.294894 0.118301 0.441574 0.67297 1.27982 0.429044 0.488797 0.335061
threshold=23.250000000000004 24.350000000000005 0.6078576107927941 55.550000000000004 -0.8783796973249266 -0.98296291314453399 68.850000000000009 1.0000000180025095e-35 25.250000000000004 -1.0000000180025095e-35
decision_type=2 2 2 2 2 2 2 2 2 2
left_child=-1 2 -2 9 5 -5 -7 8 -6 -3
right_child=1 3 -4 4 7 6 -8 -9 -10 -11
leaf_value=0.033813870640733316 -0.089740817642168402 -0.050051114739213788 0.0076410046140720769 0.10946103013057724 0.046880585010680591 -0.097453179363706871 0.05986869760091839 -0.054024092076210464 -0.0052000216735209872 0.026553023509000486
leaf_weight=0.99333806242794054 0.66993811161956063 1.4477086084662008 0.58034057571785524 0.92531569302082095 2.097866333206178 0.76535458880244833 1.5941342540318144 1.496815785008949 12.781758292723678 0.94283019762952136
leaf_count=15 28 30 19 5 41 42 23 32 205 23
internal_value=0.000149655 -0.00128541 -0.0445392 0.00116697 0.00372093 0.0371829 0.00883772 -0.0029909 0.00214278 -0.0198384
internal_weight=24.2954 23.3021 1.25028 22.0518 19.6612 3.2848 2.35949 16.3764 14.8796 2.39054
internal_count=463 448 47 401 348 70 65 278 246 53
is_linear=0
shrinkage=0.1


Tree=243
num_leaves=9
num_cat=0
split_feature=6 6 6 9 2 6 5 5
split_gain=0.144283 0.196884 0.577245 0.224856 0.252473 0.718595 0.384154 0.2106
threshold=52.550000000000004 56.850000000000001 58.850000000000001 1.0000000180025095e-35 0.87837969732492682 71.450000000000017 23.650000000000002 29.950000000000003
decision_type=2 2 2 2 2 2 2 2
left_child=-1 7 -3 4 6 -6 -4 -2
right_child=1 2 3 -5 5 -7 -8 -9
leaf_value=0.037262190146346505 -0.055851190299192166 0.092102483597857943 0.015296120131584401 0.038026819450388022 0.082246118154562328 -0.031075330827477488 -0.023738941602316894 0.00026499625660179031
leaf_weight=0.96392757189460354 1.3247745167464047 0.67768629989587026 3.6468764562159732 1.2735563383903361 1.1065015689237054 1.1321000173920763 8.1672703968361002 1.350587712251581
leaf_count=23 19 26 24 36 29 21 253 32
internal_value=-0.000465432 -0.00241232 0.00178528 -0.00220829 -0.00585467 0.0249375 -0.0116893 -0.0275224
internal_weight=19.6433 18.6794 16.004 15.3263 14.0527 2.2386 11.8141 2.67536
internal_count=463 440 389 363 327 50 277 51
is_linear=0
shrinkage=0.1


Tree=244
num_leaves=11
num_cat=0
split_feature=6 6 6 2 2 1 8 6 5 5
split_gain=0.249363 0.475971 0.352384 0.411286 0.313965 0.29569 0.287169 0.0780229 0.0822199 0.00159458
threshold=86.100000000000009 83.40000000000002 82.000000000000014 -0.8783796973249266 0.6078576107927941 0.37940952255126026 1.0000000180025095e-35 63.750000000000007 32.300000000000004 23.550000000000004
decision_type=2 2 2 2 2 2 2 2 2 2
left_child=1 2 3 7 6 -6 -5 8 -1 -9
right_child=-2 -3 -4 4 5 -7 -8 9 -10 -11
leaf_value=-0.080281897234383406 0.043785370699152268 -0.092957924066121925 0.077333107685269908 -0.0080786572927482349 -0.07135612805293895 0.012521843736337732 0.041323597489006658 -0.097964599341184733 0.082019585055000871 -0.087502350042738097
leaf_weight=0.06769784631614939 1.17336279724259 0.57843440279248159 0.56209332076832641 2.3740288343687999 0.9371809359436154 0.76200807420536876 2.3329022125108168 0.26849077641963959 0.05791502445936203 0.3184825332427863
leaf_count=47 10 12 8 73 77 22 170 2 2 40
internal_value=0.000647994 -0.00548039 0.00110746 -0.00491132 0.00310533 -0.0337407 0.0164066 -0.0769806 -0.00545123 -0.0922879
internal_weight=9.4326 8.25923 7.6808 7.11871 6.40612 1.69919 4.70693 0.712586 0.125613 0.586973
internal_count=463 453 441 433 342 99 243 91 49 42
is_linear=0
shrinkage=0.1


Tree=245
num_leaves=9
num_cat=0
split_feature=5 6 8 5 0 5 6 5
split_gain=0.520897 0.242277 0.692166 0.38235 0.436686 0.270062 0.485868 0.190841
threshold=23.350000000000005 76.950000000000017 1.0000000180025095e-35 24.050000000000004 -0.98296291314453399 27.600000000000005 54.600000000000009 26.150000000000002
decision_type=2 2 2 2 2 2 2 2
left_child=-1 3 -3 -2 -5 7 -7 -6
right_child=1 2 -4 4 5 6 -8 -9
leaf_value=-0.086319033641434187 -0.048180545218505212 -0.030945529034284491 0.078376021425494422 0.057684006191607143 -0.0031872179757081983 0.073822501011265126 -0.031341819419047422 0.023188842890815662
leaf_weight=0.67662202427163975 1.5731890350580275 0.99227699730545293 1.3911015321500591 1.3611254612915313 7.0265401843935198 0.48777405510190774 4.4225314271170646 4.4999456047080457
leaf_count=19 15 23 31 36 87 42 177 33
internal_value=8.85871e-05 0.00277609 0.032862 -0.000925605 0.00325134 -0.00125621 -0.0208951 0.00711001
internal_weight=22.4311 21.7545 2.38338 19.3711 17.7979 16.4368 4.91031 11.5265
internal_count=463 444 54 390 375 339 219 120
is_linear=0
shrinkage=0.1


Tree=246
num_leaves=13
num_cat=0
split_feature=6 5 6 3 5 1 8 0 5 1 5 6
split_gain=0.325118 0.310005 0.229952 0.484433 0.049169 0.119064 0.0241475 4.27368e-09 5.42617e-09 3.19237e-09 5.08162e-10 2.27206e-11
threshold=74.15000000000002 23.550000000000004 83.40000000000002 0.81174490092936691 24.950000000000003 0.78656609248549303 1.0000000180025095e-35 0.91597561503675362 31.850000000000005 -0.98296291314453399 27.150000000000002 65.65000000000002
decision_type=2 2 2 2 2 2 2 2 2 2 2 2
left_child=4 -2 3 6 -1 7 -3 8 9 -6 11 -9
right_child=1 2 -4 -5 5 -7 -8 10 -10 -11 -12 -13
leaf_value=-0.095862930884646258 -0.020432212387532882 0.073264224230797037 0.093861322440358497 -0.075553328250600058 -0.080083398163199093 0.081423573038240632 0.038099461329216953 -0.08008391081900601 -0.080127239554150964 -0.080039183674101358 -0.080098391099869035 -0.080078473306259085
leaf_weight=0.33602032154158257 1.674488907097839 0.49541507253888983 0.54209874040679995 0.39419080968946218 0.021600235952064728 0.062886647880077362 0.32233619701582927 0.014453198848059401 0.01012840179464547 0.066927306324941704 0.037062868592329323 0.016409002906584647
leaf_count=39 20 22 14 10 18 3 34 17 12 220 31 23
internal_value=-0.0012435 0.0103436 0.0397235 0.0155078 -0.0714954 -0.0358128 0.0594032 -0.0800712 -0.0800579 -0.08005 -0.0800905 -0.080081
internal_weight=3.99402 3.42853 1.75404 1.21194 0.565488 0.229468 0.817751 0.166581 0.0986559 0.0885275 0.0679251 0.0308622
internal_count=463 100 80 66 363 324 56 321 250 238 71 40
is_linear=0
shrinkage=0.1


Tree=247
num_leaves=14
num_cat=0
split_feature=1 0 6 5 5 6 2 6 2 5 2 3 6
split_gain=0.117521 0.997584 0.189441 0.492396 0.560138 0.253114 0.508324 0.123426 0.579038 0.000918752 3.94655e-05 1.22845e-05 1.40068e-06
threshold=-0.12940952255126037 -0.91597561503675329 70.200000000000003 26.650000000000002 27.050000000000004 66.350000000000009 1.0000000180025095e-35 71.750000000000014 1.0000000180025095e-35 28.050000000000004 0.6078576107927941 0.81174490092936691 74.550000000000011
decision_type=2 2 2 2 2 2 2 2 2 2 2 2 2
left_child=2 7 3 -1 -5 6 -6 8 -2 10 11 12 -3
right_child=1 9 -4 4 5 -7 -8 -9 -10 -11 -12 -13 -14
leaf_value=-0.04694646715677038 0.050412320213003306 -0.080972466482506819 0.040656773586248182 0.075979397487259015 0.011247651649902749 0.036712265591239017 -0.041306328193063457 -0.011770794434914142 -0.017952054157537173 -0.088386835117598594 -0.082288228349577885 -0.081704605234942398 -0.080645371680489852
leaf_weight=1.7755158692598367 2.4233024250715971 0.43231656693387577 1.4085900952341024 1.1457392871379841 6.0738940148439706 1.7792184307472769 2.6406158384634182 2.5055282574612647 2.5349340282846242 0.22764106839895237 0.42429293051827699 0.2492935546906665 0.18778055482835043
leaf_count=7 29 44 15 5 130 23 55 23 24 3 38 17 50
internal_value=0.000299955 -0.00872419 0.00576981 0.00210663 0.00958932 0.00234064 -0.00467692 0.00631919 0.0154605 -0.0825285 -0.0814976 -0.0811118 -0.0808734
internal_weight=23.8087 8.98509 14.8236 13.415 11.6395 10.4937 8.71451 7.46376 4.95824 1.52132 1.29368 0.869391 0.620097
internal_count=463 228 235 220 213 208 185 76 53 152 149 111 94
is_linear=0
shrinkage=0.1


Tree=248
num_leaves=11
num_cat=0
split_feature=5 5 1 6 6 5 5 6 1 6
split_gain=0.134473 0.349845 0.290887 0.329787 0.374141 0.234246 0.471383 0.36083 0.136295 0.0877095
threshold=30.250000000000004 31.250000000000004 -0.98296291314453399 55.050000000000004 59.050000000000004 28.350000000000005 24.050000000000004 60.45000000000001 -0.98296291314453399 58.850000000000001
decision_type=2 2 2 2 2 2 2 2 2 2
left_child=2 9 -1 -4 -5 6 -6 -7 -3 -2
right_child=1 8 3 4 5 7 -8 -9 -10 -11
leaf_value=-0.053962816934819503 0.062870337153320022 -0.049949164212214972 -0.078524889318695723 0.076020463533080118 0.0080242903766887166 -0.021183977557952403 -0.035529156104159923 0.055172095351309659 0.0075128988441892771 0.022465977333123492
leaf_weight=1.1166177168488509 1.0832899187225846 0.74672647751867771 0.52830534405075091 0.65038637444376846 6.6484819976612908 1.0176926383282983 3.9682236957014538 1.5793443381553514 0.92299476219341137 1.0659184027463195
leaf_count=6 30 6 12 26 51 12 211 48 35 26
internal_value=-0.000655522 0.0161537 -0.00479459 -0.000979944 0.00197498 -0.00166957 -0.00825475 0.0252507 -0.0181851 0.0428314
internal_weight=19.328 3.81893 15.5091 14.3924 13.8641 13.2137 10.6167 2.59704 1.66972 2.14921
internal_count=463 97 366 360 348 322 262 60 41 56
is_linear=0
shrinkage=0.1


Tree=249
num_leaves=8
num_cat=0
split_feature=5 6 6 1 5 6 6
split_gain=0.223779 0.573761 0.385604 0.424094 0.243623 0.318548 0.00526045
threshold=23.550000000000004 83.40000000000002 81.200000000000003 0.60355339059327384 32.300000000000004 71.750000000000014 73.550000000000026
decision_type=2 2 2 2 2 2 2
left_child=-1 2 3 4 5 -2 -5
right_child=1 -3 -4 6 -6 -7 -8
leaf_value=0.019010784737986113 -0.033737652406676442 -0.11805240175260148 0.05487000548716886 -0.10619842771792679 0.084030156340662632 0.03518561207630224 -0.086894633869421714
leaf_weight=3.9320591278374195 2.0185065316982231 0.46911922650906479 0.95071538048796345 0.24046250944957126 0.29730163887143124 1.004160299504292 0.34186981257516891
leaf_count=25 321 14 12 7 6 42 36
internal_value=0.000919353 -0.0124468 -0.0022384 -0.0161517 -0.00234501 -0.0108407 -0.0948658
internal_weight=9.25419 5.32214 4.85302 3.9023 3.31997 3.02267 0.582332
internal_count=463 438 424 412 369 363 43
is_linear=0
shrinkage=0.1


Tree=250
num_leaves=21
num_cat=0
split_feature=5 5 6 2 6 6 6 2 1 5 2 6 0 2 0 2 1 8 0 5
split_gain=0.15187 0.453011 0.406804 0.464291 0.658475 0.572135 0.934502 0.299927 0.887712 0.397367 0.852455 0.378438 0.642838 0.397011 0.143105 0.0348208 0.0406373 0.000691292 0.000761399 6.90241e-07
threshold=27.600000000000005 27.050000000000004 69.350000000000009 -1.0000000180025095e-35 66.100000000000009 61.45000000000001 55.550000000000004 -1.0000000180025095e-35 -0.12940952255126037 24.650000000000002 -0.8783796973249266 71.050000000000011 -0.91597561503675329 0.6078576107927941 -0.60355339059327362 -0.8783796973249266 -0.37940952255126015 1.0000000180025095e-35 -0.98296291314453399 29.050000000000004
decision_type=2 2 2 2 2 2 2 2 2 2 2 2 2 2 2 2 2 2 2 2
left_child=1 7 3 15 5 6 -5 9 -9 -1 -11 13 -13 -10 -12 16 19 -17 -19 -2
right_child=2 -3 -4 4 -6 -7 -8 8 11 10 14 12 -14 -15 -16 17 -18 18 -20 -21
leaf_value=-0.020014716692163714 -0.08075136735803122 0.056369091259027143 0.06242414043906374 0.10076145809088395 -0.061172431121375215 0.074691091238766605 -0.088208255702755325 -0.074997426881504278 -0.0093003110308337109 -0.013223017501082091 0.102649485222889 -0.067081735711084778 0.017416176948088745 0.062728631726843717 0.052162325143532307 -0.092243690430999656 0.0067987730117015661 -0.090718551280536755 -0.083583434503562981 -0.08027293359013149
leaf_weight=2.0659694331698146 0.049008319154381752 1.5522653586231161 0.61482310865540046 0.39608410536311545 1.398543861141661 1.1779383668326771 0.77129481534939259 1.8008842617273355 1.4076961521059268 2.0574618903920054 1.0553738875314596 1.5357006927952195 2.1762056022416778 1.6766484305262563 1.1995511706918476 0.29340148484334327 0.091863286215811635 0.24512661993503537 0.38360621136962503 0.078385483240708709
leaf_count=35 8 13 13 19 16 18 37 8 30 24 25 14 56 16 16 4 5 2 63 41
internal_value=0.00015649 0.00494641 -0.0142372 -0.0238853 -0.00686334 0.0255219 -0.0240921 -0.000383747 -0.0125735 0.0160463 0.0333224 0.00396771 -0.0175425 0.0298546 0.0757919 -0.0797187 -0.043899 -0.0882356 -0.0863652 -0.080457
internal_weight=22.0278 16.5278 5.50008 4.88525 3.74386 2.34532 1.16738 14.9755 8.59714 6.37836 4.31239 6.79625 3.71191 3.08434 2.25493 1.14139 0.219257 0.922134 0.628733 0.127394
internal_count=463 237 226 213 90 74 56 224 124 100 65 116 70 46 41 123 54 69 65 49
is_linear=0
shrinkage=0.1


Tree=251
num_leaves=12
num_cat=0
split_feature=6 6 3 6 6 5 3 6 5 1 5
split_gain=0.330674 0.505069 0.504393 0.80553 0.46487 0.321862 0.297692 0.0595136 0.0543495 0.0973938 0.0537903
threshold=87.100000000000009 85.850000000000009 -0.56174490092936669 84.950000000000003 74.15000000000002 23.750000000000004 0.81174490092936691 77.15000000000002 24.950000000000003 0.78656609248549303 24.450000000000003
decision_type=2 2 2 2 2 2 2 2 2 2 2
left_child=1 2 3 7 8 -6 -7 10 -4 -10 -1
right_child=-2 -3 4 -5 5 6 -8 -9 9 -11 -12
leaf_value=0.049365115245479679 -0.072185062647507903 0.10024450909355553 -0.095250852898770055 -0.20372457909286995 0.084578481038219827 0.049374890800776283 -0.070746458885055416 0.0659691615616292 -0.080061481034296833 0.081296476737965861 -0.080154748956653615
leaf_weight=0.057034725963604926 0.55525810678955156 0.53420773410471145 0.3114268159552015 0.2981049120426178 0.84911028190981575 0.47565645119175315 0.36434648116119206 0.17362512170802802 0.1082957147336856 0.057145699858665466 0.073241292142483871
leaf_count=8 6 7 31 1 15 37 9 12 241 3 93
internal_value=-0.00078419 0.0112217 -0.00595921 -0.0869302 0.0165456 0.0411611 -0.00272706 0.0276366 -0.0706448 -0.0243263 -0.0234511
internal_weight=3.85745 3.3022 2.76799 0.602006 2.16598 1.68911 0.840003 0.303901 0.476868 0.165441 0.130276
internal_count=463 457 450 114 336 61 46 113 275 244 101
is_linear=0
shrinkage=0.1


Tree=252
num_leaves=16
num_cat=0
split_feature=7 4 6 6 6 8 5 5 6 6 0 5 2 6 2
split_gain=0.115369 0.166817 0.726216 0.926215 0.626412 0.405296 0.458836 1.36401 0.89689 0.350699 0.334328 0.349322 0.634237 0.282445 0.148251
threshold=1.0000000180025095e-35 1.0000000180025095e-35 61.850000000000009 71.750000000000014 59.150000000000013 1.0000000180025095e-35 27.050000000000004 26.250000000000004 67.15000000000002 55.550000000000004 0.91597561503675362 24.650000000000002 -1.0000000180025095e-35 68.450000000000017 -0.8783796973249266
decision_type=2 2 2 2 2 2 2 2 2 2 2 2 2 2 2
left_child=-1 5 4 13 9 6 7 8 -2 -3 11 -7 -13 -4 -5
right_child=1 2 3 14 -6 10 -8 -9 -10 -11 -12 12 -14 -15 -16
leaf_value=0.029001178849173762 0.030637250957641943 -0.059163234684692381 0.078392149747281883 -0.093425398072122301 -0.11768878438297084 0.050382835179309304 -0.036914093833486226 0.081484337456758787 -0.10703780567738748 0.027618093896782242 0.068447003120011979 -0.073958839016219566 0.016417287833899532 0.016992102476001952 -0.024489334272692662
leaf_weight=1.3239944519009466 0.87694782787002923 1.0101853817468502 1.2036836351035165 0.66909306700108573 0.984046001540264 1.7019696177449066 3.6927744127460755 1.6052935011684892 1.0277155092771861 0.86392349994275708 1.2330376803874967 0.98214183730306404 3.7086596349836296 1.9842070818413047 0.58447283261921235
leaf_count=22 10 28 38 21 19 34 31 12 35 22 6 29 117 18 21
internal_value=0.000327537 -0.00138809 -0.0137631 0.0115394 -0.0530822 0.00470374 -0.0123073 0.0135811 -0.0436493 -0.0191589 0.020771 0.0115753 -0.00250532 0.0401755 -0.0612841
internal_weight=23.4521 22.1282 7.29961 4.44146 2.85815 14.8285 7.20273 3.50996 1.90466 1.87411 7.62581 6.39277 4.6908 3.18789 1.25357
internal_count=463 441 167 98 69 274 88 57 45 50 186 180 146 56 42
is_linear=0
shrinkage=0.1


Tree=253
num_leaves=10
num_cat=0
split_feature=6 6 9 3 8 5 2 6 3
split_gain=0.133355 0.19368 0.150978 0.210042 0.473379 0.271302 0.334763 0.32519 0.130582
threshold=53.400000000000006 54.050000000000004 1.0000000180025095e-35 0.81174490092936691 1.0000000180025095e-35 30.250000000000004 -0.8783796973249266 64.850000000000009 1.0000000180025095e-35
decision_type=2 2 2 2 2 2 2 2 2
left_child=-1 -2 3 5 -5 7 -7 -3 -4
right_child=1 2 8 4 -6 6 -8 -9 -10
leaf_value=0.034223890811988476 -0.052055293712928254 -0.033580536918604395 0.00092340100016338311 0.013368452679216582 -0.088059944570187607 -0.014234923815504489 0.067590606140455395 0.0046946961897161455 0.060140136783618549
leaf_weight=1.0430134159978504 0.75716861151159065 2.9626646430697283 0.75722030200995571 0.96561008761636913 0.8790133832953877 0.84251790982671115 1.2298192841699336 8.8518882668577117 0.73272774170618504
leaf_count=30 7 90 29 15 26 18 34 195 19
internal_value=-0.000538867 -0.0025556 -0.000379264 -0.00326078 -0.0349649 0.000950545 0.0343241 -0.00490335 0.0300451
internal_weight=19.0216 17.9786 17.2215 15.7315 1.84462 13.8869 2.07234 11.8146 1.48995
internal_count=463 433 426 378 41 337 52 285 48
is_linear=0
shrinkage=0.1


Tree=254
num_leaves=10
num_cat=0
split_feature=6 6 6 2 2 8 1 6 5
split_gain=0.23747 0.419232 0.295411 0.373334 0.275693 0.269475 0.249963 0.0580817 0.0808052
threshold=86.100000000000009 83.40000000000002 82.000000000000014 -0.8783796973249266 0.6078576107927941 1.0000000180025095e-35 0.37940952255126026 71.850000000000009 32.300000000000004
decision_type=2 2 2 2 2 2 2 2 2
left_child=1 2 3 7 5 -5 -6 8 -1
right_child=-2 -3 -4 4 6 -7 -8 -9 -10
leaf_value=-0.080214388136454345 0.042730253176356481 -0.091812314932950029 0.073345184259245577 -0.0090248608249910624 -0.068918780515827255 0.039463822034819518 0.009673554276128404 -0.091925953259358428 0.081759910558363444
leaf_weight=0.079106954086454517 1.1484684603055937 0.53029812854947511 0.51423601433634747 2.3242986187833594 0.88517979720199924 2.261128312034999 0.74551812367280945 0.52430730714695528 0.050437109544873238
leaf_count=71 10 12 8 73 77 170 22 18 2
internal_value=0.000236848 -0.00592934 0.000238359 -0.00523388 0.00232663 0.0148855 -0.0329881 -0.0771112 -0.0171508
internal_weight=9.06298 7.91451 7.38421 6.86998 6.21612 4.58543 1.6307 0.653851 0.129544
internal_count=463 453 441 433 342 243 99 91 73
is_linear=0
shrinkage=0.1


Tree=255
num_leaves=21
num_cat=0
split_feature=5 5 6 2 6 6 6 2 1 5 2 2 6 6 2 2 1 8 0 5
split_gain=0.151656 0.361647 0.350853 0.409899 0.559912 0.503624 0.895773 0.243113 0.755224 0.505117 0.426937 0.4455 0.305225 0.552865 0.31274 0.0353475 0.0400602 0.000597486 0.000587615 6.10652e-07
threshold=27.600000000000005 27.050000000000004 69.350000000000009 -1.0000000180025095e-35 66.100000000000009 61.45000000000001 54.600000000000009 -1.0000000180025095e-35 -0.12940952255126037 23.950000000000003 -0.8783796973249266 -0.60785761079279388 71.050000000000011 80.40000000000002 0.6078576107927941 -0.8783796973249266 -0.37940952255126015 1.0000000180025095e-35 -0.98296291314453399 29.050000000000004
decision_type=2 2 2 2 2 2 2 2 2 2 2 2 2 2 2 2 2 2 2 2
left_child=1 7 3 15 5 6 -5 9 -9 -1 -11 -12 14 -14 -10 16 19 -17 -19 -2
right_child=2 -3 -4 4 -6 -7 -8 8 12 10 11 -13 13 -15 -16 17 -18 18 -20 -21
leaf_value=-0.045657261002857323 -0.080720233082943779 0.051046615978452475 0.05631609504368127 0.10299607093261864 -0.058337603175729447 0.069424626665694614 -0.086205294464247906 -0.07072384151860657 -0.0071415818016627251 -0.0042030216557488332 0.10116786971803854 0.021011786883840054 -0.042494309189609017 0.040239340718223715 0.057066945182518175 -0.091375758100925519 0.0071022957180879092 -0.08971216432169217 -0.083141386545030949 -0.08025532494966435
leaf_weight=1.1195809920318449 0.04624137154314667 1.5447855344973493 0.61979379726108152 0.37123695394257061 1.3708340251178013 1.1427798368385991 0.76773348261485808 1.6876180171966577 1.4076578188687556 2.2369194529019292 1.1812791465781627 1.6788144931197173 2.4620134523138408 1.2020709463395176 1.6451078127138314 0.27767430309904717 0.093319068662821913 0.22402293980121579 0.34677796490723334 0.072625744185643271
leaf_count=17 8 13 13 17 16 18 39 8 30 28 22 33 45 25 16 4 5 2 63 41
internal_value=0.000207702 0.00503173 -0.0144152 -0.0237164 -0.00782483 0.0225223 -0.0245368 0.000170035 -0.0109201 0.0151632 0.0285227 0.0541179 0.0041057 -0.015352 0.0274598 -0.0784419 -0.0419369 -0.0875711 -0.0857202 -0.0804362
internal_weight=21.4989 16.1658 5.33304 4.71325 3.65258 2.28175 1.13897 14.6211 8.40447 6.21659 5.09701 2.86009 6.71685 3.66408 3.05277 1.06066 0.212186 0.848475 0.570801 0.118867
internal_count=463 237 226 213 90 74 56 224 124 100 83 55 116 70 46 123 54 69 65 49
is_linear=0
shrinkage=0.1


Tree=256
num_leaves=10
num_cat=0
split_feature=1 5 6 1 0 5 5 5 2
split_gain=0.310455 2.58282e-06 5.25573e-07 3.36435e-07 1.99215e-09 2.82763e-09 1.7338e-09 4.8525e-10 8.50912e-11
threshold=0.78656609248549303 23.550000000000004 74.15000000000002 0.60355339059327384 0.91597561503675362 31.850000000000005 25.550000000000004 27.150000000000002 1.0000000180025095e-35
decision_type=2 2 2 2 2 2 2 2 2
left_child=1 -1 4 -4 5 6 -3 8 -6
right_child=-2 2 3 -5 7 -7 -8 -9 -10
leaf_value=-0.080772400199028649 0.01010212590319404 -0.080065477926207718 -0.080434828005082795 -0.08014983452216537 -0.080060947406517258 -0.08010842201364278 -0.080037613397442822 -0.080084728110488251 -0.080072459743040086
leaf_weight=0.099458231416065579 3.2609943505376577 0.036067735272808932 0.097620709682814777 0.071952881582546979 0.013927878550020978 0.0085043875878909603 0.058628388469514903 0.031615536907338537 0.01191090936481487
leaf_count=17 35 54 21 36 24 12 215 31 18
internal_value=-0.000425907 -0.0803257 -0.0801911 -0.0803139 -0.0800615 -0.0800532 -0.0800482 -0.0800764 -0.0800663
internal_weight=3.69068 0.429687 0.330228 0.169574 0.160655 0.103201 0.0946961 0.0574543 0.0258388
internal_count=463 428 411 57 354 281 269 73 42
is_linear=0
shrinkage=0.1


Tree=257
num_leaves=13
num_cat=0
split_feature=5 5 5 6 6 2 6 6 6 6 5 5
split_gain=0.115171 0.235232 0.615544 0.329984 0.760974 0.781757 0.219194 0.884984 0.843523 0.944478 0.646076 0.00201268
threshold=23.250000000000004 24.950000000000003 25.250000000000004 70.200000000000003 71.450000000000017 0.6078576107927941 66.350000000000009 64.850000000000009 66.750000000000014 68.850000000000009 26.650000000000002 24.750000000000004
decision_type=2 2 2 2 2 2 2 2 2 2 2 2
left_child=-1 3 -3 -2 -5 11 7 10 -8 -10 -4 -6
right_child=1 2 6 4 5 -7 8 -9 9 -11 -12 -13
leaf_value=0.034616497613245763 -0.058708228270903218 0.077336092007421364 -0.066275133441311168 0.10065018452059329 -0.086823538265059216 0.052733431758198106 0.092914883633735249 -0.094770288554825902 -0.08512010374793183 0.020483824481544725 0.0095984789915743319 -0.096040173346805327
leaf_weight=0.93914091703482228 1.580644201952967 1.0641604674165162 1.2854667427018309 0.56875928828958455 0.46542341068561632 0.62232690548989922 1.1143005029298354 1.0924194846884336 1.0978911475976927 3.7045169285265729 8.840690317534607 0.48263083584606647
leaf_count=15 19 26 15 5 37 16 11 24 26 76 187 6
internal_value=0.000324232 -0.00114504 0.0035384 -0.0240593 0.00154338 -0.034351 -0.00104469 -0.00925841 0.0145292 -0.00365857 -3.33097e-05 -0.0915155
internal_weight=22.8584 21.9192 18.1994 3.71978 2.13914 1.57038 17.1353 11.2186 5.91671 4.80241 10.1262 0.948054
internal_count=463 448 365 83 64 59 339 226 113 102 202 43
is_linear=0
shrinkage=0.1


Tree=258
num_leaves=20
num_cat=0
split_feature=5 5 0 3 5 6 6 5 6 1 2 1 1 2 0 2 2 5 1
split_gain=0.125049 0.968272 0.336463 0.332489 0.196665 0.162299 0.268274 0.265533 0.261754 0.0852675 0.000198589 0.000253382 4.0924e-05 4.46785e-05 1.12716e-05 7.82854e-06 1.22735e-06 1.31155e-07 1.03358e-07
threshold=27.950000000000003 24.050000000000004 -0.3794095225512602 -0.56174490092936669 23.550000000000004 66.350000000000009 60.45000000000001 28.850000000000005 56.850000000000001 -0.5 0.6078576107927941 -0.37940952255126015 1.0000000180025095e-35 0.87837969732492682 -0.91597561503675329 1.0000000180025095e-35 0.6078576107927941 29.250000000000004 0.78656609248549303
decision_type=2 2 2 2 2 2 2 2 2 2 2 2 2 2 2 2 2 2 2
left_child=1 4 3 -2 -1 6 7 -4 -9 -8 11 17 13 15 -14 -3 18 -5 -16
right_child=2 12 5 10 -6 -7 9 8 -10 -11 -12 -13 14 -15 16 -17 -18 -19 -20
leaf_value=-0.0081194039765135478 0.00042056354307523571 -0.080839537251625251 -0.044969582213060154 0.081026199633681184 0.027100986070791401 -0.030201200820821179 0.015378577708350853 -0.011319013312084398 0.043978787091473424 0.058935155528431898 0.086416264687066369 0.085146404858522207 -0.081199970717292694 -0.08279649003219651 -0.08023112641658546 -0.081605899455942321 -0.080635266525916072 0.081167509523963316 -0.080373929828956803
leaf_weight=3.7564487084746379 0.89365808293223381 0.24711766792461254 1.350185312330719 0.11854490917176008 2.7431335588917136 1.6463167605688793 0.86578819563146681 2.6654722703387965 1.2609607315389437 0.93462230032309868 0.3538867753231898 0.37232487462461061 0.32292087818495907 0.28827165719121695 0.18146485002944268 0.28939173510298133 0.14622404042165726 0.14728766807820648 0.070326106855645776
leaf_count=25 14 32 9 16 26 19 31 46 28 11 12 7 27 9 69 18 26 24 14
internal_value=-0.000770832 -0.0101728 0.00635905 0.0446623 0.00674528 -0.00192086 0.00465795 -0.00671496 0.00643969 0.0379895 0.0845163 0.0834627 -0.0813113 -0.0817924 -0.080761 -0.0812529 -0.0804048 0.0811045 -0.080271
internal_weight=18.6543 8.0453 10.609 1.8857 6.49958 8.72335 7.07703 5.27662 3.92643 1.80041 0.992044 0.638157 1.54572 0.824781 0.720936 0.536509 0.398015 0.265833 0.251791
internal_count=463 246 217 73 51 144 125 83 74 42 59 47 195 59 136 50 109 40 83
is_linear=0
shrinkage=0.1


Tree=259
num_leaves=12
num_cat=0
split_feature=5 6 3 0 5 5 5 5 5 5 5
split_gain=0.200518 0.521503 0.274185 0.325874 0.259456 0.3414 0.218088 0.383692 0.000680798 0.000129629 6.1697e-06
threshold=23.550000000000004 83.40000000000002 -0.56174490092936669 -0.91597561503675329 24.050000000000004 31.950000000000003 23.950000000000003 32.300000000000004 23.950000000000003 24.250000000000004 30.250000000000004
decision_type=2 2 2 2 2 2 2 2 2 2 2
left_child=-1 2 4 8 -2 10 -5 -8 -4 -10 -6
right_child=1 -3 3 6 5 -7 7 -9 9 -11 -12
leaf_value=0.017846545742548625 0.077349751265995859 -0.11637659144357881 -0.089677576620801058 0.019001790550575114 -0.080403490822010315 0.088295051766289961 -0.06569175750632196 0.083466925110220136 -0.085688531635730064 -0.080518959866635736 -0.081533198911361654
leaf_weight=3.7913065478205681 0.70635784231126286 0.44171713037940197 0.35177200287580479 1.7139221802353866 0.25493879798159469 0.19310577213764191 0.91605613479623549 0.21245663240551949 0.077473767101764679 0.12972667699796148 0.059654847485944629
leaf_count=25 4 14 3 12 86 2 240 5 1 56 15
internal_value=0.000460472 -0.0125737 -0.00263932 -0.0172008 0.0381572 -0.016371 -0.00347471 -0.0376108 -0.0869992 -0.0824519 -0.0806177
internal_weight=8.84849 5.05718 4.61546 3.40141 1.21406 0.507699 2.84243 1.12851 0.558972 0.2072 0.314594
internal_count=463 438 424 317 107 103 257 245 60 57 101
is_linear=0
shrinkage=0.1


Tree=260
num_leaves=15
num_cat=0
split_feature=6 5 5 2 8 5 6 6 6 3 6 5 6 6
split_gain=0.146742 0.597198 1.06324 0.543926 0.634549 0.974993 0.542792 0.806733 0.607305 0.257088 0.716081 0.466014 0.250558 0.604698
threshold=66.450000000000017 25.250000000000004 26.650000000000002 -1.0000000180025095e-35 1.0000000180025095e-35 28.050000000000004 68.850000000000009 69.350000000000009 70.200000000000003 1.0000000180025095e-35 70.950000000000017 23.850000000000005 64.850000000000009 60.750000000000007
decision_type=2 2 2 2 2 2 2 2 2 2 2 2 2 2
left_child=1 -1 -3 4 -4 -6 -2 -8 -9 10 -10 -11 13 -5
right_child=6 2 3 12 5 -7 7 8 9 11 -12 -13 -14 -15
leaf_value=-0.073555852115619921 0.05119256302217802 0.070903449443350461 -0.11316138652507793 -0.028967002030229807 0.11285523012095118 -0.084488040035729628 -0.090361015576503889 0.069630928483022395 -0.073092098610847686 -0.088177162991197544 0.025279152441588987 0.00050847722765193259 -0.041220872669370336 0.068181406831674174
leaf_weight=1.2728735394775883 2.2415831773541859 1.6629873961210249 1.0917950929433573 1.2659097604919236 0.42311359290033534 0.61316237700521015 0.96095721470191975 1.2870259075425545 0.89346399274654675 0.90329334419220719 4.3079232112504542 1.7220941642299292 0.8963265373604371 1.2973482065135611
leaf_count=15 38 21 11 54 4 108 9 13 10 18 89 41 15 17
internal_value=-0.000293843 -0.0103808 0.000709764 -0.0201811 -0.059962 -0.00391238 0.00668684 -0.00321546 0.00597315 -0.00449466 0.00838151 -0.0300048 0.00428897 0.020203
internal_weight=20.8399 8.52352 7.25064 5.58766 2.12807 1.03628 12.3163 10.0748 9.1138 7.82677 5.20139 2.62539 3.45958 2.56326
internal_count=463 245 230 209 123 112 218 180 171 158 99 59 86 71
is_linear=0
shrinkage=0.1


Tree=261
num_leaves=10
num_cat=0
split_feature=1 5 6 1 0 5 5 5 2
split_gain=0.28402 2.01007e-06 4.12476e-07 2.65233e-07 1.49308e-09 2.0137e-09 1.39888e-09 3.70606e-10 4.75511e-11
threshold=0.78656609248549303 23.550000000000004 74.15000000000002 0.60355339059327384 0.91597561503675362 31.850000000000005 25.550000000000004 27.150000000000002 1.0000000180025095e-35
decision_type=2 2 2 2 2 2 2 2 2
left_child=1 -1 4 -4 5 6 -3 8 -6
right_child=-2 2 3 -5 7 -7 -8 -9 -10
leaf_value=-0.080712376820853818 0.0096753414919619179 -0.080060643824485495 -0.080401352441744969 -0.080137175623730642 -0.080056482173942914 -0.080097870248024033 -0.08003439531330471 -0.080077503720649493 -0.080065479400566006
leaf_weight=0.091379727353342211 3.2385815344750881 0.03288041205087211 0.090344040188938379 0.065601023408817127 0.012791815992386546 0.0076829115132568395 0.053080558183864923 0.02882045700243907 0.010862095208722167
leaf_count=17 35 54 21 36 24 12 215 31 18
internal_value=-7.14906e-05 -0.0803014 -0.0801771 -0.0802902 -0.0800564 -0.0800488 -0.0800444 -0.0800699 -0.0800606
internal_weight=3.63202 0.393443 0.302063 0.155945 0.146118 0.0936439 0.085961 0.0524744 0.0236539
internal_count=463 428 411 57 354 281 269 73 42
is_linear=0
shrinkage=0.1


Tree=262
num_leaves=11
num_cat=0
split_feature=5 5 2 6 6 6 5 6 6 6
split_gain=0.100321 0.202609 0.217463 0.126805 0.923026 0.762525 0.676568 0.725145 0.513099 0.36372
threshold=23.250000000000004 24.350000000000005 0.6078576107927941 66.750000000000014 68.850000000000009 66.100000000000009 25.250000000000004 64.600000000000009 69.350000000000009 70.200000000000003
decision_type=2 2 2 2 2 2 2 2 2 2
left_child=-1 2 -2 5 -5 6 -3 -8 -6 -10
right_child=1 3 -4 4 8 -7 7 -9 9 -11
leaf_value=0.032531350200447819 -0.087739116846101084 0.082338706281100571 0.002551533729306396 -0.086149788237398911 0.069230706095662717 0.080151668084554373 0.0037347265382992019 -0.065480471826258296 -0.055931430379622837 0.0086672524044848626
leaf_weight=0.93231591000221925 0.54377074869990127 0.90348421176895755 0.52360134563059546 1.2874091415433202 1.0907991803251205 1.2882467290619377 9.1744203552370873 1.812704607611521 1.1449386454187331 3.6509831472358201
leaf_count=15 28 9 19 29 8 17 198 24 10 106
internal_value=0.000419738 -0.000977912 -0.0434469 0.00124929 -0.00944885 0.007073 -0.000844455 -0.0076847 0.00732543 -0.0067545
internal_weight=22.3527 21.4204 1.06737 20.353 7.17413 13.1789 11.8906 10.9871 5.88672 4.79592
internal_count=463 448 47 401 153 248 231 222 124 116
is_linear=0
shrinkage=0.1


Tree=263
num_leaves=9
num_cat=0
split_feature=5 6 9 6 3 3 5 6
split_gain=0.120763 0.550141 0.238141 0.338217 0.228715 0.200169 0.26464 0.0756701
threshold=31.850000000000005 53.400000000000006 1.0000000180025095e-35 54.050000000000004 -0.56174490092936669 0.81174490092936691 30.250000000000004 61.45000000000001
decision_type=2 2 2 2 2 2 2 2
left_child=1 -1 3 -3 -4 6 -5 -7
right_child=-2 2 4 5 -6 7 -8 -9
leaf_value=0.097852077763787015 -0.0376726941786013 -0.077890984223518575 -0.010265146444559392 -0.0039036705240373618 0.076463251341256339 -0.0076666524276647694 0.036892563412134705 -0.050457230923215884
leaf_weight=0.57008422177751228 0.83586160466074844 0.61809800891205746 0.52464960189536214 11.356075056537515 0.72322914004325933 0.66748373070731837 1.8489577065920464 1.0850772509584201
leaf_count=23 12 6 14 285 32 11 50 30
internal_value=-0.00054415 0.00124008 -0.00203372 -0.00540131 0.0399998 -0.0024058 0.00180858 -0.0341599
internal_weight=18.2295 17.3937 16.8236 15.5757 1.24788 14.9576 13.205 1.75256
internal_count=463 451 428 382 46 376 335 41
is_linear=0
shrinkage=0.1


Tree=264
num_leaves=9
num_cat=0
split_feature=6 6 6 2 5 5 0 5
split_gain=0.213558 0.375413 0.262898 0.350683 0.249891 0.403449 0.0338001 0.0556352
threshold=86.100000000000009 83.40000000000002 82.000000000000014 -0.8783796973249266 23.250000000000004 23.550000000000004 -0.60355339059327362 31.450000000000003
decision_type=2 2 2 2 2 2 2 2
left_child=1 2 3 6 -5 -6 -1 -8
right_child=-2 -3 -4 4 5 -7 7 -9
leaf_value=-0.092405127247478291 0.041551310541512551 -0.090597186086428041 0.072140127434067766 -0.036057820564871841 0.076045487604208151 -0.00034917456857402348 -0.081931388931360039 0.038762697770801491
leaf_weight=0.43116869698860683 1.1192270171595735 0.48252318643790193 0.47851606691256154 1.299756936728955 0.84497801214456547 3.8008382905682083 0.10856202956347161 0.058921066927723587
leaf_count=35 10 12 8 8 5 329 49 7
internal_value=0.000802439 -0.00527426 0.000588163 -0.00464374 0.00270171 0.0135454 -0.0775959 -0.0394708
internal_weight=8.62449 7.50526 7.02274 6.54423 5.94557 4.64582 0.598652 0.167483
internal_count=463 453 441 433 342 334 91 56
is_linear=0
shrinkage=0.1


Tree=265
num_leaves=9
num_cat=0
split_feature=5 6 8 5 0 8 5 6
split_gain=0.441991 0.22057 0.569923 0.289727 0.415648 0.25592 0.554376 0.458344
threshold=23.350000000000005 76.950000000000017 1.0000000180025095e-35 24.050000000000004 -0.98296291314453399 1.0000000180025095e-35 25.350000000000005 67.850000000000009
decision_type=2 2 2 2 2 2 2 2
left_child=-1 3 -3 -2 -5 7 -7 -6
right_child=1 2 -4 4 5 6 -8 -9
leaf_value=-0.085847734061723524 -0.044933306114299389 -0.029297940413112813 0.073281049371572565 0.05979265858520863 -0.0079158889761127976 0.010835547901072501 -0.047175973030424617 0.041575658216106259
leaf_weight=0.58868231670931237 1.4242099700495661 0.91249571321532141 1.3326263984199604 1.1596417045220775 5.3506883104419121 3.4278245978057287 3.1713936027372256 2.8775857579894364
leaf_count=19 15 23 31 36 60 47 201 31
internal_value=-0.000467301 0.00208972 0.0315894 -0.00171414 0.00213602 -0.00237324 -0.0170431 0.00939226
internal_weight=20.2451 19.6565 2.24512 17.4113 15.9871 14.8275 6.59922 8.22827
internal_count=463 444 54 390 375 339 248 91
is_linear=0
shrinkage=0.1


Tree=266
num_leaves=12
num_cat=0
split_feature=6 6 3 5 6 5 3 5 1 6 5
split_gain=0.269901 0.435008 0.446191 0.696479 0.403986 0.255842 0.260644 0.0554236 0.0839124 0.0471894 0.0601074
threshold=87.100000000000009 85.850000000000009 -0.56174490092936669 24.350000000000005 74.15000000000002 23.750000000000004 0.81174490092936691 24.950000000000003 0.78656609248549303 77.15000000000002 24.450000000000003
decision_type=2 2 2 2 2 2 2 2 2 2 2
left_child=1 2 3 -1 7 -6 -7 -4 -9 10 -5
right_child=-2 -3 4 9 5 6 -8 8 -10 -11 -12
leaf_value=-0.17893519377383962 -0.066084463785216638 0.097415473867899116 -0.094234612597115713 0.076392100883581782 0.081637401584583935 0.050737723094726198 -0.067135372963243914 -0.080047508173937965 0.08123290328490744 0.077679306042156282 -0.080120876021564716
leaf_weight=0.3261017339391411 0.52729095256654535 0.49277981353225175 0.28615528645605093 0.043977986089885235 0.77635987865505718 0.4373251071665436 0.32851122971624136 0.081910039607464569 0.053220535628497601 0.15178790030768141 0.055507482560642529
leaf_count=10 6 7 31 2 15 37 9 241 3 9 93
internal_value=-4.89775e-05 0.011429 -0.00524746 -0.0825253 0.0174766 0.0411842 0.000175176 -0.0693096 -0.016528 0.0425952 -0.0109336
internal_weight=3.56093 3.03364 2.54086 0.577375 1.96348 1.5422 0.765836 0.421286 0.135131 0.251273 0.0994855
internal_count=463 457 450 114 336 61 46 275 244 104 95
is_linear=0
shrinkage=0.1


Tree=267
num_leaves=13
num_cat=0
split_feature=1 5 6 6 6 5 6 6 6 0 5 6
split_gain=0.102905 0.340263 0.217358 0.348882 1.05752 0.531694 0.188354 0.184846 0.0186564 0.00145625 2.97796e-06 5.65775e-07
threshold=-0.98296291314453399 28.750000000000004 64.600000000000009 66.100000000000009 66.450000000000017 27.050000000000004 60.000000000000007 53.70000000000001 61.250000000000007 0.91597561503675362 31.650000000000002 62.550000000000004
decision_type=2 2 2 2 2 2 2 2 2 2 2 2
left_child=-1 2 6 -4 -5 -6 -2 -3 -8 10 11 -9
right_child=1 7 3 4 5 -7 8 9 -10 -11 -12 -13
leaf_value=0.015593857639626126 -0.0063195374995532573 0.0013739060785708669 -0.045736657631252356 0.11341200508569745 0.0017808155175858091 -0.065702190136435287 0.023939895566022391 -0.08022783084154228 0.038990220118020606 -0.089376024712439328 -0.081081109398154896 -0.080505886459567494
leaf_weight=3.7867546044290092 2.0415817376924741 0.37232061807298922 1.9147098655812431 0.76996473816689004 7.4629392408969562 1.3840768368681891 1.4907632034737619 0.14952365393401124 1.8404951686970887 0.37546013295650482 0.072161532880272716 0.14331980008864775
leaf_count=20 27 27 21 9 178 22 8 71 34 4 9 33
internal_value=0.000608683 -0.0025408 0.000985075 -0.00675495 0.00100619 -0.0087766 0.0175974 -0.056103 0.0322551 -0.0850035 -0.0805057 -0.0803639
internal_weight=21.8041 18.0173 16.9045 11.5317 9.61698 8.84702 5.37284 1.11279 3.33126 0.740465 0.365005 0.292843
internal_count=463 443 299 230 209 200 69 144 42 117 113 104
is_linear=0
shrinkage=0.1


Tree=268
num_leaves=9
num_cat=0
split_feature=5 6 6 9 3 2 1 0
split_gain=0.10538 0.497146 0.328934 0.169144 0.190742 0.187203 0.423411 0.351174
threshold=31.850000000000005 53.400000000000006 54.050000000000004 1.0000000180025095e-35 -0.56174490092936669 1.0000000180025095e-35 0.1294095225512602 0.91597561503675362
decision_type=2 2 2 2 2 2 2 2
left_child=1 -1 -3 5 -5 7 -7 -4
right_child=-2 2 3 4 -6 6 -8 -9
leaf_value=0.096470363838184581 -0.035272943738612075 -0.074736252046309959 -0.00098382605504552991 -0.0090058145486212535 0.07210434399753704 0.032880984909073235 -0.016676541873249219 -0.051404095015122386
leaf_weight=0.53260848671198502 0.82246846798807283 0.59425444435328501 6.083238119957965 0.50678657571552321 0.67756775440648265 3.7497492355760187 3.1912805871106684 1.7872158311656674
leaf_count=23 12 6 185 14 32 90 59 42
internal_value=-0.000308154 0.00137134 -0.00168172 0.00103229 0.0373972 -0.00187551 0.0100959 -0.0124332
internal_weight=17.9452 17.1227 16.5901 15.9958 1.18435 14.8115 6.94103 7.87045
internal_count=463 451 428 422 46 376 149 227
is_linear=0
shrinkage=0.1


Tree=269
num_leaves=10
num_cat=0
split_feature=6 6 6 2 2 8 1 0 5
split_gain=0.188773 0.327495 0.2372 0.3129 0.211085 0.276507 0.19876 0.0302292 0.0485107
threshold=86.100000000000009 83.40000000000002 82.000000000000014 -0.8783796973249266 0.6078576107927941 1.0000000180025095e-35 0.37940952255126026 -0.60355339059327362 31.450000000000003
decision_type=2 2 2 2 2 2 2 2 2
left_child=1 2 3 7 5 -5 -6 -1 -9
right_child=-2 -3 -4 4 6 -7 -8 8 -10
leaf_value=-0.091352699827486103 0.038607816978250539 -0.08920179236652323 0.069642869919733438 -0.012079083684635079 -0.065354144419552535 0.038320029555636313 0.0076781768595054478 -0.081772379738714637 0.03388576323973079
leaf_weight=0.40082285394601058 1.1119897054741157 0.44051680051779829 0.45342266326770175 2.2097833557563717 0.78767121932469286 2.1454829878784958 0.70724607119336724 0.099260607436007287 0.057141388882882893
leaf_count=35 10 12 8 73 77 170 22 49 7
internal_value=0.000225013 -0.00562066 -0.000254123 -0.00520041 0.00161971 0.0127484 -0.0308025 -0.0768034 -0.0395167
internal_weight=8.41334 7.30135 6.86083 6.40741 5.85018 4.35527 1.49492 0.557225 0.156402
internal_count=463 453 441 433 342 243 99 91 56
is_linear=0
shrinkage=0.1


Tree=270
num_leaves=10
num_cat=0
split_feature=0 6 5 1 8 5 6 1 0
split_gain=0.146891 0.11803 0.174551 0.212467 0.23955 0.550951 0.264977 0.192521 0.337501
threshold=0.98296291314453421 81.850000000000009 23.850000000000005 0.37940952255126026 1.0000000180025095e-35 24.650000000000002 64.600000000000009 0.60355339059327384 -0.60355339059327362
decision_type=2 2 2 2 2 2 2 2 2
left_child=1 2 -1 4 6 -6 -4 -5 -9
right_child=-2 -3 3 7 5 -7 -8 8 -10
leaf_value=-0.036303546767488599 0.035740520211519917 0.027154743872507325 -0.014541654022141843 0.084054091865642555 -0.080731795166361281 -0.0054856388783789539 0.023754640329819485 0.081102443139154656 -0.08132114134384319
leaf_weight=1.5663067447021699 1.0715860296040762 1.2675518682226528 3.0331995351443828 0.53646305599249788 1.148774512112136 6.3620229188964004 4.4682705909945071 0.25102293910458684 0.26089246105402708
leaf_count=25 36 33 29 26 8 241 23 27 15
internal_value=-0.000276316 -0.00231898 -0.00443843 -0.0013308 -0.00437029 -0.0169945 0.00826964 0.0421932 -0.00167508
internal_weight=19.9661 18.8945 17.627 16.0606 15.0123 7.5108 7.50147 1.04838 0.511915
internal_count=463 427 394 369 301 249 52 68 42
is_linear=0
shrinkage=0.1


Tree=271
num_leaves=10
num_cat=0
split_feature=5 1 6 6 1 5 0 5 5
split_gain=0.258835 0.47038 0.0784535 1.85694e-07 1.16977e-07 1.25094e-09 1.21587e-09 8.73269e-10 2.77342e-10
threshold=23.950000000000003 0.78656609248549303 82.000000000000014 74.15000000000002 0.37940952255126026 31.850000000000005 0.91597561503675362 24.350000000000005 27.150000000000002
decision_type=2 2 2 2 2 2 2 2 2
left_child=2 3 -1 5 -5 6 7 -2 -8
right_child=1 -3 -4 4 -6 -7 8 -9 -10
leaf_value=0.0041716059218534687 -0.080076123611524622 0.083352222685391386 -0.032204590030838379 -0.080329765059098682 -0.08012550410231066 -0.08008982325894165 -0.08004999755602088 -0.08003427450641476 -0.08006598880623067
leaf_weight=1.0171208837273304 0.0054139024869072063 0.73383159842342138 1.4215192137635311 0.056079608504660428 0.05606815530336462 0.0068821775894321027 0.019502311010000994 0.063127048342721537 0.024433116486761719
leaf_count=30 9 21 15 15 34 12 42 254 31
internal_value=0.000316765 0.0441448 -0.0170326 -0.0801352 -0.0802276 -0.0800484 -0.0800459 -0.0800376 -0.0800589
internal_weight=3.40398 0.965338 2.43864 0.231506 0.112148 0.119359 0.112476 0.068541 0.0439354
internal_count=463 418 45 397 49 348 336 263 73
is_linear=0
shrinkage=0.1


Tree=272
num_leaves=14
num_cat=0
split_feature=6 3 2 1 6 9 5 5 5 5 5 6 5
split_gain=0.110802 0.292313 0.159597 0.728222 0.65538 0.321211 0.324869 0.814716 0.535352 0.479641 0.427698 0.276186 0.0016117
threshold=55.550000000000004 -1.0000000180025095e-35 -0.8783796973249266 -0.98296291314453399 68.850000000000009 1.0000000180025095e-35 25.550000000000004 25.350000000000005 26.650000000000002 25.150000000000002 27.150000000000002 65.65000000000002 26.050000000000004
decision_type=2 2 2 2 2 2 2 2 2 2 2 2 2
left_child=1 -1 3 -2 12 6 7 9 11 -4 -10 -8 -5
right_child=2 -3 5 4 -6 -7 8 -9 10 -11 -12 -13 -14
leaf_value=-0.051188555675407268 0.10490516968820099 0.025287695131503703 0.021522796977523156 -0.098623752637181733 0.028027053753256977 -0.048694650598099673 -0.10513184480912025 0.10661285481037897 0.045747142408907454 -0.065331398553737915 -0.0086393337905336393 -0.02435160159865029 -0.088204150967935435
leaf_weight=1.2705125341308305 0.81712361425161395 0.82391162833664822 3.2062157868058434 0.24180141824763568 1.6396348622511139 1.2913848485040951 0.71430144971236487 0.96633175807073701 1.8631127009866739 0.7930984942940994 6.4579539635160472 1.0387128118891267 0.38452434877399355
leaf_count=30 5 23 86 5 30 34 11 13 19 18 123 29 37
internal_value=0.000748147 -0.0211041 0.00310559 0.0239729 -0.00521186 -0.000833877 0.00327568 0.0242095 -0.00704287 0.00429886 0.00353797 -0.0572672 -0.0922268
internal_weight=21.5086 2.09442 19.4142 3.08308 2.26596 16.3311 15.0397 4.96565 10.0741 3.99931 8.32107 1.75301 0.626326
internal_count=463 53 410 77 72 333 299 117 182 104 142 40 42
is_linear=0
shrinkage=0.1


Tree=273
num_leaves=9
num_cat=0
split_feature=6 6 6 6 6 1 5 5
split_gain=0.106327 0.271219 0.544644 0.654922 0.411865 0.394378 0.0215691 0.0297501
threshold=84.40000000000002 80.40000000000002 79.600000000000009 73.550000000000026 72.800000000000026 0.1294095225512602 23.750000000000004 24.850000000000005
decision_type=2 2 2 2 2 2 2 2
left_child=1 2 3 4 5 -1 -5 -8
right_child=-2 -3 -4 6 -6 -7 7 -9
leaf_value=0.0044231980478328086 0.022735086910288412 -0.04892038811570678 0.087609948779227051 -0.090291487997421635 0.071870133350364296 -0.053938502696328633 -0.0843514636270596 -0.032710930600613759
leaf_weight=10.692556582158426 1.7880164184607554 1.1889925526920695 0.68782689282670695 0.62810546159744329 0.8078876845538624 1.2984685944393284 0.25390641682315618 0.19899056298891082
leaf_count=292 17 24 4 6 10 56 16 38
internal_value=-0.000374646 -0.00299705 0.000751125 -0.00355321 0.00275967 -0.0018966 -0.0782969 -0.061662
internal_weight=17.5448 15.7567 14.5677 13.8799 12.7989 11.991 1.081 0.452897
internal_count=463 446 422 418 358 348 60 54
is_linear=0
shrinkage=0.1


Tree=274
num_leaves=8
num_cat=0
split_feature=5 6 6 1 5 6 6
split_gain=0.194328 0.48243 0.251879 0.377565 0.195719 0.263943 0.00452049
threshold=23.550000000000004 83.40000000000002 81.200000000000003 0.60355339059327384 32.300000000000004 71.750000000000014 73.550000000000026
decision_type=2 2 2 2 2 2 2
left_child=-1 2 3 4 5 -2 -5
right_child=1 -3 -4 6 -6 -7 -8
leaf_value=0.017075455446117379 -0.031588426311109828 -0.11566866180774152 0.046233191697245102 -0.10515113621697508 0.083422767510222831 0.035303183956078191 -0.086288204853245287
leaf_weight=3.5339959524571896 1.7997375466475216 0.42434938298538316 0.81229864363558579 0.23335807216062665 0.24668117612600315 0.87749044661177311 0.27887878532055765
leaf_count=25 321 14 12 7 6 42 36
internal_value=-0.00061898 -0.0140011 -0.00384623 -0.0156849 -0.00181054 -0.00966398 -0.0948815
internal_weight=8.20679 4.67279 4.24844 3.43615 2.92391 2.67723 0.512237
internal_count=463 438 424 412 369 363 43
is_linear=0
shrinkage=0.1


Tree=275
num_leaves=9
num_cat=0
split_feature=0 0 5 5 0 5 5 6
split_gain=0.125724 0.126926 0.358293 0.335294 0.378826 0.586568 0.187693 0.132665
threshold=0.98296291314453421 -0.98296291314453399 23.350000000000005 24.950000000000003 0.91597561503675362 25.350000000000005 27.150000000000002 75.15000000000002
decision_type=2 2 2 2 2 2 2 2
left_child=1 -1 -3 7 5 -5 -6 -4
right_child=-2 2 3 4 6 -7 -8 -9
leaf_value=0.025759034393069126 0.033609474402419168 -0.08538837807244587 0.0073063707854475347 0.015924435720100133 -0.014024990265588325 -0.066617002940039957 0.017569809404030964 0.040867024020096593
leaf_weight=1.4932910720817805 1.0355848278850306 0.53241136996075766 3.3765956098213818 1.3287723793182507 3.8858446404337883 2.4453269663645187 3.6430237209424376 1.8088583187200127
leaf_count=38 36 19 36 33 19 221 24 37
internal_value=-0.00029818 -0.0021948 -0.00464728 -0.00204015 -0.0116989 -0.0375561 0.00126291 0.0190134
internal_weight=19.5497 18.5141 17.0208 16.4884 11.303 3.7741 7.52887 5.18545
internal_count=463 427 389 370 297 254 43 73
is_linear=0
shrinkage=0.1


Tree=276
num_leaves=16
num_cat=0
split_feature=6 3 8 2 1 2 1 2 6 1 5 0 0 6 5
split_gain=0.241361 0.247957 0.116802 0.0396512 0.0393066 0.0141742 0.0202017 0.00769556 0.00146818 9.2494e-05 7.57351e-10 6.87391e-10 2.12299e-10 7.98351e-11 7.92717e-11
threshold=74.15000000000002 -0.56174490092936669 1.0000000180025095e-35 0.6078576107927941 0.78656609248549303 -0.8783796973249266 0.78656609248549303 0.6078576107927941 73.15000000000002 0.78656609248549303 25.150000000000002 1.0000000180025095e-35 -0.5 55.750000000000007 27.950000000000003
decision_type=2 2 2 2 2 2 2 2 2 2 2 2 2 2 2
left_child=3 -2 -3 5 12 6 10 -4 9 11 -1 -7 -5 -12 -14
right_child=1 2 7 4 -6 8 -8 -9 -10 -11 13 -13 14 -15 -16
leaf_value=-0.080076822658230518 -0.029712163209830153 0.069302645470879595 0.0075606907866201112 -0.080035642331220513 0.081089582760835818 -0.080029351876768212 0.080788950802535897 0.022949823224471057 -0.096797873410002844 -0.085346882606773061 -0.080042270123949211 -0.080052552821663625 -0.080061190839564311 -0.080027395232932619 -0.08004731723901054
leaf_weight=0.0047662484139440178 0.99235716811381314 0.58185428450815391 0.63807507115416184 0.012162198650912615 0.031362937763333321 0.018519867502618581 0.012087809853255749 0.66215684474445879 0.18155989981460152 0.073404893279075623 0.0051279480358061838 0.041131677062367089 0.006912752171047031 0.012174428746220656 0.010188870997808408
leaf_count=6 33 26 26 33 2 93 1 15 6 1 17 102 10 55 37
internal_value=0.000504358 0.0107359 0.0320627 -0.0713323 0.00331146 -0.0843075 -0.0231243 0.0153978 -0.0909499 -0.0829701 -0.0800415 -0.0800453 -0.0800457 -0.0800318 -0.0800529
internal_weight=3.28384 2.87444 1.88209 0.4094 0.0606268 0.348773 0.0341564 1.30023 0.314616 0.133056 0.0220686 0.0596515 0.0292638 0.0173024 0.0171016
internal_count=463 100 67 363 82 281 79 41 202 196 78 195 80 72 47
is_linear=0
shrinkage=0.1


Tree=277
num_leaves=15
num_cat=0
split_feature=7 8 2 5 5 6 6 6 6 3 6 5 6 5
split_gain=0.097911 0.112126 0.313663 0.301085 0.314161 0.669231 0.371924 0.297381 0.853843 0.25769 0.243589 0.289341 0.857245 0.360231
threshold=1.0000000180025095e-35 1.0000000180025095e-35 -0.60785761079279388 27.950000000000003 26.650000000000002 70.200000000000003 71.050000000000011 61.850000000000009 69.350000000000009 1.0000000180025095e-35 49.45000000000001 28.250000000000004 56.850000000000001 25.350000000000005
decision_type=2 2 2 2 2 2 2 2 2 2 2 2 2 2
left_child=-1 3 7 4 5 -2 -7 9 -9 -3 -4 13 -13 -12
right_child=1 2 10 -5 -6 6 -8 8 -10 -11 11 12 -14 -15
leaf_value=0.028301881436801415 -0.056473317874916121 -0.0033917380760273689 0.11245878845198974 -0.048004755876319249 0.022074582291291233 0.097913425902742393 -0.022409040889237522 0.071149147397314164 -0.038962527085893789 -0.070739907662765861 0.004536366077826706 0.046035244853073434 -0.10686184112463881 0.058322901243154562
leaf_weight=1.2228448456153298 2.0157536980696054 1.037389103963509 0.26897037890739195 1.6574357021017929 3.158455072902143 0.55764642357826211 0.47633813046559226 1.2277522938093173 1.6515137354144824 1.2559500028728507 3.0382784395478666 0.80503322533331789 0.67346032086061314 2.1098817402380519
leaf_count=22 24 29 2 24 21 3 47 36 33 38 66 24 45 49
internal_value=0.000835483 -0.000849446 0.0052054 -0.0101394 -3.02716e-05 -0.0229231 0.042483 -0.0134087 0.00799036 -0.040275 0.0191684 0.0153818 -0.0236101 0.0265798
internal_weight=21.1567 19.9339 12.0682 7.86563 6.20819 3.04974 1.03398 5.17261 2.87927 2.29334 6.89562 6.62665 1.47849 5.14816
internal_count=463 441 322 119 95 74 50 136 69 67 186 184 69 115
is_linear=0
shrinkage=0.1


Tree=278
num_leaves=14
num_cat=0
split_feature=5 6 5 5 0 3 6 6 5 5 2 5 5
split_gain=0.0960289 0.572303 0.296067 0.708042 0.271603 0.251977 0.11753 0.039596 0.00164275 0.000182825 2.85332e-05 7.8594e-06 3.78585e-06
threshold=23.650000000000002 73.550000000000026 24.050000000000004 27.950000000000003 -0.3794095225512602 -0.56174490092936669 66.350000000000009 76.450000000000017 23.750000000000004 23.950000000000003 0.87837969732492682 27.600000000000005 24.550000000000004
decision_type=2 2 2 2 2 2 2 2 2 2 2 2 2
left_child=-1 2 -2 10 5 -5 -6 -3 -9 -10 11 -4 -11
right_child=1 7 3 4 6 -7 -8 8 9 12 -12 -13 -14
leaf_value=0.012251297289502725 0.053522805659010179 -0.042287806549470314 -0.080874400108861128 0.0041172697899193025 0.0033845839049170393 0.083889156315740607 -0.027208943120456186 -0.092072567223718968 -0.085538911982657839 -0.081191751819489552 -0.082186763119483863 -0.08169714310739648 -0.080289521240800243
leaf_weight=4.4248914634808925 0.99619079846888681 0.2497146624373261 0.61251717043341958 0.81592500919941813 6.6622870695427974 0.76931913557927945 1.5473628784529863 0.44523054733872414 0.13206649804487824 0.083231198485009372 0.29730147472582757 0.14326470729429275 0.10540848737582564
leaf_count=30 9 29 100 14 125 58 18 4 4 9 19 8 36
internal_value=-0.000455499 -0.00482774 0.0013498 -0.00344135 0.00493562 0.0428306 -0.00238171 -0.076868 -0.088142 -0.0826854 -0.0813568 -0.0810304 -0.0806876
internal_weight=17.2847 12.8598 11.8442 10.848 9.79489 1.58524 8.20965 1.01565 0.765937 0.320706 1.05308 0.755782 0.18864
internal_count=463 433 351 342 215 72 143 82 53 49 127 108 45
is_linear=0
shrinkage=0.1


Tree=279
num_leaves=9
num_cat=0
split_feature=6 6 6 2 5 5 0 5
split_gain=0.176759 0.282187 0.19982 0.289763 0.199382 0.349147 0.0262963 0.0410754
threshold=86.100000000000009 83.40000000000002 82.000000000000014 -0.8783796973249266 23.250000000000004 23.550000000000004 -0.60355339059327362 31.650000000000002
decision_type=2 2 2 2 2 2 2 2
left_child=1 2 3 6 -5 -6 -1 -8
right_child=-2 -3 -4 4 5 -7 7 -9
leaf_value=-0.091139443110454493 0.037038274481094126 -0.088032622453770804 0.066057978454292218 -0.034448816888985816 0.072023332753476096 -0.0024180032797786505 -0.081490087064321148 0.032275134170762186
leaf_weight=0.38108755573921371 1.0742490164702756 0.40051903063067573 0.40963168698362995 1.2617271691560752 0.76507187634706486 3.5702446481918741 0.087160594717714868 0.049909802852198482
leaf_count=35 10 12 8 8 5 329 52 4
internal_value=-0.00070376 -0.00655824 -0.00155703 -0.00608628 0.000536918 0.010719 -0.0776288 -0.0400661
internal_weight=7.9996 6.92535 6.52483 6.1152 5.59704 4.33532 0.518158 0.13707
internal_count=463 453 441 433 342 334 91 56
is_linear=0
shrinkage=0.1


Tree=280
num_leaves=19
num_cat=0
split_feature=5 5 6 6 5 8 6 6 6 0 3 6 1 6 5 2 3 5
split_gain=0.119167 0.377464 0.301462 0.562886 0.309726 0.416592 0.319897 0.218783 0.336163 0.481391 0.472835 0.23713 0.149303 0.0337009 0.0399558 0.00425074 0.000193649 3.48089e-05
threshold=27.600000000000005 27.050000000000004 54.600000000000009 61.45000000000001 28.150000000000002 1.0000000180025095e-35 62.550000000000004 61.650000000000013 68.850000000000009 -0.60355339059327362 -0.56174490092936669 76.850000000000009 -1.0000000180025095e-35 57.800000000000004 28.250000000000004 0.6078576107927941 -0.56174490092936669 28.350000000000005
decision_type=2 2 2 2 2 2 2 2 2 2 2 2 2 2 2 2 2 2
left_child=1 7 -2 13 -5 -6 -7 -1 10 11 -9 -10 -11 14 -4 16 -15 -16
right_child=2 -3 3 4 5 6 -8 8 9 12 -12 -13 -14 15 17 -17 -18 -19
leaf_value=-0.041537242049649988 0.064104335422716055 0.052329719256070641 0.010433866052275267 -0.030489945739174358 0.086654938837677831 0.078958233576515172 -0.058193707964698874 -0.0071850428793395916 -0.0089797304742176062 -0.092006526143016146 0.064726221102185455 0.032404386879921802 -0.030624102106679582 -0.088001304715639939 -0.08413250300519183 -0.099960355140179452 -0.083679308641125383 -0.080775409964239653
leaf_weight=1.2149031898006821 0.44874051032820617 1.4700649925507594 0.074172971770167129 1.7182846874929967 0.72145834530238062 0.2414702796959316 0.57506499165901914 1.8585524861700835 4.4685084014199647 0.69875461608171463 1.7998178862035263 2.0062122852541506 0.91535420436412163 0.2234777540870706 0.05838288739323616 0.45697506652504671 0.19336990601732429 0.065579428744968027
leaf_count=12 42 13 4 17 7 10 51 21 65 5 32 42 47 11 1 11 33 39
internal_value=-0.000223808 0.00430761 -0.0139141 -0.0220029 -0.0013118 0.0312868 -0.0176344 -0.0011387 0.00303935 -0.00833715 0.0281933 0.00384327 -0.0571968 -0.0848559 -0.04762 -0.093299 -0.0859964 -0.0823565
internal_weight=19.2091 14.4322 4.77698 4.32824 3.25628 1.53799 0.816535 12.9621 11.7472 8.08883 3.65837 6.47472 1.61411 1.07196 0.198135 0.873823 0.416848 0.123962
internal_count=463 237 226 184 85 68 61 224 212 159 53 107 52 99 44 55 44 40
is_linear=0
shrinkage=0.1


Tree=281
num_leaves=9
num_cat=0
split_feature=1 5 6 1 5 0 6 5
split_gain=0.230276 2.07609e-06 2.6269e-07 1.82636e-07 6.51888e-10 7.21721e-10 5.60763e-10 1.57033e-10
threshold=0.78656609248549303 23.550000000000004 74.15000000000002 0.60355339059327384 31.850000000000005 0.91597561503675362 71.750000000000014 27.150000000000002
decision_type=2 2 2 2 2 2 2 2
left_child=1 -1 4 -4 5 6 -3 -7
right_child=-2 2 3 -5 -6 7 -8 -9
leaf_value=-0.080735017063595593 0.0094000973031736889 -0.080027671501963729 -0.08035456202672997 -0.080112764612543672 -0.080074000013968138 -0.08004267417159025 -0.080053073409394021 -0.080055820945704417
leaf_weight=0.086669780634111127 2.8708953205496073 0.048751626098237466 0.076422994374297559 0.052834118832834065 0.0056423551031912203 0.016263817491562804 0.010575803098618053 0.02058535440301057
leaf_count=17 35 245 21 36 12 42 24 31
internal_value=0.000459788 -0.0803176 -0.0801611 -0.0802557 -0.080041 -0.080039 -0.0800322 -0.08005
internal_weight=3.18864 0.317746 0.231076 0.129257 0.101819 0.0961766 0.0593274 0.0368492
internal_count=463 428 411 57 354 342 269 73
is_linear=0
shrinkage=0.1


Tree=282
num_leaves=16
num_cat=0
split_feature=1 0 6 3 6 5 2 6 6 6 2 5 5 5 3
split_gain=0.0938317 0.847024 0.148067 0.249865 0.138805 0.385952 0.165731 0.945884 0.320389 0.1053 0.346807 0.00124401 2.89632e-05 9.84941e-06 1.27541e-06
threshold=-0.12940952255126037 -0.91597561503675329 55.550000000000004 -1.0000000180025095e-35 59.45000000000001 29.950000000000003 0.6078576107927941 61.250000000000007 65.15000000000002 71.750000000000014 1.0000000180025095e-35 28.350000000000005 25.850000000000005 23.550000000000004 0.81174490092936691
decision_type=2 2 2 2 2 2 2 2 2 2 2 2 2 2 2
left_child=2 9 3 -1 5 -4 7 -6 -9 10 -2 12 13 -3 -15
right_child=1 11 4 -5 6 -7 -8 8 -10 -11 -12 -13 -14 14 -16
leaf_value=-0.047805243727729527 0.045823098694197623 -0.081614872708413902 0.083697006962011905 0.024051529786510165 -0.07035763544511156 -0.0028991696934533807 0.027985201389461797 0.050932764732046193 -0.001438781872232221 -0.011553639695583102 -0.010828950200986958 -0.090726588198301192 -0.082100172073677605 -0.080706382835377621 -0.081086301739995884
leaf_weight=1.2115518510690892 2.0182773969136178 0.20936351106502005 0.88607868587132488 0.80574368528323503 1.5899406533571872 1.2279047748888841 2.3001135382219218 1.8708390562096608 3.1098675534012727 2.1531081576831639 2.325804713414982 0.1654390301555394 0.40829144272720441 0.37565443558560219 0.11553982814075425
leaf_count=29 29 18 17 23 27 35 29 34 41 23 24 2 35 84 13
internal_value=0.000601616 -0.00809146 0.00579758 -0.0191044 0.0103707 0.0333977 0.00488315 -0.00320393 0.0182329 0.0065292 0.0154918 -0.0826376 -0.0814307 -0.0810405 -0.0807957
internal_weight=20.7735 7.77148 13.002 2.0173 10.9847 2.11398 8.87076 6.57065 4.98071 6.49719 4.34408 1.27429 1.10885 0.700558 0.491194
internal_count=463 228 235 52 183 52 131 102 75 76 53 152 150 115 97
is_linear=0
shrinkage=0.1


Tree=283
num_leaves=9
num_cat=0
split_feature=5 6 6 5 1 2 5 1
split_gain=0.0914761 0.435048 0.311895 0.149536 0.268223 0.177572 0.492225 0.113338
threshold=31.850000000000005 53.400000000000006 54.050000000000004 30.250000000000004 -0.78656609248549325 -0.8783796973249266 30.650000000000002 0.1294095225512602
decision_type=2 2 2 2 2 2 2 2
left_child=1 -1 -3 4 -4 -5 -7 -6
right_child=-2 2 3 5 7 6 -8 -9
leaf_value=0.094526484057466151 -0.034222652078872352 -0.074608119749473331 -0.064027027515397239 -0.012221215575261915 0.0096374045089926072 -0.014516781296837139 0.10557924550785658 -0.0096634012996952515
leaf_weight=0.48205409140792355 0.77452562097459932 0.56893356516957183 0.6878471276722874 0.80248823820147697 6.1950432070880144 0.66574721474898868 0.7002285139169544 5.9786877701990306
leaf_count=23 12 6 26 23 176 15 29 153
internal_value=-0.000654972 0.000961779 -0.00192964 0.00082146 -0.00327418 0.0251135 0.047047 0.000158512
internal_weight=16.8556 16.081 15.599 15.03 12.8616 2.16846 1.36598 12.1737
internal_count=463 451 428 422 355 67 44 329
is_linear=0
shrinkage=0.1


Tree=284
num_leaves=13
num_cat=0
split_feature=5 6 3 0 5 5 6 2 5 5 5 5
split_gain=0.160647 0.439096 0.216844 0.247149 0.214236 0.29462 0.172808 0.452034 0.308883 0.000282323 6.63074e-05 7.54577e-06
threshold=23.550000000000004 83.40000000000002 -0.56174490092936669 -0.91597561503675329 24.050000000000004 31.950000000000003 71.750000000000014 -1.0000000180025095e-35 31.950000000000003 23.950000000000003 24.250000000000004 30.650000000000002
decision_type=2 2 2 2 2 2 2 2 2 2 2 2
left_child=-1 2 4 9 -2 11 8 -8 -5 -4 -11 -6
right_child=1 -3 3 6 5 -7 7 -9 -10 10 -12 -13
leaf_value=0.016549381997104071 0.070989661047755559 -0.11274201674509182 -0.08721885865081605 -0.089236403793897301 -0.080375282169647289 0.087075224412433594 -0.034507962906072435 0.074772339963410095 0.024951741852166212 -0.084606315741209415 -0.080557528427004851 -0.081700943585663086
leaf_weight=3.3947026487439871 0.66647387109696843 0.39673333576865832 0.27396235615015019 0.52535184006410496 0.22944251204899047 0.16659167781472206 0.81098117210058263 0.70982123649446272 0.43143832869827747 0.064349889755249023 0.10890632508380804 0.052822848316282034
leaf_count=25 4 14 3 195 91 2 27 28 7 1 56 10
internal_value=0.000175609 -0.0123521 -0.00249408 -0.0168004 0.0350224 -0.0183826 -0.00445016 0.0164977 -0.0377464 -0.0852208 -0.0820613 -0.0806234
internal_weight=7.83158 4.43688 4.04014 2.92481 1.11533 0.448857 2.47759 1.5208 0.95679 0.447219 0.173256 0.282265
internal_count=463 438 424 317 107 103 257 55 202 60 57 101
is_linear=0
shrinkage=0.1


Tree=285
num_leaves=12
num_cat=0
split_feature=5 2 8 6 5 0 5 5 5 3 6
split_gain=0.11616 0.271521 0.182091 0.528286 0.492977 0.533651 0.398307 0.573175 0.341308 0.130412 0.0876923
threshold=23.850000000000005 1.0000000180025095e-35 1.0000000180025095e-35 67.850000000000009 24.050000000000004 -0.98296291314453399 25.350000000000005 25.650000000000002 25.950000000000003 -1.0000000180025095e-35 63.050000000000004
decision_type=2 2 2 2 2 2 2 2 2 2 2
left_child=1 -1 3 10 -4 -6 9 -8 -5 -7 -2
right_child=2 -3 4 8 5 6 7 -9 -10 -11 -12
leaf_value=-0.059547856288263784 0.0049031774172463936 0.010824885551430598 -0.11010025956017611 0.080373892656730839 0.060144636039120104 -0.0060413346987515286 -0.109252916270489 -0.012477268844044234 0.016362031021287176 0.033616665504712449 -0.021297466995072591
leaf_weight=1.0223529718350648 2.6947441923402984 1.1823370265774427 0.44792975950985781 1.4357234570197763 1.1649698612745876 2.0816048504784708 0.85524767078459296 2.1518327680823859 1.9840392596088348 1.378183234948662 2.4287867022212595
leaf_count=23 34 18 3 32 37 40 8 203 19 20 26
internal_value=-0.000240093 -0.0218082 0.00262045 0.0127987 -0.00814176 -0.00215759 -0.013381 -0.0400014 0.0432362 0.00975616 -0.00751712
internal_weight=18.8278 2.20469 16.6231 8.54329 8.07977 7.63184 6.46687 3.00708 3.41976 3.45979 5.12353
internal_count=463 41 422 111 311 308 271 211 51 60 60
is_linear=0
shrinkage=0.1


Tree=286
num_leaves=11
num_cat=0
split_feature=6 2 5 1 5 8 5 5 6 0
split_gain=0.227935 0.371976 0.296209 0.249885 0.05981 0.0303472 0.0252273 0.00626153 2.82402e-08 2.4854e-10
threshold=90.40000000000002 0.6078576107927941 23.950000000000003 0.78656609248549303 23.350000000000005 1.0000000180025095e-35 24.950000000000003 25.050000000000004 74.15000000000002 0.91597561503675362
decision_type=2 2 2 2 2 2 2 2 2 2
left_child=1 2 -1 8 -3 -6 -7 -8 9 -4
right_child=-2 4 3 -5 5 6 7 -9 -10 -11
leaf_value=-0.035705434313001203 -0.10107905794936767 0.097511857558005066 -0.080033370042926072 0.082316168916483079 0.057502849817170777 -0.08058186998378572 0.063738723700229996 0.0020955757638349217 -0.080135683948597908 -0.080046079532278602
leaf_weight=1.5936630936703307 0.20746811208664429 0.36204335093498219 0.044176387518746085 0.45132542680948973 0.28309521457413211 0.031558670685626566 0.02812508559145499 0.03979210272700584 0.052143769193207845 0.023609691023011692
leaf_count=31 3 2 217 15 37 12 5 52 34 55
internal_value=0.000189134 0.0074102 -0.0135594 0.0482225 0.0683781 0.0408075 -0.00670527 0.0276225 -0.0800804 -0.0800378
internal_weight=3.117 2.90953 2.16492 0.571255 0.744614 0.382571 0.0994759 0.0679172 0.11993 0.0677861
internal_count=463 460 352 321 108 106 69 57 306 272
is_linear=0
shrinkage=0.1


Tree=287
num_leaves=16
num_cat=0
split_feature=7 8 2 5 6 5 5 6 6 3 0 1 6 5 6
split_gain=0.09737 0.103177 0.294783 0.265624 0.512251 0.250555 0.271944 0.55142 0.298248 0.219678 0.198904 0.310838 0.930679 0.234906 0.189987
threshold=1.0000000180025095e-35 1.0000000180025095e-35 -0.60785761079279388 24.850000000000005 61.850000000000009 27.950000000000003 26.650000000000002 70.200000000000003 71.050000000000011 1.0000000180025095e-35 0.91597561503675362 -1.0000000180025095e-35 56.850000000000001 25.350000000000005 69.350000000000009
decision_type=2 2 2 2 2 2 2 2 2 2 2 2 2 2 2
left_child=-1 5 3 -3 9 6 7 -2 -9 -5 11 12 -4 -13 -6
right_child=1 2 10 4 14 -7 -8 8 -10 -11 -12 13 -14 -15 -16
leaf_value=0.028607718859864753 -0.053244454459325012 -0.065927949385100146 0.049450655703339667 -0.0024258275255718454 0.064756980388560495 -0.045612824543213963 0.019658034341264435 0.094526319903733003 -0.019202795769653693 -0.066398868528865437 0.058294997534767516 0.011718190797031335 -0.093956700483518896 0.066882596523498788 0.0020534126759554011
leaf_weight=1.1645825760206232 1.9476492797257408 0.81738923164084898 0.89277716982178679 0.99464194933534611 0.98205970204435267 1.5850804978399535 3.0988585632294416 0.48570688068866719 0.43899924449215177 1.1660598191083409 1.0515510514378545 2.7887152330658784 0.91772672138176858 1.0673818544019011 0.95128950983053073
leaf_count=22 24 14 27 29 33 24 21 3 47 38 6 62 73 18 22
internal_value=0.000531977 -0.00117222 0.00473894 -0.0138815 -0.00349025 -0.0102698 -0.000887924 -0.0230541 0.040534 -0.03695 0.0183518 0.0109395 -0.0232411 0.0269879 0.0339042
internal_weight=20.3505 19.1859 11.6296 4.91144 4.09405 7.55629 5.97121 2.87236 0.924706 2.1607 6.71815 5.6666 1.8105 3.8561 1.93335
internal_count=463 441 322 136 122 119 95 74 50 67 186 180 100 80 55
is_linear=0
shrinkage=0.1


Tree=288
num_leaves=13
num_cat=0
split_feature=5 6 5 5 0 6 2 5 1 2 5 6
split_gain=0.093592 0.490791 0.244724 0.631873 0.240079 0.234633 0.129271 0.0368006 0.0646108 1.82079e-05 6.27153e-06 7.79155e-08
threshold=23.650000000000002 73.550000000000026 24.050000000000004 27.950000000000003 -0.3794095225512602 63.300000000000004 1.0000000180025095e-35 24.650000000000002 1.0000000180025095e-35 0.87837969732492682 27.600000000000005 76.450000000000017
decision_type=2 2 2 2 2 2 2 2 2 2 2 2
left_child=-1 2 -2 9 5 -5 -6 -3 -9 10 -4 -10
right_child=1 7 3 4 6 -7 -8 8 11 -11 -12 -13
leaf_value=0.012177473045582036 0.047943986302097535 -0.087438640801047407 -0.080804213574346348 0.0050444993797115895 -0.011148777972255568 0.085805064898229824 0.016847948094433827 0.029318150326627393 -0.080406466193928106 -0.08192499058392215 -0.081568928320110104 -0.080262435404242979
leaf_weight=4.3305404949933317 1.0017049983143778 0.67517630901420567 0.55840029910905187 0.79796896543120677 5.5220896970131443 0.65505117655266076 2.3515947298146784 0.083222311805002391 0.068351985770277679 0.2657887899549678 0.13273735612165183 0.083370347099844366
leaf_count=30 9 27 100 51 98 21 45 7 16 19 8 32
internal_value=-0.000451366 -0.0049358 0.000761138 -0.00383484 0.0041051 0.041453 -0.00278713 -0.0755768 -0.0414886 -0.0812216 -0.0809511 -0.0803273
internal_weight=16.526 12.1955 11.2853 10.2836 9.3267 1.45302 7.87368 0.910121 0.234945 0.956926 0.691138 0.151722
internal_count=463 433 351 342 215 72 143 82 55 127 108 48
is_linear=0
shrinkage=0.1


Tree=289
num_leaves=9
num_cat=0
split_feature=6 6 6 2 5 5 0 5
split_gain=0.176564 0.261745 0.170457 0.258653 0.187604 0.279049 0.0244612 0.0404658
threshold=86.100000000000009 83.40000000000002 82.000000000000014 -0.8783796973249266 23.250000000000004 23.550000000000004 -0.60355339059327362 31.750000000000004
decision_type=2 2 2 2 2 2 2 2
left_child=1 2 3 6 -5 -6 -1 -8
right_child=-2 -3 -4 4 5 -7 7 -9
leaf_value=-0.09047550459270888 0.038318326253083887 -0.087519069312102793 0.064282283232538248 -0.033224011786586002 0.067326012499724766 -0.00090060864016579159 -0.081261896409452458 0.03973465594247115
leaf_weight=0.34401263516338076 1.0419793128385206 0.3715132975958112 0.37460509850643564 1.2392355650663383 0.72805934399366368 3.3943414668865444 0.077513486721726532 0.042958746664226055
leaf_count=35 10 12 8 8 5 329 53 3
internal_value=7.40982e-05 -0.00598924 -0.00110442 -0.00530862 0.000893008 0.0111489 -0.0768952 -0.0381162
internal_weight=7.61422 6.57224 6.20073 5.82612 5.36164 4.1224 0.464485 0.120472
internal_count=463 453 441 433 342 334 91 56
is_linear=0
shrinkage=0.1


Tree=290
num_leaves=16
num_cat=0
split_feature=5 5 5 2 1 6 6 6 6 5 6 1 6 5 2
split_gain=0.109591 0.143435 0.268551 0.468077 0.552175 0.379976 0.277491 0.243747 0.535499 0.246478 0.390662 0.0906788 0.0254372 0.0450579 0.0029287
threshold=23.850000000000005 27.600000000000005 27.050000000000004 -1.0000000180025095e-35 -0.12940952255126037 70.950000000000017 71.350000000000009 54.600000000000009 61.45000000000001 28.150000000000002 66.65000000000002 0.37940952255126026 58.300000000000004 28.150000000000002 0.6078576107927941
decision_type=2 2 2 2 2 2 2 2 2 2 2 2 2 2 2
left_child=-1 2 3 5 -5 -2 -6 -3 12 -10 -11 -7 13 -9 -14
right_child=1 7 -4 4 6 11 -8 8 9 10 -12 -13 14 -15 -16
leaf_value=-0.021201170232646747 0.0076461360678878702 0.057717667658011652 0.049177890841490386 -0.069512981967411264 0.023222070732221416 0.09284741674151771 -0.027344014602432149 0.024613939935471389 -0.025798527980642812 -0.029308011333914988 0.074676272475747374 0.040771827444240245 -0.08554345521243463 -0.082025210212321023 -0.097746149780161856
leaf_weight=2.1509852278977659 2.9099387554451814 0.45062118049827304 1.4388577074278135 1.423918455839156 2.5880898255854881 0.81048754206858553 1.8689518112223593 0.055351215414702781 1.6841207323595884 0.63154363029752836 0.84432527105673216 0.56921508884988725 0.36793248209869489 0.13943128992104903 0.42257120728027076
leaf_count=41 36 42 13 8 45 11 46 3 17 43 25 37 39 47 10
internal_value=7.11887e-06 0.00282216 0.00874156 0.00302094 -0.015301 0.0281397 0.00201841 -0.0121305 -0.0197235 0.000346185 0.03018 0.0713629 -0.0840907 -0.0517216 -0.0920665
internal_weight=18.3563 16.2054 11.6095 10.1706 5.88096 4.28964 4.45704 4.5959 4.14528 3.15999 1.47587 1.3797 0.985286 0.194783 0.790504
internal_count=463 422 196 183 99 84 91 226 184 85 68 48 99 50 49
is_linear=0
shrinkage=0.1


Tree=291
num_leaves=10
num_cat=0
split_feature=5 1 6 6 1 5 0 5 5
split_gain=0.202996 0.349355 0.0242687 8.61357e-08 5.5373e-08 5.44973e-10 5.0734e-10 4.71398e-10 1.27585e-10
threshold=23.950000000000003 0.78656609248549303 82.40000000000002 74.15000000000002 0.37940952255126026 31.850000000000005 0.91597561503675362 24.350000000000005 27.150000000000002
decision_type=2 2 2 2 2 2 2 2 2
left_child=2 3 -1 5 -5 6 7 -2 -8
right_child=1 -3 -4 4 -6 -7 8 -9 -10
leaf_value=-0.0028683235710899105 -0.080060818388270963 0.082650647174715652 -0.023893867642973375 -0.080255936534778707 -0.080094963358413929 -0.080068112974777172 -0.080036790855726458 -0.08002481903116998 -0.080049496462560848
leaf_weight=0.97013471220998404 0.003963798393669892 0.57667532097548246 1.2645475794270167 0.044272954226471484 0.04130717548832763 0.0050612388749868833 0.013931710836914135 0.044181875698996009 0.018264774662384298
leaf_count=31 9 21 14 15 34 12 42 254 31
internal_value=0.000324564 0.0454292 -0.0147661 -0.0801073 -0.0801782 -0.0800363 -0.0800343 -0.0800278 -0.080044
internal_weight=2.98234 0.747659 2.23468 0.170984 0.0855801 0.0854034 0.0803422 0.0481457 0.0321965
internal_count=463 418 45 397 49 348 336 263 73
is_linear=0
shrinkage=0.1


Tree=292
num_leaves=11
num_cat=0
split_feature=1 5 6 5 3 6 6 8 2 5
split_gain=0.0949688 0.287842 0.237628 0.415964 0.161061 0.157851 0.327843 0.000745137 9.24926e-05 1.72952e-06
threshold=-0.98296291314453399 28.750000000000004 60.750000000000007 28.050000000000004 -0.56174490092936669 63.050000000000004 64.600000000000009 1.0000000180025095e-35 0.87837969732492682 29.050000000000004
decision_type=2 2 2 2 2 2 2 2 2 2
left_child=-1 2 -2 5 -3 -4 -7 -6 9 -9
right_child=1 4 3 -5 7 6 -8 8 -10 -11
leaf_value=0.015674872858601262 0.02840686667215991 0.0014516690255534336 -0.035546436615883831 -0.059406336211141601 -0.088462576025410633 0.063338988165117072 -0.00057362310990163423 -0.081038436651787227 -0.084157648162693569 -0.080485505426195869
leaf_weight=3.3819324597716358 2.5677865397301511 0.33406749370624311 1.0745579628273834 1.2632653781329271 0.2304997990722768 0.87425216613337298 9.7911681748955726 0.072544499882497671 0.094402848102618009 0.2568942568032071
leaf_count=20 31 27 13 29 7 12 214 10 15 85
internal_value=0.000404372 -0.00271432 0.000607404 -0.00488223 -0.0550435 0.000984763 0.00466534 -0.0838866 -0.081398 -0.0806073
internal_weight=19.9414 16.5594 15.571 13.0032 0.988409 11.74 10.6654 0.654341 0.423842 0.329439
internal_count=463 443 299 268 144 239 226 117 110 95
is_linear=0
shrinkage=0.1


Tree=293
num_leaves=15
num_cat=0
split_feature=3 6 5 6 6 5 2 5 5 0 0 5 5 5
split_gain=0.0826743 0.512079 0.497994 0.402425 0.337706 0.641858 0.32782 0.313254 0.280177 0.666334 0.256804 0.169292 0.0402854 0.000708005
threshold=1.0000000180025095e-35 65.850000000000009 28.650000000000002 73.15000000000002 63.850000000000001 28.550000000000004 -1.0000000180025095e-35 27.950000000000003 23.650000000000002 -0.98296291314453399 -0.60355339059327362 30.650000000000002 28.150000000000002 23.850000000000005
decision_type=2 2 2 2 2 2 2 2 2 2 2 2 2 2
left_child=4 2 -2 12 5 -1 -4 8 -6 -10 -5 -7 -3 -11
right_child=1 3 6 10 7 11 -8 -9 9 13 -12 -13 -14 -15
leaf_value=-0.072415915629279223 0.061915249403955999 -0.090166722434276494 0.018845575448651539 -0.041798664799722739 0.025439586748128719 0.042039594050824185 -0.058572728265906732 0.063336527652117572 0.073470366400441717 -0.087140637780190933 0.034271833761673483 -0.010438951384674575 -0.056770491003332424 -0.081060217531336187
leaf_weight=1.3543232287629527 1.4649208349874236 0.86361311818473063 1.3323206810746344 0.9348119106143713 2.7559072524309163 1.1170377562521028 0.92786050599534053 1.3574910780880598 0.4033290825318554 0.30063261277973541 0.84485936968121655 1.3669565966119988 0.62089088966604322 0.52753446251153946
leaf_count=38 34 36 39 29 16 45 23 30 11 4 14 35 13 96
internal_value=-0.000642916 -0.00883847 0.0164994 -0.0377542 0.00559466 -0.0170346 -0.0129366 0.0218454 0.00771994 -0.031934 -0.00568589 0.0131603 -0.0761988 -0.0832675
internal_weight=16.1725 6.98928 3.7251 3.26418 9.18321 3.83832 2.26018 5.34489 3.9874 1.2315 1.77967 2.48399 1.4845 0.828167
internal_count=463 188 96 92 275 118 62 157 127 111 43 80 49 100
is_linear=0
shrinkage=0.1


Tree=294
num_leaves=9
num_cat=0
split_feature=6 6 6 2 5 5 0 5
split_gain=0.145756 0.24025 0.150222 0.243076 0.164114 0.242479 0.0225979 0.0372365
threshold=86.100000000000009 83.40000000000002 82.000000000000014 -0.8783796973249266 23.250000000000004 23.550000000000004 -0.60355339059327362 31.750000000000004
decision_type=2 2 2 2 2 2 2 2
left_child=1 2 3 6 -5 -6 -1 -8
right_child=-2 -3 -4 4 5 -7 7 -9
leaf_value=-0.089675571437167534 0.035151790113913242 -0.086864707099798377 0.0624610529312183 -0.030863768358173012 0.064149558969901155 -0.00034586648568517091 -0.081219447460665117 0.037120263726465492
leaf_weight=0.3247617784581962 1.0262578110559841 0.34298238559858862 0.35311454394832242 1.2240856140851981 0.7064712494611739 3.3334678664905368 0.072889635077443837 0.041859189979732037
leaf_count=35 10 12 8 8 5 329 53 3
internal_value=0.000166337 -0.005444 -0.000833222 -0.00475187 0.00121333 0.0109326 -0.0761971 -0.0380503
internal_weight=7.42589 6.39963 6.05665 5.70354 5.26402 4.03994 0.439511 0.114749
internal_count=463 453 441 433 342 334 91 56
is_linear=0
shrinkage=0.1


Tree=295
num_leaves=13
num_cat=0
split_feature=0 6 5 6 5 6 5 6 6 0 5 5
split_gain=0.11413 0.143421 0.139857 0.308937 0.29794 0.258644 0.470398 0.231791 0.287145 0.0263637 0.0292897 0.00101043
threshold=0.98296291314453421 54.600000000000009 27.600000000000005 61.45000000000001 27.050000000000004 66.100000000000009 27.950000000000003 61.650000000000013 68.850000000000009 -1.0000000180025095e-35 28.150000000000002 28.150000000000002
decision_type=2 2 2 2 2 2 2 2 2 2 2 2
left_child=1 -1 4 9 7 6 -5 -3 -9 10 -4 -11
right_child=-2 2 3 5 -6 -7 -8 8 -10 11 -12 -13
leaf_value=0.05247850800625347 0.034591707071943444 -0.046962266568656201 0.0082556886901089394 0.10546041040508423 0.045383635401300554 -0.030964025023991294 -0.02224884738901315 0.025203672215163432 -0.010321159097853876 -0.093194271468862833 -0.082261355106882983 -0.084689649412250267
leaf_weight=0.47580856658169679 0.91530767339281638 1.1143488446250582 0.066759484820068216 0.4865786097943785 1.3905683262273658 1.6984885237179694 0.70819701816071756 3.3409572213422489 7.133276543347165 0.2283281320706001 0.076956631717621349 0.35989862943824846
leaf_count=43 36 9 3 4 11 35 42 39 146 3 41 51
internal_value=0.000189902 -0.00165365 -0.00320485 -0.0205704 0.00164552 -0.00588741 0.0297614 -0.00360283 0.00101017 -0.0786099 -0.0402141 -0.0879908
internal_weight=17.9955 17.0802 16.6044 3.62521 12.9792 2.89326 1.19478 11.5886 10.4742 0.731943 0.143716 0.588227
internal_count=463 427 384 179 205 81 46 194 185 98 44 54
is_linear=0
shrinkage=0.1


Tree=296
num_leaves=12
num_cat=0
split_feature=6 6 3 5 6 5 3 5 1 6 5
split_gain=0.194985 0.402032 0.411559 0.451534 0.299987 0.196343 0.167507 0.0341905 0.0511247 0.0267678 0.0387456
threshold=87.100000000000009 85.850000000000009 -0.56174490092936669 24.350000000000005 74.15000000000002 23.750000000000004 0.81174490092936691 24.950000000000003 0.78656609248549303 77.15000000000002 24.450000000000003
decision_type=2 2 2 2 2 2 2 2 2 2 2
left_child=1 2 3 -1 7 -6 -7 -4 -9 10 -5
right_child=-2 -3 4 9 5 6 -8 8 -10 -11 -12
leaf_value=-0.15514694153870365 -0.061149466667640352 0.097654118063751183 -0.090802282346978611 0.075964555726063407 0.076916091389390776 0.046024958996184133 -0.063477460438826225 -0.080030642590067383 0.080789788430114098 0.077365746511767988 -0.080073520159567313
leaf_weight=0.32549945935898073 0.42746328306384374 0.44869321805890638 0.22209731717157444 0.030757048982195556 0.67268217867240288 0.31169963476713747 0.25315344694536179 0.049119540948595386 0.033079687505960464 0.10514755384065211 0.032973316425341181
leaf_count=10 6 7 31 2 15 37 9 241 3 9 93
internal_value=0.00123587 0.0119677 -0.00691396 -0.0863091 0.0185435 0.0404162 -0.00305137 -0.07041 -0.0153112 0.0463706 -0.00476765
internal_weight=2.91237 2.4849 2.03621 0.494377 1.54183 1.23754 0.564853 0.304297 0.0821992 0.168878 0.0637304
internal_count=463 457 450 114 336 61 46 275 244 104 95
is_linear=0
shrinkage=0.1


Tree=297
num_leaves=12
num_cat=0
split_feature=1 5 6 5 3 6 6 5 8 2 5
split_gain=0.0851083 0.25076 0.18995 0.35419 0.166123 0.133342 0.929177 0.00677421 0.000633573 7.51214e-05 1.21445e-06
threshold=-0.98296291314453399 28.750000000000004 60.750000000000007 28.050000000000004 -0.56174490092936669 66.100000000000009 66.750000000000014 26.250000000000004 1.0000000180025095e-35 0.87837969732492682 29.050000000000004
decision_type=2 2 2 2 2 2 2 2 2 2 2
left_child=-1 2 -2 5 -3 7 -7 -4 -6 10 -10
right_child=1 4 3 -5 8 6 -8 -9 9 -11 -12
leaf_value=0.014934792025273758 0.025517261655279833 0.0039100504428883336 -0.010703928797178297 -0.05665275735616937 -0.088035007587924888 0.097426702519081892 -0.0049216063035328267 -0.019440944702329741 -0.080936498495916831 -0.083878728072016198 -0.08045201984301148
leaf_weight=3.3558372706174877 2.5375732895918199 0.33571421497617848 1.7052631112746888 1.1791487880982447 0.21761863247957081 1.0152758401818553 7.022124244555016 1.8503627437166867 0.066182029666379871 0.087839732266729698 0.23711030127014965
leaf_count=20 31 27 21 29 7 12 185 21 10 15 85
internal_value=0.000436094 -0.0025573 0.000527698 -0.00443722 -0.052565 0.000873718 0.00800692 -0.0152507 -0.0837099 -0.0813036 -0.0805577
internal_weight=19.6101 16.2542 15.3097 12.7722 0.944465 11.593 8.0374 3.55563 0.608751 0.391132 0.303292
internal_count=463 443 299 268 144 239 197 42 117 110 95
is_linear=0
shrinkage=0.1


Tree=298
num_leaves=20
num_cat=0
split_feature=8 5 5 1 3 6 0 5 0 5 5 5 1 6 5 5 5 5 1
split_gain=0.0845947 0.440655 0.446272 0.352901 0.758247 0.545534 0.314057 0.238696 0.425663 0.214286 0.175981 0.200195 0.143022 0.0861972 0.0637571 0.000272337 0.000170883 9.65613e-06 3.36615e-06
threshold=1.0000000180025095e-35 23.750000000000004 27.950000000000003 1.0000000180025095e-35 -0.22252093395631442 80.65000000000002 -0.3794095225512602 24.350000000000005 -0.98296291314453399 23.650000000000002 29.850000000000005 31.250000000000004 0.60355339059327384 58.850000000000001 30.350000000000005 23.950000000000003 23.950000000000003 27.150000000000002 1.0000000180025095e-35
decision_type=2 2 2 2 2 2 2 2 2 2 2 2 2 2 2 2 2 2 2
left_child=1 -1 16 6 5 9 7 -2 -9 -5 -8 13 -6 -12 -10 -11 -3 18 -18
right_child=3 2 -4 4 12 -7 10 8 14 15 11 -13 -14 -15 -16 -17 17 -19 -20
leaf_value=0.0437639424240234 0.12533923853358991 -0.084400934315940188 0.0058682207445758987 0.020092831861707256 -0.097829208726309014 0.076637895996382821 -0.03361121873877488 -0.039371809702301676 0.083316035011092873 -0.087966691110510545 0.040427541922641058 -0.029730638625809297 -0.041148478682221816 0.0015203149807739705 0.027208536749835421 -0.083028830058442846 -0.081046611128368237 -0.08174340577410627 -0.080438941746567072
leaf_weight=2.1964353136718264 0.28860253095626731 0.21719032805413041 2.5469701703987084 0.33623973280191444 1.1334616235690189 0.7997287925099954 1.6009076678892604 0.60703849879791949 0.70012964215129603 0.19621247053146362 1.2806384044815793 1.0395064218901096 0.73311524413293216 1.0253116527455857 0.28495982859749347 0.25930010329466313 0.22403063578531146 0.15191958006471395 0.15369951512548141
leaf_count=16 1 6 27 3 30 11 34 37 50 2 23 32 22 27 19 42 19 9 53
internal_value=-0.000952029 0.00907082 -0.0140639 -0.00630225 -0.0323292 0.0183829 0.00688091 0.0416638 0.0264961 -0.040459 -0.00634442 0.00670362 -0.0755673 0.0231279 0.0670856 -0.0851558 -0.0820388 -0.0810701 -0.0807993
internal_weight=15.7754 5.49025 3.29381 10.2852 3.45806 1.59148 6.82709 1.88073 1.59213 0.791752 4.94636 3.34546 1.86658 2.30595 0.985089 0.455513 0.74684 0.52965 0.37773
internal_count=463 130 114 333 110 58 223 107 106 47 116 82 52 50 69 44 87 81 72
is_linear=0
shrinkage=0.1


Tree=299
num_leaves=13
num_cat=0
split_feature=5 6 3 0 5 5 6 2 5 5 5 6
split_gain=0.134093 0.40807 0.176645 0.215203 0.170564 0.264998 0.149593 0.358366 0.273576 0.000176463 4.45566e-05 7.71344e-06
threshold=23.550000000000004 83.40000000000002 -0.56174490092936669 -0.91597561503675329 24.050000000000004 31.950000000000003 71.750000000000014 -1.0000000180025095e-35 32.300000000000004 23.950000000000003 24.250000000000004 54.150000000000013
decision_type=2 2 2 2 2 2 2 2 2 2 2 2
left_child=-1 2 4 9 -2 11 8 -8 -5 -4 -11 -6
right_child=1 -3 3 6 5 -7 7 -9 -10 10 -12 -13
leaf_value=0.015335818654771505 0.06450669406258068 -0.1118321545232846 -0.086256923116722117 -0.062512349236852102 -0.08175248327571541 0.086278862110946861 -0.030584708075414985 0.071194843025015817 0.082730244300011635 -0.084092502987908074 -0.080580266782602827 -0.08033997713327784
leaf_weight=3.1759690754115582 0.64690293930470966 0.3725432185055978 0.23472350090742145 0.71951989709123187 0.04755225992994383 0.15204084292054176 0.74968316785816569 0.64236752042779677 0.15819887444376945 0.057872790843248367 0.096094297492527403 0.20675262968870811
leaf_count=25 4 14 3 197 7 2 27 28 5 1 56 94
internal_value=-7.57406e-05 -0.01206 -0.00204587 -0.0157772 0.0326129 -0.0181621 -0.00400333 0.0163819 -0.036334 -0.0845312 -0.0819004 -0.0806041
internal_weight=7.26022 4.08425 3.71171 2.65846 1.05325 0.406346 2.26977 1.39205 0.877719 0.388691 0.153967 0.254305
internal_count=463 438 424 317 107 103 257 55 202 60 57 101
is_linear=0
shrinkage=0.1


Tree=300
num_leaves=14
num_cat=0
split_feature=0 6 6 0 5 8 5 1 5 3 1 1 1
split_gain=0.104695 0.154368 0.675143 0.31968 0.135941 0.391299 0.534633 0.393103 0.381292 0.222635 0.125449 0.0648779 0.00320493
threshold=-0.98296291314453399 64.600000000000009 63.050000000000004 0.91597561503675362 23.850000000000005 1.0000000180025095e-35 25.350000000000005 1.0000000180025095e-35 25.650000000000002 -1.0000000180025095e-35 0.37940952255126026 0.37940952255126026 0.1294095225512602
decision_type=2 2 2 2 2 2 2 2 2 2 2 2 2
left_child=-1 2 3 10 -3 7 9 -6 -8 -7 12 -9 -2
right_child=1 4 -4 -5 5 6 8 11 -10 -11 -12 -13 -14
leaf_value=0.027651127576662538 -0.080573681070233064 -0.019598590679719308 -0.098052444409696349 0.014047522133325286 0.011416435804294212 -0.0058521860062667151 -0.10507719824967604 0.094074340018767119 -0.015855499639057989 0.050725445305298093 0.052201150711106495 0.049661952128708789 -0.097347541146408978
leaf_weight=1.2785843189340109 0.30154089478310497 2.0515291867777696 0.85130098465015169 2.9962768494151533 3.6316721735056516 1.8063506970647725 0.79095225501805577 0.75807485519908346 1.2143689011863896 1.1309758399147494 0.07483627088367939 0.58101167809218168 0.18305763602256775
leaf_count=38 145 40 18 27 21 36 8 25 55 19 4 26 1
internal_value=9.16917e-05 -0.00206059 -0.0180603 0.0010913 0.00383253 0.00868148 -0.0112424 0.0284927 -0.0510469 0.0159322 -0.068301 0.0748044 -0.08691
internal_weight=17.6505 16.3719 4.40701 3.55571 11.9649 9.91341 4.94265 4.97076 2.00532 2.93733 0.559435 1.33909 0.484599
internal_count=463 425 195 177 230 190 118 72 63 55 150 51 146
is_linear=0
shrinkage=0.1


Tree=301
num_leaves=9
num_cat=0
split_feature=1 5 6 1 5 0 5 5
split_gain=0.196308 1.71068e-06 7.41801e-08 4.90025e-08 3.91261e-10 3.36413e-10 1.75272e-10 6.97322e-11
threshold=0.78656609248549303 23.850000000000005 74.15000000000002 0.37940952255126026 31.850000000000005 0.91597561503675362 25.550000000000004 27.150000000000002
decision_type=2 2 2 2 2 2 2 2
left_child=1 -1 4 -4 5 6 -3 -7
right_child=-2 2 3 -5 -6 7 -8 -9
leaf_value=-0.080626867350956963 0.01111143830961283 -0.080031244377488722 -0.080246913063201752 -0.080091375662941805 -0.080059450665104781 -0.080031301789060039 -0.080017586955295872 -0.080041557961363211
leaf_weight=0.10646300570078926 2.513314257375896 0.014966995400754968 0.041000608413014561 0.040033948156633414 0.0043384305845393092 0.011718894085788634 0.025248098383599427 0.015263704986864468
leaf_count=28 35 50 15 35 12 42 215 31
internal_value=0.00256864 -0.0803192 -0.0801046 -0.0801701 -0.0800303 -0.0800285 -0.0800227 -0.0800371
internal_weight=2.77235 0.259034 0.152571 0.0810346 0.0715361 0.0671977 0.0402151 0.0269826
internal_count=463 428 400 50 350 338 265 73
is_linear=0
shrinkage=0.1


Tree=302
num_leaves=11
num_cat=0
split_feature=7 5 5 2 5 5 5 2 1 6
split_gain=0.0863021 0.090241 0.14206 0.189943 0.12371 0.324522 0.297238 0.284059 0.188959 0.146613
threshold=1.0000000180025095e-35 23.250000000000004 24.350000000000005 0.6078576107927941 26.150000000000002 25.350000000000005 26.650000000000002 1.0000000180025095e-35 0.1294095225512602 67.15000000000002
decision_type=2 2 2 2 2 2 2 2 2 2
left_child=-1 -2 3 -3 5 9 -6 -8 -7 -4
right_child=1 2 4 -5 6 8 7 -9 -10 -11
leaf_value=0.027442231719313089 0.030858756312747329 -0.087122489299233871 0.021973573424832443 0.005593944625666889 -0.053806401334894643 0.0058398556731564071 0.01164401266293099 -0.024204234743227037 0.06892139821168812 -0.020948340451402227
leaf_weight=1.1259629001142482 0.84317658538930373 0.45091691453126514 1.2013967833481758 0.4332656552141998 1.1942409409675736 0.78511655109468836 6.2985768648359208 3.4055496023502201 1.2016298544476738 2.3573473177675623
leaf_count=22 15 27 13 19 19 29 159 80 20 60
internal_value=0.000576799 -0.00108789 -0.00264241 -0.0416897 -0.00054284 0.0116165 -0.00672998 -0.00093651 0.043993 -0.00645833
internal_weight=19.2972 18.1712 17.328 0.884183 16.4439 5.54549 10.8984 9.70413 1.98675 3.55874
internal_count=463 441 426 46 380 122 258 239 49 73
is_linear=0
shrinkage=0.1


Tree=303
num_leaves=14
num_cat=0
split_feature=6 2 0 1 6 6 8 2 9 6 1 2 5
split_gain=0.0924491 0.119139 0.407586 0.241629 0.478406 0.527615 0.424697 0.477574 0.220877 0.237677 0.41475 0.264663 0.0182005
threshold=53.400000000000006 1.0000000180025095e-35 0.91597561503675362 0.1294095225512602 66.65000000000002 59.850000000000001 1.0000000180025095e-35 0.6078576107927941 1.0000000180025095e-35 73.550000000000026 -0.98296291314453399 -0.8783796973249266 28.450000000000003
decision_type=2 2 2 2 2 2 2 2 2 2 2 2 2
left_child=-1 2 8 4 5 -3 -5 -8 9 10 -2 -11 -4
right_child=1 3 12 6 -6 -7 7 -9 -10 11 -12 -13 -14
leaf_value=0.032225600988237298 -0.020978826517304313 0.049961205765403582 -0.043715724678520626 0.030269104681909433 0.071529422345629617 -0.050075765421475474 0.0095425623034058639 -0.098955405707290237 0.050502472012768279 0.012025021122383149 0.041493889055654362 -0.07949179619824534 -0.064304749909554704
leaf_weight=0.78673416463425461 2.559714708477256 0.96753018919844169 0.84083583595929645 1.2236102088354528 1.3521909477422012 1.1585307501954956 0.76888676063390449 0.85885947593487799 0.77892769267782558 0.52169336943188682 1.8170501087442978 0.80148137774085604 0.87734288349747658
leaf_count=30 15 27 38 19 31 40 19 26 36 14 126 37 5
internal_value=-0.00116195 -0.00297015 -0.0109281 0.00733569 0.0250258 -0.00455083 -0.0142438 -0.047705 0.000555131 -0.00627044 0.00495724 -0.0434091 -0.054229
internal_weight=15.3134 14.5267 8.19705 6.32961 3.47825 2.12606 2.85136 1.62775 6.47887 5.69994 4.37676 1.32317 1.71818
internal_count=463 433 271 162 98 67 64 45 228 192 141 51 43
is_linear=0
shrinkage=0.1


Tree=304
num_leaves=9
num_cat=0
split_feature=6 6 2 6 6 8 6 5
split_gain=0.149481 0.22691 0.13211 0.228597 0.248757 0.203071 0.0315768 0.0471069
threshold=86.100000000000009 83.40000000000002 0.87837969732492682 81.200000000000003 80.40000000000002 1.0000000180025095e-35 71.450000000000017 31.850000000000005
decision_type=2 2 2 2 2 2 2 2
left_child=1 2 3 4 5 -1 7 -4
right_child=-2 -3 6 -5 -6 -7 -8 -9
leaf_value=-0.022654406593651127 0.035838727718536426 -0.08701675748683356 -0.082467446832248048 0.052566914736041283 -0.091450163001431647 0.02093867228322735 -0.087523831739377722 0.034566408712038386
leaf_weight=2.0419176435607369 0.98445088864536945 0.32839515409796138 0.070420191415905609 0.77373428910505015 0.31844791400362726 2.2417786946389242 0.20029702733154409 0.067223230376839638
leaf_count=93 10 12 38 13 4 275 16 2
internal_value=-0.000295551 -0.00618287 -0.00153703 0.00227538 -0.00617988 0.000159077 -0.0621839 -0.0253097
internal_weight=7.02667 6.04221 5.71382 5.37588 4.60214 4.2837 0.33794 0.137643
internal_count=463 453 441 385 372 368 56 40
is_linear=0
shrinkage=0.1


Tree=305
num_leaves=13
num_cat=0
split_feature=6 6 6 6 3 5 5 8 5 0 0 0
split_gain=0.133204 0.322298 0.174708 0.132832 0.425657 0.265361 0.12364 0.294065 0.050715 0.0016622 0.000146934 2.32521e-05
threshold=54.600000000000009 59.150000000000013 60.000000000000007 64.600000000000009 -0.22252093395631442 26.750000000000004 23.850000000000005 1.0000000180025095e-35 28.050000000000004 0.98296291314453421 0.91597561503675362 -0.98296291314453399
decision_type=2 2 2 2 2 2 2 2 2 2 2 2
left_child=-1 8 -3 4 5 -4 -5 -8 -2 10 11 -10
right_child=1 2 3 6 -6 -7 7 -9 9 -11 -12 -13
leaf_value=0.052797373731311853 -0.034917917368310528 0.04853511950372378 -0.030428934301521285 -0.019207487547055611 -0.075579543690153739 0.044722956177052714 0.025846929099607757 -0.0075834528875479909 -0.083224472785741549 -0.096856611706326978 -0.086452928467497969 -0.08030376709411842
leaf_weight=0.46522897004615771 0.28415093198418873 0.75124203041196125 0.94454287458211206 2.0085931066423646 0.93612812275387014 0.93489478762785438 4.888875043019655 5.6979024197353239 0.046553917229175568 0.17968495190143585 0.12995106587186456 0.065760661651438568
leaf_count=43 5 23 14 40 36 28 72 144 1 1 3 53
internal_value=1.14948e-05 -0.00144435 0.00144485 -0.000850675 -0.0204869 0.00695411 0.00353881 0.00785439 -0.067576 -0.0895687 -0.0841634 -0.0815144
internal_weight=17.3335 16.8683 16.1622 15.4109 2.81557 1.87944 12.5954 10.5868 0.706102 0.421951 0.242266 0.112315
internal_count=463 420 357 334 78 42 256 216 63 58 57 54
is_linear=0
shrinkage=0.1


Tree=306
num_leaves=11
num_cat=0
split_feature=6 2 5 1 5 8 5 5 6 0
split_gain=0.181778 0.276988 0.212094 0.181 0.0404934 0.0296474 0.0208645 0.00430565 1.12748e-08 1.08022e-10
threshold=90.40000000000002 0.6078576107927941 23.950000000000003 0.78656609248549303 23.350000000000005 1.0000000180025095e-35 24.950000000000003 25.050000000000004 74.15000000000002 0.91597561503675362
decision_type=2 2 2 2 2 2 2 2 2 2
left_child=1 2 -1 8 -3 -6 -7 -8 9 -4
right_child=-2 4 3 -5 5 6 7 -9 -10 -11
leaf_value=-0.028980492101314877 -0.096247288033881162 0.092949613139618914 -0.080023742214423876 0.08182918998385709 0.058864599933241814 -0.080575131529749627 0.059694719311656347 0.002577697670036213 -0.08010017836399258 -0.080033735771015607
leaf_weight=1.446013075244992 0.17622782003309101 0.2942250370979308 0.030431280740231048 0.35450839251279831 0.26251846372724685 0.02771949241287075 0.02234443070483394 0.032242133502222714 0.038560177898034453 0.016780408685008297
leaf_count=31 3 2 217 15 37 12 5 52 34 55
internal_value=0.00194672 0.00879907 -0.0104777 0.0502912 0.0656985 0.0424462 -0.00992086 0.0259579 -0.0800601 -0.0800273
internal_weight=2.70157 2.52534 1.88629 0.44028 0.63905 0.344825 0.0823061 0.0545866 0.0857719 0.0472117
internal_count=463 460 352 321 108 106 69 57 306 272
is_linear=0
shrinkage=0.1


Tree=307
num_leaves=17
num_cat=0
split_feature=1 0 5 2 6 6 6 5 6 6 2 5 5 5 5 6
split_gain=0.0782599 0.727621 0.119218 0.370663 0.258393 0.12024 0.283453 0.51458 0.241473 0.0686377 0.331288 0.0485502 0.00108383 1.96955e-05 5.45596e-06 2.67702e-06
threshold=-0.12940952255126037 -0.91597561503675329 30.250000000000004 -1.0000000180025095e-35 58.850000000000001 64.600000000000009 61.250000000000007 28.450000000000003 68.850000000000009 71.750000000000014 1.0000000180025095e-35 29.150000000000002 28.350000000000005 25.850000000000005 23.550000000000004 75.15000000000002
decision_type=2 2 2 2 2 2 2 2 2 2 2 2 2 2 2 2
left_child=2 9 5 4 -4 6 7 -1 -7 10 -2 -9 13 14 -3 -16
right_child=1 12 3 -5 -6 8 -8 11 -10 -11 -12 -13 -14 -15 15 -17
leaf_value=-0.024696655025011689 0.044042317609314006 -0.081341840628263967 -0.07353975080457463 0.054991703232089822 -0.0021341699471864482 -0.022235470435364852 0.06123263875427587 0.06781534585896426 0.026800730410430608 -0.0092416904630603283 -0.013698420020899214 0.033100099257797388 -0.090248357062221743 -0.081823303812273582 -0.080820642680274585 -0.080216498146167242
leaf_weight=2.1634786693030059 1.8739325465867298 0.17963305980083422 0.9058501955005348 0.61323545791674305 1.1503262128098866 2.4216135843307711 1.3053151682252062 0.78185095262597293 1.7157497127773238 2.0086238004732877 2.1153492848388851 0.83107716204540338 0.15514789149165154 0.35418672108789906 0.32005723530892283 0.095149591252265964
leaf_count=19 29 18 38 36 23 33 25 15 19 23 24 27 2 35 41 56
internal_value=0.000406264 -0.00789934 0.00536796 -0.0132419 -0.033592 0.0107565 0.0210613 0.00717601 -0.00190033 0.00583409 0.0134248 0.049928 -0.0824997 -0.0812329 -0.0808814 -0.0806822
internal_weight=18.9906 7.10208 11.8885 2.66941 2.05618 9.21909 5.08172 3.77641 4.13736 5.99791 3.98928 1.61293 1.10417 0.949027 0.59484 0.415207
internal_count=463 228 235 97 61 138 86 61 52 76 53 42 152 150 115 97
is_linear=0
shrinkage=0.1


Tree=308
num_leaves=7
num_cat=0
split_feature=6 6 6 6 6 2
split_gain=0.0794003 0.119835 0.0903271 0.253761 0.340706 0.120523
threshold=53.400000000000006 54.050000000000004 55.550000000000004 56.850000000000001 58.850000000000001 0.87837969732492682
decision_type=2 2 2 2 2 2
left_child=-1 -2 -3 -4 -5 -6
right_child=1 2 3 4 5 -7
leaf_value=0.030136956659390042 -0.045902635104078833 0.035963504080823459 -0.05765873844480042 0.085804480467385258 -0.0065311492694236778 0.021738858114977375
leaf_weight=0.78031393891433332 0.6122840391471972 0.64107653946848486 0.78336340514942904 0.45661266183014859 9.9414238435565458 1.7777253675740219
leaf_count=30 7 16 21 26 312 51
internal_value=-0.000920798 -0.00262597 -0.00067765 -0.00249026 0.00105917 -0.00224276
internal_weight=14.9928 14.2125 13.6002 12.9591 12.1758 11.7191
internal_count=463 433 426 410 389 363
is_linear=0
shrinkage=0.1


Tree=309
num_leaves=9
num_cat=0
split_feature=1 6 5 0 5 3 5 6
split_gain=0.1313 0.362295 0.129431 0.207847 0.251797 0.145904 0.000428593 1.16495e-07
threshold=0.78656609248549303 86.450000000000003 23.250000000000004 0.60355339059327384 23.550000000000004 -0.56174490092936669 24.150000000000002 56.050000000000004
decision_type=2 2 2 2 2 2 2 2
left_child=1 2 -1 4 -4 -6 -5 -8
right_child=-2 -3 3 6 5 -7 7 -9
leaf_value=-0.025944402308458615 0.027364982802601842 -0.11160932181936811 0.074153515700992489 -0.088983951874600842 0.035325629455094869 -0.012703067754515693 -0.080414458918219356 -0.080128060305002677
leaf_weight=1.4462931863963602 1.4038908401926162 0.31171929626725603 0.6015496030449875 0.11346029490232457 0.93993180822872124 1.9338385110640954 0.016839827578223776 0.090685662653413601
leaf_count=11 35 4 5 1 69 223 12 103
internal_value=9.21084e-05 -0.00692768 -0.000582385 0.00934128 0.0153209 0.00300581 -0.0846967 -0.0801729
internal_weight=6.85821 5.45432 5.1426 3.69631 3.47532 2.87377 0.220986 0.107525
internal_count=463 428 424 413 297 292 116 115
is_linear=0
shrinkage=0.1


Tree=310
num_leaves=14
num_cat=0
split_feature=6 6 6 1 5 9 6 2 6 5 0 0 0
split_gain=0.114034 0.290409 0.135523 0.135852 0.406384 0.333017 0.137758 0.181133 0.123798 0.0497357 0.00136838 0.000107096 1.41963e-05
threshold=54.600000000000009 59.150000000000013 60.000000000000007 -0.12940952255126037 25.650000000000002 1.0000000180025095e-35 67.850000000000009 0.6078576107927941 66.65000000000002 28.050000000000004 0.98296291314453421 0.91597561503675362 -0.98296291314453399
decision_type=2 2 2 2 2 2 2 2 2 2 2 2 2
left_child=-1 9 -3 6 8 -6 7 -4 -5 -2 11 12 -11
right_child=1 2 3 4 5 -7 -8 -9 -10 10 -12 -13 -14
leaf_value=0.048846490942376933 -0.033842137984770253 0.043105564946481857 -0.010707179914337471 -0.029985994464308104 0.081602661827066825 -0.012989344659248775 0.0079272512169724363 -0.060229963481298048 0.0030970780359598489 -0.082723345270240875 -0.09559090513707319 -0.085700264566785353 -0.080299598304483327
leaf_weight=0.46742186543997633 0.28446421772241848 0.74549260453204524 2.7843402901853582 1.3826977978460435 1.1546680040191857 0.54921054188162077 2.1329547661007382 1.0052002089651066 6.216237559216097 0.039796650409698486 0.17062324285507202 0.11614057794213295 0.061526668090664316
leaf_count=43 5 23 67 16 60 11 28 19 133 1 1 3 53
internal_value=0.000133103 -0.00123499 0.00147572 -0.000562644 0.00697431 0.0511129 -0.0124014 -0.0238434 -0.0029227 -0.0656052 -0.0888872 -0.0836275 -0.0812516
internal_weight=17.1108 16.6434 15.9708 15.2253 9.30281 1.70388 5.9225 3.78954 7.59894 0.672551 0.388087 0.217464 0.101323
internal_count=463 420 357 334 220 71 114 86 149 63 58 57 54
is_linear=0
shrinkage=0.1


Tree=311
num_leaves=9
num_cat=0
split_feature=1 5 6 1 5 0 5 5
split_gain=0.171313 1.33667e-06 4.78803e-08 3.00493e-08 2.38339e-10 2.57471e-10 1.2352e-10 5.22457e-11
threshold=0.78656609248549303 23.850000000000005 74.15000000000002 0.37940952255126026 31.850000000000005 0.91597561503675362 25.550000000000004 27.150000000000002
decision_type=2 2 2 2 2 2 2 2
left_child=1 -1 4 -4 5 6 -3 -7
right_child=-2 2 3 -5 -6 7 -8 -9
leaf_value=-0.080579611771974591 0.010250333906649936 -0.080027305083820513 -0.080212527296714936 -0.080081332820721954 -0.080051176061978979 -0.08002775931343685 -0.080014924135634713 -0.080037256325988446
leaf_weight=0.097519633669435613 2.3861548788845539 0.012993472071684664 0.035326876764884219 0.034515874256612733 0.0037539949025813249 0.010122551573658711 0.021214538974163588 0.013542115048039705
leaf_count=28 35 50 15 35 12 42 215 31
internal_value=0.00232158 -0.0802991 -0.080091 -0.0801477 -0.0800268 -0.0800252 -0.0800196 -0.0800332
internal_weight=2.61514 0.228989 0.131469 0.0698428 0.0616267 0.0578727 0.034208 0.0236647
internal_count=463 428 400 50 350 338 265 73
is_linear=0
shrinkage=0.1


Tree=312
num_leaves=16
num_cat=0
split_feature=7 4 6 6 6 6 6 6 6 5 6 1 6 6 3
split_gain=0.079769 0.0753749 0.381177 0.63471 0.378335 0.254752 0.211604 0.657104 0.440568 0.423189 0.517762 0.272981 0.239311 0.151473 0.122623
threshold=1.0000000180025095e-35 1.0000000180025095e-35 61.850000000000009 71.750000000000014 59.150000000000013 55.550000000000004 60.750000000000007 59.050000000000004 54.150000000000013 27.050000000000004 66.350000000000009 -0.12940952255126037 71.050000000000011 68.450000000000017 1.0000000180025095e-35
decision_type=2 2 2 2 2 2 2 2 2 2 2 2 2 2 2
left_child=-1 6 4 13 5 -3 7 8 -2 11 -11 -8 -13 -4 -5
right_child=1 2 3 14 -6 -7 9 -9 -10 10 -12 12 -14 -15 -16
leaf_value=0.026799623287816595 0.046154546099102307 -0.053015842339407308 0.067535391344685405 -0.09020471203396388 -0.10104550259423842 0.028564739980933153 0.043190503763494197 0.088773554064073196 -0.057597629728753146 -0.082262602618271952 0.0021142772204255774 -0.023869893194764583 0.023417029604109154 0.017127045583969578 -0.020376857352456791
leaf_weight=1.0783686757786224 0.73432276374660721 0.80192230385728114 0.99567709502298463 0.52497255385969743 0.7421457683230982 0.73233780948794447 1.8401101157069231 1.0722322847286703 0.92462023714324459 1.3017904575390278 1.6477971424465065 2.4001667035045058 1.9315012239167115 1.4854696250986306 0.48274288611719385
leaf_count=22 19 28 38 21 19 22 10 19 29 33 23 49 92 18 21
internal_value=0.00039785 -0.00121818 -0.0105967 0.0101733 -0.0424292 -0.0140755 0.00334368 0.0277618 -0.0116723 -0.00396774 -0.0351252 0.0109229 -0.00278454 0.0373558 -0.0567539
internal_weight=18.6962 17.6178 5.76527 3.48886 2.27641 1.53426 11.8525 2.73118 1.65894 9.12137 2.94959 6.17178 4.33167 2.48115 1.00772
internal_count=463 441 167 98 69 50 274 67 48 207 56 151 141 56 42
is_linear=0
shrinkage=0.1


Tree=313
num_leaves=7
num_cat=0
split_feature=6 6 6 6 5 5
split_gain=0.079073 0.460845 0.206124 0.403355 0.481267 0.277757
threshold=85.850000000000009 84.40000000000002 80.40000000000002 79.600000000000009 23.550000000000004 23.750000000000004
decision_type=2 2 2 2 2 2
left_child=1 2 3 4 -1 -6
right_child=-2 -3 -4 -5 5 -7
leaf_value=-0.087313509450949109 -0.027881180730347038 0.083909582067386079 -0.047300179339368448 0.076673865639483765 0.055248847395996108 -0.0035324948912839739
leaf_weight=0.65115481615065895 1.0151321345474578 0.63988683000207025 0.97242348286090496 0.65830830251798111 0.8741748258471479 9.9954034269903769
leaf_count=9 13 4 24 4 6 403
internal_value=-0.000945355 0.0010373 -0.00299487 0.000542643 -0.00380759 0.00119494
internal_weight=14.8065 13.7914 13.1515 12.179 11.5207 10.8696
internal_count=463 450 446 422 418 409
is_linear=0
shrinkage=0.1


Tree=314
num_leaves=10
num_cat=0
split_feature=6 6 6 2 2 6 6 0 5
split_gain=0.136444 0.209708 0.123914 0.196343 0.136366 0.849331 0.485005 0.0182341 0.0302628
threshold=86.100000000000009 83.40000000000002 82.000000000000014 -0.8783796973249266 1.0000000180025095e-35 76.450000000000017 77.750000000000014 -0.60355339059327362 31.750000000000004
decision_type=2 2 2 2 2 2 2 2 2
left_child=1 2 3 7 6 -6 -5 -1 -9
right_child=-2 -3 -4 4 5 -7 -8 8 -10
leaf_value=-0.087661213648991709 0.035185531993510002 -0.086208692450853705 0.060219390540464129 -0.01910186753730032 0.025372464151171364 -0.10750336717628646 0.068943389677278838 -0.081034054540095657 0.033137445313775417
leaf_weight=0.27880617232585791 0.93482886027777556 0.30849740779922274 0.30733093805611122 1.5818831958094972 1.4696353408871803 0.71511770732467983 1.0350148827419614 0.061042135541355402 0.037465799599885941
leaf_count=35 10 12 8 172 138 17 15 53 3
internal_value=-0.000265938 -0.00598505 -0.00147403 -0.00513505 0.00032306 -0.0181207 0.0157211 -0.0745942 -0.0376109
internal_weight=6.72962 5.79479 5.4863 5.17897 4.80165 2.18475 2.6169 0.377314 0.0985079
internal_count=463 453 441 433 342 155 187 91 56
is_linear=0
shrinkage=0.1


Tree=315
num_leaves=12
num_cat=0
split_feature=0 5 0 5 6 6 0 8 6 1 5
split_gain=0.0991185 0.110707 0.313288 0.251875 0.206064 0.279581 0.41753 0.131394 2.68112e-05 5.19716e-06 2.22564e-06
threshold=-0.98296291314453399 27.600000000000005 0.91597561503675362 27.050000000000004 62.050000000000004 68.850000000000009 -0.60355339059327362 1.0000000180025095e-35 66.65000000000002 -0.37940952255126015 31.850000000000005
decision_type=2 2 2 2 2 2 2 2 2 2 2
left_child=-1 3 8 4 -2 7 -7 -6 9 10 -3
right_child=1 2 -4 -5 5 6 -8 -9 -10 -11 -12
leaf_value=0.027602768469448515 -0.04451456960460029 -0.080320180568610525 -0.0038802811751906321 0.043299829381411192 0.047573110969209124 0.0029668529215727633 -0.06078819510460251 0.0064333598719134777 -0.082043944901578805 -0.081297368141601517 -0.081037739821617272
leaf_weight=1.2179638338275278 1.053104992955922 0.19894690837099926 3.0371973440051079 1.3519422733224917 1.5318238540785387 5.1120161927537966 1.2855225596576954 1.5741123561747354 0.266939667169936 0.11057069292291932 0.055224084106157534
leaf_count=38 10 148 27 9 23 95 52 17 24 8 12
internal_value=0.000129335 -0.00201875 -0.0172068 0.00266052 -0.00254401 0.00210686 -0.0098441 0.0267232 -0.0812824 -0.0807251 -0.0804761
internal_weight=16.7954 15.5774 3.66888 11.9085 10.5566 9.50347 6.39754 3.10594 0.631681 0.364742 0.254171
internal_count=463 425 219 206 197 187 147 40 192 168 160
is_linear=0
shrinkage=0.1


Tree=316
num_leaves=9
num_cat=0
split_feature=5 1 6 1 5 0 5 5
split_gain=0.166024 0.249772 3.47787e-08 2.08393e-08 1.87336e-10 1.84153e-10 1.05928e-10 4.29203e-11
threshold=23.950000000000003 0.78656609248549303 74.15000000000002 0.37940952255126026 31.850000000000005 0.91597561503675362 25.550000000000004 27.150000000000002
decision_type=2 2 2 2 2 2 2 2
left_child=-1 2 4 -4 5 6 -2 -7
right_child=1 -3 3 -5 -6 7 -8 -9
leaf_value=-0.010731995476958776 -0.080025827832341564 0.082345277989928467 -0.080190394903569662 -0.080074696915970481 -0.080047265396495426 -0.08002511322638077 -0.080013786492578329 -0.080034146053383728
leaf_weight=1.9688407841895244 0.011692656411469105 0.4716253955848515 0.031499533652095124 0.030780593573581427 0.0034521223660703973 0.009114834401771077 0.019471895891911117 0.01243941334541887
leaf_count=45 48 21 15 34 12 42 215 31
internal_value=0.0032126 0.0497399 -0.0800818 -0.0801332 -0.0800247 -0.0800232 -0.0800183 -0.0800303
internal_weight=2.55892 0.590076 0.118451 0.0622801 0.0561709 0.0527188 0.0311646 0.0215542
internal_count=463 418 397 49 348 336 263 73
is_linear=0
shrinkage=0.1


Tree=317
num_leaves=12
num_cat=0
split_feature=1 5 3 6 5 6 6 6 8 2 5
split_gain=0.0707121 0.239099 0.140863 0.134882 0.322372 0.136544 0.822943 0.181718 0.000409225 6.89403e-05 1.01081e-06
threshold=-0.98296291314453399 28.750000000000004 -0.56174490092936669 60.750000000000007 28.050000000000004 66.100000000000009 66.750000000000014 64.600000000000009 1.0000000180025095e-35 0.87837969732492682 29.050000000000004
decision_type=2 2 2 2 2 2 2 2 2 2 2
left_child=-1 3 -3 -2 5 7 -7 -5 -4 10 -10
right_child=1 2 8 4 -6 6 -8 -9 9 -11 -12
leaf_value=0.013976574457224514 0.022720706490682557 0.0016916869773043316 -0.086940303601821853 0.0059229950526866314 -0.054747968927197591 0.095618806789735181 -0.0035567035970453763 -0.040865521012148097 -0.080883823139714456 -0.083795984642871246 -0.080426704888894751
leaf_weight=3.1482879631221321 2.3087821957888055 0.29924189276061952 0.1976340226829052 1.8376128536183371 1.1204144072253246 0.95847426960244764 6.5845252328654169 1.5139558146474881 0.062278444238473507 0.084040103101870045 0.21666615142021328
leaf_count=20 31 27 7 25 29 12 185 17 10 15 85
internal_value=0.000337234 -0.00249085 -0.053708 0.000583735 -0.00367007 0.00158286 0.00904534 -0.0152121 -0.0832788 -0.0812852 -0.0805288
internal_weight=18.3319 15.1836 0.859861 14.3238 12.015 10.8946 7.543 3.35157 0.560619 0.362985 0.278945
internal_count=463 443 144 299 268 239 197 42 117 110 95
is_linear=0
shrinkage=0.1


Tree=318
num_leaves=9
num_cat=0
split_feature=6 6 6 2 8 5 5 5
split_gain=0.0722319 0.100132 0.283592 0.116411 0.408057 0.208713 0.418554 0.0875171
threshold=53.400000000000006 56.850000000000001 58.850000000000001 0.87837969732492682 1.0000000180025095e-35 23.650000000000002 28.250000000000004 29.950000000000003
decision_type=2 2 2 2 2 2 2 2
left_child=-1 7 -3 5 -5 -4 -7 -2
right_child=1 2 3 4 -6 6 -8 -9
leaf_value=0.028904480738612078 -0.04511603839619855 0.081027266454698321 0.015064165631917426 0.071088198744323414 -0.025204202740747857 -0.046306500540973045 0.004820008416235754 -0.0029629084595795452
leaf_weight=0.7568992117885508 0.96900253393687208 0.42333181548747134 3.0254984805360401 0.85099353495752439 0.91142093070084296 2.7629369421047159 3.8083873721770942 1.0016606082208452
leaf_count=30 18 26 25 20 31 193 94 26
internal_value=-0.00117098 -0.00282616 0.000663396 -0.00233157 0.0212912 -0.0066698 -0.0166763 -0.0236902
internal_weight=14.5101 13.7532 11.7826 11.3592 1.76241 9.59682 6.57132 1.97066
internal_count=463 433 389 363 51 312 287 44
is_linear=0
shrinkage=0.1


Tree=319
num_leaves=7
num_cat=0
split_feature=5 6 5 5 5 5
split_gain=0.135443 0.328375 0.151127 0.163107 0.199433 1.01158e-05
threshold=23.550000000000004 83.40000000000002 32.300000000000004 24.050000000000004 31.950000000000003 31.850000000000005
decision_type=2 2 2 2 2 2
left_child=-1 2 3 -2 5 -5
right_child=1 -3 -4 4 -6 -7
leaf_value=0.016531150584104762 0.0059559198279441001 -0.10664388795318391 0.082712622241880862 -0.080324882466817932 0.017266712238293458 -0.081673472270079234
leaf_weight=2.8276946824043989 2.2624306194484247 0.33705490278407513 0.19340302422642697 0.50369189918637847 0.33067821711301804 0.062526049092411995
leaf_count=25 23 14 6 389 3 3
internal_value=6.38194e-05 -0.012556 -0.00309726 -0.00835024 -0.0444377 -0.0804738
internal_weight=6.51748 3.68978 3.35273 3.15933 0.896896 0.566218
internal_count=463 438 424 418 395 392
is_linear=0
shrinkage=0.1


Tree=320
num_leaves=8
num_cat=0
split_feature=0 6 5 0 5 0 3
split_gain=0.0900926 0.0978546 0.153101 0.301231 0.121141 0.491701 0.112746
threshold=0.98296291314453421 81.850000000000009 24.050000000000004 -0.98296291314453399 25.350000000000005 0.91597561503675362 -1.0000000180025095e-35
decision_type=2 2 2 2 2 2 2
left_child=1 2 -1 -4 6 -6 -5
right_child=-2 -3 3 4 5 -7 -8
leaf_value=-0.029610264564652447 0.033444097188399947 0.028293031841591224 0.056508868295107095 -0.0016871005486187953 -0.054888254942943263 0.0028054510850799609 0.035666685857355607
leaf_weight=1.9753448865376402 0.76815539773088026 1.0220704071689404 0.8873505936935534 2.2598482274916027 1.9181442616390976 6.4262392693199217 1.2577741686254729
leaf_count=33 36 33 36 43 218 42 22
internal_value=3.2323e-06 -0.00162807 -0.00370495 0.000308732 -0.00389538 -0.0104567 0.0116693
internal_weight=16.5149 15.7468 14.7247 12.7494 11.862 8.34438 3.51762
internal_count=463 427 394 361 325 260 65
is_linear=0
shrinkage=0.1


Tree=321
num_leaves=16
num_cat=0
split_feature=6 3 8 2 1 2 1 6 6 1 5 0 1 5 6
split_gain=0.161806 0.173399 0.0921807 0.0307182 0.0236626 0.00678225 0.00941665 0.00620513 0.00045036 2.11617e-05 8.23261e-11 5.25503e-11 2.95337e-11 2.1278e-11 1.37275e-11
threshold=74.15000000000002 -0.56174490092936669 1.0000000180025095e-35 0.6078576107927941 0.78656609248549303 -0.8783796973249266 0.78656609248549303 83.40000000000002 73.15000000000002 0.78656609248549303 25.150000000000002 -0.5 -0.12940952255126037 27.950000000000003 54.600000000000009
decision_type=2 2 2 2 2 2 2 2 2 2 2 2 2 2 2
left_child=3 -2 -3 5 11 6 10 -4 9 12 -1 -5 -7 -13 -12
right_child=1 2 7 4 -6 8 -8 -9 -10 -11 14 13 -14 -15 -16
leaf_value=-0.08003606381446278 -0.024867778040137949 0.070129208691478914 0.0072307735913395904 -0.080018488190467016 0.080821694883789916 -0.080024248769607065 0.080376923364856231 0.023430148283077306 -0.091759646006565443 -0.083482539210852663 -0.080022071854457977 -0.080035918697334493 -0.080016763182559306 -0.080026347325286795 -0.080012092303111487
leaf_weight=0.0023212288360813238 0.82474486781575285 0.45149171078810479 0.48003230593167212 0.006159508100608945 0.021875959355384111 0.020217254504132476 0.0058342791162431231 0.46600816435238812 0.14065163178202056 0.049969438463449478 0.0018199169935542159 0.0039799148944439366 0.0071292973971136533 0.005577819643804105 0.0056813247638274333
leaf_count=6 33 26 34 33 2 125 1 7 6 1 12 10 70 37 60
internal_value=0.00259475 0.011494 0.0329527 -0.070323 0.0135734 -0.083823 -0.02025 0.0152104 -0.0883895 -0.0822587 -0.0800196 -0.0800257 -0.0800223 -0.0800303 -0.0800145
internal_weight=2.49349 2.22228 1.39753 0.271218 0.0375932 0.233624 0.0156567 0.94604 0.217968 0.077316 0.00982247 0.0157172 0.0273466 0.00955773 0.00750124
internal_count=463 100 67 363 82 281 79 41 202 196 78 80 195 47 72
is_linear=0
shrinkage=0.1


Tree=322
num_leaves=18
num_cat=0
split_feature=5 1 8 5 6 2 3 3 5 2 0 6 2 6 0 5 2
split_gain=0.0660886 0.109948 0.649596 0.168358 0.264734 0.681044 0.223125 0.100997 0.357004 0.491149 0.28419 0.272096 0.544709 0.154686 0.00432438 0.000803149 1.49991e-05
threshold=23.250000000000004 -0.12940952255126037 1.0000000180025095e-35 25.650000000000002 71.750000000000014 0.6078576107927941 0.81174490092936691 1.0000000180025095e-35 27.050000000000004 -1.0000000180025095e-35 0.91597561503675362 61.850000000000009 -1.0000000180025095e-35 66.350000000000009 -0.91597561503675329 27.350000000000005 0.6078576107927941
decision_type=2 2 2 2 2 2 2 2 2 2 2 2 2 2 2 2 2
left_child=-1 7 14 4 -4 -6 -5 8 -2 10 -10 12 -9 -11 -3 16 -16
right_child=1 2 3 6 5 -7 -8 11 9 13 -12 -13 -14 -15 15 -17 -18
leaf_value=0.029070298711784445 0.032897110745696914 -0.09778861424309912 0.026231898722799858 -0.085988049271878017 -0.088749425941999097 0.061361686855429268 0.021193193672830211 -0.047380730199836525 -0.013168347484030002 -0.082056470479419788 0.057143015914363861 0.041752271854646847 0.044309745826744386 -0.024788742780140583 -0.080649137992559919 -0.08916186683793853 -0.081914197972669411
leaf_weight=0.77739408356137829 1.9317974820733104 0.34178655222058296 3.0233994747977677 0.45241508790059004 0.75143491534981854 0.50559646252077073 0.3403400038369 1.4305500996852063 1.7670012631570027 1.074778138776306 0.85204996168613423 2.2199479833943769 1.184290203353157 0.84052562073338766 0.25146916435915034 0.17997056362219155 0.14940585507429205
leaf_count=15 12 3 34 39 41 14 9 39 70 38 5 32 28 11 50 4 19
internal_value=0.000547251 -0.000734703 -0.0116804 0.0023565 0.0101963 -0.0283725 -0.0399738 0.00507265 -0.00310189 -0.0184388 0.00970589 0.0160054 -0.0058531 -0.0569247 -0.0888638 -0.0836121 -0.0811206
internal_weight=18.0742 17.2968 5.99582 5.07319 4.28043 1.25703 0.792755 11.3009 6.46615 4.53435 2.61905 4.83479 2.61484 1.9153 0.922632 0.580846 0.400875
internal_count=463 448 213 137 89 55 48 235 136 124 75 99 67 49 76 73 69
is_linear=0
shrinkage=0.1


Tree=323
num_leaves=7
num_cat=0
split_feature=6 6 0 6 5 6
split_gain=0.0770594 0.388555 0.191867 0.257495 0.298061 0.335664
threshold=85.850000000000009 84.40000000000002 0.98296291314453421 80.050000000000026 23.050000000000004 73.550000000000026
decision_type=2 2 2 2 2 2
left_child=1 2 3 4 -1 -6
right_child=-2 -3 -4 -5 5 -7
leaf_value=0.081496720862655178 -0.028331560572921244 0.077583365701299201 0.05366364788296784 -0.05207713169651456 0.00017613743373281056 -0.07309233878374799
leaf_weight=0.41949198208748839 0.9815326214302339 0.62640078319236714 0.56862539894064035 1.0924653235124413 9.8951324671506846 0.66745069716125804
leaf_count=3 13 4 36 25 327 55
internal_value=-0.00129418 0.000705745 -0.00310313 -0.00577644 -0.00117058 -0.0044537
internal_weight=14.2511 13.2696 12.6432 12.0745 10.9821 10.5626
internal_count=463 450 446 410 385 382
is_linear=0
shrinkage=0.1


Tree=324
num_leaves=7
num_cat=0
split_feature=6 6 6 6 6 6
split_gain=0.132737 0.188164 0.110846 0.188727 0.25371 0.215611
threshold=86.100000000000009 83.40000000000002 82.000000000000014 81.850000000000009 81.200000000000003 80.40000000000002
decision_type=2 2 2 2 2 2
left_child=1 2 3 4 5 -1
right_child=-2 -3 -4 -5 -6 -7
leaf_value=-0.00040299779058214271 0.036018052171738341 -0.08541468382061658 0.059373252765473422 -0.090113240246227952 0.089768596214161556 -0.089990139920969117
leaf_weight=4.1337975506685325 0.89605915424181137 0.27954378636241006 0.285530718974769 0.24587750219507132 0.29361416795290995 0.28731716082256742
leaf_count=422 10 12 8 3 4 4
internal_value=0.000315949 -0.0054736 -0.00121389 -0.00470126 -0.000246948 -0.00622504
internal_weight=6.42174 5.52568 5.24614 4.96061 4.71473 4.42111
internal_count=463 453 441 433 430 426
is_linear=0
shrinkage=0.1


Tree=325
num_leaves=9
num_cat=0
split_feature=6 6 6 6 6 6 1 5
split_gain=0.104512 0.262155 0.114729 0.10528 0.114105 0.150506 0.0496595 0.00173418
threshold=54.600000000000009 59.150000000000013 60.000000000000007 62.050000000000004 63.750000000000007 65.350000000000009 -0.12940952255126037 28.050000000000004
decision_type=2 2 2 2 2 2 2 2
left_child=-1 6 -3 -4 -5 -6 7 -2
right_child=1 2 3 4 5 -7 -8 -9
leaf_value=0.047666989467014871 -0.097613442649565188 0.041119949496903563 -0.028710371800898162 0.035436958063604064 -0.029287587132744011 0.0035730534118357396 -0.034672152387992726 -0.08314890435114862
leaf_weight=0.44488178692700131 0.18485237658023834 0.68536450244573544 1.232147432216151 0.93972261063754459 1.6031473150360387 10.67377033283992 0.291195641271769 0.15026392721483717
leaf_count=43 1 23 35 36 20 243 6 56
internal_value=-0.000131764 -0.00148101 0.00114267 -0.000753618 0.00185271 -0.000717962 -0.0648794 -0.0911276
internal_weight=16.2053 15.7605 15.1342 14.4488 13.2166 12.2769 0.626312 0.335116
internal_count=463 420 357 334 299 263 63 57
is_linear=0
shrinkage=0.1


Tree=326
num_leaves=12
num_cat=0
split_feature=6 6 3 5 6 5 5 5 1 6 5
split_gain=0.161782 0.329038 0.318484 0.276506 0.237737 0.137619 0.113758 0.0279331 0.0350943 0.0158559 0.0250319
threshold=87.100000000000009 85.850000000000009 -0.56174490092936669 24.350000000000005 74.15000000000002 23.750000000000004 23.950000000000003 24.950000000000003 0.78656609248549303 77.15000000000002 24.450000000000003
decision_type=2 2 2 2 2 2 2 2 2 2 2
left_child=1 2 3 -1 7 -6 -7 -4 -9 10 -5
right_child=-2 -3 4 9 5 6 -8 8 -10 -11 -12
leaf_value=-0.13032597200672932 -0.058715398821268999 0.096948046105633554 -0.088539239303266126 0.074733000020570539 0.073560730478963887 -0.05522925243030985 0.047778968603136983 -0.080019832227474164 0.080641125226175447 0.07670512049597511 -0.08004965847057241
leaf_weight=0.30631483386969227 0.36097726540174324 0.38693729380611319 0.18280587251138092 0.021682900376617908 0.5730340145237276 0.20476437220349908 0.22503620717907324 0.029987969169269491 0.024873381946235895 0.076517544686794281 0.020165658109362994
leaf_count=10 6 7 31 2 15 5 41 241 3 9 93
internal_value=0.00302063 0.0138803 -0.00542211 -0.0801668 0.0201664 0.0414782 -0.00129592 -0.0697585 -0.00717836 0.049638 0.000147536
internal_weight=2.4131 2.05212 1.66518 0.424681 1.2405 1.00283 0.429801 0.237667 0.0548614 0.118366 0.0418486
internal_count=463 457 450 114 336 61 46 275 244 104 95
is_linear=0
shrinkage=0.1


Tree=327
num_leaves=16
num_cat=0
split_feature=7 5 5 5 6 6 2 5 6 6 6 6 1 6 2
split_gain=0.0796675 0.0704606 0.288202 0.251641 0.181301 0.254753 0.179334 0.339843 0.233777 0.173044 0.141538 0.280488 0.140875 0.0945568 0.000570585
threshold=1.0000000180025095e-35 26.150000000000002 25.350000000000005 26.650000000000002 73.850000000000009 70.200000000000003 1.0000000180025095e-35 30.250000000000004 64.600000000000009 75.15000000000002 60.750000000000007 66.350000000000009 0.1294095225512602 56.750000000000007 -0.60785761079279388
decision_type=2 2 2 2 2 2 2 2 2 2 2 2 2 2 2
left_child=-1 2 4 -3 5 -2 7 8 -5 -6 -8 -12 -4 -9 -11
right_child=1 3 12 6 9 -7 10 13 -10 14 11 -13 -14 -15 -16
leaf_value=0.027522724373992093 -0.018734328795905794 -0.051053084668342991 0.0066229882942271945 0.045449803262094121 0.0039819845638502721 0.0328267851073651 0.0094555930077125112 -0.056180279156276283 -0.0063508545730250505 -0.089294347977098662 -0.073655356421165039 1.771140548129224e-05 0.063827201784452933 -0.0092709343751569261 -0.082356538881209251
leaf_weight=1.0314791027922208 2.2300926833413572 1.1201064118067723 0.71463373897131521 2.4692176366079353 0.3851201410870998 1.6802061213820705 1.0699360270227773 0.61365579171979368 1.3462199482601134 0.18914896179921892 0.99359984812326763 1.0768200317106673 1.0827951643150298 1.4335274353798011 0.3175686994873107
leaf_count=22 29 19 29 60 8 29 39 30 33 19 22 19 20 36 49
internal_value=0.000550721 -0.00111295 0.00692637 -0.00635405 -0.0058586 0.00342083 -0.000792814 0.00953674 0.0271727 -0.0465446 -0.0200767 -0.0353382 0.0410836 -0.0233323 -0.0849463
internal_weight=17.7541 16.7226 6.59957 10.1231 4.80214 3.9103 9.00298 5.86262 3.81544 0.891838 3.14036 2.07042 1.79743 2.04718 0.506718
internal_count=463 441 183 258 134 58 239 159 93 76 80 41 49 66 68
is_linear=0
shrinkage=0.1


Tree=328
num_leaves=7
num_cat=0
split_feature=5 6 6 6 6 6
split_gain=0.0689173 0.323332 0.221158 0.308636 0.119933 0.242785
threshold=31.850000000000005 53.400000000000006 54.050000000000004 54.150000000000013 56.850000000000001 58.850000000000001
decision_type=2 2 2 2 2 2
left_child=1 -1 -3 -4 -5 -6
right_child=-2 2 3 4 5 -7
leaf_value=0.090964142302251361 -0.032634690254578956 -0.06822484318386704 0.1084804112972324 -0.038093026078865146 0.077755244917532274 -0.001986655734640152
leaf_weight=0.38334729906637122 0.66066250484436828 0.48854818055406113 0.25855201226659019 0.8529095322592174 0.39556660168454882 10.980344083305679
leaf_count=23 12 6 3 30 26 363
internal_value=-0.00110697 0.000452186 -0.00222181 0.000360455 -0.00192551 0.000786154
internal_weight=14.0199 13.3593 12.9759 12.4874 12.2288 11.3759
internal_count=463 451 428 422 419 389
is_linear=0
shrinkage=0.1


Tree=329
num_leaves=9
num_cat=0
split_feature=5 6 5 6 5 5 5 5
split_gain=0.135077 0.289248 0.141531 0.145206 0.172672 0.250236 0.000489407 4.98222e-06
threshold=23.550000000000004 83.40000000000002 32.300000000000004 55.550000000000004 31.950000000000003 24.050000000000004 31.950000000000003 31.850000000000005
decision_type=2 2 2 2 2 2 2 2
left_child=-1 2 3 6 5 -5 7 -2
right_child=1 -3 -4 4 -6 -7 -8 -9
leaf_value=0.016790641218450825 -0.080259427309079423 -0.10429745058767277 0.082492282167717562 0.0039182396497080994 0.087636298466964663 -0.08031464379736869 -0.090377015846682465 -0.081686648325351385
leaf_weight=2.733848612755537 0.049312453349558694 0.31478716367746518 0.17921199370175589 2.204712034203113 0.1964750587940215 0.41984722696179222 0.12704464793205261 0.048530245199799538
leaf_count=25 45 14 6 23 2 345 1 2
internal_value=9.37645e-05 -0.0128011 -0.00387064 -0.00895194 -0.00278726 -0.00955638 -0.0862831 -0.0809673
internal_weight=6.27377 3.53992 3.22513 3.04592 2.82103 2.62456 0.224887 0.0978427
internal_count=463 438 424 418 370 368 48 47
is_linear=0
shrinkage=0.1


Tree=330
num_leaves=9
num_cat=0
split_feature=6 6 6 6 5 1 1 5
split_gain=0.0862901 0.220315 0.0993968 0.10112 0.0991266 0.148268 0.0529796 0.00123706
threshold=54.600000000000009 59.150000000000013 60.000000000000007 62.050000000000004 23.850000000000005 -0.12940952255126037 -0.12940952255126037 28.050000000000004
decision_type=2 2 2 2 2 2 2 2
left_child=-1 6 -3 -4 -5 -6 7 -2
right_child=1 2 3 4 5 -7 -8 -9
leaf_value=0.043379103487466333 -0.095537480326263954 0.038338547623961744 -0.02842238731840388 -0.019420062580019274 -0.0084663160894584005 0.014895340082507487 -0.030275317482669234 -0.082792370827075329
leaf_weight=0.44189391774125653 0.17022877931594849 0.67850821878528123 1.2156537656846911 1.8965187822468568 4.6108545105962513 6.6130686964606884 0.28989873873069782 0.13780717855115654
leaf_count=43 1 23 35 40 85 174 6 56
internal_value=-0.000198247 -0.00143165 0.000938931 -0.000831143 0.00172528 0.00529823 -0.0609588 -0.0898357
internal_weight=16.0544 15.6125 15.0146 14.3361 13.1204 11.2239 0.597935 0.308036
internal_count=463 420 357 334 299 259 63 57
is_linear=0
shrinkage=0.1


Tree=331
num_leaves=8
num_cat=0
split_feature=1 5 5 6 1 5 0
split_gain=0.148788 1.29251e-06 1.47513e-07 3.01273e-08 1.87064e-08 1.10775e-10 8.70426e-11
threshold=0.78656609248549303 23.550000000000004 23.850000000000005 74.15000000000002 0.37940952255126026 31.850000000000005 0.91597561503675362
decision_type=2 2 2 2 2 2 2
left_child=1 -1 -3 5 -5 6 -4
right_child=-2 2 3 4 -6 -7 -8
leaf_value=-0.080669872137075438 0.010738643003286983 -0.080364946011866445 -0.080014271638540177 -0.080184461562958081 -0.080073410379694149 -0.080038887913558884 -0.08002365858607792
leaf_weight=0.06923078976615249 2.1070823553018272 0.022501214691146743 0.024392894798438647 0.029969051800435409 0.030714337277458981 0.0027268450849078354 0.016601287738012616
leaf_count=17 35 11 265 15 35 12 73
internal_value=0.00298412 -0.0803223 -0.0801327 -0.0800827 -0.0801283 -0.0800194 -0.0800181
internal_weight=2.30322 0.196136 0.126906 0.104404 0.0606834 0.043721 0.0409942
internal_count=463 428 411 400 50 350 338
is_linear=0
shrinkage=0.1


Tree=332
num_leaves=14
num_cat=0
split_feature=1 6 6 5 3 2 6 1 2 1 6 2 5
split_gain=0.077917 0.227841 0.191504 0.573 0.17042 0.123936 0.0953579 0.161081 0.000941584 0.000639995 4.80771e-05 1.98647e-05 6.89727e-06
threshold=-0.98296291314453399 57.45000000000001 60.750000000000007 28.250000000000004 -0.56174490092936669 0.6078576107927941 61.250000000000007 -0.12940952255126037 -1.0000000180025095e-35 -0.37940952255126015 65.450000000000017 0.6078576107927941 28.650000000000002
decision_type=2 2 2 2 2 2 2 2 2 2 2 2 2
left_child=-1 4 5 6 -2 -3 -4 -8 10 11 -5 12 -6
right_child=1 2 3 8 9 -7 7 -9 -10 -11 -12 -13 -14
leaf_value=0.015185768544842963 0.02029085228027332 0.0058863104328551168 -0.039731090740622074 -0.08062611756418589 -0.081768355197557568 0.054717737123107957 0.018416820590563539 -0.006935006268793828 -0.089385360053795812 -0.08861982631727322 -0.083322475621696285 -0.082871102896108911 -0.080513040225556137
leaf_weight=2.9857800435274866 0.21261874650372192 1.1351715166820207 0.53679792582988461 0.12291993439430371 0.087614614807534963 0.95872429171868123 4.2582912860671032 6.0914693901358996 0.52238252849201749 0.26829090341925521 0.14312515297206119 0.10692519109579735 0.087463653515442275
leaf_count=20 13 36 2 28 5 15 31 215 27 3 14 14 40
internal_value=0.000472474 -0.0025506 0.000396836 -0.00459762 -0.0557452 0.0282446 0.00136427 0.00349571 -0.0869191 -0.0851235 -0.0820767 -0.0817971 -0.0811412
internal_weight=17.5176 14.5318 13.7689 11.675 0.762913 2.0939 10.8866 10.3498 0.788428 0.550294 0.266045 0.282003 0.175078
internal_count=463 443 368 317 75 51 248 246 69 62 42 59 45
is_linear=0
shrinkage=0.1


Tree=333
num_leaves=20
num_cat=0
split_feature=8 5 5 1 3 6 0 5 0 5 3 6 2 1 5 5 5 2 2
split_gain=0.0601072 0.315434 0.39624 0.303341 0.538692 0.386545 0.269745 0.184619 0.336569 0.164912 0.1067 0.161455 0.289923 0.106643 0.0490174 0.000213807 0.000192091 8.91089e-06 2.80781e-06
threshold=1.0000000180025095e-35 23.750000000000004 27.950000000000003 1.0000000180025095e-35 -0.22252093395631442 80.65000000000002 -0.3794095225512602 24.350000000000005 -0.98296291314453399 23.650000000000002 -0.56174490092936669 55.550000000000004 -0.8783796973249266 0.60355339059327384 30.350000000000005 23.850000000000005 23.950000000000003 0.87837969732492682 1.0000000180025095e-35
decision_type=2 2 2 2 2 2 2 2 2 2 2 2 2 2 2 2 2 2 2
left_child=1 -1 15 6 5 9 7 -2 -9 -5 -8 -12 -13 -6 -10 -3 -11 18 -17
right_child=3 2 -4 4 13 -7 10 8 14 16 11 12 -14 -15 -16 17 -18 -19 -20
leaf_value=0.039490114432979818 0.11749972020759498 -0.085389684106845803 0.0068621962136177373 0.015863440406256108 -0.094538331437628229 0.060868809933021517 0.024809712887609262 -0.035171730122475757 0.08293699035249405 -0.086895252270356854 0.02049045144836581 -0.080976479628734582 -0.005245397058691488 -0.039630640313150611 0.028777857758736765 -0.080466188023067958 -0.082465350548005717 -0.081709897750837743 -0.081031720957191605
leaf_weight=1.9463280402123917 0.27161538600921531 0.14627217128872905 2.3220226823468693 0.27921472117304824 0.93268253497080855 0.76008543415809982 0.91217085829703037 0.52716376376338292 0.58086023814394128 0.17430219799280167 0.98469449783442753 0.7157724307617167 1.7209042622707791 0.56984470252064057 0.23460789368255064 0.16443061450263485 0.22327147924806923 0.14047575200675055 0.18835817871149629
leaf_count=16 1 3 27 3 30 11 20 37 50 2 26 23 47 22 19 48 42 14 22
internal_value=-0.000664642 0.00821788 -0.0123341 -0.00556995 -0.0318504 0.0119263 0.00741784 0.0423106 0.0270998 -0.0430399 -0.00557974 -0.0136819 -0.0274914 -0.0737142 0.0673556 -0.082032 -0.0844075 -0.0810363 -0.0807681
internal_weight=13.7951 4.90789 2.96156 8.88719 2.9394 1.43687 5.94779 1.61425 1.34263 0.676788 4.33354 3.42137 2.43668 1.50253 0.815468 0.639537 0.397574 0.493265 0.352789
internal_count=463 130 114 333 110 58 223 107 106 47 116 96 70 52 69 87 44 84 70
is_linear=0
shrinkage=0.1


Tree=334
num_leaves=10
num_cat=0
split_feature=6 6 6 2 8 5 2 0 5
split_gain=0.119289 0.164155 0.100647 0.181076 0.115771 0.442213 0.199022 0.0147427 0.022569
threshold=86.100000000000009 83.40000000000002 82.000000000000014 -0.8783796973249266 1.0000000180025095e-35 23.250000000000004 0.6078576107927941 -0.60355339059327362 31.750000000000004
decision_type=2 2 2 2 2 2 2 2 2
left_child=1 2 3 7 5 -5 -6 -1 -9
right_child=-2 -3 -4 4 6 -7 -8 8 -10
leaf_value=-0.087283735770813844 0.034141968977710706 -0.084838104692322974 0.058217890467925373 -0.11335993556905177 0.033293230732791945 0.0046262237317479865 -0.034296122687260587 -0.080835497543955137 0.027275404157863753
leaf_weight=0.25989748487700126 0.85708584770327423 0.25201848662072723 0.26194259477779258 0.38760488480329547 1.6773683529172569 1.760500767486519 0.58850597820855899 0.049219944437935648 0.031775507610291243
leaf_count=35 10 12 8 2 170 103 67 53 3
internal_value=-0.00045677 -0.00608498 -0.00212883 -0.00545329 -3.00989e-05 -0.0166632 0.0157385 -0.0756744 -0.0384223
internal_weight=6.12592 5.26883 5.01682 4.75487 4.41398 2.14811 2.26587 0.340893 0.0809955
internal_count=463 453 441 433 342 105 237 91 56
is_linear=0
shrinkage=0.1


Tree=335
num_leaves=12
num_cat=0
split_feature=5 1 0 8 5 6 0 5 6 5 6
split_gain=0.0814817 0.156023 0.523664 0.109152 0.362788 0.296152 0.271174 0.378353 0.079361 0.000709454 4.00102e-06
threshold=23.850000000000005 0.37940952255126026 -0.60355339059327362 1.0000000180025095e-35 24.650000000000002 67.850000000000009 -0.98296291314453399 25.350000000000005 63.050000000000004 24.050000000000004 75.15000000000002
decision_type=2 2 2 2 2 2 2 2 2 2 2
left_child=-1 3 9 5 -5 8 -6 -8 -2 -3 -11
right_child=1 2 -4 4 6 -7 7 -9 -10 10 -12
leaf_value=-0.019852119435561835 0.005763889888179663 0.087075462163007711 -0.081228349103438624 -0.065708427983595705 0.052735723128550543 0.036590245565143828 0.021181597089212981 -0.037816745109464284 -0.02105644066086558 0.081068204831404408 0.080410270058715205
leaf_weight=1.8610407281667001 2.298765370534964 0.33107469789683819 0.26086370041593987 0.98693024367093851 0.83236692042555382 2.3891941686160862 2.086247660219672 2.2693305479078845 2.1214010276598856 0.2632769572082907 0.14243136637378484
leaf_count=41 34 5 22 9 36 26 13 194 25 26 32
internal_value=-0.000195118 0.0024213 0.0405307 -0.00050684 -0.0101351 0.00822425 0.000436943 -0.00955755 -0.00710818 0.0836404 0.0808372
internal_weight=15.8429 13.9819 0.997647 12.9842 6.17488 6.80936 5.18795 4.35558 4.42017 0.736783 0.405708
internal_count=463 422 85 337 252 85 243 207 59 63 58
is_linear=0
shrinkage=0.1


Tree=336
num_leaves=11
num_cat=0
split_feature=6 2 5 1 5 8 5 5 6 5
split_gain=0.148037 0.186906 0.141505 0.120762 0.0275399 0.0230728 0.0170446 0.00241169 4.37671e-09 3.21037e-11
threshold=90.40000000000002 0.6078576107927941 23.950000000000003 0.78656609248549303 23.350000000000005 1.0000000180025095e-35 24.950000000000003 25.050000000000004 74.15000000000002 31.750000000000004
decision_type=2 2 2 2 2 2 2 2 2 2
left_child=1 2 -1 8 -3 -6 -7 -8 9 -4
right_child=-2 4 3 -5 5 6 7 -9 -10 -11
leaf_value=-0.020997493860202832 -0.092673592093695578 0.089233409430492378 -0.080015579471780354 0.081373915676751937 0.057813146908986174 -0.080543863183936179 0.056953426053840184 0.0075998873910034575 -0.080072375387400932 -0.080028499045962653
leaf_weight=1.2789704393253494 0.14812376986810694 0.22765098512172688 0.025973076766604097 0.26553901936858892 0.22137102519536711 0.022486922942334786 0.016774595009337645 0.024163647363820928 0.028097224363591522 0.002077169700896774
leaf_count=31 3 2 260 15 37 12 5 52 34 12
internal_value=0.00396748 0.0107418 -0.00608595 0.0531998 0.0633042 0.0425778 -0.0105979 0.0278227 -0.0800445 -0.0800165
internal_weight=2.26123 2.1131 1.60066 0.321686 0.512447 0.284796 0.0634252 0.0409382 0.0561475 0.0280502
internal_count=463 460 352 321 108 106 69 57 306 272
is_linear=0
shrinkage=0.1


Tree=337
num_leaves=17
num_cat=0
split_feature=5 1 8 3 5 6 6 2 6 6 2 3 2 0 5 2
split_gain=0.0735462 0.0920349 0.576574 0.0852589 0.312915 0.412813 0.240962 0.463562 0.211773 0.0847578 0.639317 0.305784 0.184454 0.00288832 0.000700774 1.06685e-05
threshold=23.250000000000004 -0.12940952255126037 1.0000000180025095e-35 1.0000000180025095e-35 27.050000000000004 66.65000000000002 61.850000000000009 -1.0000000180025095e-35 55.550000000000004 71.750000000000014 -1.0000000180025095e-35 1.0000000180025095e-35 1.0000000180025095e-35 -0.91597561503675329 27.350000000000005 0.6078576107927941
decision_type=2 2 2 2 2 2 2 2 2 2 2 2 2 2 2 2
left_child=-1 3 13 4 -2 8 7 -5 -6 11 -11 12 -4 -3 15 -15
right_child=1 2 9 6 5 -7 -8 -9 -10 10 -12 -13 -14 14 -16 -17
leaf_value=0.031255438259186571 0.030564388571743314 -0.095707268038417947 0.065513475963040413 -0.046579245131605537 -0.04374575804315925 -0.083968688772682043 0.039252163301012277 0.040497059370265653 0.011312638046526104 -0.088687291414281666 0.042021010485738204 -0.026957416954297115 0.0055108927142418166 -0.080576680169983456 -0.088811728782023938 -0.081711399554041969
leaf_weight=0.73899602191522973 1.9041556119918857 0.31063467264175415 1.0025964888045544 1.3317070791381413 0.95776210226176806 0.77962505462346587 2.14380782621447 1.1302747972367795 2.5816396258451277 0.69010609203542084 0.81747508121770818 1.312942160060629 1.0477102247532455 0.22140643140301097 0.17010671645402908 0.13240730881807394
leaf_count=15 12 3 19 39 29 19 32 28 76 31 38 26 23 50 4 19
internal_value=0.000390574 -0.000988918 -0.0112675 0.00442649 -0.00320698 -0.018096 0.0147406 -0.00660326 -0.00358616 0.00189113 -0.0178117 0.0107229 0.0348521 -0.0880671 -0.0835372 -0.0810013
internal_weight=17.2734 16.5344 5.70539 10.829 6.22318 4.31903 4.60579 2.46198 3.5394 4.87083 1.50758 3.36325 2.05031 0.834555 0.52392 0.353814
internal_count=463 448 213 235 136 124 99 67 105 137 69 68 42 76 73 69
is_linear=0
shrinkage=0.1


Tree=338
num_leaves=8
num_cat=0
split_feature=6 6 0 6 0 5 6
split_gain=0.0605862 0.286853 0.174927 0.215361 0.198674 0.395371 0.146676
threshold=85.850000000000009 84.40000000000002 0.98296291314453421 80.050000000000026 0.91597561503675362 31.950000000000003 64.850000000000009
decision_type=2 2 2 2 2 2 2
left_child=1 2 3 4 5 -1 -6
right_child=-2 -3 -4 -5 6 -7 -8
leaf_value=0.013775070575652235 -0.025409260520289918 0.068855201496095572 0.053303899128344934 -0.049355351285843424 -0.043788909430298728 -0.086228648015866716 0.00055262415424325157
leaf_weight=6.9557163306162622 0.93130981340073127 0.59391992306336838 0.53908631391823369 0.99827697631553824 1.5518675344064834 0.41916572162881482 1.436566616874188
leaf_count=333 13 4 36 25 22 9 21
internal_value=-0.000803941 0.00103007 -0.00235484 -0.00499575 -0.000722676 0.00809117 -0.0224735
internal_weight=13.4259 12.4946 11.9007 11.3616 10.3633 7.37488 2.98843
internal_count=463 450 446 410 385 342 43
is_linear=0
shrinkage=0.1


Tree=339
num_leaves=9
num_cat=0
split_feature=5 6 5 6 5 5 5 5
split_gain=0.130544 0.257268 0.131101 0.125525 0.152475 0.22503 0.000324231 4.02725e-06
threshold=23.550000000000004 83.40000000000002 32.300000000000004 55.550000000000004 31.950000000000003 24.050000000000004 31.950000000000003 31.850000000000005
decision_type=2 2 2 2 2 2 2 2
left_child=-1 2 3 6 5 -5 7 -2
right_child=1 -3 -4 4 -6 -7 -8 -9
leaf_value=0.016418148014982797 -0.08026007618047365 -0.10223940915112556 0.082316680637756948 0.0025043840313026078 0.08658447119059777 -0.08030170438111417 -0.0889770242641236 -0.081598541487988438
leaf_weight=2.6238224068656564 0.044472198344011615 0.29679220307843923 0.16375476727262128 2.1433814326301226 0.17406130582094181 0.38751680561836099 0.1133904755115509 0.045458128675818443
leaf_count=25 45 14 6 23 2 345 1 2
internal_value=-0.000305877 -0.0133314 -0.00474196 -0.00964392 -0.00394808 -0.0101744 -0.0854207 -0.0809366
internal_weight=5.99265 3.36883 3.07204 2.90828 2.70496 2.5309 0.203321 0.0899303
internal_count=463 438 424 418 370 368 48 47
is_linear=0
shrinkage=0.1


Tree=340
num_leaves=13
num_cat=0
split_feature=5 1 0 8 5 5 1 3 6 6 5 6
split_gain=0.0754976 0.152349 0.456813 0.0930107 0.313955 0.250873 0.369982 0.272784 0.241164 0.0601427 0.00055037 3.44413e-06
threshold=23.850000000000005 0.37940952255126026 -0.60355339059327362 1.0000000180025095e-35 24.650000000000002 27.950000000000003 -0.12940952255126037 1.0000000180025095e-35 67.850000000000009 63.050000000000004 24.050000000000004 75.15000000000002
decision_type=2 2 2 2 2 2 2 2 2 2 2 2
left_child=-1 3 10 8 -5 7 -7 -6 9 -2 -3 -12
right_child=1 2 -4 4 5 6 -8 -9 -10 -11 11 -13
leaf_value=-0.019054424408686127 0.0052476877301759423 0.086524738981801408 -0.081066792098071022 -0.062712391286934552 -0.0085567860355830663 -0.082083124610577832 0.029789755033774443 0.045986942232234075 0.033778345696379393 -0.018169635434392841 0.081010160673322507 0.080367725380554728
leaf_weight=1.8392725596204407 2.2823317594229575 0.30523949488997459 0.22522710892371911 0.93093522265553286 2.3044289615936582 0.75973511074698519 0.48391182348132356 1.5228446751134468 2.3326861136592925 2.1113310537766665 0.24349728529341519 0.12695911189075559
leaf_count=41 34 5 22 9 28 184 6 25 26 25 26 32
internal_value=-3.68611e-05 0.00252959 0.0422694 -0.000283261 -0.00933287 0.00046671 -0.0385526 0.0131458 0.00779162 -0.00600527 0.0833806 0.08079
internal_weight=15.4684 13.6291 0.900923 12.7282 6.00186 5.07092 1.24365 3.82727 6.72635 4.39366 0.675696 0.370456
internal_count=463 422 85 337 252 243 190 53 85 59 63 58
is_linear=0
shrinkage=0.1


Tree=341
num_leaves=12
num_cat=0
split_feature=6 6 3 6 5 5 6 5 1 6 5
split_gain=0.138096 0.28705 0.265388 0.206698 0.20371 0.116735 0.0895036 0.0358316 0.0390466 0.0120305 0.019292
threshold=87.100000000000009 85.850000000000009 -0.56174490092936669 75.350000000000009 24.350000000000005 23.750000000000004 79.15000000000002 24.950000000000003 0.78656609248549303 77.15000000000002 24.450000000000003
decision_type=2 2 2 2 2 2 2 2 2 2 2
left_child=1 2 4 7 -1 -5 -7 -4 -9 10 -6
right_child=-2 -3 3 5 9 6 -8 8 -10 -11 -12
leaf_value=-0.11913997573094107 -0.056461415567610279 0.096108675574870323 -0.087095150537746996 0.071809359340432311 0.074103167231420408 0.052307503525311362 -0.048792269380739557 -0.08004554940605485 0.080577437216508632 0.076319291428038685 -0.080038204642352381
leaf_weight=0.2843423371996322 0.32188544152450038 0.34951352636562649 0.17217101630194542 0.52949428115971386 0.017173394211567938 0.161679609620478 0.1910303900076542 0.029512020319089061 0.031065847724676132 0.06181829865090549 0.015401641009702871
leaf_count=10 6 7 33 15 2 26 14 244 4 9 93
internal_value=0.0039735 0.0145275 -0.00456199 0.0200049 -0.076884 0.0421205 -0.00244889 -0.0638214 0.00232594 0.0504041 0.00122435
internal_weight=2.16509 1.8432 1.49369 1.11495 0.378736 0.882204 0.35271 0.232749 0.0605779 0.0943933 0.032575
internal_count=463 457 450 336 114 55 40 281 248 104 95
is_linear=0
shrinkage=0.1


Tree=342
num_leaves=15
num_cat=0
split_feature=1 6 3 6 5 6 6 6 2 8 5 1 2 1
split_gain=0.0703852 0.19048 0.169801 0.166223 0.382445 0.214477 0.157326 0.673604 0.10853 0.000779896 0.000563332 0.000497204 1.15465e-05 5.7187e-06
threshold=-0.98296291314453399 57.45000000000001 -0.56174490092936669 60.750000000000007 28.050000000000004 61.350000000000001 66.100000000000009 66.750000000000014 0.6078576107927941 1.0000000180025095e-35 26.250000000000004 -0.37940952255126015 0.6078576107927941 -0.60355339059327384
decision_type=2 2 2 2 2 2 2 2 2 2 2 2 2 2
left_child=-1 2 -2 8 6 -6 10 -8 -3 -7 -5 12 13 -4
right_child=1 3 11 4 5 9 7 -9 -10 -11 -12 -13 -14 -15
leaf_value=0.014647402273156418 0.022460010603778786 0.0054298734932451418 -0.080520599803700063 -0.015214002386741816 0.0082880751545761633 -0.089373050857251307 0.091628100865899481 -0.0017116737607363736 0.051977414749576935 -0.083170234414870814 -0.017868531162404104 -0.087889736399499763 -0.082445833584633782 -0.081742262460019074
leaf_weight=2.893420513719323 0.21002534870058298 1.0996954858564998 0.088635473468457349 1.5501433104509472 0.34182161025819258 0.34542591235367581 0.88647035788744677 6.0489255494758254 0.9199275229620979 0.49058969612815417 1.6508110580034552 0.24788926355540652 0.095238883077399805 0.06749583303462714
leaf_count=20 13 36 37 21 10 8 12 185 15 60 21 3 14 8
internal_value=0.000445244 -0.00248095 -0.0529774 0.00020518 -0.00451211 -0.0584471 0.0017551 0.0102189 0.026632 -0.0857331 -0.016583 -0.0847119 -0.0815781 -0.0810487
internal_weight=16.9365 14.0431 0.709285 13.3338 11.3142 1.17784 10.1364 6.9354 2.01962 0.836016 3.20095 0.499259 0.25137 0.156131
internal_count=463 443 75 368 317 78 239 197 51 68 42 62 59 45
is_linear=0
shrinkage=0.1


Tree=343
num_leaves=12
num_cat=0
split_feature=6 6 1 5 5 0 8 5 0 2 2
split_gain=0.0624305 0.1017 0.0673898 0.41857 0.365096 0.293186 0.250189 0.667997 0.157539 0.0534135 9.31626e-06
threshold=53.400000000000006 54.050000000000004 0.1294095225512602 24.150000000000002 27.950000000000003 -0.91597561503675329 1.0000000180025095e-35 23.350000000000005 -0.5 1.0000000180025095e-35 0.87837969732492682
decision_type=2 2 2 2 2 2 2 2 2 2 2
left_child=-1 -2 3 -3 10 -4 9 -8 -6 -7 -5
right_child=1 2 5 4 8 6 7 -9 -10 -11 -12
leaf_value=0.029698520020137051 -0.043989033670717125 0.10457059368562216 -0.059177563811485479 -0.080698746435344915 0.046436770020038633 0.01183320992569778 0.025230000953674527 -0.09481319648340103 8.5191754110144763e-05 0.046391497662069181 -0.081567903797971408
leaf_weight=0.63214666966814625 0.56449846143368532 0.40257251262664606 0.96046915790066112 0.31621114737936284 0.84530706374789311 0.8637985538225621 1.1757809668779371 0.76525637970189575 5.5320186436001704 0.92744602664606646 0.2021701077464968
leaf_count=30 7 2 38 76 46 26 8 65 135 16 14
internal_value=-0.000965072 -0.00250892 -0.000556177 0.00545518 -0.000331195 -0.00990518 0.00277462 -0.0220972 0.00622904 0.0297263 -0.0810377
internal_weight=13.1877 12.5555 11.991 7.29828 6.89571 4.69275 3.73228 1.94104 6.37733 1.79124 0.518381
internal_count=463 433 426 273 271 153 115 73 181 42 90
is_linear=0
shrinkage=0.1


Tree=344
num_leaves=9
num_cat=0
split_feature=5 5 5 6 5 5 3 5
split_gain=0.115485 0.256667 0.228212 0.338 0.208497 0.181946 0.179009 0.000347525
threshold=23.550000000000004 23.750000000000004 23.850000000000005 63.850000000000001 24.450000000000003 31.950000000000003 0.81174490092936691 24.050000000000004
decision_type=2 2 2 2 2 2 2 2
left_child=-1 -2 -3 4 -4 -6 7 -5
right_child=1 2 3 6 5 -7 -8 -9
leaf_value=0.015247859634096243 -0.051227278058498596 0.066405246308755106 0.10982218144598853 -0.085364627068715004 -0.080462220483944455 0.0388547851640903 0.042301338483696334 -0.080382436361702794
leaf_weight=2.585557172074914 1.1414455370977523 0.50342425238341126 0.24726307392120339 0.38283718936145306 0.18888529230935092 0.39519864646717906 0.1390812824756722 0.22072594413839397
leaf_count=25 11 5 1 8 192 9 27 185
internal_value=-0.000490427 -0.0131322 0.00779925 -0.0109452 0.0328529 0.000269188 -0.0599748 -0.0835426
internal_weight=5.80442 3.21886 2.07742 1.57399 0.831347 0.584084 0.742644 0.603563
internal_count=463 438 427 422 202 201 220 193
is_linear=0
shrinkage=0.1


Tree=345
num_leaves=15
num_cat=0
split_feature=6 5 6 5 5 0 6 6 6 0 3 8 0 0
split_gain=0.070442 0.0954799 0.320605 0.206082 0.200247 0.273267 0.277246 0.196327 0.334 0.343256 0.231833 0.0165388 0.0333553 3.25672e-05
threshold=54.600000000000009 27.600000000000005 61.45000000000001 27.050000000000004 28.050000000000004 0.91597561503675362 62.550000000000004 61.650000000000013 68.850000000000009 -0.60355339059327362 -0.56174490092936669 1.0000000180025095e-35 -0.98296291314453399 0.91597561503675362
decision_type=2 2 2 2 2 2 2 2 2 2 2 2 2 2
left_child=-1 3 11 7 -4 6 -6 -2 10 -10 -9 -3 -13 -14
right_child=1 2 4 -5 5 -7 -8 8 9 -11 -12 12 13 -15
leaf_value=0.04062815903021106 -0.044571735816696802 -0.088591841327281706 -0.029587148587020204 0.040690907118583426 0.070369067065946062 0.060255629628697106 -0.084310920068133469 0.003591569917384583 0.00035304480957825849 -0.061651773889882314 0.059328843816146296 0.0017875446114657516 -0.080292732631219998 -0.083383108578876167
leaf_weight=0.41136626321531444 0.96980460733175178 0.45810108416480977 1.2440934611950072 1.2873262671055261 0.17552579491166376 0.86103150434792042 0.34098660670861136 1.5662701906403529 5.0523462779819921 1.0844708483200562 1.4253609767183641 0.069894913583994245 0.054362915478121665 0.091488387435674667
leaf_count=43 11 16 13 13 12 7 53 21 107 52 32 2 79 2
internal_value=-0.000185054 -0.00132865 -0.0163184 0.00301005 -0.000505215 0.0257594 -0.0317462 -0.00179351 0.00275124 -0.0106042 0.0301476 -0.0778405 -0.0550118 -0.0822312
internal_weight=15.0924 14.6811 3.29548 11.3856 2.62164 1.37754 0.516512 10.0983 9.12845 6.13682 2.99163 0.673847 0.215746 0.145851
internal_count=463 420 184 236 85 72 65 223 212 159 53 99 83 81
is_linear=0
shrinkage=0.1


Tree=346
num_leaves=9
num_cat=0
split_feature=1 5 6 1 5 0 5 5
split_gain=0.130235 1.06883e-06 1.79964e-08 1.2304e-08 5.87835e-11 4.97604e-11 2.81661e-11 1.67085e-11
threshold=0.78656609248549303 23.850000000000005 74.15000000000002 0.37940952255126026 31.850000000000005 0.91597561503675362 25.550000000000004 27.150000000000002
decision_type=2 2 2 2 2 2 2 2
left_child=1 -1 4 -4 5 6 -3 -7
right_child=-2 2 3 -5 -6 7 -8 -9
leaf_value=-0.080575196148212777 0.011472238297484255 -0.080016516703800195 -0.080159211281401119 -0.080058236478988049 -0.080031902148561526 -0.080015288688519107 -0.080008508531962952 -0.080022457339253172
leaf_weight=0.085878660298476572 1.8654250435065478 0.0070689770655008024 0.025109660040470771 0.023233347383211367 0.0021661099672201081 0.0055076454382287929 0.011597557932873315 0.0079365106721525081
leaf_count=28 35 50 15 35 12 42 215 31
internal_value=0.00386712 -0.0803282 -0.0800714 -0.0801107 -0.080016 -0.0800149 -0.0800115 -0.0800195
internal_weight=2.03392 0.168498 0.0826198 0.048343 0.0342768 0.0321107 0.0186665 0.0134442
internal_count=463 428 400 50 350 338 265 73
is_linear=0
shrinkage=0.1


Tree=347
num_leaves=13
num_cat=0
split_feature=6 6 6 6 6 5 1 6 2 8 2 5
split_gain=0.0721634 0.435961 0.391825 0.429839 0.346038 0.24497 0.406329 0.213192 0.147554 0.143752 0.363033 0.177865
threshold=68.850000000000009 69.15000000000002 66.750000000000014 66.100000000000009 64.600000000000009 27.050000000000004 -0.12940952255126037 62.95000000000001 0.6078576107927941 1.0000000180025095e-35 -0.60785761079279388 23.550000000000004
decision_type=2 2 2 2 2 2 2 2 2 2 2 2
left_child=2 -2 3 4 7 6 -3 8 -1 11 -11 -8
right_child=1 5 -4 -5 -6 -7 9 -9 -10 10 -12 -13
leaf_value=-0.0095198133194939055 0.09765291120872098 0.091340436486072277 -0.061038586177672709 0.065571685363979046 -0.046367202363810298 -0.05385840347052076 0.02805181518596114 0.050100925512731237 0.026853880336688188 -0.035172392026993286 0.034130093170481386 -0.090000533952561745
leaf_weight=5.2007802311563864 0.51444715540856023 0.53616873919963826 1.0867574180592772 0.96652944639208804 1.6269634661439338 0.70055519492598239 0.19685078159091096 0.90207059591193672 1.4197056597331537 1.2569303206400948 1.8961402068234745 0.36293030102388002
leaf_count=146 4 4 31 17 28 20 10 25 36 25 73 44
internal_value=0.000615502 0.0100374 -0.00397991 0.00214985 -0.00454986 0.000930868 0.00996422 0.00449431 -0.00171979 -0.00178723 0.00650356 -0.0484866
internal_weight=16.6668 5.46402 11.2028 10.116 9.14952 4.94958 4.24902 7.52256 6.62049 3.71285 3.15307 0.559781
internal_count=463 180 283 252 235 176 156 207 182 152 98 54
is_linear=0
shrinkage=0.1


Tree=348
num_leaves=8
num_cat=0
split_feature=6 6 0 6 0 5 2
split_gain=0.064726 0.23259 0.143442 0.169082 0.159124 0.177062 0.144212
threshold=85.850000000000009 84.40000000000002 0.98296291314453421 80.050000000000026 0.91597561503675362 23.050000000000004 1.0000000180025095e-35
decision_type=2 2 2 2 2 2 2
left_child=1 2 3 4 5 -1 -6
right_child=-2 -3 -4 -5 6 -7 -8
leaf_value=0.07192706891124212 -0.027056583649894234 0.06369558121270312 0.049130589548338051 -0.045046211280447168 -0.04383789496013199 0.00338190984015435 0.00092471779399923629
leaf_weight=0.39967901445924514 0.89365926169557575 0.56110689300112504 0.51832870769430961 0.94864489207975644 1.3875833530910315 6.5988075177010614 1.4953713179565964
leaf_count=3 13 4 36 25 22 339 21
internal_value=-0.00110035 0.000847334 -0.00226011 -0.00471967 -0.000848219 0.00729648 -0.0206198
internal_weight=12.8032 11.9095 11.3484 10.8301 9.88144 6.99849 2.88295
internal_count=463 450 446 410 385 342 43
is_linear=0
shrinkage=0.1


Tree=349
num_leaves=12
num_cat=0
split_feature=6 6 2 2 6 6 5 6 8 1 5
split_gain=0.123549 0.151872 0.0954582 0.0962692 0.529811 0.434495 0.283651 0.256648 0.077878 0.00907684 0.0197951
threshold=86.100000000000009 83.40000000000002 -0.8783796973249266 1.0000000180025095e-35 76.450000000000017 77.750000000000014 23.750000000000004 71.450000000000017 1.0000000180025095e-35 0.37940952255126026 31.750000000000004
decision_type=2 2 2 2 2 2 2 2 2 2 2
left_child=1 2 8 5 7 6 -4 -5 -1 10 -10
right_child=-2 -3 3 4 -6 -7 -8 -9 9 -11 -12
leaf_value=0.026991753664165997 0.03624705781525344 -0.084653233100648789 -0.061742262997143443 -0.0087880654459969506 -0.086719070622541028 0.066934704451039523 0.030403717744120668 0.087909093589899262 -0.081932625328397249 -0.088075954271239765 0.023348631595721436
leaf_weight=0.097459322974827955 0.79703926690854121 0.23505152865436674 0.75256216898560546 0.79836357819658565 0.66181841476645775 0.96695231390185643 0.60073471731811878 0.41828875200008042 0.056617738626300596 0.20120898921959451 0.026087908074259758
leaf_count=15 10 12 7 119 19 20 165 19 62 12 3
internal_value=-0.000221476 -0.00625802 -0.00223476 0.00211621 -0.0147125 0.0157407 -0.0208382 0.0244567 -0.0501366 -0.0766125 -0.0487237
internal_weight=5.61218 4.81515 4.58009 4.19872 1.87847 2.32025 1.3533 1.21665 0.381374 0.283915 0.0827056
internal_count=463 453 441 349 157 192 172 138 92 77 65
is_linear=0
shrinkage=0.1


Tree=350
num_leaves=12
num_cat=0
split_feature=0 0 6 6 5 5 6 3 3 5 8
split_gain=0.0850904 0.0784157 0.074447 0.509905 0.253048 0.518569 0.143012 0.25245 0.193441 0.341478 0.0767283
threshold=0.98296291314453421 -0.98296291314453399 64.600000000000009 62.95000000000001 26.650000000000002 27.050000000000004 68.850000000000009 -1.0000000180025095e-35 -0.56174490092936669 24.750000000000004 1.0000000180025095e-35
decision_type=2 2 2 2 2 2 2 2 2 2 2
left_child=1 -1 3 4 -3 -6 7 -4 10 -10 -8
right_child=-2 2 6 -5 5 -7 8 -9 9 -11 -12
leaf_value=0.02466504803467709 0.035444106424042013 0.05831103691635893 -0.0063604164729912198 -0.09614738030885929 -0.098429026242734585 0.015343548256129019 0.0018110408695086869 0.047563839520813216 0.011135178954568227 -0.041888405745362636 0.051922844333579847
leaf_weight=1.0359708813484747 0.64090553845744658 0.62278004083782423 2.0499601323390384 0.65179476290359151 0.54220265150070224 1.5341944863685055 0.61162661551497877 1.5059658757236301 2.2388397660106447 2.6548241585260257 0.61055447638500193
leaf_count=38 36 7 32 17 3 157 12 21 52 57 31
internal_value=-0.000189763 -0.00181423 -0.00392068 -0.0167659 0.00240312 -0.0143655 0.000529774 0.016477 -0.00874238 -0.0176302 0.026845
internal_weight=14.6996 14.0587 13.0227 3.35097 2.69918 2.0764 9.67177 3.55593 6.11585 4.89366 1.22218
internal_count=463 427 389 184 167 160 205 53 152 109 43
is_linear=0
shrinkage=0.1


Tree=351
num_leaves=16
num_cat=0
split_feature=6 5 6 3 2 1 8 3 1 6 1 5 5 3 5
split_gain=0.126604 0.12379 0.0774798 0.133258 0.0199891 0.0151461 0.00914817 0.00232346 0.0072488 0.00014107 2.21763e-11 1.32114e-11 1.09326e-11 1.09469e-11 6.88332e-12
threshold=74.15000000000002 23.550000000000004 83.40000000000002 0.81174490092936691 0.6078576107927941 0.78656609248549303 1.0000000180025095e-35 1.0000000180025095e-35 0.78656609248549303 73.15000000000002 -0.12940952255126037 27.950000000000003 24.750000000000004 -0.56174490092936669 29.050000000000004
decision_type=2 2 2 2 2 2 2 2 2 2 2 2 2 2 2
left_child=4 -2 3 6 7 10 -3 8 12 -9 11 -6 -1 -14 -13
right_child=1 2 -4 -5 5 -7 -8 9 -10 -11 -12 14 13 -15 -16
leaf_value=-0.08002174023058968 -0.0098656578785010687 0.068775798423485995 0.085917884919535725 -0.05863833429507298 -0.080027200125352277 0.080512519601057694 0.033106889360789392 -0.082276267252265722 0.080225159021123094 -0.088803064598238057 -0.080011613037541895 -0.080013238786629859 -0.08001545838007379 -0.080009456947627247 -0.080021658714253971
leaf_weight=0.0016923115526880092 1.0435170348355312 0.20028154387546226 0.27321250706881983 0.15022967266850173 0.0023703462647972628 0.014157651457935572 0.11217788151407149 0.047003968245917349 0.003498327685520052 0.11207709187783621 0.0037773362946609268 0.0018183853071604972 0.0080521096715527873 0.0048822228618520267 0.0020832587092627364
leaf_count=10 20 22 14 10 6 2 34 109 1 5 31 13 82 74 30
internal_value=0.0037782 0.0122838 0.043692 0.0187581 -0.071366 0.0138697 0.0559701 -0.0830095 -0.0490861 -0.0868746 -0.0800177 -0.0800213 -0.0800142 -0.0800132 -0.0800177
internal_weight=1.98083 1.77942 0.735902 0.462689 0.201413 0.024207 0.312459 0.177206 0.018125 0.159081 0.0100493 0.00627199 0.0146266 0.0129343 0.00390164
internal_count=463 100 80 66 363 82 56 281 167 114 80 49 166 156 43
is_linear=0
shrinkage=0.1


Tree=352
num_leaves=15
num_cat=0
split_feature=1 6 3 6 5 6 6 6 6 5 8 1 2 1
split_gain=0.0657614 0.17916 0.152321 0.128995 0.343349 0.182087 0.120979 0.538576 0.096577 0.00159577 0.000516421 0.000388621 1.17996e-05 4.51062e-06
threshold=-0.98296291314453399 57.45000000000001 -0.56174490092936669 60.750000000000007 28.050000000000004 61.350000000000001 66.100000000000009 66.750000000000014 59.850000000000001 26.250000000000004 1.0000000180025095e-35 -0.37940952255126015 0.6078576107927941 -0.60355339059327384
decision_type=2 2 2 2 2 2 2 2 2 2 2 2 2 2
left_child=-1 2 -2 8 6 -6 9 -8 -3 -5 -7 12 13 -4
right_child=1 3 11 4 5 10 7 -9 -10 -11 -12 -13 -14 -15
leaf_value=0.014298579831011963 0.020027650727341126 0.0045393597486315515 -0.080471506638510215 -0.011906908319438509 0.0034989034119495888 -0.088108775857838106 0.084973886620355141 -0.0012211192077042638 0.049280189143473818 -0.016420481877347858 -0.082774504329407611 -0.087326526468470403 -0.082424145747848759 -0.081607648939722194
leaf_weight=2.8726601246744421 0.19967990688746795 1.119905911036766 0.07972916541621089 1.5108947034459546 0.33771322524989844 0.31206570443464443 0.82902370369993139 5.7720747432031203 0.84763202592148434 1.6265734245534984 0.4337493051571073 0.23064165934920211 0.091839711443753913 0.062208816409111023
leaf_count=20 13 37 37 21 10 8 12 185 14 21 60 3 14 8
internal_value=0.000563866 -0.00236879 -0.0530109 0.00026079 -0.00402138 -0.0574212 0.00191997 0.009604 0.0238141 -0.0142469 -0.0850065 -0.0844142 -0.0815409 -0.0809695
internal_weight=16.3264 13.4537 0.664099 12.7896 10.8221 1.08353 9.73857 6.6011 1.96754 3.13747 0.745815 0.464419 0.233778 0.141938
internal_count=463 443 75 368 317 78 239 197 51 42 68 62 59 45
is_linear=0
shrinkage=0.1


Tree=353
num_leaves=20
num_cat=0
split_feature=8 1 2 6 0 5 5 6 3 5 5 2 5 0 2 6 5 2 1
split_gain=0.0593054 0.232874 0.447452 0.392295 0.206943 0.195895 0.347712 0.144218 0.279345 0.129218 0.155286 0.0709841 0.0298729 0.00983096 0.00755075 0.000251191 0.000149642 4.15269e-06 4.99965e-08
threshold=1.0000000180025095e-35 1.0000000180025095e-35 -0.8783796973249266 84.40000000000002 -0.3794095225512602 23.750000000000004 27.950000000000003 63.300000000000004 -0.56174490092936669 29.850000000000005 31.250000000000004 -0.8783796973249266 27.950000000000003 -0.70710678118654735 0.87837969732492682 77.750000000000014 23.850000000000005 1.0000000180025095e-35 1.0000000180025095e-35
decision_type=2 2 2 2 2 2 2 2 2 2 2 2 2 2 2 2 2 2 2
left_child=5 4 -3 14 7 -1 16 8 -2 -6 11 -11 -9 -10 15 -4 -7 18 -18
right_child=1 2 3 -5 9 6 -8 12 13 10 -12 -13 -14 -15 -16 -17 17 -19 -20
leaf_value=0.033499059276622667 -0.071845931752550538 0.053264594416541189 -0.083356355930706949 -0.002297184292644965 -0.032277508454038192 -0.084731358267864321 0.0084639455424623828 0.04520907440638007 0.047627151846787272 -0.00067490606147069775 -0.030421851904663701 0.037782186024350975 0.084440776883941859 0.083757371473017789 -0.10325699736864313 -0.086779814263221275 -0.080409884810218824 -0.081044621736012845 -0.080284455665222354
leaf_weight=1.810491831973194 0.27449562336551026 0.50925195810850743 0.5294097841542682 0.92172178009059269 1.2696145215886652 0.12975010648369822 2.2254498360853177 0.34856526987277903 0.13803204681607895 0.83394459111150232 0.81678495911182825 1.1307463469274821 0.43795464001595974 0.16573602912831009 0.29276880179531872 0.36011350265471265 0.072124154306948185 0.26960427424637601 0.056811158079653978
leaf_count=16 11 20 51 10 34 3 27 28 17 17 32 33 22 29 14 15 13 36 35
internal_value=-0.00115271 -0.0063267 -0.0308438 -0.0512012 0.00550326 0.00794908 -0.00884918 0.0391812 0.00126982 -0.00584259 0.00622372 0.0214585 0.0670543 0.0673398 -0.0893271 -0.0847423 -0.0817817 -0.0808214 -0.0803546
internal_weight=12.5934 8.02914 2.61327 2.10401 5.41587 4.56423 2.75374 1.36478 0.578264 4.05109 2.78148 1.96469 0.78652 0.303768 1.18229 0.889523 0.52829 0.39854 0.128935
internal_count=463 333 110 90 223 130 114 107 57 116 82 50 50 46 80 66 87 84 48
is_linear=0
shrinkage=0.1


Tree=354
num_leaves=7
num_cat=0
split_feature=5 6 5 5 5 5
split_gain=0.114124 0.228901 0.10862 0.113278 0.130832 3.73562e-06
threshold=23.550000000000004 83.40000000000002 32.300000000000004 24.050000000000004 31.950000000000003 31.850000000000005
decision_type=2 2 2 2 2 2
left_child=-1 2 3 -2 5 -5
right_child=1 -3 -4 4 -6 -7
leaf_value=0.016222119068536166 0.0031559187282239227 -0.10070484480315789 0.081970849565121948 -0.080258344599681952 0.012489424241025778 -0.081211366676544994
leaf_weight=2.4313116008415818 1.9519978603348147 0.27030344036757004 0.13872802862897504 0.35395122412410263 0.24427520483732224 0.046537564136087894
leaf_count=25 23 14 6 389 3 3
internal_value=0.000113314 -0.0129167 -0.00424204 -0.00884783 -0.0451887 -0.0803691
internal_weight=5.4371 3.00579 2.73549 2.59676 0.644764 0.400489
internal_count=463 438 424 418 395 392
is_linear=0
shrinkage=0.1


Tree=355
num_leaves=12
num_cat=0
split_feature=5 1 0 8 5 0 2 5 6 5 6
split_gain=0.0850164 0.1476 0.370394 0.0857581 0.254975 0.233971 0.332998 0.204724 0.278819 0.000368322 2.80306e-06
threshold=23.850000000000005 0.37940952255126026 -0.60355339059327362 1.0000000180025095e-35 24.650000000000002 -0.98296291314453399 0.87837969732492682 26.650000000000002 64.600000000000009 24.050000000000004 75.15000000000002
decision_type=2 2 2 2 2 2 2 2 2 2 2
left_child=-1 3 9 7 -5 -6 -7 -2 -9 -3 -11
right_child=1 2 -4 4 5 6 -8 8 -10 10 -12
leaf_value=-0.020990019034694229 0.034066593017006729 0.085744663949497715 -0.080897483215504454 -0.059245030107063668 0.05135569867948702 9.7071090781971681e-05 -0.095135396256402147 -0.031945614267649636 0.019404064582121617 0.080951906733952472 0.080335217440300907
leaf_weight=1.7266838871873922 2.0305452819447947 0.26711932197213173 0.17955254414118904 0.85777978040277769 0.74740863917395195 3.618850236322035 0.40863391562015738 1.9808644840595659 2.2682499568909407 0.21535331290215254 0.1120572880608961
leaf_count=41 35 5 22 9 36 187 20 30 20 26 32
internal_value=-0.000172182 0.00266123 0.0449747 -8.83676e-05 -0.00904717 -2.94396e-05 -0.00956534 0.00794742 -0.00453428 0.082989 0.0807408
internal_weight=14.4131 12.6864 0.774082 11.9123 5.63267 4.77489 4.02748 6.27966 4.24911 0.59453 0.327411
internal_count=463 422 85 337 252 243 207 85 50 63 58
is_linear=0
shrinkage=0.1


Tree=356
num_leaves=12
num_cat=0
split_feature=6 6 3 6 5 5 6 5 1 6 5
split_gain=0.127779 0.25493 0.233624 0.177358 0.153064 0.0951176 0.06795 0.0274378 0.0301416 0.00897925 0.0157851
threshold=87.100000000000009 85.850000000000009 -0.56174490092936669 75.350000000000009 24.350000000000005 23.750000000000004 79.15000000000002 24.950000000000003 0.78656609248549303 77.15000000000002 24.450000000000003
decision_type=2 2 2 2 2 2 2 2 2 2 2
left_child=1 2 4 7 -1 -5 -7 -4 -9 10 -6
right_child=-2 -3 3 5 9 6 -8 8 -10 -11 -12
leaf_value=-0.11229203155955646 -0.057163294266079405 0.094656500434180307 -0.085982079272168097 0.06937690962329747 0.073535296744628803 0.04862469850038148 -0.04672571228863065 -0.080042940912296287 0.080444599705071868 0.075226165547521637 -0.080032707542155593
leaf_weight=0.26320319944352355 0.29085644093720486 0.32098420869442623 0.14877890200295951 0.47605403859051876 0.014612270169891417 0.13944862218340859 0.16105923472787254 0.022951655161705276 0.023877149214968085 0.048305028874892741 0.012350902386060625
leaf_count=10 6 7 33 15 2 26 14 244 4 9 93
internal_value=0.00389845 0.0147834 -0.00477799 0.0201339 -0.0763308 0.0415707 -0.002479 -0.0649701 0.00178672 0.0494212 0.00319107
internal_weight=1.92248 1.63163 1.31064 0.97217 0.338471 0.776562 0.300508 0.195608 0.0468288 0.0752682 0.0269632
internal_count=463 457 450 336 114 55 40 281 248 104 95
is_linear=0
shrinkage=0.1


Tree=357
num_leaves=13
num_cat=0
split_feature=5 5 3 5 5 1 3 5 5 3 6 1
split_gain=0.067047 0.0829657 0.168921 0.0754543 0.302429 0.295351 0.219502 0.136404 0.323531 0.0978826 0.101899 0.000304484
threshold=23.250000000000004 24.350000000000005 1.0000000180025095e-35 25.650000000000002 25.350000000000005 -0.12940952255126037 0.81174490092936691 26.650000000000002 27.050000000000004 -1.0000000180025095e-35 69.350000000000009 0.1294095225512602
decision_type=2 2 2 2 2 2 2 2 2 2 2 2
left_child=-1 2 -2 4 9 7 11 -5 -9 10 -3 -7
right_child=1 3 -4 5 -6 6 -8 8 -10 -11 -12 -13
leaf_value=0.030437418327385109 -0.085581564236524243 0.038297149630205467 0.014865925190346138 -0.032457405006319356 0.05741068261959914 -0.083673743027299866 0.015950041145475061 0.064556764633101574 -0.00086885747176465372 -0.028374555838695782 -0.0094402552525036168 -0.08781884998710271
leaf_weight=0.69947250816039819 0.33673622499918465 0.73720401478931319 0.33296106614579912 1.0599853992462129 1.0752344703068955 0.38852418010355971 0.303496855776757 0.83856140822171976 7.6602502089808695 1.0874190148169864 1.1364851382240884 0.32582600717432797
leaf_count=15 21 10 26 7 19 50 10 6 219 23 40 17
internal_value=0.000162252 -0.00122341 -0.0356409 0.000353907 0.0119859 -0.00408517 -0.0552953 0.00136783 0.00558656 -0.00450876 0.00934205 -0.0855644
internal_weight=15.9822 15.2827 0.669697 14.613 4.03634 10.5766 1.01785 9.5588 8.49881 2.96111 1.87369 0.71435
internal_count=463 448 47 401 92 309 77 232 225 73 50 67
is_linear=0
shrinkage=0.1


Tree=358
num_leaves=7
num_cat=0
split_feature=6 6 6 6 0 6
split_gain=0.0634651 0.0962337 0.064097 0.206191 0.128359 0.135127
threshold=53.400000000000006 54.050000000000004 85.850000000000009 84.40000000000002 0.98296291314453421 80.050000000000026
decision_type=2 2 2 2 2 2
left_child=-1 -2 3 4 5 -3
right_child=1 2 -4 -5 -6 -7
leaf_value=0.03103551927285067 -0.044507037283885727 -0.00020900896817101865 -0.026479055814548205 0.061872051010362472 0.048574683400370064 -0.041353115990500081
leaf_weight=0.59983576458762478 0.51670986867975344 8.3650683259911514 0.86660267587285567 0.54197848821058947 0.48629493547196112 0.88243333570426408
leaf_count=30 7 348 13 4 36 25
internal_value=-0.000686245 -0.00231826 -0.000361828 0.00184076 -0.00150179 -0.00413514
internal_weight=12.2589 11.6591 11.1424 10.2758 9.7338 9.2475
internal_count=463 433 426 413 409 373
is_linear=0
shrinkage=0.1


Tree=359
num_leaves=9
num_cat=0
split_feature=6 6 6 2 5 5 0 5
split_gain=0.118658 0.138993 0.0911441 0.16212 0.103495 0.188626 0.00908112 0.0160823
threshold=86.100000000000009 83.40000000000002 82.000000000000014 -0.8783796973249266 23.250000000000004 23.550000000000004 -0.60355339059327362 31.750000000000004
decision_type=2 2 2 2 2 2 2 2
left_child=1 2 3 6 -5 -6 -1 -8
right_child=-2 -3 -4 4 5 -7 7 -9
leaf_value=-0.086466264876198295 0.036521779254006959 -0.084253082249517358 0.059534823161591401 -0.028493527771245 0.065758741756818381 -0.0022109097490759073 -0.080842429325687262 0.023596977854384173
leaf_weight=0.22885512624998228 0.7674027970060705 0.21613853568487673 0.22744170809164632 0.95385443791747171 0.49379346519708667 2.3579921384789486 0.041801314189796712 0.022778584156185389
leaf_count=35 10 12 8 8 5 329 53 3
internal_value=0.000151876 -0.00599219 -0.00208253 -0.00550144 2.08247e-05 0.0095582 -0.0771212 -0.0440046
internal_weight=5.31006 4.54266 4.32652 4.09908 3.80564 2.85179 0.293435 0.0645799
internal_count=463 453 441 433 342 334 91 56
is_linear=0
shrinkage=0.1


Tree=360
num_leaves=12
num_cat=0
split_feature=5 1 8 5 5 1 3 6 6 0 0
split_gain=0.0795627 0.139663 0.0802935 0.226546 0.21766 0.30077 0.205989 0.167424 0.0660876 0.0631033 0.271502
threshold=23.850000000000005 0.37940952255126026 1.0000000180025095e-35 24.650000000000002 27.950000000000003 -0.12940952255126037 1.0000000180025095e-35 67.850000000000009 63.050000000000004 -0.78656609248549303 -0.60355339059327362
decision_type=2 2 2 2 2 2 2 2 2 2 2
left_child=-1 2 7 -4 6 -6 -5 8 -2 -3 -11
right_child=1 9 3 4 5 -7 -8 -9 -10 10 -12
leaf_value=-0.020435795196804187 0.0084559375130683068 0.082113448172323633 -0.056964960140296853 -0.0077801565835155925 -0.081943209350101492 0.025740644754268543 0.041117162052557221 0.030816714159855305 -0.01696314092358947 0.083432797488755039 -0.080866838555467363
leaf_weight=1.6959791870322085 2.1008375731253164 0.28475169709417969 0.82782038860022833 2.171568455640227 0.65747245531747223 0.42837532982230409 1.4281186164589597 2.0988841159269214 1.9932781164534388 0.26621938042808324 0.16164777579251755
leaf_count=41 34 26 9 28 184 6 25 26 25 37 22
internal_value=-0.000119356 0.00265513 3.86582e-05 -0.00873886 -0.000218482 -0.0394611 0.0116191 0.0078529 -0.0039197 0.0456365 0.0213606
internal_weight=14.115 12.419 11.7064 5.51336 4.68553 1.08585 3.59969 6.193 4.09412 0.712619 0.427867
internal_count=463 422 337 252 243 190 53 85 59 85 59
is_linear=0
shrinkage=0.1


Tree=361
num_leaves=8
num_cat=0
split_feature=1 5 5 6 2 5 0
split_gain=0.117627 1.01189e-06 1.26406e-07 1.36121e-08 1.00815e-08 2.71551e-11 1.99414e-11
threshold=0.78656609248549303 23.550000000000004 23.850000000000005 74.15000000000002 0.6078576107927941 31.850000000000005 0.91597561503675362
decision_type=2 2 2 2 2 2 2
left_child=1 -1 -3 5 -5 6 -4
right_child=-2 2 3 4 -6 -7 -8
leaf_value=-0.08065821908121841 0.01172666269958772 -0.080356658269312597 -0.080009186018232634 -0.08005463077761428 -0.080150335116873916 -0.080024755187672478 -0.080014967678931015
leaf_weight=0.061637997345314832 1.6485259274486452 0.019604926688771229 0.014312983562376758 0.021579679669230245 0.022465479676611722 0.0016751519897297831 0.010228856310277479
leaf_count=17 35 11 265 37 13 12 73
internal_value=0.00397707 -0.0803462 -0.0801321 -0.0800695 -0.0801034 -0.0800124 -0.0800116
internal_weight=1.80003 0.151505 0.0898671 0.0702622 0.0440452 0.026217 0.0245418
internal_count=463 428 411 400 50 350 338
is_linear=0
shrinkage=0.1


Tree=362
num_leaves=15
num_cat=0
split_feature=7 5 5 6 6 5 2 5 6 6 1 6 5 2
split_gain=0.0699903 0.0784459 0.199394 0.166954 0.194368 0.159873 0.211899 0.266944 0.146302 0.131573 0.122721 0.110791 0.0256694 0.000396799
threshold=1.0000000180025095e-35 26.150000000000002 25.350000000000005 73.850000000000009 70.200000000000003 26.650000000000002 1.0000000180025095e-35 30.250000000000004 75.15000000000002 59.850000000000001 0.1294095225512602 60.750000000000007 30.750000000000004 -0.60785761079279388
decision_type=2 2 2 2 2 2 2 2 2 2 2 2 2 2
left_child=-1 2 3 4 -2 -3 7 9 -5 -7 -4 -8 -9 -10
right_child=1 5 10 8 -6 6 11 12 13 -11 -12 -13 -14 -15
leaf_value=0.027630360112244557 -0.015239282536572737 -0.045257103358486678 0.0032174912132960018 0.003789519748869478 0.032524652176522693 0.055136376607140748 0.0035123714139220375 -0.012852588329353865 -0.088277891227965088 0.012603469278303565 0.059840422553321837 -0.03926756610385812 -0.037671808919479362 -0.082065161416094143
leaf_weight=0.87575225689215486 1.9610429903841589 0.98854757993831199 0.63059850607532986 0.33199551666621108 1.5064433488005304 1.0592423744237733 0.9023251542967049 1.2808176768157862 0.16860840392473586 2.320918875571806 0.97394515905762091 1.8394987804640548 0.61767829370364769 0.26340515265474129
leaf_count=22 29 19 29 8 29 28 39 26 19 65 20 41 40 49
internal_value=0.000158895 -0.00146172 0.00757007 -0.00381213 0.00551167 -0.00731251 -0.00263573 0.00907874 -0.0461286 0.025932 0.0375872 -0.0251888 -0.0209276 -0.0844899
internal_weight=15.7208 14.8451 5.83604 4.2315 3.46749 9.00903 8.02048 5.27866 0.764009 3.38016 1.60454 2.74182 1.8985 0.432014
internal_count=463 441 183 134 58 258 239 159 76 93 49 80 66 68
is_linear=0
shrinkage=0.1


Tree=363
num_leaves=10
num_cat=0
split_feature=6 6 9 3 5 2 6 0 2
split_gain=0.0537161 0.0850485 0.0563567 0.0934305 0.127749 0.238687 0.182262 0.0443398 0.040517
threshold=53.400000000000006 54.050000000000004 1.0000000180025095e-35 0.81174490092936691 30.250000000000004 -0.8783796973249266 63.850000000000001 0.12940952255126059 -1.0000000180025095e-35
decision_type=2 2 2 2 2 2 2 2 2
left_child=-1 -2 3 4 6 -6 -3 -5 -4
right_child=1 2 8 7 5 -7 -8 -9 -10
leaf_value=0.028693163590246869 -0.042137161003897333 -0.031313851957562443 0.045457816788106231 -0.047250448189234288 -0.018928329465588405 0.061625815770910281 0.0048532379933082263 -0.0091082497995486067 -0.0013762780495264271
leaf_weight=0.59484780306229446 0.50776470167329435 1.8486842070124057 0.44432988271000795 0.61055955447955124 0.63382298074429855 0.87651807712973073 5.6575229035661323 0.60855320747941732 0.31615212623728517
leaf_count=30 7 84 29 21 18 34 201 20 19
internal_value=-0.000609137 -0.00212431 -0.000276652 -0.00222802 0.00128506 0.0278208 -0.00405426 -0.0282107 0.0259877
internal_weight=12.0988 11.5039 10.9961 10.2357 9.01655 1.51034 7.50621 1.21911 0.760482
internal_count=463 433 426 378 337 52 285 41 48
is_linear=0
shrinkage=0.1


Tree=364
num_leaves=9
num_cat=0
split_feature=5 5 5 6 5 5 3 5
split_gain=0.102413 0.213922 0.181951 0.277619 0.164154 0.147163 0.134841 0.000182919
threshold=23.550000000000004 23.750000000000004 23.850000000000005 63.850000000000001 24.450000000000003 31.950000000000003 0.81174490092936691 24.050000000000004
decision_type=2 2 2 2 2 2 2 2
left_child=-1 -2 -3 4 -4 -6 7 -5
right_child=1 2 3 6 5 -7 -8 -9
leaf_value=0.015482935337737567 -0.048695614405999524 0.063439870647724148 0.1035081191338274 -0.084341434771392707 -0.080404414297073609 0.03529693779948273 0.037204287809484898 -0.080357311139339735
leaf_weight=2.3194298995658755 1.0496090278029444 0.44679311849176873 0.21941639482974984 0.31157361064106226 0.15735071757808328 0.3647856879979372 0.11534475663938792 0.18287430213877087
leaf_count=25 11 5 1 8 192 9 27 185
internal_value=-0.000116564 -0.012822 0.0081181 -0.0101728 0.030929 0.000429247 -0.0601557 -0.0828679
internal_weight=5.16718 2.84775 1.79814 1.35135 0.741553 0.522136 0.609793 0.494448
internal_count=463 438 427 422 202 201 220 193
is_linear=0
shrinkage=0.1


Tree=365
num_leaves=9
num_cat=0
split_feature=0 5 6 1 5 0 6 6
split_gain=0.0673049 0.260524 0.198419 0.314191 0.160489 0.179614 0.0995776 0.0398406
threshold=0.98296291314453421 23.350000000000005 76.950000000000017 0.60355339059327384 24.050000000000004 -0.98296291314453399 73.550000000000026 81.65000000000002
decision_type=2 2 2 2 2 2 2 2
left_child=1 -1 4 -4 -3 -6 -7 -5
right_child=-2 2 3 7 5 6 -8 -9
leaf_value=-0.084605421401050096 0.032686738300962768 -0.046179213731948998 0.092578472683201199 0.018433325790113277 0.048353346722267494 -0.0010104195441622613 -0.039919827112652413 -0.027452785129292064
leaf_weight=0.36876552295870979 0.59363895840942937 0.82146406965330143 0.57898922963067778 0.36638659110758454 0.70818050170782498 9.3219642524381925 0.70766849658684883 0.39130680914968252
leaf_count=19 36 15 8 20 36 280 25 24
internal_value=-0.000255658 -0.00172994 0.000639924 0.0371167 -0.00357814 -0.000319078 -0.00375578 -0.00526432
internal_weight=13.8584 13.2647 12.896 1.33668 11.5593 10.7378 10.0296 0.757693
internal_count=463 427 408 52 356 341 305 44
is_linear=0
shrinkage=0.1


Tree=366
num_leaves=12
num_cat=0
split_feature=6 6 3 6 5 5 6 5 1 6 5
split_gain=0.1143 0.223657 0.206656 0.161726 0.122232 0.0843102 0.0705808 0.0225555 0.0247629 0.00730559 0.0131916
threshold=87.100000000000009 85.850000000000009 -0.56174490092936669 75.350000000000009 24.350000000000005 23.750000000000004 80.65000000000002 24.950000000000003 0.78656609248549303 77.15000000000002 24.450000000000003
decision_type=2 2 2 2 2 2 2 2 2 2 2
left_child=1 2 4 7 -1 -5 -7 -4 -9 10 -6
right_child=-2 -3 3 5 9 6 -8 8 -10 -11 -12
leaf_value=-0.10757730870971852 -0.056364587154227541 0.092840928584964483 -0.085659534770765766 0.067394292689794438 0.073403845128495709 0.048486010464262964 -0.053786273150054825 -0.080033920033670242 0.080355847973044903 0.074954204894088078 -0.080028274867644564
leaf_weight=0.24438765306422261 0.27127297706465481 0.2910227134998421 0.13664375885400659 0.44437699708214495 0.012349415104836226 0.13285975341568701 0.13712502282578498 0.019055380923418852 0.019452988402917981 0.039839036835473962 0.010258285880809126
leaf_count=10 6 7 33 15 2 29 11 244 4 9 93
internal_value=0.00333087 0.0142184 -0.00490727 0.0195029 -0.0756725 0.0406165 -0.00345799 -0.0666093 0.000988994 0.0491882 0.00378374
internal_weight=1.75864 1.48737 1.19635 0.889514 0.306834 0.714362 0.269985 0.175152 0.0385084 0.0624467 0.0226077
internal_count=463 457 450 336 114 55 40 281 248 104 95
is_linear=0
shrinkage=0.1


Tree=367
num_leaves=12
num_cat=0
split_feature=1 5 6 6 5 6 6 5 0 5 5
split_gain=0.0683932 0.210981 0.0941079 0.0855897 0.248721 0.122909 0.507178 0.00455012 0.000360037 3.29618e-07 3.77355e-07
threshold=-0.98296291314453399 28.750000000000004 53.70000000000001 60.750000000000007 28.050000000000004 66.100000000000009 66.750000000000014 26.250000000000004 0.91597561503675362 29.050000000000004 31.750000000000004
decision_type=2 2 2 2 2 2 2 2 2 2 2
left_child=-1 3 -3 -2 5 7 -7 -5 9 -4 -11
right_child=1 2 8 4 -6 6 -8 -9 -10 10 -12
leaf_value=0.014665114163290381 0.019620434815761409 -0.004035671202742867 -0.080574428158190353 -0.011241459356147662 -0.053814330157574281 0.083732542328962545 -0.0014055203243695904 -0.019134524840343434 -0.086013153453723235 -0.080192505955645949 -0.080575159056768875
leaf_weight=2.7742974366992721 1.9401863212697179 0.22332620879024112 0.045692563988268375 1.3952826943714138 0.88935505630797784 0.80164860771037627 5.502061860574031 1.5325562163488937 0.24507035966962576 0.12749627263838192 0.032300585196935572
leaf_count=20 31 27 14 21 29 12 185 21 4 93 6
internal_value=0.000437457 -0.00266202 -0.0571151 0.000380423 -0.0033079 0.00155782 0.00942156 -0.015373 -0.0834247 -0.0803376 -0.0802699
internal_weight=15.5093 12.735 0.673886 12.0611 10.1209 9.23155 6.30371 2.92784 0.45056 0.205489 0.159797
internal_count=463 443 144 299 268 239 197 42 117 113 99
is_linear=0
shrinkage=0.1


Tree=368
num_leaves=22
num_cat=0
split_feature=8 1 3 6 0 5 6 2 5 3 6 3 5 5 1 6 5 5 6 6 5
split_gain=0.0676043 0.199786 0.396058 0.27012 0.186811 0.164375 0.175981 0.46136 0.132874 0.122906 0.113267 0.243674 0.1002 0.141267 0.0745478 0.0551859 0.034414 0.0133189 0.00456887 0.00264485 0.000109643
threshold=1.0000000180025095e-35 1.0000000180025095e-35 -0.22252093395631442 80.65000000000002 -0.3794095225512602 23.750000000000004 65.65000000000002 0.87837969732492682 23.650000000000002 1.0000000180025095e-35 63.300000000000004 -0.56174490092936669 29.850000000000005 31.250000000000004 0.60355339059327384 58.850000000000001 27.950000000000003 28.250000000000004 66.750000000000014 70.950000000000017 23.950000000000003
decision_type=2 2 2 2 2 2 2 2 2 2 2 2 2 2 2 2 2 2 2 2 2
left_child=5 4 3 8 10 -1 9 18 -3 -7 11 -2 -6 15 -4 -14 -12 -13 -8 -20 -10
right_child=1 2 14 -5 12 6 7 -9 20 -11 16 17 13 -15 -16 -17 -18 -19 19 -21 -22
leaf_value=0.033027491851659339 -0.06956679931402987 0.015432700655617283 -0.09093696359217629 0.052029235512839736 -0.030278747474858411 -0.013395382530574877 -0.097256192378342668 0.059841643182333183 -0.085403129336669992 0.040966569316242901 0.040470711068029519 0.037247225618021983 0.035302367649212553 -0.03151699924572117 -0.039169958429006266 0.0012560649214930441 0.084323452646902386 0.083201147758214966 -0.087775692394180385 -0.071757166312874127 -0.081710721568638622
leaf_weight=1.7419095858931539 0.24535105220275 0.23436887562274955 0.73817681003129088 0.67605480918427929 1.1863446547067726 0.84606795877334684 0.25767974261543702 0.31520821354934014 0.14737039059400558 0.81797716859728098 0.33092293652589433 0.096792789408936875 1.0071117781626528 0.77052309730788682 0.4464123896905221 0.90292723829043087 0.38968593731988221 0.18102586347959004 0.22075762279564515 0.19335825109737925 0.17701609618961811
leaf_count=16 11 3 30 11 34 28 11 12 2 15 28 7 23 32 22 27 22 39 17 31 42
internal_value=-0.000694643 -0.00644602 -0.0301199 0.00950879 0.00476117 0.00916395 -0.00651593 -0.0399698 -0.041938 0.0133268 0.0384722 0.00305548 -0.00608187 0.00462701 -0.0714286 0.0192078 0.0641851 0.0671907 -0.0868016 -0.0802964 -0.0833882
internal_weight=11.923 7.53008 2.4194 1.23481 5.11069 4.39296 2.65105 0.987004 0.558755 1.66405 1.24378 0.52317 3.86691 2.68056 1.18459 1.91004 0.720609 0.277819 0.671796 0.414116 0.324386
internal_count=463 333 110 58 223 130 114 71 47 43 107 57 116 82 52 50 50 46 59 48 44
is_linear=0
shrinkage=0.1


Tree=369
num_leaves=12
num_cat=0
split_feature=6 6 2 2 6 6 5 6 8 6 5
split_gain=0.0981168 0.126539 0.0858242 0.0876007 0.430222 0.377633 0.265539 0.21489 0.0656984 0.00838173 0.0161918
threshold=86.100000000000009 83.40000000000002 -0.8783796973249266 1.0000000180025095e-35 76.450000000000017 77.750000000000014 23.750000000000004 71.450000000000017 1.0000000180025095e-35 74.15000000000002 31.750000000000004
decision_type=2 2 2 2 2 2 2 2 2 2 2
left_child=1 2 8 5 7 6 -4 -5 -1 10 -10
right_child=-2 -3 3 4 -6 -7 -8 -9 9 -11 -12
leaf_value=0.025366891034136335 0.033537233906142785 -0.083946448501935861 -0.060581782841703881 -0.0089533124520732293 -0.082442738414218023 0.066520316643082444 0.033028243813751045 0.085862237916385378 -0.081497266105124561 -0.08730822784738404 0.022213870846137372
leaf_weight=0.085086060049434309 0.73743650340475131 0.19837632089365786 0.69474896788597174 0.70365523634427496 0.60297467568307173 0.86253373426734459 0.53744744792493293 0.36200543548329733 0.043946750289251102 0.18429813278271467 0.022896971553564072
leaf_count=15 10 12 7 119 19 20 165 19 66 8 3
internal_value=-0.000162289 -0.00594438 -0.00216992 0.00215485 -0.0149394 0.0157719 -0.0197519 0.0232556 -0.0505767 -0.0763061 -0.0459716
internal_weight=5.03541 4.29797 4.09959 3.76337 1.66864 2.09473 1.2322 1.06566 0.336228 0.251142 0.0668437
internal_count=463 453 441 349 157 192 172 138 92 77 69
is_linear=0
shrinkage=0.1


Tree=370
num_leaves=13
num_cat=0
split_feature=5 1 5 6 6 2 5 5 6 3 0 0
split_gain=0.0718049 0.134844 0.0628392 0.158793 0.3124 0.401434 0.143106 0.137928 0.133917 0.140736 0.0529661 0.241679
threshold=23.850000000000005 0.37940952255126026 27.600000000000005 69.350000000000009 67.550000000000011 -1.0000000180025095e-35 25.650000000000002 24.950000000000003 68.850000000000009 -0.22252093395631442 -0.78656609248549303 -0.60355339059327362
decision_type=2 2 2 2 2 2 2 2 2 2 2 2
left_child=-1 2 6 4 5 -4 7 -2 9 -8 -3 -12
right_child=1 10 3 -5 -6 -7 8 -9 -10 -11 11 -13
leaf_value=-0.02047100366109815 0.0091585850143711626 0.08188434018685059 -0.077855256064785522 0.051805632518208036 -0.098146829630926163 0.015994457624331267 0.052493908438284068 -0.026985925075097984 -0.0090893897478239571 0.0060577796218574641 0.083226248470288283 -0.080816156122724983
leaf_weight=1.5615932559594519 2.2105033914558536 0.25801772170234472 0.59493365463640446 0.35136908732238215 0.42967997392406676 1.9484918315029103 1.4242454284103592 2.0210434319451451 1.2010506849037481 1.2047578495694324 0.24630400602472946 0.14135199238080609
leaf_count=41 21 26 120 13 8 85 24 22 24 20 37 22
internal_value=-0.000296903 0.00232148 -0.000199504 -0.011768 -0.0192813 -0.00595797 0.00457116 -0.00810452 0.0185756 0.0312143 0.0467776 0.023411
internal_weight=13.5933 12.0317 11.3861 3.32447 2.97311 2.54343 8.0616 4.23155 3.83005 2.629 0.645674 0.387656
internal_count=463 422 337 226 213 205 111 43 68 44 85 59
is_linear=0
shrinkage=0.1


Tree=371
num_leaves=8
num_cat=0
split_feature=1 5 5 6 2 5 0
split_gain=0.10623 8.99215e-07 8.86117e-08 8.78934e-09 6.19214e-09 1.51757e-11 1.2279e-11
threshold=0.78656609248549303 23.550000000000004 23.850000000000005 74.15000000000002 0.6078576107927941 31.850000000000005 0.91597561503675362
decision_type=2 2 2 2 2 2 2
left_child=1 -1 -3 5 -5 6 -4
right_child=-2 2 3 4 -6 -7 -8
leaf_value=-0.080636668244011292 0.011819737857186126 -0.080318570605653394 -0.080007840638009392 -0.080049436922899564 -0.080129641440122912 -0.08002069780373651 -0.080012786817523343
leaf_weight=0.058673517340139258 1.5162076253909618 0.017151620166259818 0.011915195126675826 0.019099298573564738 0.019406938750762492 0.0013961040795038562 0.0086720451276960375
leaf_count=17 35 11 265 37 13 12 73
internal_value=0.00421748 -0.0803412 -0.0801179 -0.0800611 -0.0800899 -0.0800106 -0.0800099
internal_weight=1.65252 0.136315 0.0776412 0.0604896 0.0385062 0.0219833 0.0205872
internal_count=463 428 411 400 50 350 338
is_linear=0
shrinkage=0.1


Tree=372
num_leaves=11
num_cat=0
split_feature=7 6 6 6 6 6 6 6 3 3
split_gain=0.0624774 0.075 0.289014 0.37094 0.213651 0.20621 0.204218 0.421659 0.376465 0.0956787
threshold=1.0000000180025095e-35 68.850000000000009 66.750000000000014 66.350000000000009 69.350000000000009 64.850000000000009 70.200000000000003 70.800000000000026 1.0000000180025095e-35 -1.0000000180025095e-35
decision_type=2 2 2 2 2 2 2 2 2 2
left_child=-1 2 3 5 -3 9 -6 -8 -9 -2
right_child=1 4 -4 -5 6 -7 7 8 -10 -11
leaf_value=0.026668952981131047 0.0085450659736429832 0.064458584774861397 -0.057858400988916786 0.063621668359356329 -0.048323465121656084 -0.054768055534067508 0.080463098814470835 -0.040031018484370018 0.033570578853887131 -0.015029118417424929
leaf_weight=0.85560672206338395 4.0040157604234965 0.60809723252896297 0.9746938523603611 0.81885531777515996 0.69868860591668625 0.81370914753642853 0.69750604656292159 1.5223052012661358 1.2786632678908061 3.0203033931175005
leaf_count=22 111 8 30 11 12 28 9 89 58 85
internal_value=0.000413357 -0.0011427 -0.00623371 -0.000421196 0.00906165 -0.00711189 0.00103558 0.0108932 -0.00643133 -0.00159132
internal_weight=15.2924 14.4368 9.63158 8.65688 4.80526 7.83803 4.19716 3.49847 2.80097 7.02432
internal_count=463 441 265 235 176 224 168 156 147 196
is_linear=0
shrinkage=0.1


Tree=373
num_leaves=16
num_cat=0
split_feature=6 8 1 2 6 0 5 5 5 5 1 2 6 5 2
split_gain=0.0512279 0.070646 0.146588 0.352873 0.309605 0.222465 0.176528 0.137895 0.302842 0.0988989 0.202943 0.00371503 0.0036291 7.35455e-05 5.1676e-06
threshold=53.400000000000006 1.0000000180025095e-35 1.0000000180025095e-35 -0.8783796973249266 84.40000000000002 1.0000000180025095e-35 30.250000000000004 23.750000000000004 27.950000000000003 24.350000000000005 -0.12940952255126037 0.87837969732492682 58.850000000000001 23.850000000000005 0.87837969732492682
decision_type=2 2 2 2 2 2 2 2 2 2 2 2 2 2 2
left_child=-1 7 5 -4 11 9 -7 -2 13 -3 -11 -5 -8 -9 -15
right_child=1 2 3 4 -6 6 12 8 -10 10 -12 -13 -14 14 -16
leaf_value=0.028481501412563316 0.030014571350565896 0.10152613916552294 0.048210653528177411 -0.083817434710171751 -0.0036833609448036556 -0.039119164401590655 0.013232566305719166 -0.083831645810274302 0.0090778878763142466 0.06598681598273981 -0.025735527727720104 -0.098001773523916494 0.0043712639010105294 -0.080528483465002243 -0.081364827373901896
leaf_weight=0.5771320638596088 1.7030873000621785 0.20883840322494396 0.46565509846550446 0.72957786204642594 0.80624413047917187 1.3509451769641603 0.83300538812181901 0.10347454901784692 2.1219328442239203 0.54959031945327175 0.42992996555403928 0.24721548211527988 1.0381841375783549 0.23587774593033828 0.10757050447864458
leaf_count=30 16 1 20 66 10 36 21 3 27 75 37 14 23 70 14
internal_value=-0.000554924 -0.00208796 -0.00852689 -0.0293055 -0.0495495 0.0020671 -0.0115721 0.00794915 -0.00667967 0.0390486 0.0257281 -0.0874073 0.00831609 -0.0814946 -0.0807904
internal_weight=11.5083 10.9311 6.65919 2.24869 1.78304 4.41049 3.22213 4.27194 2.56886 1.18836 0.97952 0.976793 1.87119 0.446923 0.343448
internal_count=463 433 303 110 90 193 80 130 114 113 112 80 44 87 84
is_linear=0
shrinkage=0.1


Tree=374
num_leaves=7
num_cat=0
split_feature=5 6 5 6 5 5
split_gain=0.0974177 0.199426 0.0972065 0.106997 0.219162 0.188439
threshold=23.550000000000004 83.40000000000002 32.300000000000004 81.200000000000003 23.750000000000004 24.050000000000004
decision_type=2 2 2 2 2 2
left_child=-1 2 3 4 -2 -6
right_child=1 -3 -4 -5 5 -7
leaf_value=0.015078515099688298 -0.07062465664789766 -0.099035720065381194 0.081775859319959066 0.0357914513018169 0.03599617821157574 -0.042180109154489609
leaf_weight=2.1765633327886462 0.58119489252567413 0.24702128709486704 0.12337915366515506 0.42656294276821416 0.74215945880860068 0.52747556223584979
leaf_count=25 7 14 6 12 11 388
internal_value=-0.000594609 -0.0134784 -0.00467517 -0.00935871 -0.0197645 0.00351749
internal_weight=4.82436 2.64779 2.40077 2.27739 1.85083 1.26964
internal_count=463 438 424 418 406 399
is_linear=0
shrinkage=0.1


Tree=375
num_leaves=11
num_cat=0
split_feature=5 1 6 5 5 2 6 2 0 0
split_gain=0.0646317 0.125462 0.0728024 0.400208 0.453969 0.368723 0.267294 0.196714 0.0481736 0.220889
threshold=23.850000000000005 0.37940952255126026 66.450000000000017 25.250000000000004 26.650000000000002 -1.0000000180025095e-35 68.850000000000009 -1.0000000180025095e-35 -0.78656609248549303 -0.60355339059327362
decision_type=2 2 2 2 2 2 2 2 2 2
left_child=-1 2 3 -2 -5 -6 -4 -8 -3 -10
right_child=1 8 6 4 5 -7 7 -9 9 -11
leaf_value=-0.019721994182117914 -0.080546969273515789 0.081793702567337812 0.045889129852331102 0.054701420806693518 -0.054583416549658786 0.0096069283560027054 0.019636993286809932 -0.024622151658440592 0.083148864810477396 -0.080746436689762849
leaf_weight=1.519567503710278 0.67269843956455222 0.23813029320444912 1.3904646810697157 1.2174229621887205 1.4724259374124788 2.2814029514938765 1.8111460763611824 2.2539771013543946 0.22662467195186764 0.12906344165094275
leaf_count=41 9 26 34 20 123 86 33 32 37 22
internal_value=-0.000320601 0.00220064 -0.000195225 -0.00815773 0.00163782 -0.0155715 0.0080422 -0.00490325 0.0469836 0.0236785
internal_weight=13.2129 11.6934 11.0995 5.64395 4.97125 3.75383 5.45559 4.06512 0.593818 0.355688
internal_count=463 422 337 238 229 209 99 65 85 59
is_linear=0
shrinkage=0.1


Tree=376
num_leaves=12
num_cat=0
split_feature=6 6 3 6 6 5 6 5 1 6 6
split_gain=0.104691 0.201845 0.188367 0.14952 0.0959298 0.0692575 0.058674 0.0195657 0.0207877 0.00699906 0.00674744
threshold=87.100000000000009 85.850000000000009 -0.56174490092936669 75.350000000000009 84.950000000000003 23.750000000000004 80.65000000000002 24.950000000000003 0.78656609248549303 81.65000000000002 74.300000000000026
decision_type=2 2 2 2 2 2 2 2 2 2 2
left_child=1 2 4 7 9 -5 -7 -4 -9 10 -1
right_child=-2 -3 3 5 -6 6 -8 8 -10 -11 -12
leaf_value=-0.080019885711849509 -0.055327291756783505 0.092043535064173926 -0.085133824423722193 0.066015746337488329 -0.10444248325151761 0.048261676150596948 -0.049859776541762081 -0.08002823482339283 0.080299522084402913 0.079193991679103251 0.033960150639778496
leaf_weight=0.0066857894089478167 0.2531964837544366 0.2704487190931103 0.12590620620630943 0.41149097116431221 0.22407372295856476 0.12078718026168644 0.12300173626863398 0.015798963977431413 0.016567364567890763 0.026331485569244251 0.023273185208381619
leaf_count=89 6 7 33 15 1 29 11 244 4 4 20
internal_value=0.00372831 0.0146877 -0.00443691 0.0199232 -0.0751243 0.0409923 -0.00124471 -0.0673072 0.00203879 0.0415818 0.00852382
internal_weight=1.61756 1.36437 1.09392 0.813552 0.280364 0.65528 0.243789 0.158273 0.0323663 0.0562905 0.029959
internal_count=463 457 450 336 114 55 40 281 248 113 109
is_linear=0
shrinkage=0.1


Tree=377
num_leaves=14
num_cat=0
split_feature=1 6 3 6 5 5 3 6 2 3 1 2 0
split_gain=0.0624031 0.171993 0.115182 0.111684 0.281808 0.16867 0.0886541 0.143301 0.0778084 0.00075911 0.000260336 5.8805e-06 4.79056e-06
threshold=-0.98296291314453399 57.45000000000001 -0.56174490092936669 60.750000000000007 28.050000000000004 28.250000000000004 0.81174490092936691 70.800000000000026 0.6078576107927941 0.81174490092936691 -0.37940952255126015 0.6078576107927941 0.78656609248549325
decision_type=2 2 2 2 2 2 2 2 2 2 2 2 2
left_child=-1 2 -2 8 6 -6 7 -5 -3 -7 11 12 -4
right_child=1 3 10 4 5 9 -8 -9 -10 -11 -12 -13 -14
leaf_value=0.014169201089804503 0.013624265398510109 0.0042397816877695347 -0.080379622457092181 0.0062178959897565157 0.0019012460191126822 -0.083224448485249278 0.030201531228472453 -0.023914974239746544 0.04562187755967631 -0.090258075807571586 -0.086403868093730116 -0.082057849556663537 -0.081615151895869015
leaf_weight=2.7240311913192281 0.17101143929176033 1.0178293326607661 0.066146943179774098 5.7531567868427338 0.33230337785789821 0.35556358670874033 0.9550959150365087 2.1748185749165714 0.82074281922541548 0.26993036852218211 0.20791277475654979 0.081070831685792655 0.059710037894546986
leaf_count=20 13 36 42 86 9 61 30 123 15 8 3 14 3
internal_value=0.000477897 -0.00256284 -0.0554358 8.93171e-05 -0.00413744 -0.0556727 0.00141923 -0.00204822 0.0227128 -0.0862598 -0.0839047 -0.0813936 -0.0809658
internal_weight=14.9893 12.2653 0.585852 11.6794 9.84087 0.957797 8.88307 7.92798 1.83857 0.625494 0.414841 0.206928 0.125857
internal_count=463 443 75 368 317 78 239 209 51 69 62 59 45
is_linear=0
shrinkage=0.1


Tree=378
num_leaves=9
num_cat=0
split_feature=5 9 6 6 3 6 2 0
split_gain=0.0497638 0.106712 0.256029 0.13887 0.0892773 0.239648 0.0735724 0.0557063
threshold=31.850000000000005 1.0000000180025095e-35 53.400000000000006 54.050000000000004 0.81174490092936691 54.150000000000013 -1.0000000180025095e-35 0.12940952255126059
decision_type=2 2 2 2 2 2 2 2
left_child=1 2 -1 -4 5 -5 -3 -6
right_child=-2 6 3 4 7 -7 -8 -9
leaf_value=0.089553277109421139 -0.031925505317175459 0.072828585220827996 -0.062741758586442917 0.10277293118705776 -0.050597016667247974 -0.0014164915173523118 0.0035821058528667789 -0.0063278917706038069
leaf_weight=0.29758096151635705 0.49098775070160705 0.33361911494284868 0.39427206863183428 0.22696672915480753 0.56810333154862813 8.0763618210912664 0.28408598534588314 0.56890326274151448
leaf_count=22 12 28 6 3 21 332 19 20
internal_value=-0.000792351 0.000629616 -0.00183044 -0.00459558 -0.00216712 0.00143147 0.0409817 -0.0284469
internal_weight=11.2409 10.7499 10.1322 9.83461 9.44034 8.30333 0.617705 1.13701
internal_count=463 451 404 382 376 335 47 41
is_linear=0
shrinkage=0.1


Tree=379
num_leaves=10
num_cat=0
split_feature=6 2 6 5 5 3 1 6 6
split_gain=0.165811 0.269784 0.224213 0.0889738 0.101893 0.0858815 0.0196845 0.0175249 0.0497087
threshold=90.100000000000009 0.87837969732492682 86.100000000000009 23.250000000000004 23.550000000000004 -0.56174490092936669 0.60355339059327384 71.450000000000017 52.050000000000004
decision_type=2 2 2 2 2 2 2 2 2
left_child=1 2 3 -1 -5 -6 7 8 -3
right_child=-2 6 -4 4 5 -7 -8 -9 -10
leaf_value=-0.027045397007695766 0.089013558016433819 0.080543465488468524 0.086054405903433162 0.047988005400793184 0.027553652239758641 -0.015283823545870909 -0.095124295855355645 -0.083545858754956445 -0.081337515878182554
leaf_weight=1.0723524326458576 0.20033129234798241 0.031273732514819019 0.30804049532162014 0.49529288522899184 0.6737572715255743 1.5325475922118126 0.27384209802175974 0.081960873183561489 0.04821059457208321
leaf_count=12 4 2 5 8 110 264 12 8 38
internal_value=-1.0877e-05 -0.00395891 0.00402143 -0.00267433 0.00699934 -0.00220219 -0.0787962 -0.0511005 -0.0176442
internal_weight=4.71761 4.51728 4.08199 3.77395 2.7016 2.2063 0.435287 0.161445 0.0794843
internal_count=463 459 399 394 382 374 60 48 40
is_linear=0
shrinkage=0.1


Tree=380
num_leaves=10
num_cat=0
split_feature=0 6 6 6 6 3 6 0 2
split_gain=0.0693628 0.0772144 0.216999 0.128143 0.143952 0.271987 0.101587 0.0154585 0.000590823
threshold=-0.98296291314453399 54.600000000000009 59.150000000000013 60.000000000000007 64.600000000000009 -0.22252093395631442 68.850000000000009 0.98296291314453421 -0.60785761079279388
decision_type=2 2 2 2 2 2 2 2 2
left_child=-1 -2 7 -4 5 -5 -6 8 -3
right_child=1 2 3 4 6 -7 -8 -9 -10
leaf_value=0.027181124340340382 0.042878964817074157 -0.092514388213407753 0.045765642719626701 -0.000863210537782865 0.016145119743552476 -0.080052025948720129 -0.0060750307142520867 -0.050333315773601742 -0.082340450067046322
leaf_weight=0.87089297012426037 0.37098841063561749 0.16805340105929645 0.56131253031344286 1.2645671787977333 3.2692047795426316 0.66015797679210564 5.551370186789427 0.17325552180409431 0.08643802321603189
leaf_count=38 43 32 23 35 64 34 166 3 25
internal_value=-7.69532e-05 -0.00203798 -0.00345805 -0.000813045 -0.00324622 -0.028024 0.00216051 -0.0733734 -0.0890588
internal_weight=12.9762 12.1053 11.7344 11.3066 10.7453 1.92473 8.82057 0.427747 0.254491
internal_count=463 425 382 322 299 69 230 60 57
is_linear=0
shrinkage=0.1


Tree=381
num_leaves=8
num_cat=0
split_feature=1 5 5 6 1 5 0
split_gain=0.0959228 8.12e-07 8.52813e-08 6.47258e-09 5.13744e-09 9.23569e-12 6.80266e-12
threshold=0.78656609248549303 23.550000000000004 23.850000000000005 74.15000000000002 0.1294095225512602 31.850000000000005 0.91597561503675362
decision_type=2 2 2 2 2 2 2
left_child=1 -1 -3 5 -5 6 -4
right_child=-2 2 3 4 -6 -7 -8
leaf_value=-0.080630247741318176 0.010907142968679388 -0.08031865885803377 -0.080006638816814635 -0.080129729597539001 -0.080050015654711731 -0.080017488630159381 -0.080010679771248774
leaf_weight=0.057636891589936456 1.3878482594154775 0.016393952311773319 0.0098350427942932583 0.013803193418425508 0.019516210821166169 0.0011826554384697366 0.0072272236575372508
leaf_count=17 35 11 265 11 39 12 73
internal_value=0.0033337 -0.0803542 -0.08012 -0.0800568 -0.080083 -0.0800089 -0.0800084
internal_weight=1.51344 0.125595 0.0679583 0.0515643 0.0333194 0.0182449 0.0170623
internal_count=463 428 411 400 50 350 338
is_linear=0
shrinkage=0.1


Tree=382
num_leaves=10
num_cat=0
split_feature=5 5 2 1 6 3 6 5 1
split_gain=0.0624277 0.0747153 0.139851 0.0579248 0.160697 0.102142 0.0978943 0.158049 0.000196632
threshold=23.250000000000004 24.350000000000005 0.6078576107927941 -0.98296291314453399 57.45000000000001 -0.56174490092936669 59.150000000000013 28.250000000000004 -0.37940952255126015
decision_type=2 2 2 2 2 2 2 2 2
left_child=-1 2 -2 -3 5 -5 -6 -8 -7
right_child=1 3 -4 4 6 8 7 -9 -10
leaf_value=0.030767241361360137 -0.084602962640257823 0.013834077680015969 0.01353814517124192 0.010233895839739271 0.038679696189797406 -0.081335177067965267 0.0017700312516072639 -0.042748836560446701 -0.085859641845722035
leaf_weight=0.65190332708880383 0.2932155209055044 2.663775857537984 0.28763323422026588 0.16618042747722939 0.62095848337048565 0.1918365488818381 8.7539567998028325 0.87737761665630465 0.19238338433205981
leaf_count=15 28 20 19 13 19 59 195 92 3
internal_value=0.000515762 -0.000888139 -0.036004 0.000626513 -0.00263027 -0.0552695 0.000195702 -0.00228547 -0.0836006
internal_weight=14.6992 14.0473 0.580849 13.4665 10.8027 0.5504 10.2523 9.63133 0.38422
internal_count=463 448 47 401 381 75 306 287 62
is_linear=0
shrinkage=0.1


Tree=383
num_leaves=20
num_cat=0
split_feature=8 1 2 6 0 1 5 6 3 6 2 5 5 5 0 5 6 5 5
split_gain=0.0457553 0.157455 0.297584 0.308002 0.135732 0.125745 0.172557 0.124234 0.108643 0.141222 0.252647 0.102128 0.372512 0.0958729 0.196267 0.0400813 0.00353364 0.000133756 4.99763e-05
threshold=1.0000000180025095e-35 1.0000000180025095e-35 -0.8783796973249266 84.40000000000002 -0.3794095225512602 1.0000000180025095e-35 23.550000000000004 60.750000000000007 -0.56174490092936669 55.550000000000004 -0.8783796973249266 23.750000000000004 28.350000000000005 24.350000000000005 -0.98296291314453399 31.750000000000004 81.850000000000009 23.850000000000005 23.850000000000005
decision_type=2 2 2 2 2 2 2 2 2 2 2 2 2 2 2 2 2 2 2
left_child=5 4 -3 16 13 7 -7 -1 -6 -10 -11 -8 18 -2 -15 -16 17 -4 -13
right_child=1 2 3 -5 8 6 11 -9 9 10 -12 12 -14 14 15 -17 -18 -19 -20
leaf_value=-0.036489311220373057 0.099012504794523518 0.043626062545640241 -0.084468950852212898 -0.00091579887109092997 0.028288882404524908 -0.0072131818077191545 0.074124993769850309 0.01306709885964099 0.021679290127913784 -0.080923825114604192 -0.004901224630127916 -0.083490316528140152 0.10369849032172954 -0.030541712597521795 0.081933851681094697 0.019953015263816886 -0.097980588189882645 -0.081429969848029346 -0.08040521666634598
leaf_weight=0.95021851907949928 0.19393634796142556 0.45130512834293801 0.47735059447586514 0.76069686241680756 0.77843180560739744 0.92534090392291579 0.71256425045430638 1.0817968086339531 0.80966281046858091 0.62213056784821752 1.4702123494644177 0.094047743827104568 0.22038184106349945 0.4014102334913332 0.34936680164537393 0.14875962142832577 0.22541034479218069 0.20790998922893777 0.11888038487813901
leaf_count=18 1 20 9 10 20 10 6 32 26 23 47 3 1 37 64 5 8 63 60
internal_value=-0.000794282 -0.00576906 -0.0284289 -0.0478853 0.00430641 0.00756718 0.0249065 -0.0101067 -0.00488451 -0.0137829 -0.0275055 0.0508445 0.0125605 0.0352414 0.0214926 0.063424 -0.0871196 -0.0835469 -0.0817679
internal_weight=10.9998 6.89658 2.12267 1.67137 4.77391 4.10323 2.07122 2.03202 3.68044 2.90201 2.09234 1.14587 0.43331 1.09347 0.899537 0.498126 0.910671 0.685261 0.212928
internal_count=463 333 110 90 223 130 80 50 116 96 70 70 64 107 106 69 80 72 63
is_linear=0
shrinkage=0.1


Tree=384
num_leaves=7
num_cat=0
split_feature=6 6 6 6 6 5
split_gain=0.0882855 0.112855 0.0797936 0.149116 0.0960963 0.265656
threshold=86.100000000000009 83.40000000000002 81.200000000000003 80.40000000000002 80.050000000000026 23.250000000000004
decision_type=2 2 2 2 2 2
left_child=1 2 3 4 5 -1
right_child=-2 -3 -4 -5 -6 -7
leaf_value=-0.067189319579267492 0.033161337263505751 -0.0836556878551174 0.032742623895726346 -0.087550078265167461 0.05420773920218587 0.0082574288057892277
leaf_weight=0.59878822416067334 0.66182910924544547 0.18003760214060083 0.54573783502564754 0.22273379065518373 0.26963831484317768 2.1156747303957673
leaf_count=6 10 12 15 4 2 414
internal_value=-0.000629274 -0.00631598 -0.00260545 -0.00862097 -0.00272968 -0.0083855
internal_weight=4.59444 3.93261 3.75257 3.20684 2.9841 2.71446
internal_count=463 453 441 426 422 420
is_linear=0
shrinkage=0.1


Tree=385
num_leaves=9
num_cat=0
split_feature=5 6 6 5 0 6 6 2
split_gain=0.063489 0.109152 0.142098 0.101925 0.154497 0.0895381 0.438994 0.330684
threshold=23.650000000000002 76.950000000000017 81.200000000000003 24.050000000000004 -0.98296291314453399 70.950000000000017 70.200000000000003 -1.0000000180025095e-35
decision_type=2 2 2 2 2 2 2 2
left_child=-1 3 -3 -2 -5 6 -6 -7
right_child=1 2 -4 4 5 7 -8 -9
leaf_value=-0.02741930615399156 -0.039013788311613187 0.078698248980142244 -0.0054989738082924918 0.049221777103695602 0.0004936594344983773 0.073218939074000428 -0.090530848651924678 -0.016115988344499246
leaf_weight=0.79392757290043015 0.65612218901514729 0.40881532110506746 0.39326110039837658 0.64011673838831207 7.6128095900476165 0.68493665120331559 0.56947017231141206 1.0488680349662907
leaf_count=30 11 22 25 36 274 28 9 28
internal_value=-3.10928e-05 0.00177876 0.037416 -0.000770565 0.00160645 -0.00146728 -0.00584146 0.0191756
internal_weight=12.8083 12.0144 0.802076 11.2123 10.5562 9.91608 8.18228 1.7338
internal_count=463 433 47 386 375 339 283 56
is_linear=0
shrinkage=0.1


Tree=386
num_leaves=8
num_cat=0
split_feature=1 5 5 6 1 5 0
split_gain=0.0886971 6.37967e-07 6.80145e-08 4.98278e-09 3.89088e-09 6.7153e-12 5.20493e-12
threshold=0.78656609248549303 23.550000000000004 23.850000000000005 74.15000000000002 0.1294095225512602 31.850000000000005 0.91597561503675362
decision_type=2 2 2 2 2 2 2
left_child=1 -1 -3 5 -5 6 -4
right_child=-2 2 3 4 -6 -7 -8
leaf_value=-0.080581764328818639 0.010804430040376622 -0.080296188045384617 -0.080006129555397876 -0.080118633425444702 -0.080046326453509106 -0.08001586222941505 -0.080009818490520621
leaf_weight=0.053297298059987841 1.3731532236561179 0.015037196706543909 0.009001034645962136 0.01263391760585364 0.018108994241629262 0.0010765329827790984 0.0066511105528661565
leaf_count=17 35 11 265 11 39 12 73
internal_value=0.0037165 -0.0803276 -0.0801109 -0.0800521 -0.080076 -0.0800082 -0.0800077
internal_weight=1.48896 0.115806 0.0625088 0.0474716 0.0307429 0.0167287 0.0156521
internal_count=463 428 411 400 50 350 338
is_linear=0
shrinkage=0.1


Tree=387
num_leaves=12
num_cat=0
split_feature=5 6 2 6 9 5 5 5 0 5 6
split_gain=0.0471273 0.156772 0.0690519 0.26069 0.17119 0.238523 0.291029 0.240103 0.0397985 0.036039 0.000902624
threshold=31.250000000000004 55.550000000000004 -0.8783796973249266 59.250000000000007 1.0000000180025095e-35 25.550000000000004 25.350000000000005 26.650000000000002 0.12940952255126059 25.150000000000002 53.70000000000001
decision_type=2 2 2 2 2 2 2 2 2 2 2
left_child=1 -1 3 -3 5 6 -4 -7 9 -5 -2
right_child=10 2 4 8 -6 7 -8 -9 -10 -11 -12
leaf_value=-0.042088618956792528 0.030233628453236218 0.092859472269201285 0.0089155307444959402 -0.005806043677778241 -0.045385225768477463 -0.050222835062141806 0.081600596844369586 -7.8054560488357012e-06 -0.021943975062141543 0.032237019950016078 0.022832911876164791
leaf_weight=0.87057085879496199 0.31070150950108733 0.38484207494184275 2.5603057826119735 0.52286390379595082 0.8149413876381012 1.1381157509749753 0.70187837060075242 5.8292230108636431 0.51365898514632136 0.47544133011251688 0.35094992531230673
leaf_count=33 14 10 104 15 30 40 13 130 18 29 27
internal_value=0.000237002 -0.00101193 0.00175134 0.0193776 -0.00127584 0.00223816 0.0245542 -0.00821044 0.00067417 0.0123119 0.0263082
internal_weight=14.4735 13.8118 12.9413 1.89681 11.0445 10.2295 3.26218 6.96734 1.51196 0.998305 0.661651
internal_count=463 422 389 72 317 287 117 170 62 44 41
is_linear=0
shrinkage=0.1


Tree=388
num_leaves=12
num_cat=0
split_feature=5 6 9 2 5 6 6 6 6 6 2
split_gain=0.0477146 0.101081 0.103437 0.111174 0.153716 0.166091 0.149097 0.315192 0.11652 0.109691 0.0656627
threshold=31.850000000000005 53.70000000000001 1.0000000180025095e-35 1.0000000180025095e-35 27.950000000000003 79.600000000000009 66.65000000000002 73.15000000000002 63.300000000000004 60.000000000000007 -1.0000000180025095e-35
decision_type=2 2 2 2 2 2 2 2 2 2 2
left_child=1 -1 3 6 5 -5 9 -8 -6 -3 -4
right_child=-2 2 10 4 8 -7 7 -9 -10 -11 -12
leaf_value=0.054215026608365191 -0.031622747774136276 -0.013555336204694679 0.07118626777737283 -0.04314126712361932 0.0084903982336543213 0.011492331753294005 -0.076246249840054847 0.001503810298193 0.062571301208154698 0.025396073024407169 0.0035875649691917144
leaf_weight=0.34212847982416761 0.4757042701821782 1.9949333389813513 0.31122484369552694 0.8373273471661381 0.88645267895481061 1.6588475230091715 0.95668855535041109 1.145965368603356 0.72359960732865147 1.1339198629866585 0.26694693688477933
leaf_count=25 12 53 27 77 27 22 53 58 23 67 19
internal_value=-0.000661825 0.000773951 -0.00106993 -0.00361136 0.00870472 -0.00683419 -0.0132783 -0.0338718 0.0327958 0.000560947 0.0399754
internal_weight=10.7337 10.258 9.91591 9.33773 4.10623 2.49617 5.23151 2.10265 1.61005 3.12885 0.578172
internal_count=463 451 426 380 149 99 231 111 50 120 46
is_linear=0
shrinkage=0.1


Tree=389
num_leaves=10
num_cat=0
split_feature=6 6 6 2 2 5 1 0 0
split_gain=0.0826468 0.10538 0.0750071 0.123257 0.0815342 0.104716 0.0931591 0.00746624 0.0134019
threshold=86.100000000000009 83.40000000000002 82.000000000000014 -0.8783796973249266 0.6078576107927941 23.250000000000004 0.37940952255126026 -0.60355339059327362 -0.3794095225512602
decision_type=2 2 2 2 2 2 2 2 2
left_child=1 2 3 7 5 -5 -6 -1 -9
right_child=-2 -3 -4 4 6 -7 -8 8 -10
leaf_value=-0.085032606474249678 0.032676740032051614 -0.083406778028020795 0.057167975548324867 -0.023401895304128027 -0.06214387870464684 0.020874316503002616 0.012887166630303143 -0.080750289249242657 0.023768697280940759
leaf_weight=0.18362753435303603 0.64880077357520338 0.1678180425674326 0.20004916447214771 0.76399870961904648 0.40316094604531816 1.7756028742987835 0.2806895394824096 0.033400843037270533 0.019390024594941546
leaf_count=35 10 12 8 7 77 236 22 14 42
internal_value=-0.000326559 -0.00592061 -0.00236764 -0.00580998 -0.000698386 0.00755452 -0.031347 -0.0755042 -0.0423606
internal_weight=4.47654 3.82774 3.65992 3.45987 3.22345 2.5396 0.68385 0.236418 0.0527909
internal_count=463 453 441 433 342 243 99 91 56
is_linear=0
shrinkage=0.1


Tree=390
num_leaves=14
num_cat=0
split_feature=5 1 5 5 5 5 5 5 5 6 0 0 5
split_gain=0.0572525 0.122785 0.0582211 0.144036 0.158054 0.124305 0.117375 0.299885 0.100996 0.0445011 0.0422772 0.201061 0.000497718
threshold=23.850000000000005 0.37940952255126026 27.600000000000005 28.650000000000002 28.150000000000002 25.650000000000002 27.050000000000004 26.650000000000002 24.950000000000003 71.750000000000014 -0.78656609248549303 -0.60355339059327362 28.750000000000004
decision_type=2 2 2 2 2 2 2 2 2 2 2 2 2
left_child=-1 2 5 4 -4 8 7 -7 -2 12 -3 -12 -5
right_child=1 10 3 9 -6 6 -8 -9 -10 -11 11 -13 -14
leaf_value=-0.019067545951587276 0.0076846784102580258 0.08173184098093722 -0.027992156029189544 -0.088628243383109817 0.020560541322904094 0.033134766011213804 0.043766695801647409 -0.039716775921478702 -0.024378764265817924 0.0076838935805118901 0.083133072990649162 -0.080709283795146872 -0.080640686989467025
leaf_weight=1.424464794923552 2.0474995751865177 0.22371886559994891 1.3321964798960841 0.13176280064362789 1.3498024027139761 1.4789002975448973 1.1865653324639422 0.91439836518838991 1.8884883425198493 0.063485269143711776 0.21239257330307737 0.11569932987913567 0.19122986924776342
leaf_count=41 21 26 23 5 35 42 11 15 22 4 37 22 159
internal_value=-0.00019053 0.0022241 -0.000173456 -0.0117809 -0.00355645 0.00456548 0.0180504 0.00530066 -0.00769937 -0.0688552 0.0482118 0.0253552 -0.0838992
internal_weight=12.5606 11.1361 10.5843 3.06848 2.682 7.51585 3.57986 2.3933 3.93599 0.386478 0.551811 0.328092 0.322993
internal_count=463 422 337 226 58 111 68 57 43 168 85 59 164
is_linear=0
shrinkage=0.1


Tree=391
num_leaves=14
num_cat=0
split_feature=6 2 6 2 5 2 5 8 5 8 1 6 6
split_gain=0.0847991 0.101634 0.0800515 0.0712864 0.0375741 0.0786853 0.0137554 0.0198884 0.0107933 0.00139149 0.00408159 0.000966767 2.9688e-12
threshold=90.40000000000002 0.6078576107927941 74.15000000000002 1.0000000180025095e-35 23.750000000000004 -1.0000000180025095e-35 23.350000000000005 1.0000000180025095e-35 24.950000000000003 1.0000000180025095e-35 0.78656609248549303 76.450000000000017 71.750000000000014
decision_type=2 2 2 2 2 2 2 2 2 2 2 2 2
left_child=1 2 9 4 -4 -6 -3 -8 -9 -1 12 -10 -11
right_child=-2 6 3 -5 5 -7 7 8 11 10 -12 -13 -14
leaf_value=-0.084645959826580977 -0.087211357025961486 0.084887472709152451 0.065229775500768084 -0.02033681250831914 0.060952831700581168 -0.056586125936366465 0.059290342458742318 -0.080606952897161924 0.04591755169434994 -0.08000556775079716 0.080131806011021947 0.00027241365082703858 -0.08001117236210574
leaf_weight=0.11003150475471535 0.095012665358808701 0.13304122164845456 0.21126627556805033 0.50111367335921386 0.12354762552422471 0.1056663210329134 0.14376813670287447 0.017299555518548004 0.011800951532677573 0.0059627772404837742 0.0020526847802102566 0.0076469580817501983 0.0011231496559958032
leaf_count=68 3 2 12 14 36 9 37 12 51 196 1 6 16
internal_value=0.00415554 0.0104721 -0.00431296 0.00546003 0.0348079 0.00676804 0.0604901 0.0425091 -0.0231447 -0.0815318 -0.0440367 0.0279698 -0.0800065
internal_weight=1.46933 1.37432 1.06076 0.941594 0.44048 0.229214 0.313557 0.180516 0.0367475 0.11917 0.00913861 0.0194479 0.00708593
internal_count=463 460 352 71 57 45 108 106 69 281 213 57 212
is_linear=0
shrinkage=0.1


Tree=392
num_leaves=11
num_cat=0
split_feature=7 3 8 5 6 3 5 5 6 5
split_gain=0.0504469 0.0673661 0.168279 0.08647 0.0924865 0.309737 0.294831 0.23909 0.497141 0.000277657
threshold=1.0000000180025095e-35 0.81174490092936691 1.0000000180025095e-35 23.250000000000004 70.800000000000026 -0.22252093395631442 24.950000000000003 24.850000000000005 69.450000000000017 24.850000000000005
decision_type=2 2 2 2 2 2 2 2 2 2
left_child=-1 3 -3 -2 7 9 -7 -5 -9 -6
right_child=1 2 -4 4 5 6 -8 8 -10 -11
leaf_value=0.024539461635159562 0.034616248203092913 -0.016196766012136651 0.05139374295983451 -0.052106855063289929 -0.083194768536823061 0.052773844340969767 -0.049085637679007491 -0.0044768605795191246 0.078056480826620908 -0.087805732464949826
leaf_weight=0.80014584484160778 0.55872849654406209 0.71031098219100386 0.76511952017608631 0.86315407726215099 0.19722295122119238 0.58567512258014065 0.55198274935537484 8.0138050405621435 0.80295515165198672 0.38656434303265996
leaf_count=22 13 14 36 14 24 29 31 235 11 34
internal_value=0.000146125 -0.00130661 0.0188539 -0.00379367 -0.00567596 -0.0270334 0.00335242 -0.00187781 0.00303957 -0.086248
internal_weight=14.2357 13.4355 1.47543 11.9601 11.4014 1.72145 1.13766 9.67991 8.81676 0.583787
internal_count=463 441 50 391 378 118 60 260 246 58
is_linear=0
shrinkage=0.1


Tree=393
num_leaves=17
num_cat=0
split_feature=6 6 3 6 6 8 6 1 2 5 8 0 5 0 6 1
split_gain=0.0414501 0.253581 0.207229 0.240098 0.18468 0.146524 0.144482 0.112973 0.150951 0.267211 0.144832 0.102999 0.154502 0.023387 0.00578407 0.00485873
threshold=65.850000000000009 63.850000000000001 1.0000000180025095e-35 73.15000000000002 61.850000000000009 1.0000000180025095e-35 60.45000000000001 0.78656609248549303 1.0000000180025095e-35 23.650000000000002 1.0000000180025095e-35 0.91597561503675362 31.250000000000004 0.91597561503675362 70.200000000000003 -0.9159756150367534
decision_type=2 2 2 2 2 2 2 2 2 2 2 2 2 2 2 2
left_child=1 4 7 13 6 -5 11 8 9 -2 -10 12 -1 -4 -11 -6
right_child=2 -3 3 5 15 -7 -8 -9 10 14 -12 -13 -14 -15 -16 -17
leaf_value=0.024775945010962558 0.04041973260018103 0.073798711408938469 -0.058863875239446778 0.03835261524096905 -0.065015999648249057 -0.039174398624048701 0.047577194658821244 -0.026061591305566081 0.062012356754022446 -0.084157349636951762 0.0023612796356463663 -0.026287686134638062 -0.030046925369575324 -0.092640644660784713 -0.060691154301278416 -0.046253600065080204
leaf_weight=1.8211022871400935 0.41920550167560633 0.49690108984941606 0.48942026469740063 0.49124622993986122 0.27662409283220768 0.48394109689979814 0.69413498479116231 0.73801178540452372 0.93322148433071561 0.21010221281903796 0.7218907385104103 1.1968323602341113 0.71623479505069543 0.35273551801219583 0.21005169482668862 0.27546296243963286
leaf_count=84 5 28 38 18 13 25 28 22 22 17 36 15 35 11 38 28
internal_value=-0.000345923 0.00567916 -0.00688103 -0.033898 -0.00111723 -0.000120514 0.00568207 0.00830827 0.0184769 -0.0160667 0.0359951 -0.00210571 0.00930065 -0.0730112 -0.0724257 -0.0556545
internal_weight=10.5271 5.47729 5.04983 1.81734 4.98039 0.975187 4.4283 3.23248 2.49447 0.839359 1.65511 3.73417 2.53734 0.842156 0.420154 0.552087
internal_count=463 231 232 92 203 43 162 140 118 60 58 134 119 49 55 41
is_linear=0
shrinkage=0.1


Tree=394
num_leaves=7
num_cat=0
split_feature=5 6 5 6 5 5
split_gain=0.0871647 0.160646 0.0892672 0.0901345 0.105137 0.142616
threshold=23.550000000000004 83.40000000000002 32.300000000000004 55.550000000000004 31.950000000000003 24.050000000000004
decision_type=2 2 2 2 2 2
left_child=-1 2 3 -2 5 -5
right_child=1 -3 -4 4 -6 -7
leaf_value=0.01504720602853097 -0.084478938559897077 -0.095137948336564776 0.081635858382243409 0.0011747603680383615 0.084530389662657954 -0.080237914037613794
leaf_weight=1.9776554657146332 0.15006660168455832 0.218117044718383 0.11247064266353834 1.5400772290304301 0.12536396831274021 0.25011555944274722
leaf_count=25 48 14 6 23 2 345
internal_value=-0.000491856 -0.0133166 -0.00512296 -0.00984687 -0.00400012 -0.0101998
internal_weight=4.37387 2.39621 2.17809 2.06562 1.91556 1.79019
internal_count=463 438 424 418 370 368
is_linear=0
shrinkage=0.1


Tree=395
num_leaves=13
num_cat=0
split_feature=0 6 6 6 5 5 6 6 6 6 3 2
split_gain=0.0561005 0.0598625 0.352239 0.191544 0.182943 0.425062 0.103309 0.413033 0.259602 0.399067 0.234473 0.12755
threshold=-0.98296291314453399 64.600000000000009 63.050000000000004 62.050000000000004 27.050000000000004 27.600000000000005 68.850000000000009 69.350000000000009 70.200000000000003 70.950000000000017 -0.56174490092936669 0.6078576107927941
decision_type=2 2 2 2 2 2 2 2 2 2 2 2
left_child=-1 2 3 4 -2 -6 10 -8 -9 -10 -3 -12
right_child=1 6 -4 -5 5 -7 7 8 9 -11 11 -13
leaf_value=0.024959846232964579 -0.045987626396413905 -0.014500967928232507 -0.084847588178688926 0.080232387632115459 0.072910096475300001 -0.034719593313998827 -0.08942775682733077 0.057850743157931497 -0.0879099319533585 0.0056314950970818489 0.070541503518025558 0.016559063913096542
leaf_weight=0.81733262690249908 0.80591405415907535 1.3683911774714945 0.57251411602192082 0.27828098832105741 0.66124575585126855 0.82441071106040908 0.53695279866224144 0.73232895403634746 0.52759147848701138 3.3646291523473337 0.78930299456987796 0.98256947015033802
leaf_count=38 10 20 18 19 4 144 8 12 9 137 25 19
internal_value=-0.000350845 -0.00215852 -0.0139141 0.00188858 -0.00762525 0.0131849 0.00229116 -0.00641002 0.0032291 -0.00704807 0.0165929 0.0406062
internal_weight=12.2615 11.4441 3.14237 2.56985 2.29157 1.48566 8.30177 5.1615 4.62455 3.89222 3.14026 1.77187
internal_count=463 425 195 177 158 148 230 166 158 146 64 44
is_linear=0
shrinkage=0.1


Tree=396
num_leaves=8
num_cat=0
split_feature=1 5 5 6 1 5 0
split_gain=0.079096 4.91496e-07 5.65649e-08 3.64611e-09 3.26097e-09 7.01077e-12 4.90741e-12
threshold=0.78656609248549303 23.550000000000004 23.850000000000005 74.15000000000002 0.1294095225512602 31.850000000000005 0.91597561503675362
decision_type=2 2 2 2 2 2 2
left_child=1 -1 -3 5 -5 6 -4
right_child=-2 2 3 4 -6 -7 -8
leaf_value=-0.080537746359634954 0.0095658791430150592 -0.080279170471816472 -0.080005236943916563 -0.080109140297404291 -0.080038991915745941 -0.080015519492386403 -0.080009065788828521
leaf_weight=0.050211791366564174 1.2901041442528367 0.014144180066068657 0.0077028157453469248 0.011724342417437583 0.015242213401506888 0.0010140790268451392 0.0059202958223067981
leaf_count=17 35 11 265 11 39 12 73
internal_value=0.00274434 -0.0803108 -0.0801064 -0.0800477 -0.0800695 -0.0800075 -0.0800069
internal_weight=1.39606 0.10596 0.0557479 0.0416037 0.0269666 0.0146372 0.0136231
internal_count=463 428 411 400 50 350 338
is_linear=0
shrinkage=0.1


Tree=397
num_leaves=11
num_cat=0
split_feature=1 5 6 6 5 3 6 0 5 5
split_gain=0.0424175 0.180723 0.0862851 0.0641357 0.155931 0.0788064 0.12251 0.000227899 2.52624e-07 2.4398e-07
threshold=-0.98296291314453399 28.750000000000004 53.70000000000001 60.750000000000007 28.050000000000004 0.81174490092936691 70.800000000000026 0.91597561503675362 29.050000000000004 31.750000000000004
decision_type=2 2 2 2 2 2 2 2 2 2
left_child=-1 3 -3 -2 5 6 -5 8 -4 -10
right_child=1 2 7 4 -6 -7 -8 -9 9 -11
leaf_value=0.011950471023554081 0.018067195491401664 -0.003140199164408445 -0.080538071699527036 0.0054616424877182608 -0.045989899881677482 0.029209913573460023 -0.023658260670582631 -0.085138107607304586 -0.08018321142706776 -0.080513024014764734
leaf_weight=2.5149705577641734 1.7553959990618722 0.20550161301071135 0.039415334751538467 5.4828555086278321 0.76591535768238905 0.89405694016022597 1.961640086952684 0.21951478393748403 0.1092810571899463 0.028222011220350396
leaf_count=20 31 27 14 86 29 30 123 4 93 6
internal_value=0.000189883 -0.00239065 -0.0557263 0.000565609 -0.0028088 0.00115748 -0.00221151 -0.0829856 -0.0803149 -0.0802509
internal_weight=13.9768 11.4618 0.601935 10.8599 9.10447 8.33855 7.4445 0.396433 0.176918 0.137503
internal_count=463 443 144 299 268 239 209 117 113 99
is_linear=0
shrinkage=0.1


Tree=398
num_leaves=8
num_cat=0
split_feature=6 6 0 6 0 0 2
split_gain=0.051291 0.164589 0.143332 0.116736 0.111979 0.160894 0.108985
threshold=85.850000000000009 84.40000000000002 0.98296291314453421 80.050000000000026 0.91597561503675362 0.12940952255126059 1.0000000180025095e-35
decision_type=2 2 2 2 2 2 2
left_child=1 2 3 4 5 -1 -6
right_child=-2 -3 -4 -5 6 -7 -8
leaf_value=0.0018661998479224025 -0.026250230455912155 0.061235782414436071 0.055662355863536031 -0.042650946656390271 -0.041225435862967987 0.060771634501586104 0.0014738048888239973
leaf_weight=5.0733392487163602 0.70677366293966848 0.44237036118283946 0.42243546177633184 0.71648994709539682 1.1270647954661401 0.5103342336078639 1.2728204636368898
leaf_count=259 13 4 36 25 22 83 21
internal_value=-0.000254627 0.00166626 -0.0012224 -0.00398447 -0.000514324 0.00725001 -0.0185792
internal_weight=10.2716 9.56485 9.12248 8.70005 7.98356 5.58367 2.39989
internal_count=463 450 446 410 385 342 43
is_linear=0
shrinkage=0.1


Tree=399
num_leaves=10
num_cat=0
split_feature=6 6 6 2 2 1 5 0 0
split_gain=0.0841905 0.101082 0.0711693 0.110415 0.0685912 0.0854217 0.0831998 0.00611498 0.0109559
threshold=86.100000000000009 83.40000000000002 82.000000000000014 -0.8783796973249266 0.6078576107927941 0.37940952255126026 23.250000000000004 -0.60355339059327362 -0.3794095225512602
decision_type=2 2 2 2 2 2 2 2 2
left_child=1 2 3 7 6 -6 -5 -1 -9
right_child=-2 -3 -4 4 5 -7 -8 8 -10
leaf_value=-0.084513049016601727 0.034390881553608497 -0.083324758860785275 0.057361175784027267 -0.020873229496715866 -0.06124939138084861 0.012969628979322443 0.019302213302088856 -0.080653761518272193 0.020197097169004041
leaf_weight=0.16491892055273638 0.61241547757526849 0.16032860628729384 0.19020265340805043 0.7444107234478009 0.36782233089434146 0.26810731549630873 1.6760441066289784 0.029127289310054039 0.017093116082833926
leaf_count=35 10 12 8 7 77 22 236 14 42
internal_value=0.000102136 -0.0057018 -0.00210256 -0.00556395 -0.000732413 -0.0299587 0.00694626 -0.0755037 -0.0433573
internal_weight=4.23047 3.61806 3.45773 3.26752 3.05638 0.63593 2.42045 0.211139 0.0462204
internal_count=463 453 441 433 342 99 243 91 56
is_linear=0
shrinkage=0.1


Tree=400
num_leaves=12
num_cat=0
split_feature=0 5 3 3 5 0 6 6 3 6 6
split_gain=0.0585975 0.0649745 0.473531 0.206813 0.147601 0.116839 0.231003 0.102254 0.00029254 2.61211e-06 9.08953e-07
threshold=0.98296291314453421 28.450000000000003 0.81174490092936691 0.81174490092936691 27.150000000000002 -0.60355339059327362 63.050000000000004 65.350000000000009 -0.56174490092936669 72.800000000000026 55.550000000000004
decision_type=2 2 2 2 2 2 2 2 2 2 2
left_child=1 3 8 4 5 7 -7 -1 -3 10 -10
right_child=-2 2 -4 -5 -6 6 -8 -9 9 -11 -12
leaf_value=-0.022316236838136674 0.033023402151396625 -0.085666985928799469 0.088023337819589112 -0.043627707338083847 0.027870022102498733 0.011866088286487341 -0.047774333609664092 0.013922425474070077 -0.080760822613042751 -0.081397431074185733 -0.080260583439808408
leaf_weight=0.96133519336580953 0.50811002473346967 0.31945955371702439 0.23311596675921464 0.97480665589682836 2.1426580004044808 1.2530646845698332 1.3481509410194119 4.0971192897995934 0.082894510516781206 0.047033583279699087 0.064653933719455381
leaf_count=15 36 34 15 33 39 7 40 112 39 3 90
internal_value=-0.000211297 -0.00167663 -0.030194 0.000300429 0.00466893 -0.00182117 -0.0190442 0.00703544 -0.0838052 -0.0807485 -0.0805416
internal_weight=12.0324 11.5243 0.747158 10.7771 9.80233 7.65967 2.60122 5.05845 0.514042 0.194582 0.147548
internal_count=463 427 181 246 213 174 47 127 166 132 129
is_linear=0
shrinkage=0.1


Tree=401
num_leaves=14
num_cat=0
split_feature=6 5 6 3 2 1 8 8 1 1 6 6 5
split_gain=0.0748617 0.0836945 0.045501 0.0843428 0.00892516 0.00682998 0.00584205 0.00110804 0.00336815 2.89414e-12 1.60836e-12 1.37707e-12 1.16061e-12
threshold=74.15000000000002 23.550000000000004 83.40000000000002 0.81174490092936691 0.6078576107927941 0.78656609248549303 1.0000000180025095e-35 1.0000000180025095e-35 0.78656609248549303 -0.12940952255126037 71.050000000000011 56.050000000000004 27.950000000000003
decision_type=2 2 2 2 2 2 2 2 2 2 2 2 2
left_child=4 -2 3 6 7 9 -3 -1 10 12 11 -9 -6
right_child=1 2 -4 -5 5 -7 -8 8 -10 -11 -12 -13 -14
leaf_value=-0.084171948453402673 -0.0096854579010694965 0.069737444467389859 0.083324382574414033 -0.055019177032566896 -0.080013183876995964 0.080219398723194668 0.033968362502519743 -0.080007216924678271 0.08010821294748055 -0.080005359777117424 -0.080009151481006957 -0.08000362570983463 -0.080009107390824313
leaf_weight=0.099474629277892634 0.77068365803279426 0.13026158416323597 0.17957927345923963 0.10055494830885436 0.001122077475883998 0.0063840963412076235 0.070306347544828895 0.0015593667919804313 0.0016862710472196341 0.0015891891694082005 0.0010019628125519375 0.0033869197615103985 0.0018497626256248623
leaf_count=68 20 22 14 10 6 2 34 47 1 31 20 145 43
internal_value=0.00355779 0.0107391 0.0434847 0.0197257 -0.0725647 0.0134494 0.0571991 -0.0813542 -0.0446405 -0.0800088 -0.0800055 -0.0800048 -0.0800106
internal_weight=1.36944 1.25139 0.480702 0.301123 0.118054 0.0109451 0.200568 0.107109 0.00763452 0.00456103 0.00594825 0.00494629 0.00297184
internal_count=463 100 80 66 363 82 56 281 213 80 212 192 49
is_linear=0
shrinkage=0.1


Tree=402
num_leaves=9
num_cat=0
split_feature=7 3 8 5 6 6 5 6
split_gain=0.0455558 0.0594526 0.15048 0.0808507 0.0654497 0.287931 0.0897797 0.0865532
threshold=1.0000000180025095e-35 0.81174490092936691 1.0000000180025095e-35 23.250000000000004 54.050000000000004 58.850000000000001 29.950000000000003 70.800000000000026
decision_type=2 2 2 2 2 2 2 2
left_child=-1 3 -3 -2 -5 6 -6 -7
right_child=1 2 -4 4 5 7 -8 -9
leaf_value=0.023406207095549109 0.033428309743248195 -0.016603849480301202 0.048982479079730926 0.020496311972094422 -0.031224723797515803 0.0014634264681942747 -0.097633311817160048 -0.024000881207950204
leaf_weight=0.78193515178281714 0.55477875063661386 0.66338300693314523 0.74011261371197246 0.87742287406581354 0.40047018675249901 7.6613030728840368 0.41406614422885468 1.6164386397958876
leaf_count=22 13 14 36 32 22 175 31 118
internal_value=-3.25454e-05 -0.00145021 0.0179821 -0.00381676 -0.00570038 -0.00797792 -0.0649833 -0.00297316
internal_weight=13.7099 12.928 1.4035 11.5245 10.9697 10.0923 0.814536 9.27774
internal_count=463 441 50 391 378 346 53 293
is_linear=0
shrinkage=0.1


Tree=403
num_leaves=21
num_cat=0
split_feature=8 1 3 6 0 1 5 6 5 5 5 5 5 6 6 6 1 1 2 5
split_gain=0.0388465 0.149494 0.258067 0.20769 0.142591 0.116394 0.159024 0.119591 0.106665 0.119726 0.0849056 0.0823262 0.157582 0.093565 0.0811296 0.166776 0.231979 0.0644497 0.044492 6.31589e-05
threshold=1.0000000180025095e-35 1.0000000180025095e-35 -0.22252093395631442 80.65000000000002 -0.3794095225512602 1.0000000180025095e-35 23.550000000000004 60.750000000000007 29.850000000000005 31.250000000000004 23.650000000000002 24.350000000000005 27.950000000000003 63.300000000000004 62.050000000000004 88.700000000000017 0.78656609248549303 0.60355339059327384 -0.8783796973249266 23.950000000000003
decision_type=2 2 2 2 2 2 2 2 2 2 2 2 2 2 2 2 2 2 2 2
left_child=5 4 3 10 11 7 -7 -1 -6 18 -3 -2 -13 -14 -8 16 -16 -4 -10 -12
right_child=1 2 17 -5 8 6 14 -9 9 -11 19 12 13 -15 15 -17 -18 -19 -20 -21
leaf_value=-0.03635619059708782 0.098071074403760658 0.0058655229753489628 -0.088629179535314476 0.045737283877650942 -0.031321998634161484 -0.0070520009683896229 0.092532122714790319 0.014439555945764598 0.0016448788609916519 -0.029016037791442812 -0.084297127135151889 -0.080902985329663279 0.0095866527880663112 0.083596337843896196 -0.081664789777622371 0.10030793919961792 0.058909498110398056 -0.033485015672824865 0.034025783880952343 -0.081154453581762043
leaf_weight=0.88815035263542108 0.18788933753967274 0.18767241016030289 0.55148561490932468 0.57610013009980321 1.0363731207035018 0.83862245082855214 0.32867141638416775 0.96937323454767466 0.71967865742044512 0.66787600240786549 0.12094355002045631 0.12050998373888433 0.37793642052565701 0.31170151979313232 0.20610994365415536 0.24162745408830233 0.27272317180177197 0.34424174335435964 1.0339709136897002 0.13570249882468488
leaf_count=18 1 3 30 11 34 10 5 32 17 32 2 33 51 22 53 3 9 22 33 42
internal_value=-0.00015844 -0.00490899 -0.0282665 0.00611709 0.00513522 0.00792397 0.0254111 -0.00984776 -0.00447524 0.00701473 -0.0452542 0.0384326 0.0246012 0.0430374 0.0513604 0.0325781 -0.0015996 -0.0674364 0.020737 -0.0826354
internal_weight=10.1174 6.37208 1.91615 1.02042 4.45594 3.74528 1.88775 1.85752 3.4579 2.42153 0.444318 0.998037 0.810148 0.689638 1.04913 0.720461 0.478833 0.895727 1.75365 0.256646
internal_count=463 333 110 58 223 130 80 50 116 82 47 107 106 73 70 65 62 52 50 44
is_linear=0
shrinkage=0.1


Tree=404
num_leaves=7
num_cat=0
split_feature=5 6 5 6 5 5
split_gain=0.0838833 0.145937 0.0823365 0.0844386 0.184436 0.136529
threshold=23.550000000000004 83.40000000000002 32.300000000000004 81.200000000000003 23.750000000000004 24.050000000000004
decision_type=2 2 2 2 2 2
left_child=-1 2 3 4 -2 -6
right_child=1 -3 -4 -5 5 -7
leaf_value=0.015456089324633014 -0.069536687359284366 -0.093970813612790055 0.081531071983124925 0.033217463811761105 0.033389284999487873 -0.038913922148368696
leaf_weight=1.8946981453336773 0.50653202552348453 0.20294960564501696 0.10417770850472141 0.37129032830125641 0.6342742061242459 0.44396241520189506
leaf_count=25 7 14 6 12 11 388
internal_value=-6.74834e-05 -0.0130635 -0.00509353 -0.00970707 -0.0197637 0.00361854
internal_weight=4.15788 2.26319 2.06024 1.95606 1.58477 1.07824
internal_count=463 438 424 418 406 399
is_linear=0
shrinkage=0.1


Tree=405
num_leaves=9
num_cat=0
split_feature=6 6 6 0 6 3 6 2
split_gain=0.062499 0.165164 0.0980294 0.0646333 0.114511 0.225182 0.100498 0.0367352
threshold=54.600000000000009 59.150000000000013 60.000000000000007 -0.98296291314453399 64.600000000000009 -0.22252093395631442 68.850000000000009 -1.0000000180025095e-35
decision_type=2 2 2 2 2 2 2 2
left_child=-1 7 -3 -4 5 -5 -6 -2
right_child=1 2 3 4 6 -7 -8 -9
leaf_value=0.042482648382515489 -0.088883684426543028 0.043459432647240087 0.027878456281258429 -0.0010636934806518763 0.016054607824046097 -0.076639003362855548 -0.0069474116576077136 -0.030815345435508221
leaf_weight=0.33468922517931865 0.23206032634880103 0.51897634067427034 0.71900039736646881 1.1879802320836459 3.0876097429863858 0.59007890596694856 4.9358929070149316 0.20534763294744962
leaf_count=43 39 23 35 35 64 34 166 24
internal_value=-0.000113848 -0.00135604 0.00103184 -0.0010611 -0.00318398 -0.0261446 0.00190424 -0.0616226
internal_weight=11.8116 11.4769 11.0395 10.5206 9.80156 1.77806 8.0235 0.437408
internal_count=463 420 357 334 299 69 230 63
is_linear=0
shrinkage=0.1


Tree=406
num_leaves=8
num_cat=0
split_feature=6 6 3 6 8 5 1
split_gain=0.0793957 0.176239 0.166519 0.106956 0.0245954 0.0130223 0.013731
threshold=87.100000000000009 85.850000000000009 -0.56174490092936669 75.350000000000009 1.0000000180025095e-35 24.950000000000003 0.78656609248549303
decision_type=2 2 2 2 2 2 2
left_child=1 2 -1 5 -5 -4 -7
right_child=-2 -3 3 4 -6 6 -8
leaf_value=-0.076166833029261027 -0.05342996184814193 0.091365538192762788 -0.083599374840011065 0.068805499605499185 0.023822293704023671 -0.080025088254062654 0.080202374936440016
leaf_weight=0.242940116176669 0.20056522739469085 0.23751881922362372 0.091772210229919327 0.1890253605088219 0.34050509451481048 0.01032288789656377 0.011099044582806528
leaf_count=114 6 7 33 21 34 244 4
internal_value=0.00452536 0.0148744 -0.00563916 0.0210192 0.0398799 -0.0672121 0.00299131
internal_weight=1.32375 1.12318 0.885665 0.642725 0.52953 0.113194 0.0214219
internal_count=463 457 450 336 55 281 248
is_linear=0
shrinkage=0.1


Tree=407
num_leaves=12
num_cat=0
split_feature=1 5 6 6 6 6 6 6 0 5 5
split_gain=0.0463547 0.165959 0.0736324 0.0558736 0.209945 0.410171 0.213982 0.0824178 0.000182356 3.1112e-07 1.4107e-07
threshold=-0.98296291314453399 28.750000000000004 53.70000000000001 64.600000000000009 66.100000000000009 66.450000000000017 68.850000000000009 61.250000000000007 0.91597561503675362 28.950000000000003 31.750000000000004
decision_type=2 2 2 2 2 2 2 2 2 2 2
left_child=-1 3 -3 7 -5 -6 -7 -2 9 -4 -11
right_child=1 2 8 4 5 6 -8 -9 -10 10 -12
leaf_value=0.01217862920765159 -0.00083642561903675069 -0.0069558454501212688 -0.080583758759588481 -0.040229494365003955 0.090379975660853359 -0.045258190241894786 0.0052564697863163277 0.031620695678687333 -0.084810970572126498 -0.080162017754438042 -0.080431196920094913
leaf_weight=2.4588702805340299 2.3089091615984185 0.19752183972013959 0.027343763416865841 1.383110756287351 0.49302508018445212 1.0548917239648288 4.0894628922287666 1.1832975332508793 0.2063793521374464 0.10436425497755408 0.023934446013299748
leaf_count=20 35 27 9 21 9 28 172 34 4 98 6
internal_value=-0.000241608 -0.00299984 -0.0560667 -0.000175325 -0.00531709 0.00324854 -0.00510197 0.0101613 -0.0828619 -0.0802775 -0.0802122
internal_weight=13.5311 11.0722 0.559544 10.5127 7.02049 5.63738 5.14435 3.49221 0.362022 0.155642 0.128299
internal_count=463 443 144 299 230 209 200 69 117 113 104
is_linear=0
shrinkage=0.1


Tree=408
num_leaves=8
num_cat=0
split_feature=6 6 0 6 0 0 6
split_gain=0.0548585 0.145521 0.125865 0.0883136 0.0874261 0.142744 0.113685
threshold=85.850000000000009 84.40000000000002 0.98296291314453421 80.050000000000026 0.91597561503675362 0.12940952255126059 64.850000000000009
decision_type=2 2 2 2 2 2 2
left_child=1 2 3 4 5 -1 -6
right_child=-2 -3 -4 -5 6 -7 -8
leaf_value=0.0013608472725737753 -0.027717641380008345 0.059436390658778739 0.054345116331416247 -0.038660859192764296 -0.037054613687504283 0.058478403493886735 0.0075493588860167469
leaf_weight=4.8804929499019583 0.67449984617997039 0.41850234498269934 0.39336906046082809 0.65932792518287886 1.2587570548057558 0.48062963843403839 1.046470974688418
leaf_count=259 13 4 36 25 22 83 21
internal_value=-0.000196522 0.00183498 -0.000929804 -0.00354142 -0.000521045 0.00648149 -0.0168064
internal_weight=9.81205 9.13755 8.71905 8.32568 7.66635 5.36112 2.30523
internal_count=463 450 446 410 385 342 43
is_linear=0
shrinkage=0.1


Tree=409
num_leaves=10
num_cat=0
split_feature=6 6 6 2 2 6 6 0 5
split_gain=0.0848193 0.0920609 0.0593555 0.102127 0.0687239 0.385231 0.269367 0.00533155 0.0099249
threshold=86.100000000000009 83.40000000000002 82.000000000000014 -0.8783796973249266 1.0000000180025095e-35 76.450000000000017 77.750000000000014 -0.60355339059327362 31.750000000000004
decision_type=2 2 2 2 2 2 2 2 2
left_child=1 2 3 7 6 -6 -5 -1 -9
right_child=-2 -3 -4 4 5 -7 -8 8 -10
leaf_value=-0.084233649954873757 0.035754403341225649 -0.083081347039517542 0.053812690519127654 -0.019953427541738913 0.021544992936686259 -0.093838218104738413 0.062578513081336676 -0.08051922634149912 0.020422922072327022
leaf_weight=0.15301894465301302 0.57347562297945831 0.1474592932033828 0.17819211864843953 1.0029330733486865 0.83874028318496108 0.44176314620563062 0.65289363177726034 0.026996991536180626 0.015238562133163214
leaf_count=35 10 12 8 172 138 17 15 53 3
internal_value=0.000136899 -0.00577122 -0.00232685 -0.00552128 -0.000864498 -0.0182613 0.012589 -0.0755522 -0.0440994
internal_weight=4.03071 3.45724 3.30978 3.13158 2.93633 1.2805 1.65583 0.195254 0.0422356
internal_count=463 453 441 433 342 155 187 91 56
is_linear=0
shrinkage=0.1


Tree=410
num_leaves=12
num_cat=0
split_feature=0 5 3 3 5 0 6 3 3 6 6
split_gain=0.0672577 0.0569388 0.42358 0.168786 0.127002 0.0863436 0.206185 0.112677 0.000210251 1.82178e-06 7.72868e-07
threshold=0.98296291314453421 28.450000000000003 0.81174490092936691 0.81174490092936691 27.150000000000002 -0.60355339059327362 63.050000000000004 1.0000000180025095e-35 -0.56174490092936669 72.800000000000026 55.550000000000004
decision_type=2 2 2 2 2 2 2 2 2 2 2
left_child=1 3 8 4 5 7 -7 -1 -3 10 -10
right_child=-2 2 -4 -5 -6 6 -8 -9 9 -11 -12
leaf_value=-0.0037020364251642633 0.035971144781156282 -0.085063745436451177 0.084700185586658872 -0.040595831198787194 0.025913671240548004 0.012012296108844519 -0.04511269490113233 0.029997634102082796 -0.080725913775017533 -0.08127496579839244 -0.080243720401583091
leaf_weight=3.5755341300973642 0.49384098325390446 0.29006109084730269 0.22046612328995252 0.9292859074193992 2.0783098094834713 1.2412378042936301 1.2869375327427404 1.3732082291389813 0.078541268203481063 0.042033318663015962 0.057630458652056404
leaf_count=87 36 34 15 33 39 7 40 40 39 3 90
internal_value=-0.000143699 -0.00173992 -0.0295924 8.9717e-05 0.00404656 -0.0020317 -0.0170665 0.00564916 -0.0834029 -0.0806995 -0.0805218
internal_weight=11.6671 11.1732 0.688732 10.4845 9.55523 7.47692 2.52818 4.94874 0.468266 0.178205 0.136172
internal_count=463 427 181 246 213 174 47 127 166 132 129
is_linear=0
shrinkage=0.1


Tree=411
num_leaves=8
num_cat=0
split_feature=1 5 5 0 6 1 0
split_gain=0.0761058 4.08073e-07 5.07971e-08 3.48516e-09 1.42346e-09 9.52266e-10 1.89915e-12
threshold=0.78656609248549303 23.550000000000004 23.850000000000005 0.98296291314453421 74.15000000000002 0.37940952255126026 0.91597561503675362
decision_type=2 2 2 2 2 2 2
left_child=1 -1 -3 4 6 -6 -4
right_child=-2 2 3 -5 5 -7 -8
leaf_value=-0.080520014210078081 0.012189624857599612 -0.080277226497840692 -0.080004977316894821 -0.080125343875656174 -0.080074525883405551 -0.080031612224098464 -0.080007707821911911
leaf_weight=0.046570125367907056 1.1572644588304684 0.013102401897413074 0.0066158027526626029 0.0050104837982871677 0.0093490275467047468 0.01157053649876616 0.00414207709764014
leaf_count=17 35 11 277 35 11 35 42
internal_value=0.00507981 -0.0803072 -0.0801082 -0.0800478 -0.0800356 -0.0800508 -0.080006
internal_weight=1.25362 0.0963605 0.0497903 0.0366879 0.0316774 0.0209196 0.0107579
internal_count=463 428 411 400 365 46 319
is_linear=0
shrinkage=0.1


Tree=412
num_leaves=14
num_cat=0
split_feature=1 6 3 6 5 6 2 6 6 6 1 2 0
split_gain=0.0407054 0.123777 0.0959003 0.0703517 0.116439 0.267083 0.0742308 0.193583 0.15609 0.000495675 9.89428e-05 5.13545e-06 2.55339e-06
threshold=-0.98296291314453399 57.45000000000001 -0.56174490092936669 59.150000000000013 28.250000000000004 60.45000000000001 -0.60785761079279388 70.800000000000026 61.45000000000001 60.900000000000006 -0.37940952255126015 0.6078576107927941 0.78656609248549325
decision_type=2 2 2 2 2 2 2 2 2 2 2 2 2
left_child=-1 2 -2 -3 6 -6 7 -5 -8 -7 11 12 -4
right_child=1 3 10 4 5 9 8 -9 -10 -11 -12 -13 -14
leaf_value=0.011374348630719061 0.012150013275193015 0.033995926839537463 -0.080302384558716813 0.0025662740964390806 0.039397348334254366 -0.090277022443176244 0.038174950237259975 -0.061266866638721412 -0.0012422809472160783 -0.083010435774067221 -0.084747172657252165 -0.081941636900388332 -0.081325692814521636
leaf_weight=2.4555361866950998 0.15643558168085292 0.55703660951985412 0.049223999591049505 1.7960750570055064 0.26930097289732735 0.12770840143639361 1.2333297287113962 0.6459545433972379 5.417458622241611 0.35429966373339994 0.16266029328107734 0.067954707628814504 0.048320251516997814
leaf_count=20 13 19 42 32 20 6 11 43 171 66 3 14 3
internal_value=-0.000255752 -0.00287919 -0.052281 -0.000577539 -0.0025339 -0.0403695 0.000592325 -0.0143186 0.0060673 -0.0849357 -0.0829957 -0.0812742 -0.0808093
internal_weight=13.3413 10.8858 0.484595 10.4012 9.84413 0.751309 9.09282 2.44203 6.65079 0.482008 0.328159 0.165499 0.0975443
internal_count=463 443 75 368 349 92 257 75 182 72 62 59 45
is_linear=0
shrinkage=0.1


Tree=413
num_leaves=9
num_cat=0
split_feature=6 6 6 2 8 9 5 2
split_gain=0.0404744 0.0876293 0.169149 0.0848254 0.187688 0.0992684 0.0659856 0.0458907
threshold=53.400000000000006 56.850000000000001 58.850000000000001 0.87837969732492682 1.0000000180025095e-35 1.0000000180025095e-35 28.250000000000004 -0.60785761079279388
decision_type=2 2 2 2 2 2 2 2
left_child=-1 7 -3 5 -5 6 -4 -2
right_child=1 2 3 4 -6 -7 -8 -9
leaf_value=0.028015386132030241 -0.0046878068090522914 0.075569675476557852 -0.018008268336933985 0.060594393426136185 -0.019295423213890547 0.038871705058966727 0.0035222539538076062 -0.041373910795845174
leaf_weight=0.4863786625646761 0.62085825926624238 0.30466446644277301 3.2870394586207112 0.64353967941133305 0.5415266116033306 0.47488267558219366 2.5106884134584107 0.75637226115213507
leaf_count=30 24 26 193 20 31 35 84 20
internal_value=-9.35239e-05 -0.00158939 0.00253509 -0.000448557 0.024088 -0.00508418 -0.00868454 -0.0248357
internal_weight=9.62595 9.13957 7.76234 7.45768 1.18507 6.27261 5.79773 1.37723
internal_count=463 433 389 363 51 312 277 44
is_linear=0
shrinkage=0.1


Tree=414
num_leaves=7
num_cat=0
split_feature=5 6 5 6 5 5
split_gain=0.0716595 0.130279 0.0731508 0.0759791 0.102473 0.124353
threshold=23.550000000000004 83.40000000000002 32.300000000000004 55.550000000000004 31.950000000000003 24.050000000000004
decision_type=2 2 2 2 2 2
left_child=-1 2 3 -2 5 -5
right_child=1 -3 -4 4 -6 -7
leaf_value=0.014704600713208308 -0.083693509033057362 -0.09235300981646398 0.081365359779582522 0.00066500900468023758 0.084463621672395295 -0.080236411342094416
leaf_weight=1.784040274564177 0.12740634263263961 0.18622368478622764 0.093761690892279037 1.3904938120394943 0.12256297469139088 0.22006553081337177
leaf_count=25 48 14 6 23 2 345
internal_value=-9.66512e-05 -0.012433 -0.0048174 -0.00916059 -0.00368149 -0.0103893
internal_weight=3.92455 2.14051 1.95429 1.86053 1.73312 1.61056
internal_count=463 438 424 418 370 368
is_linear=0
shrinkage=0.1


Tree=415
num_leaves=12
num_cat=0
split_feature=5 1 8 5 0 2 6 6 0 5 6
split_gain=0.0673043 0.133525 0.0658417 0.202039 0.177444 0.258913 0.1673 0.0489978 0.0285477 0.0358222 0.0235729
threshold=23.850000000000005 0.37940952255126026 1.0000000180025095e-35 24.650000000000002 -0.98296291314453399 0.87837969732492682 67.850000000000009 63.050000000000004 -0.78656609248549303 24.050000000000004 76.850000000000009
decision_type=2 2 2 2 2 2 2 2 2 2 2
left_child=-1 2 6 -4 -5 -6 7 -2 -3 -10 -11
right_child=1 8 3 4 5 -7 -8 -9 9 10 -12
leaf_value=-0.021313517471849456 0.0064442101599459208 0.081647941348663378 -0.058670621353129296 0.052338240581245844 0.00086619849083600692 -0.091830178922230707 0.033304878893551208 -0.017356106543937055 0.078513309114447427 0.052335630125131441 -0.02295184879243304
leaf_weight=1.3225791830336682 1.8196227933476605 0.20776150282472372 0.68734590336680224 0.55788621032843178 2.9198475617258763 0.33599422011320701 1.7159963098820297 1.6487570753670295 0.10726235236506987 0.066577007004525512 0.11080054478952661
leaf_count=41 34 26 9 36 187 20 26 25 4 21 34
internal_value=-9.17456e-05 0.00266596 8.33835e-05 -0.00876535 0.000229052 -0.00869982 0.00776585 -0.0048697 0.0534647 0.0328935 0.0053066
internal_weight=11.5004 10.1779 9.68545 4.50107 3.81373 3.25584 5.18438 3.46838 0.492401 0.28464 0.177378
internal_count=463 422 337 252 243 207 85 59 85 59 55
is_linear=0
shrinkage=0.1


Tree=416
num_leaves=12
num_cat=0
split_feature=6 6 3 6 6 5 3 5 1 6 6
split_gain=0.0680746 0.152522 0.14403 0.0988745 0.0718787 0.0501109 0.0447066 0.0118632 0.0117465 0.00348792 0.000252644
threshold=87.100000000000009 85.850000000000009 -0.56174490092936669 75.350000000000009 84.950000000000003 23.750000000000004 0.81174490092936691 24.950000000000003 0.78656609248549303 81.65000000000002 77.15000000000002
decision_type=2 2 2 2 2 2 2 2 2 2 2
left_child=1 2 4 7 9 -5 -7 -4 -9 10 -1
right_child=-2 -3 3 5 -6 6 -8 8 -10 -11 -12
leaf_value=0.012084381809777264 -0.05130154520840851 0.089554775093614758 -0.083436503207869397 0.063043092427193401 -0.098382056494323411 0.045650011178136642 -0.052778841570285999 -0.080020737486491689 0.080176830867147109 0.079160214916814076 0.034991312809078974
leaf_weight=0.013422886777107013 0.18883892989288154 0.21256211274885572 0.086571287251899665 0.31535728253948037 0.18991631269454956 0.094228874178952537 0.090430184020078741 0.0086219822728708095 0.0097567187622189522 0.019398992284550332 0.0075078158406540743
leaf_count=101 6 7 33 15 1 32 8 244 4 4 8
internal_value=0.00396517 0.0139258 -0.00532182 0.0202969 -0.0726345 0.0388184 -0.00255201 -0.0679455 0.0050235 0.0486129 0.0203011
internal_weight=1.23661 1.04777 0.835212 0.604966 0.230246 0.500016 0.184659 0.10495 0.0183787 0.0403297 0.0209307
internal_count=463 457 450 336 114 55 40 281 248 113 109
is_linear=0
shrinkage=0.1


Tree=417
num_leaves=13
num_cat=0
split_feature=6 6 6 6 6 5 5 6 6 2 5 5
split_gain=0.0405827 0.265663 0.252443 0.333049 0.153597 0.140818 0.236842 0.159764 0.113853 0.0708212 0.048987 0.146936
threshold=68.850000000000009 69.15000000000002 66.750000000000014 66.350000000000009 64.850000000000009 27.050000000000004 25.950000000000003 74.65000000000002 75.15000000000002 -0.60785761079279388 26.650000000000002 27.150000000000002
decision_type=2 2 2 2 2 2 2 2 2 2 2 2
left_child=2 -2 3 4 10 6 7 9 -9 -3 -1 -12
right_child=1 5 -4 -5 -6 -7 -8 8 -10 -11 11 -13
leaf_value=-0.017360972472611338 0.089284400801914562 -0.014031580373850987 -0.05688030755801831 0.067139073536160027 -0.049042203444347066 -0.047686961116317844 0.065575308152899303 0.039074095331991916 -0.083562185609572917 0.022092556890762897 0.03596143903743558 -0.004508831447671174
leaf_weight=1.3395922553027011 0.36596100637689311 0.95831401445320841 0.82118088559946123 0.70195767190307368 0.71323538996512059 0.53104717762471398 0.58337419066810969 0.095403709681704529 0.36657472542901814 1.2514016083005128 1.1360297850333152 4.2661053321062354
leaf_count=24 4 19 31 12 29 20 21 4 80 32 8 179
internal_value=-0.000251011 0.00792412 -0.00403174 0.00128868 -0.00491178 5.99416e-05 0.0078496 -0.00475502 -0.0582364 0.00642617 -0.00024304 0.00400177
internal_weight=13.1302 4.15208 8.9781 8.15692 7.45496 3.78612 3.25507 2.67169 0.461978 2.20972 6.74173 5.40214
internal_count=463 180 283 252 240 176 156 135 84 51 211 187
is_linear=0
shrinkage=0.1


Tree=418
num_leaves=8
num_cat=0
split_feature=6 6 0 5 6 5 2
split_gain=0.0436816 0.117664 0.109525 0.0734979 0.432226 0.154038 0.00842525
threshold=85.850000000000009 84.40000000000002 0.98296291314453421 23.250000000000004 73.550000000000026 24.050000000000004 -1.0000000180025095e-35
decision_type=2 2 2 2 2 2 2
left_child=1 2 3 -1 5 -5 -6
right_child=-2 -3 -4 4 6 -7 -8
leaf_value=0.027535331549627558 -0.025460868115213076 0.055260834796736658 0.051350454297343168 0.042785679408764654 -0.064320025939757414 -0.0039197692855582498 -0.08852820428499597
leaf_weight=0.71282227314076774 0.62539594032568935 0.39457450783811587 0.38697565418260715 0.80360205331817258 0.20402837380243 5.8226822612123215 0.48675222310703237
leaf_count=11 13 4 36 13 36 312 38
internal_value=7.68525e-05 0.0018894 -0.000612597 -0.0031168 -0.0061029 0.00174443 -0.0813781
internal_weight=9.43683 8.81144 8.41686 8.02989 7.31706 6.62628 0.690781
internal_count=463 450 446 410 399 325 74
is_linear=0
shrinkage=0.1


Tree=419
num_leaves=12
num_cat=0
split_feature=6 5 3 0 0 2 3 5 5 6 6
split_gain=0.0776309 0.0629295 0.0914996 0.109354 0.0780437 0.0975082 0.0594199 0.101219 0.0708263 0.0400293 2.94264e-05
threshold=86.100000000000009 23.250000000000004 -0.56174490092936669 -0.91597561503675329 -0.91597561503675329 1.0000000180025095e-35 1.0000000180025095e-35 23.950000000000003 32.300000000000004 81.200000000000003 71.350000000000009
decision_type=2 2 2 2 2 2 2 2 2 2 2
left_child=1 -1 4 10 -3 9 8 -8 -5 -6 -4
right_child=-2 2 3 6 5 -7 7 -9 -10 -11 -12
leaf_value=-0.027625280644669816 0.034934378805654705 0.068200412984891254 -0.083685174985083197 -0.082515356389745873 -0.0022422269942106868 -0.060304808293452965 0.024077413970462841 -0.038290960553608228 0.081197333075302913 0.084426028637657427 -0.081049545379984808
leaf_weight=0.96000162465497929 0.53719797247322265 0.33231546491151676 0.11778310164390937 0.15223123991540721 0.098650863630610819 0.15105079602426486 0.92944252118468262 0.36139423916529267 0.031976765254512429 0.11590229239186556 0.066153776169812772
leaf_count=13 10 26 41 120 40 41 15 130 3 5 19
internal_value=-0.000331512 -0.0060431 0.00274766 -0.010032 0.0331255 0.0012442 -0.000965765 0.0066162 -0.0540964 0.0445762 -0.0827373
internal_weight=3.8541 3.3169 2.3569 1.65898 0.697919 0.365604 1.47504 1.29084 0.184208 0.214553 0.183937
internal_count=463 453 440 328 112 86 268 145 123 45 60
is_linear=0
shrinkage=0.1


Tree=420
num_leaves=13
num_cat=0
split_feature=5 1 8 5 5 3 1 5 2 0 5 6
split_gain=0.0657278 0.11791 0.0654952 0.178152 0.180899 0.224113 0.209491 0.149887 0.187161 0.0285907 0.0323488 0.0211849
threshold=23.850000000000005 0.37940952255126026 1.0000000180025095e-35 24.650000000000002 27.950000000000003 1.0000000180025095e-35 -0.12940952255126037 26.650000000000002 1.0000000180025095e-35 -0.78656609248549303 24.050000000000004 76.850000000000009
decision_type=2 2 2 2 2 2 2 2 2 2 2 2
left_child=-1 2 7 -4 5 -5 -6 -2 -9 -3 -11 -12
right_child=1 9 3 4 6 -7 -8 8 -10 10 11 -13
leaf_value=-0.021240955277712276 0.033629756510412022 0.081570030784441347 -0.056423474842089177 -0.0107866974061675 -0.081953221717131972 0.045703714311212604 0.02376281189331135 -0.029098904455942643 0.017525994339911973 0.076874352562919926 0.050871336122088377 -0.021972655450540439
leaf_weight=1.2717697889311246 1.5942868826678003 0.19304661289788783 0.65789799205958654 1.7828693892806775 0.49841952547649082 1.1587262137327341 0.30044053494930445 1.5616799712588547 1.9187778939340203 0.098365672864020648 0.063304748706286773 0.10810041913646273
leaf_count=41 35 26 9 28 184 25 6 26 24 4 21 34
internal_value=0.000164093 0.00290388 0.000496031 -0.00843539 5.09169e-06 0.0114655 -0.0421948 0.00823702 -0.00339458 0.0521885 0.0311633 0.00493068
internal_weight=11.2077 9.93592 9.4731 4.39835 3.74046 2.9416 0.79886 5.07474 3.48046 0.462817 0.269771 0.171405
internal_count=463 422 337 252 243 53 190 85 50 85 59 55
is_linear=0
shrinkage=0.1


Tree=421
num_leaves=9
num_cat=0
split_feature=1 5 5 2 1 6 1 0
split_gain=0.0709075 3.84215e-07 5.00915e-08 2.491e-09 1.24889e-09 5.41512e-10 3.29058e-10 5.6547e-13
threshold=0.78656609248549303 23.550000000000004 23.850000000000005 0.87837969732492682 0.1294095225512602 74.15000000000002 0.37940952255126026 0.91597561503675362
decision_type=2 2 2 2 2 2 2 2
left_child=1 -1 -3 5 -5 7 -7 -4
right_child=-2 2 3 4 -6 6 -8 -9
leaf_value=-0.080519329039192622 0.011511069802554052 -0.080280463809587463 -0.080004103871040552 -0.08011436466275379 -0.080046363620730615 -0.080052873443512779 -0.080022604970358402 -0.080005840521200577
leaf_weight=0.045703808775215182 1.0625761247938499 0.012414968985467567 0.0048266194145298869 0.0060692488706308723 0.0048662966610208969 0.0070164589124033228 0.0073581786600698251 0.0030658985335776379
leaf_count=17 35 11 244 39 14 12 29 62
internal_value=0.00424384 -0.0803144 -0.0801091 -0.080045 -0.0800841 -0.0800258 -0.0800374 -0.0800048
internal_weight=1.1539 0.0913215 0.0456177 0.0332027 0.0109355 0.0222672 0.0143746 0.00789252
internal_count=463 428 411 400 53 347 41 306
is_linear=0
shrinkage=0.1


Tree=422
num_leaves=11
num_cat=0
split_feature=5 1 6 3 6 6 6 6 1 2
split_gain=0.0496913 0.0482384 0.107431 0.0876317 0.0794151 0.136984 0.0958631 0.0702271 7.65913e-05 4.66565e-06
threshold=23.250000000000004 -0.98296291314453399 57.45000000000001 -0.56174490092936669 60.750000000000007 61.250000000000007 64.600000000000009 59.850000000000001 -0.37940952255126015 0.6078576107927941
decision_type=2 2 2 2 2 2 2 2 2 2
left_child=-1 -2 3 -3 7 -6 -7 -4 9 -5
right_child=1 2 4 8 5 6 -8 -9 -10 -11
leaf_value=0.028410361058807329 0.011009332502098498 0.010330880720100785 -0.00038339095624332774 -0.080772323046348141 -0.052374886369750011 0.023625348023636448 -0.0077517489901751642 0.042220737578470904 -0.084399434844417087 -0.081883449952409759
leaf_weight=0.57692813465837467 2.4284660033881655 0.15080392858362757 0.89376416333834441 0.090508468267216813 0.60200543315295352 1.1592103962466351 6.0844722627643932 0.68223655197652988 0.15086897648870845 0.064880836100201122
leaf_count=15 20 13 37 45 9 54 239 14 3 14
internal_value=-0.000273102 -0.0016177 -0.00472177 -0.0520685 -0.0024249 -0.00653971 -0.00273046 0.0180596 -0.0827945 -0.0812363
internal_weight=12.8841 12.3072 9.87875 0.457062 9.42169 7.84569 7.24368 1.576 0.306258 0.155389
internal_count=463 448 428 75 353 302 293 51 62 59
is_linear=0
shrinkage=0.1


Tree=423
num_leaves=8
num_cat=0
split_feature=5 6 6 9 6 2 2
split_gain=0.0381552 0.190315 0.138785 0.0758002 0.200353 0.111591 0.0582411
threshold=31.850000000000005 53.400000000000006 54.050000000000004 1.0000000180025095e-35 54.150000000000013 1.0000000180025095e-35 -1.0000000180025095e-35
decision_type=2 2 2 2 2 2 2
left_child=1 -1 -3 4 -4 -6 -5
right_child=-2 2 3 6 5 -7 -8
leaf_value=0.088234185873846627 -0.029691942190196968 -0.063523573285156121 0.098444591147030677 0.070258820010892467 -0.014773730677300728 0.0095387928433085176 0.00070872057289438897
leaf_weight=0.2449825475923707 0.41528485366143364 0.34254017568309691 0.1976058605941925 0.27349390144809149 4.0892457307345467 3.5068377037678147 0.21509447407152027
leaf_count=23 12 6 3 27 224 149 19
internal_value=-6.62936e-05 0.00132078 -0.00114794 0.00143181 -0.000963496 -0.00354952 0.0396403
internal_weight=9.28509 8.8698 8.62482 8.28228 7.79369 7.59608 0.488588
internal_count=463 451 428 422 376 373 46
is_linear=0
shrinkage=0.1


Tree=424
num_leaves=8
num_cat=0
split_feature=6 5 5 6 6 6 5
split_gain=0.0594993 0.0620602 0.130142 0.0244551 9.95333e-07 5.93779e-07 9.82158e-08
threshold=86.100000000000009 31.950000000000003 24.050000000000004 78.800000000000026 51.20000000000001 82.000000000000014 31.850000000000005
decision_type=2 2 2 2 2 2 2
left_child=1 2 3 -1 -4 6 -6
right_child=-2 -3 4 -5 5 -7 -8
leaf_value=0.0054071989739240154 0.030507003300420471 0.03998782607600538 -0.081025373517542063 -0.01372216188882696 -0.080144378220694534 -0.080646242507619939 -0.08043055899208533
leaf_weight=1.3993597733788208 0.52468217871501099 0.27055227407254268 0.016720542569600982 1.279212264344096 0.18337400744712795 0.029225811940250424 0.012831390835344791
leaf_count=21 10 9 8 25 378 10 2
internal_value=-0.000700179 -0.005831 -0.0100753 -0.00372846 -0.0802809 -0.0802257 -0.0801631
internal_weight=3.71596 3.19128 2.92072 2.67857 0.242152 0.225431 0.196205
internal_count=463 453 444 46 398 390 380
is_linear=0
shrinkage=0.1


Tree=425
num_leaves=10
num_cat=0
split_feature=0 0 5 8 5 6 6 0 6
split_gain=0.0593853 0.0597288 0.0384896 0.255358 0.225617 0.135315 0.163506 7.67171e-05 2.05155e-06
threshold=0.98296291314453421 -0.98296291314453399 27.600000000000005 1.0000000180025095e-35 27.050000000000004 62.050000000000004 68.850000000000009 0.91597561503675362 66.65000000000002
decision_type=2 2 2 2 2 2 2 2 2
left_child=1 -1 4 -4 5 -3 -7 8 -5
right_child=-2 2 3 7 -6 6 -8 -9 -10
leaf_value=0.026241147407827625 0.034533043407128206 -0.047764873386427237 0.002141244130150139 -0.080342712561545335 0.043150864867494004 0.020344629716813278 -0.014439559218432322 -0.083209749013519282 -0.080917579809611687
leaf_weight=0.71634253673255344 0.474216208909639 0.72813819302245786 1.7419185566614017 0.13359798968486014 1.0330439314711837 2.0968871401855722 3.8008515166002326 0.20816017501056194 0.11596537099103443
leaf_count=38 36 8 30 155 7 26 134 6 23
internal_value=-8.6838e-05 -0.00163932 -0.00366517 -0.0153245 -0.000316613 -0.00709365 -0.00207236 -0.0817922 -0.0806098
internal_weight=11.0491 10.5749 9.85856 2.19964 7.65892 6.62588 5.89774 0.457724 0.249563
internal_count=463 427 389 214 175 168 160 184 178
is_linear=0
shrinkage=0.1


Tree=426
num_leaves=9
num_cat=0
split_feature=1 5 5 2 1 6 1 0
split_gain=0.0649424 3.09946e-07 4.19235e-08 2.01524e-09 1.03891e-09 4.13222e-10 2.62262e-10 3.75903e-13
threshold=0.78656609248549303 23.550000000000004 23.850000000000005 0.87837969732492682 0.1294095225512602 74.15000000000002 0.37940952255126026 0.91597561503675362
decision_type=2 2 2 2 2 2 2 2
left_child=1 -1 -3 5 -5 7 -7 -4
right_child=-2 2 3 4 -6 6 -8 -9
leaf_value=-0.080486263812751757 0.010776744616889197 -0.080265004409446353 -0.080003889209706885 -0.080106802363824156 -0.08004234869533125 -0.080048594574467807 -0.080020278532712652 -0.080005366471428974
leaf_weight=0.042485197807763941 1.0550062297843397 0.011619802344284835 0.0044369463087150498 0.0056350999778942423 0.0044962078527532867 0.0064434749947395176 0.0066432846451789374 0.0028155645768492832
leaf_count=17 35 11 244 39 14 12 29 62
internal_value=0.00401768 -0.0802957 -0.0801034 -0.0800418 -0.0800782 -0.0800236 -0.0800342 -0.0800045
internal_weight=1.13958 0.0845756 0.0420904 0.0304706 0.0101313 0.0203393 0.0130868 0.00725251
internal_count=463 428 411 400 53 347 41 306
is_linear=0
shrinkage=0.1


Tree=427
num_leaves=15
num_cat=0
split_feature=5 1 5 6 6 6 6 6 5 6 6 2 2 6
split_gain=0.0429616 0.2278 0.226597 0.158156 0.116063 0.15067 0.115351 0.0912699 0.15284 0.0628796 0.162607 0.000256195 9.87786e-05 2.60513e-06
threshold=25.650000000000002 -0.12940952255126037 25.350000000000005 72.15000000000002 73.850000000000009 70.200000000000003 75.15000000000002 68.850000000000009 26.750000000000004 64.600000000000009 61.250000000000007 -0.60785761079279388 1.0000000180025095e-35 78.300000000000026
decision_type=2 2 2 2 2 2 2 2 2 2 2 2 2 2
left_child=2 7 4 12 5 -1 -6 8 -2 10 -10 -8 -3 -13
right_child=1 3 -4 -5 6 -7 11 -9 9 -11 -12 13 -14 -15
leaf_value=-0.015301284849993275 -0.048249473166702327 -0.082628278926944479 0.053063631198935229 0.014719970607704684 0.0047066411086883727 0.031658080753424196 -0.087019738802807889 0.027863580671470847 -0.0013390359202034761 -0.019604846632194344 0.048476457878108892 -0.081886692740262113 -0.085285412332783722 -0.081090433327320757
leaf_weight=1.5874778986908511 0.67890326678752799 0.28867009340319683 0.89004244320676651 0.22902492232969962 0.26892915699863795 1.1995391507080055 0.14018449463765159 1.0949704373269922 3.9897206780660781 1.1075438867264891 0.78401697715162288 0.061472654379030933 0.27148136307368986 0.12391071088859462
leaf_count=30 5 35 19 20 8 29 19 21 138 34 34 11 22 38
internal_value=-2.51127e-06 -0.00413658 0.00817002 -0.0552912 -0.00364635 0.00491014 -0.0437594 0.00113699 -0.00332399 0.00186197 0.00684243 -0.0837938 -0.0839161 -0.0813545
internal_weight=12.7159 8.44433 4.27156 0.789176 3.38151 2.78702 0.594497 7.65516 6.56018 5.88128 4.77374 0.325568 0.560151 0.185383
internal_count=463 309 154 77 135 59 76 232 211 206 172 68 57 49
is_linear=0
shrinkage=0.1


Tree=428
num_leaves=22
num_cat=0
split_feature=8 1 2 6 0 3 1 5 6 2 6 5 5 6 3 5 5 0 6 6 5
split_gain=0.0375257 0.130147 0.227627 0.22446 0.116714 0.112241 0.111339 0.124455 0.104027 0.202881 0.0939201 0.072712 0.276174 0.0722683 0.157586 0.0273065 0.0685312 0.00645289 0.00190773 3.94965e-05 1.79405e-05
threshold=1.0000000180025095e-35 1.0000000180025095e-35 -0.8783796973249266 84.40000000000002 -0.3794095225512602 -0.56174490092936669 1.0000000180025095e-35 23.550000000000004 55.550000000000004 -0.8783796973249266 60.750000000000007 23.750000000000004 28.350000000000005 63.300000000000004 -0.56174490092936669 24.350000000000005 28.050000000000004 -0.91597561503675329 81.850000000000009 77.750000000000014 23.850000000000005
decision_type=2 2 2 2 2 2 2 2 2 2 2 2 2 2 2 2 2 2 2 2 2
left_child=6 4 -3 18 13 -6 10 -8 -7 -10 -1 -9 20 14 -2 -15 -17 -16 19 -4 -13
right_child=1 2 3 -5 5 8 7 11 9 -11 -12 12 -14 15 17 16 -18 -19 -20 -21 -22
leaf_value=-0.034683446300896696 -0.06794577474212371 0.040591497147794635 -0.081972089577158375 -0.0028660372911514381 0.031173673461921514 0.018857615159596747 -0.0038450193074130606 0.072479575727844012 -0.07934037801320766 -0.0053797115897572714 0.012333858875009672 -0.08245856316380068 0.097744164424991467 0.094857781105126049 0.045314024768667222 -0.0080601548759788658 0.082804069048686216 0.082428047324137416 -0.09439025625157256 -0.083747795511342857 -0.080314985801908823
leaf_weight=0.80350500726490304 0.1673636888153851 0.372690594929736 0.32472341651009606 0.60113622387871146 0.7004828811623155 0.69135906679730474 0.75030520744621731 0.58277654647827148 0.5217121879104526 1.2828948192909588 0.90156353254860733 0.066545904148370028 0.18572652339935303 0.16512316465377808 0.086722710228059441 0.14120521020959131 0.20138463299372233 0.10188235351233732 0.18780371619504876 0.20392475396511145 0.094474895129678771
leaf_count=18 11 20 60 10 20 26 10 6 23 47 32 3 1 1 7 29 20 39 8 12 60
internal_value=-0.000174864 -0.00509216 -0.0284084 -0.0479256 0.00461467 -0.00419855 0.00817884 0.026451 -0.0141256 -0.0267618 -0.00982281 0.0509057 0.0146466 0.037232 0.00268581 0.0614531 0.0453526 0.0653626 -0.0857327 -0.0826571 -0.0812009
internal_weight=9.13531 5.75041 1.69028 1.31759 4.06013 3.19645 3.3849 1.67983 2.49597 1.80461 1.70507 0.929524 0.346747 0.863682 0.355969 0.507713 0.34259 0.188605 0.716452 0.528648 0.161021
internal_count=463 333 110 90 223 116 130 80 96 70 50 70 64 107 57 50 49 46 80 72 63
is_linear=0
shrinkage=0.1


Tree=429
num_leaves=9
num_cat=0
split_feature=5 5 5 6 1 3 5 5
split_gain=0.0567756 0.12675 0.109521 0.191225 0.0933147 0.0853245 0.0353025 5.72107e-05
threshold=23.550000000000004 23.750000000000004 23.850000000000005 63.850000000000001 -0.98296291314453399 0.81174490092936691 24.450000000000003 24.050000000000004
decision_type=2 2 2 2 2 2 2 2
left_child=-1 -2 -3 4 -4 7 -6 -5
right_child=1 2 3 5 6 -7 -8 -9
leaf_value=0.012849928289989638 -0.044816720005222271 0.058656390618982528 -0.049951195380595496 -0.083039213457661937 0.092755452590105314 0.03640383635862527 0.030893210234701346 -0.080312071829915038
leaf_weight=1.6978095099329951 0.7393313368083908 0.31298196362331487 0.11000205888558412 0.21603455673903227 0.14825761318206787 0.074244438539608382 0.2441762879630005 0.11946082201097852
leaf_count=25 11 5 18 8 1 27 183 185
internal_value=-0.000543273 -0.0121183 0.00761375 -0.00989979 0.0314475 -0.0606011 0.0542641 -0.0820682
internal_weight=3.6623 1.96449 1.22516 0.912176 0.502436 0.40974 0.392434 0.335495
internal_count=463 438 427 422 202 220 184 193
is_linear=0
shrinkage=0.1


Tree=430
num_leaves=9
num_cat=0
split_feature=6 6 6 0 6 3 5 2
split_gain=0.0534611 0.144933 0.0863849 0.0571942 0.0754335 0.194328 0.0621777 0.031266
threshold=54.600000000000009 59.150000000000013 60.000000000000007 -0.98296291314453399 64.600000000000009 -0.22252093395631442 23.850000000000005 -1.0000000180025095e-35
decision_type=2 2 2 2 2 2 2 2
left_child=-1 7 -3 -4 5 -5 -6 -2
right_child=1 2 3 4 6 -7 -8 -9
leaf_value=0.042555079516163122 -0.088028442490877462 0.042581595661486463 0.028147905739278434 0.001312629398687336 -0.019284288887041191 -0.072246300798739227 0.0053661291134450787 -0.031355029390517326
leaf_weight=0.2857754464021135 0.20468320111467619 0.47666720362394599 0.62806247518164759 1.1121573264899778 1.2279270382132379 0.53042821389863082 6.1392005503803375 0.18562657216716516
leaf_count=43 39 23 35 35 40 34 190 24
internal_value=-0.000120361 -0.00128132 0.00102609 -0.00102917 -0.00306309 -0.0224412 0.00125748 -0.0610753
internal_weight=10.7905 10.5048 10.1144 9.63778 9.00971 1.64259 7.36713 0.39031
internal_count=463 420 357 334 299 69 230 63
is_linear=0
shrinkage=0.1


Tree=431
num_leaves=12
num_cat=0
split_feature=6 2 6 2 6 5 5 8 5 6 6
split_gain=0.0611075 0.073826 0.0528877 0.107907 0.079463 0.0310186 0.00896172 0.0159357 0.00809427 0.000834844 0.000206842
threshold=90.40000000000002 0.6078576107927941 85.850000000000009 1.0000000180025095e-35 74.15000000000002 23.750000000000004 23.350000000000005 1.0000000180025095e-35 24.950000000000003 76.450000000000017 70.950000000000017
decision_type=2 2 2 2 2 2 2 2 2 2 2
left_child=1 2 3 4 10 -6 -3 -8 -9 -10 -1
right_child=-2 6 -4 -5 5 -7 7 8 9 -11 -12
leaf_value=-0.072573603315056634 -0.085208034900016008 0.083476699809864371 0.038231187601894798 -0.080666854287331835 0.062772139227870671 0.001209958165521868 0.060302604372896668 -0.080516598562426711 0.051345304493500214 -0.00056100598258228284 -0.083725425115262403
leaf_weight=0.023912307282045964 0.071860499390823063 0.095476172864437103 0.21764679395710118 0.19398330161811828 0.16200606791244354 0.16541082371622906 0.10941692792289359 0.013471476179347519 0.0076713107787327317 0.0051982933364342898 0.054629465734251426
leaf_count=203 3 2 6 58 12 43 37 12 51 6 30
internal_value=0.00400163 0.0101139 -0.00399565 -0.0193147 0.0100018 0.031671 0.0600017 0.0434922 -0.0263356 0.0303793 -0.0803302
internal_weight=1.12068 1.04882 0.817589 0.599942 0.405959 0.327417 0.231234 0.135758 0.0263411 0.0128696 0.0785418
internal_count=463 460 352 346 288 55 108 106 69 57 233
is_linear=0
shrinkage=0.1


Tree=432
num_leaves=11
num_cat=0
split_feature=5 5 2 6 5 2 6 6 6 5
split_gain=0.0461844 0.0573081 0.0943113 0.0523819 0.193845 0.280225 0.187463 0.1126 0.196422 6.30231e-05
threshold=23.250000000000004 24.350000000000005 0.6078576107927941 72.800000000000026 26.050000000000004 0.87837969732492682 70.800000000000026 68.850000000000009 66.450000000000017 24.950000000000003
decision_type=2 2 2 2 2 2 2 2 2 2
left_child=-1 2 -2 6 5 9 7 8 -3 -5
right_child=1 3 -4 4 -6 -7 -8 -9 -10 -11
leaf_value=0.028330988696534477 -0.083408192161340544 0.0021124144047341086 0.0081720741840304728 -0.085625547291377058 0.082855169282866403 0.06653561054777743 -0.05398765199256509 0.025489709093389146 -0.047773372820163806 -0.082556852867319674
leaf_weight=0.54975113505497653 0.21867177914464164 7.468445420172424 0.23149415716034127 0.14824921573017569 0.33615846854809206 0.22663996697519906 0.64721621572971422 1.641504814615472 0.88256416881631583 0.12200237048091367
leaf_count=15 28 241 19 18 14 10 24 27 36 31
internal_value=-7.45731e-06 -0.00131411 -0.0363138 5.92031e-05 0.0242075 -0.015469 -0.00183151 0.00154664 -0.00315969 -0.0842402
internal_weight=12.4727 11.9229 0.450166 11.4728 0.83305 0.496892 10.6397 9.99251 8.35101 0.270252
internal_count=463 448 47 401 73 59 328 304 277 49
is_linear=0
shrinkage=0.1


Tree=433
num_leaves=10
num_cat=0
split_feature=5 5 1 5 2 5 2 6 5
split_gain=0.0356605 0.0752292 0.124619 0.0966498 0.0875662 0.24902 0.0790234 0.0741557 0.143742
threshold=31.850000000000005 30.250000000000004 -0.98296291314453399 28.750000000000004 -0.8783796973249266 30.650000000000002 -1.0000000180025095e-35 60.750000000000007 28.250000000000004
decision_type=2 2 2 2 2 2 2 2 2
left_child=1 2 -1 7 -3 -6 -5 -4 -9
right_child=-2 4 3 6 5 -7 -8 8 -10
leaf_value=-0.047595249211690185 -0.029761212641156332 -0.013848513105275649 -0.028026806638937869 -0.006758917098408557 -0.020583476050816979 0.074369793865384656 0.084550892265288696 -0.0052553654872745503 0.040238372352735259
leaf_weight=0.58251770958304305 0.38707108329981643 0.51558789818955109 0.95143565622856741 0.15654392810392892 0.46527423770748988 0.67963548815168906 0.24023065096116614 4.0913008748684661 0.83651095360983152
leaf_count=6 12 27 31 38 18 40 23 248 20
internal_value=-7.5343e-05 0.00127346 -0.00335036 0.000756292 0.0203718 0.0357822 0.0485254 -0.00246752 0.00246733
internal_weight=8.90611 8.51904 6.85854 6.27602 1.6605 1.14491 0.396775 5.87925 4.92781
internal_count=463 451 366 360 85 58 61 299 268
is_linear=0
shrinkage=0.1


Tree=434
num_leaves=10
num_cat=0
split_feature=6 5 0 5 5 6 5 6 3
split_gain=0.063374 0.0625325 0.0709785 0.0742436 0.0574965 0.0779637 2.98105e-05 1.97315e-08 4.40407e-10
threshold=86.100000000000009 23.250000000000004 0.60355339059327384 23.550000000000004 23.750000000000004 74.850000000000009 24.150000000000002 56.050000000000004 -0.56174490092936669
decision_type=2 2 2 2 2 2 2 2 2
left_child=1 -1 3 -3 -5 -6 -4 -8 -9
right_child=-2 2 6 4 5 -7 7 8 -10
leaf_value=-0.027944396416437312 0.032152241456033626 0.048261406841849049 -0.083701409266647431 -0.027647705501764326 0.026154123189330105 -0.036872361124442733 -0.080229451545668407 -0.080063477592737978 -0.080040142072544007
leaf_weight=0.91740814596414644 0.50420657033100713 0.36200984660536129 0.052832543849944957 0.56479040824342508 0.84874856778696972 0.25530341361127284 0.007778816223890316 0.016553640489291865 0.015813631670425821
leaf_count=13 10 8 1 10 250 56 12 33 70
internal_value=-0.000683068 -0.00612683 0.00329747 0.00720908 -0.0016961 0.0115797 -0.0821405 -0.0800864 -0.0800521
internal_weight=3.54545 3.04124 2.12383 2.03085 1.66884 1.10405 0.0929786 0.0401461 0.0323673
internal_count=463 453 440 324 316 306 116 115 103
is_linear=0
shrinkage=0.1


Tree=435
num_leaves=11
num_cat=0
split_feature=0 5 5 0 6 6 5 5 6 8
split_gain=0.0463516 0.0401073 0.208737 0.13353 0.12507 0.127451 0.207797 1.02262e-06 7.18268e-07 6.56306e-07
threshold=-0.98296291314453399 27.600000000000005 27.050000000000004 0.91597561503675362 62.050000000000004 68.850000000000009 25.950000000000003 28.050000000000004 72.800000000000026 1.0000000180025095e-35
decision_type=2 2 2 2 2 2 2 2 2 2
left_child=-1 2 4 7 -2 -6 -7 -3 9 -9
right_child=1 3 -4 -5 5 6 -8 8 -10 -11
leaf_value=0.025191996420905156 -0.043956545408999487 -0.081157460359603001 0.043782489492939489 -0.004824881896866336 0.019621898187356466 -0.0014604138516152885 -0.068413093087449736 -0.080792071536061091 -0.080878441162825832 -0.080333527219379031
leaf_weight=0.6752331407042228 0.72844691062345912 0.02722514467313919 1.0174512595403937 2.0515789124183357 2.1156127120484598 3.2464131998713133 0.54077469426556479 0.03922667754159137 0.04321277909912169 0.15280028948836899
leaf_count=38 10 2 9 27 40 127 20 14 4 172
internal_value=-0.000163109 -0.00188157 0.00160834 -0.0134169 -0.00486256 -3.80902e-05 -0.0110206 -0.0805772 -0.0805101 -0.0804272
internal_weight=10.638 9.96274 7.6487 2.31404 6.63125 5.9028 3.78719 0.262465 0.23524 0.192027
internal_count=463 425 206 219 197 187 147 192 190 186
is_linear=0
shrinkage=0.1


Tree=436
num_leaves=8
num_cat=0
split_feature=1 5 0 0 6 6 2
split_gain=0.0599039 2.47825e-07 1.36218e-09 6.84848e-10 3.40643e-10 9.73506e-11 9.90626e-13
threshold=0.78656609248549303 23.850000000000005 0.98296291314453421 -0.98296291314453399 74.15000000000002 76.850000000000009 0.6078576107927941
decision_type=2 2 2 2 2 2 2
left_child=1 -1 3 -3 6 -6 -5
right_child=-2 2 -4 4 5 -7 -8
leaf_value=-0.080409594637228826 0.010223567630055393 -0.080074457596005261 -0.08009453671835956 -0.080003750150706376 -0.080039368394095006 -0.080022487802129089 -0.080006239852783059
leaf_weight=0.051566035342602845 0.99803724349476397 0.0028555131626717403 0.0035995514324440583 0.0047686583103541116 0.00730720944920904 0.0064160853689827491 0.0024037047121510113
leaf_count=28 35 38 35 221 17 25 64
internal_value=0.00359163 -0.0802805 -0.0800372 -0.0800285 -0.0800222 -0.0800315 -0.0800046
internal_weight=1.07695 0.0789168 0.0273507 0.0237512 0.0208957 0.0137233 0.00717236
internal_count=463 428 400 365 327 42 285
is_linear=0
shrinkage=0.1


Tree=437
num_leaves=16
num_cat=0
split_feature=5 5 1 6 6 2 6 6 5 5 2 3 2 2 5
split_gain=0.0413186 0.213201 0.203123 0.137209 0.108548 0.132524 0.106385 0.0755618 0.131354 0.0577438 0.333983 0.163684 0.000233363 6.23481e-05 1.11321e-06
threshold=25.650000000000002 25.350000000000005 -0.12940952255126037 72.15000000000002 73.850000000000009 1.0000000180025095e-35 75.15000000000002 68.850000000000009 26.750000000000004 29.450000000000003 -1.0000000180025095e-35 -0.56174490092936669 -0.60785761079279388 1.0000000180025095e-35 24.050000000000004
decision_type=2 2 2 2 2 2 2 2 2 2 2 2 2 2 2
left_child=1 4 7 13 5 -1 -6 8 -2 10 -10 -11 -8 -4 -14
right_child=2 -3 3 -5 6 -7 12 -9 9 11 -12 -13 14 -15 -16
leaf_value=0.026181772314901069 -0.045810478990930784 0.052167275605450925 -0.082406812336593263 0.01185006685627497 0.0042582080797382727 -0.018124216212080869 -0.086808283796106001 0.025793699317503152 0.044313290019477924 -0.062611160614629222 -0.01796817207034529 0.0032523706646867463 -0.081008348442649633 -0.084635246440139755 -0.081528650500938549
leaf_weight=1.3931293247005685 0.65133602172136207 0.86984319819021028 0.26092387200333078 0.21575685258721933 0.25143799261422817 1.3098400186863726 0.13448929202422755 1.0414298377145312 1.5454098895133941 0.48153554026794054 1.9441880353551821 1.7435492640670429 0.098281545233475986 0.24199644004693255 0.070704244044463849
leaf_count=33 5 19 35 20 8 26 19 21 46 25 35 100 23 22 26
internal_value=3.66855e-05 0.00818416 -0.00410188 -0.05486 -0.00355918 0.0047114 -0.043845 0.000822709 -0.00326235 0.00158712 0.00961391 -0.0110013 -0.0836999 -0.0834791 -0.081226
internal_weight=12.2539 4.12773 8.12613 0.718677 3.25788 2.70297 0.554913 7.40745 6.36602 5.71468 3.4896 2.22508 0.303475 0.50292 0.168986
internal_count=463 154 309 77 135 59 76 232 211 206 81 125 68 57 49
is_linear=0
shrinkage=0.1


Tree=438
num_leaves=9
num_cat=0
split_feature=6 6 6 6 2 8 5 1
split_gain=0.0340929 0.0713979 0.160977 0.0772877 0.072396 0.165929 0.0900839 0.203283
threshold=53.400000000000006 56.850000000000001 58.850000000000001 54.150000000000013 0.87837969732492682 1.0000000180025095e-35 30.650000000000002 -0.98296291314453399
decision_type=2 2 2 2 2 2 2 2
left_child=-1 3 -3 -2 6 -6 7 -4
right_child=1 2 4 -5 5 -7 -8 -9
leaf_value=0.027163827583515557 0.0034543266122222544 0.075372500676941179 -0.087300783257429154 -0.046611316111337842 0.058301081230367424 -0.02046139655471961 0.026750380747615501 -0.0047139070054568978
leaf_weight=0.44191036553820673 0.57336183663573848 0.29098562228318758 0.31863117590546419 0.66708129801554605 0.59892341257364023 0.48332313133869298 0.76889616032713082 4.6127527381613636
leaf_count=30 10 26 4 34 20 31 22 286
internal_value=9.81257e-05 -0.00134049 0.0025402 -0.0234698 -0.000584466 0.0231264 -0.00508617 -0.0100501
internal_weight=8.75587 8.31396 7.07351 1.24044 6.78253 1.08225 5.70028 4.93138
internal_count=463 433 389 44 363 51 312 290
is_linear=0
shrinkage=0.1


Tree=439
num_leaves=9
num_cat=0
split_feature=1 2 5 5 2 6 8 1
split_gain=0.0554965 0.136688 0.0626039 0.0804363 0.0463649 0.0594677 0.00875855 0.00275207
threshold=0.78656609248549303 0.87837969732492682 23.250000000000004 23.550000000000004 -0.8783796973249266 71.750000000000014 1.0000000180025095e-35 0.37940952255126026
decision_type=2 2 2 2 2 2 2 2
left_child=1 2 -1 -4 7 -6 -3 -5
right_child=-2 6 3 4 5 -7 -8 -9
leaf_value=-0.022091110010493548 0.025143040825909437 -0.092242699147002227 0.057956188298517765 -0.047053235374412104 -0.014622950219050648 0.027906351976909882 -0.055091778476537213 -0.08367069463716803
leaf_weight=0.86010437831282738 0.65901039164054953 0.14796018469360206 0.30051185935735691 0.033145424798932122 0.69062198692972632 0.62751587231537087 0.11111561587279073 0.053905612552625826
leaf_count=11 35 20 5 75 216 56 35 10
internal_value=-0.000987858 -0.00708388 -9.40485e-05 0.010998 0.000955621 0.00562365 -0.076309 -0.0697283
internal_weight=3.48389 2.82488 2.56581 1.7057 1.40519 1.31814 0.259076 0.087051
internal_count=463 428 373 362 357 272 55 85
is_linear=0
shrinkage=0.1


Tree=440
num_leaves=8
num_cat=0
split_feature=5 6 6 5 0 6 6
split_gain=0.0478102 0.0824348 0.0997859 0.0863914 0.113719 0.058042 0.22191
threshold=23.650000000000002 76.950000000000017 81.200000000000003 24.050000000000004 -0.98296291314453399 73.550000000000026 70.950000000000017
decision_type=2 2 2 2 2 2 2
left_child=-1 3 -3 -2 -5 6 -6
right_child=1 2 -4 4 5 -7 -8
leaf_value=-0.026004072135478208 -0.040149340488803448 0.07621298472852768 -0.0042414811635847864 0.048930378074262787 -0.0047078141563133055 -0.032600291873200675 0.05008448307407725
leaf_weight=0.66130042081931684 0.52101353183388432 0.31754413404269222 0.29961311514489353 0.48295397905166915 6.8100414212017313 0.54288481644471165 0.82915473566390563
leaf_count=30 11 22 25 36 283 29 27
internal_value=2.06052e-05 0.00177617 0.0371545 -0.0006007 0.00177729 -0.00100596 0.00123932
internal_weight=10.4645 9.80321 0.617157 9.18605 8.66503 8.18208 7.6392
internal_count=463 433 47 386 375 339 310
is_linear=0
shrinkage=0.1


Tree=441
num_leaves=9
num_cat=0
split_feature=5 1 3 0 0 6 2 5
split_gain=0.0566923 0.0551704 0.00303278 1.12195e-09 4.92046e-10 2.69698e-10 8.5195e-13 2.52975e-14
threshold=23.950000000000003 0.78656609248549303 -0.22252093395631442 0.98296291314453421 -0.98296291314453399 74.15000000000002 0.6078576107927941 25.050000000000004
decision_type=2 2 2 2 2 2 2 2
left_child=2 3 -1 4 -2 6 -6 -7
right_child=1 -3 -4 -5 5 7 -8 -9
leaf_value=-0.01200222263561102 -0.080067232143983702 0.080988293718074991 -0.00038921057755858312 -0.080087949191263927 -0.080003437719972578 -0.080029161002411933 -0.080005859496932577 -0.080029446201292154
leaf_weight=0.44776246266337694 0.0025769312845795858 0.14326603000517935 0.45177707442599058 0.0034105352790447787 0.0043764491919091588 0.0060492105967568932 0.0021742642727531347 0.0064020625904959161
leaf_count=16 38 21 29 35 221 20 62 21
internal_value=0.00379555 0.057073 -0.0061698 -0.0800347 -0.0800262 -0.0800207 -0.0800042 -0.0800293
internal_weight=1.0678 0.168255 0.89954 0.0249895 0.0215789 0.019002 0.00655071 0.0124513
internal_count=463 418 45 397 362 324 283 41
is_linear=0
shrinkage=0.1


Tree=442
num_leaves=15
num_cat=0
split_feature=7 5 5 0 6 6 6 6 6 6 2 2 1 2
split_gain=0.0400917 0.059287 0.207841 0.111412 0.255934 0.0992869 0.12138 0.100613 0.081831 0.101684 0.141761 0.000193362 0.000171312 6.47779e-06
threshold=1.0000000180025095e-35 25.650000000000002 25.350000000000005 -1.0000000180025095e-35 76.700000000000003 73.850000000000009 70.200000000000003 75.15000000000002 66.350000000000009 54.050000000000004 1.0000000180025095e-35 -0.60785761079279388 -1.0000000180025095e-35 0.87837969732492682
decision_type=2 2 2 2 2 2 2 2 2 2 2 2 2 2
left_child=-1 2 5 4 12 6 -2 -7 9 -5 -11 -9 13 -3
right_child=1 3 -4 8 -6 7 -8 11 -10 10 -12 -13 -14 -15
leaf_value=0.024340648275228718 -0.013681204667012057 -0.080640827592427911 0.052668636831240359 0.02463317703580058 0.084215055334552577 0.0035664357846174584 0.029350336892483626 -0.086397862926328325 0.015698051054339402 -0.0038211579820407156 -0.043881142405203438 -0.081138992753494649 -0.084765968463585833 -0.08205049745513926
leaf_weight=0.64388001075712864 1.5387300311122096 0.18828785763253109 0.84042350648087438 0.74191807141323884 0.11489197726768907 0.25025050051044662 1.141982329332677 0.12687443008690047 1.7246345499297602 3.0390476977881917 1.2453377723795709 0.15574435091002647 0.22721669098245811 0.039423389265721198
leaf_count=22 29 105 18 20 9 8 29 19 37 67 33 49 10 8
internal_value=6.51367e-05 -0.001309 0.00839262 -0.00668146 -0.0491436 -0.00318655 0.00465021 -0.042611 -0.0030974 -0.00954652 -0.0154654 -0.0834998 -0.0828233 -0.0808849
internal_weight=12.0186 11.3748 4.05401 7.32076 0.56982 3.21358 2.68071 0.532869 6.75094 5.0263 4.28439 0.282619 0.454928 0.227711
internal_count=463 441 152 289 132 134 58 76 157 120 100 68 123 113
is_linear=0
shrinkage=0.1


Tree=443
num_leaves=9
num_cat=0
split_feature=5 6 5 1 6 5 1 3
split_gain=0.0380858 0.155505 0.0804255 0.290307 0.0861981 0.0974317 0.0686774 0.0311115
threshold=31.250000000000004 53.400000000000006 30.250000000000004 -0.98296291314453399 55.050000000000004 28.250000000000004 -0.98296291314453399 1.0000000180025095e-35
decision_type=2 2 2 2 2 2 2 2
left_child=1 -1 3 -3 -5 -6 -2 -4
right_child=6 2 7 4 5 -7 -8 -9
leaf_value=0.088469369367269193 -0.053010829154203104 -0.087222079171516281 0.037604099675881658 -0.059358325889044876 -0.0052162961123159773 0.02335898540419536 0.010122860139986966 0.0057825996741113356
leaf_weight=0.20194250602798991 0.35828924411907792 0.40162160992622276 0.66720364076900274 0.23101633519399989 4.1916131852485705 1.6680580475804161 0.33192728379799508 0.56948225894302595
leaf_count=17 6 5 29 6 266 82 35 17
internal_value=-0.000119278 0.0018415 -0.000421903 -0.00487401 0.000556046 0.00291816 -0.0226496 0.0229506
internal_weight=8.62115 7.93094 7.729 6.49231 6.09069 5.85967 0.690217 1.23669
internal_count=463 422 405 359 354 348 41 46
is_linear=0
shrinkage=0.1


Tree=444
num_leaves=10
num_cat=0
split_feature=6 6 6 2 2 6 6 6 5
split_gain=0.0611767 0.0766454 0.0620875 0.0835974 0.0653921 0.308452 0.241888 0.00332536 0.00802818
threshold=86.100000000000009 83.40000000000002 82.000000000000014 -0.8783796973249266 1.0000000180025095e-35 76.450000000000017 77.750000000000014 76.950000000000017 31.750000000000004
decision_type=2 2 2 2 2 2 2 2 2
left_child=1 2 3 7 6 -6 -5 8 -1
right_child=-2 -3 -4 4 5 -7 -8 -9 -10
leaf_value=-0.080568134301128608 0.03221632165533566 -0.082662746491283884 0.058002743838934681 -0.021355520192997628 0.019516046037210105 -0.092207746748114508 0.062892179963464967 -0.083923640238962191 0.018143257735439129
leaf_weight=0.026973234893376996 0.47273762215627346 0.12657383581483816 0.15694283577613521 0.86533015374152522 0.68363146723868318 0.38700430092649185 0.56222356283979025 0.12478009787719202 0.011862692655995488
leaf_count=81 10 12 8 172 138 17 15 7 3
internal_value=-0.00117699 -0.00653677 -0.00311839 -0.00672216 -0.00218683 -0.0208689 0.0118243 -0.0759703 -0.0504161
internal_weight=3.41806 2.94532 2.81875 2.66181 2.49819 1.07064 1.42755 0.163616 0.0388359
internal_count=463 453 441 433 342 155 187 91 84
is_linear=0
shrinkage=0.1


Tree=445
num_leaves=11
num_cat=0
split_feature=6 5 6 5 5 2 3 6 6 2
split_gain=0.0498513 0.110784 0.0590088 0.247742 0.276218 0.200791 0.159452 0.13118 0.113828 0.0777357
threshold=81.850000000000009 23.750000000000004 66.450000000000017 25.250000000000004 26.650000000000002 -1.0000000180025095e-35 -0.56174490092936669 68.850000000000009 70.550000000000011 1.0000000180025095e-35
decision_type=2 2 2 2 2 2 2 2 2 2
left_child=1 -1 3 -3 -5 -6 9 -8 -9 -4
right_child=-2 2 6 4 5 -7 7 8 -10 -11
leaf_value=-0.045765222981696919 0.029351929085646017 -0.069440094034231681 0.089167331675250663 0.046466974237390081 -0.047630437890728072 0.0061070928445589191 0.03374304019395355 -0.03219659742374166 0.0072429434877655857 0.020024281999226314
leaf_weight=0.53450373630039294 0.55331539240432981 0.55800875590648313 0.32818171597318713 1.0250098005635662 1.100984396045076 1.887176268708574 0.96056916704765161 1.2255416256230094 1.8163719052972735 0.32227634828450391
leaf_count=22 33 14 20 21 123 86 30 19 74 21
internal_value=0.000152394 -0.00150322 0.0010616 -0.00700788 0.00167297 -0.0136924 0.00898928 0.00152659 -0.00864666 0.0549097
internal_weight=10.3119 9.75862 9.22412 4.57118 4.01317 2.98816 4.65294 4.00248 3.04191 0.650458
internal_count=463 430 408 244 230 209 164 123 93 41
is_linear=0
shrinkage=0.1


Tree=446
num_leaves=9
num_cat=0
split_feature=6 6 3 6 5 6 5 6
split_gain=0.053933 0.126472 0.11617 0.0766557 0.0439418 0.0387425 0.00769714 0.00504447
threshold=87.100000000000009 85.850000000000009 -0.56174490092936669 74.15000000000002 23.750000000000004 80.65000000000002 24.950000000000003 70.800000000000026
decision_type=2 2 2 2 2 2 2 2
left_child=1 2 -1 6 -5 -6 -4 -8
right_child=-2 -3 3 4 5 -7 7 -9
leaf_value=-0.070502522961245429 -0.050109289754170921 0.087913313363216894 -0.082928153218171596 0.061399564634733686 0.045237533340854015 -0.053039778181645875 -0.080003776620535594 0.067583014577663428
leaf_weight=0.19947947029061197 0.15841059779268107 0.18055418986477889 0.068752968382341351 0.26516533425456146 0.078638338447490241 0.08187771518714726 0.0037297532663274069 0.0061093778227814255
leaf_count=114 6 7 31 15 35 11 219 25
internal_value=0.00362521 0.013251 -0.00590435 0.0196493 0.036402 -0.00489279 -0.0710893 0.0116368
internal_weight=1.04272 0.884307 0.703753 0.504273 0.425681 0.160516 0.0785921 0.00983913
internal_count=463 457 450 336 61 46 275 244
is_linear=0
shrinkage=0.1


Tree=447
num_leaves=11
num_cat=0
split_feature=5 3 8 6 5 5 6 5 6 0
split_gain=0.036319 0.0454047 0.140514 0.110807 0.233835 0.173417 0.302774 0.128538 0.072089 0.141812
threshold=23.750000000000004 0.81174490092936691 1.0000000180025095e-35 70.800000000000026 24.850000000000005 24.850000000000005 69.450000000000017 25.650000000000002 72.800000000000026 -0.60355339059327362
decision_type=2 2 2 2 2 2 2 2 2 2
left_child=-1 3 -3 5 -5 -2 7 -7 -6 -10
right_child=1 2 -4 4 8 6 -8 -9 9 -11
leaf_value=0.021880467513305829 -0.045541533985322291 -0.018791880107774564 0.051542173288983154 0.028795511273019759 -0.090368700615670636 0.028263127147615138 0.07105442678115538 -0.0069069883676515084 -0.085201343528418863 0.053061552859446318
leaf_weight=0.72248273234799931 0.75067349857999488 0.54798612138256431 0.58972434476891133 0.40694449496186347 0.45472901460743742 1.2504813662962968 0.63376177611644369 6.1491997884822922 0.17786629144393373 0.12725786682858597
leaf_count=36 15 13 33 36 19 16 11 236 30 18
internal_value=0.000156126 -0.00125933 0.0176653 -0.00342302 -0.0323767 0.000422902 0.00471798 -0.000963547 -0.0651379 -0.0275362
internal_weight=11.8111 11.0886 1.13771 9.95091 1.1668 8.78412 8.03344 7.39968 0.759853 0.305124
internal_count=463 427 46 381 103 278 263 252 67 48
is_linear=0
shrinkage=0.1


Tree=448
num_leaves=14
num_cat=0
split_feature=3 6 5 5 6 6 6 2 3 8 6 0 5
split_gain=0.0347617 0.0925676 0.047819 0.155153 0.0906062 0.179844 0.167116 0.122971 0.0840151 0.172575 0.0879763 0.0388709 0.0100731
threshold=0.81174490092936691 62.750000000000007 30.250000000000004 31.250000000000004 63.850000000000001 59.850000000000001 65.850000000000009 -1.0000000180025095e-35 1.0000000180025095e-35 1.0000000180025095e-35 69.250000000000014 0.91597561503675362 30.650000000000002
decision_type=2 2 2 2 2 2 2 2 2 2 2 2 2
left_child=2 -2 4 12 5 7 -6 -1 10 -10 -8 -7 -4
right_child=1 -3 3 -5 6 11 8 -9 9 -11 -12 -13 -14
leaf_value=-0.026521121357630989 0.011415204651141139 -0.050795091239967928 0.049962379811032902 -0.022398178759034697 0.068766110292793003 -0.038171928280306494 0.051383056649402993 0.037430095438400361 0.017791800884502908 -0.067814473792052674 0.00069852450321135915 -0.090682171737760553 0.030790871751878973
leaf_weight=0.71002734079229413 0.50303918187273655 0.45600803998240735 0.47874651613528818 0.65118865991826158 0.38434792574844356 0.25379657800658595 0.40591626943933157 0.52154063783382276 0.45791782106971368 0.4847967720706946 2.1908052669896279 0.31711895816260949 0.64102907140477328
leaf_count=30 18 34 27 37 24 39 31 19 26 34 105 17 22
internal_value=-0.000238248 -0.0181646 0.00205489 0.0164158 -0.0023865 -0.0209457 0.00613913 0.000560744 -0.000661548 -0.0262318 0.00862147 -0.0673391 0.0389874
internal_weight=8.45628 0.959047 7.49723 1.77096 5.72627 1.80248 3.92378 1.23157 3.53944 0.942715 2.59672 0.570916 1.11978
internal_count=463 52 411 86 325 105 220 49 196 60 136 56 49
is_linear=0
shrinkage=0.1


Tree=449
num_leaves=8
num_cat=0
split_feature=6 5 5 6 6 6 5
split_gain=0.0527618 0.0478125 0.107496 0.0212453 8.65035e-07 3.09834e-07 8.32974e-08
threshold=86.100000000000009 31.950000000000003 24.050000000000004 79.600000000000009 51.20000000000001 82.000000000000014 31.850000000000005
decision_type=2 2 2 2 2 2 2
left_child=1 2 3 -1 -4 6 -6
right_child=-2 -3 4 -5 5 -7 -8
leaf_value=0.0035182359593223314 0.029595092761074478 0.035538563481806021 -0.080967299357941336 -0.015496028724828113 -0.080121801843533957 -0.080522433221614828 -0.080396716199413132
leaf_weight=1.3565626824274675 0.46675645135110233 0.2451031261589377 0.01554063579533238 1.0367071570362894 0.15254067697742357 0.024562647153629769 0.01187973516061902
leaf_count=26 10 9 8 20 378 10 2
internal_value=-0.00156538 -0.00668142 -0.0106649 -0.00471829 -0.0802501 -0.0801912 -0.0801417
internal_weight=3.30965 2.8429 2.59779 2.39327 0.204524 0.188983 0.16442
internal_count=463 453 444 46 398 390 380
is_linear=0
shrinkage=0.1


Tree=450
num_leaves=10
num_cat=0
split_feature=0 6 5 5 2 6 5 8 0
split_gain=0.0479194 0.0475526 0.064838 0.17775 0.145914 0.14583 0.115767 0.0955218 0.108696
threshold=0.98296291314453421 54.600000000000009 27.600000000000005 27.050000000000004 0.87837969732492682 61.650000000000013 26.150000000000002 1.0000000180025095e-35 -0.98296291314453399
decision_type=2 2 2 2 2 2 2 2 2
left_child=1 -1 3 5 7 -3 -7 -4 -9
right_child=-2 2 4 -5 -6 6 -8 8 -10
leaf_value=0.04037287920030648 0.033035579090128546 -0.047759904318571578 0.0072558225466757545 0.041743576153548526 -0.089286150316161911 -0.004725539559864508 0.035996038472919566 0.011079790067794184 -0.081767995772978927
leaf_weight=0.26686331782548123 0.4256001407629818 0.68507330538704803 1.2158253296365726 0.97150544164469455 0.25373950441189652 4.915170273539843 0.81370244949357573 0.21298586251214124 0.30903772517058326
leaf_count=43 36 9 21 11 20 161 24 7 131
internal_value=0.00019754 -0.00125165 -0.00243625 0.00188185 -0.0184492 -0.00415591 0.00105836 -0.00810643 -0.0438861
internal_weight=10.0695 9.6439 9.37704 7.38545 1.99159 6.41395 5.72887 1.73785 0.522024
internal_count=463 427 384 205 179 194 185 159 138
is_linear=0
shrinkage=0.1


Tree=451
num_leaves=9
num_cat=0
split_feature=5 1 3 0 6 2 2 3
split_gain=0.0575545 0.0498492 0.00211759 1.18451e-09 3.52959e-10 1.52596e-10 4.71613e-13 6.61936e-14
threshold=23.950000000000003 0.78656609248549303 -0.22252093395631442 0.98296291314453421 74.15000000000002 0.6078576107927941 0.6078576107927941 -0.56174490092936669
decision_type=2 2 2 2 2 2 2 2
left_child=2 3 -1 4 6 -6 7 -2
right_child=1 -3 -4 -5 5 -7 -8 -9
leaf_value=-0.012026549820135733 -0.08000335617899873 0.080986272686792357 -0.0019473803605215428 -0.080089026038241889 -0.080023754449613155 -0.080045415465848105 -0.080004767766713947 -0.080002511892474829
leaf_weight=0.42040928056303528 0.001607528777640253 0.13751031784340739 0.41343128656444605 0.0032962018552780128 0.0075367527151684044 0.0057209988299291581 0.0019913223762273446 0.0021987927760847023
leaf_count=16 76 21 29 35 34 11 71 170
internal_value=0.00350848 0.0584728 -0.00702914 -0.0800337 -0.0800241 -0.0800331 -0.0800035 -0.0800029
internal_weight=0.993702 0.159862 0.833841 0.0223516 0.0190554 0.0132578 0.00579764 0.00380632
internal_count=463 418 45 397 362 45 317 246
is_linear=0
shrinkage=0.1


Tree=452
num_leaves=14
num_cat=0
split_feature=5 5 3 5 9 6 1 5 1 3 6 5 5
split_gain=0.0379001 0.0533428 0.0851903 0.0391124 0.166144 0.150626 0.0735781 0.276426 0.428447 0.0547635 0.16042 0.130413 0.0137845
threshold=23.250000000000004 24.350000000000005 1.0000000180025095e-35 25.250000000000004 1.0000000180025095e-35 69.800000000000026 -0.12940952255126037 25.350000000000005 0.1294095225512602 1.0000000180025095e-35 61.850000000000009 27.050000000000004 24.750000000000004
decision_type=2 2 2 2 2 2 2 2 2 2 2 2 2
left_child=-1 2 -2 4 5 -3 9 -8 -9 11 -11 -5 -7
right_child=1 3 -4 6 -6 12 7 8 -10 10 -12 -13 -14
leaf_value=0.027199751976209753 -0.083137688980610358 0.073053731094649701 0.0074689235377617584 0.02259467829654983 -0.02788062573240558 -0.013253136761820198 -0.099645285998129218 -0.081982522579304329 0.04455280384796681 -0.0083372028593904374 0.037898652426995583 -0.016575018088638659 0.01660856035331798
leaf_weight=0.49271982721984464 0.20071520928831788 0.56438938004430272 0.21484358159068506 1.1774572581052751 0.62986418514628884 0.31065891691832803 0.35600053338203075 0.40875230217352487 0.77485537042957731 1.7148803128802685 1.3342829571411128 3.0564180688343185 0.30768835076742107
leaf_count=15 21 12 26 11 9 19 11 65 29 67 32 124 22
internal_value=6.36088e-05 -0.0011463 -0.0362941 0.000227053 0.0136063 0.0357001 -0.0025217 -0.0223838 0.000854535 0.00167709 0.0118951 -0.00568177 0.00160598
internal_weight=11.5435 11.0508 0.415559 10.6352 1.8126 1.18274 8.82265 1.53961 1.18361 7.28304 3.04916 4.23388 0.618347
internal_count=463 448 47 401 62 53 339 105 94 234 99 135 41
is_linear=0
shrinkage=0.1


Tree=453
num_leaves=10
num_cat=0
split_feature=9 3 5 5 2 3 5 0 2
split_gain=0.0308038 0.049741 0.0507995 0.137831 0.0757684 0.16189 0.0938783 0.0395878 0.0168839
threshold=1.0000000180025095e-35 0.81174490092936691 31.250000000000004 30.550000000000004 -1.0000000180025095e-35 -0.56174490092936669 27.950000000000003 0.12940952255126059 -1.0000000180025095e-35
decision_type=2 2 2 2 2 2 2 2 2
left_child=1 2 3 4 5 -1 -6 -3 -2
right_child=8 7 -4 -5 6 -7 -8 -9 -10
leaf_value=-0.056777250004455521 0.038810873115536298 -0.047236690734921594 -0.029302759987596162 0.042285730454311221 -0.0053623982269219899 0.00060387105529803706 0.030179979971164225 -0.0036234002473298846 0.0013487294234456747
leaf_weight=0.67491216017515365 0.30362693144707009 0.40188479819335032 0.50595005968352769 0.8057731676599359 1.9180449742998469 1.8110492035120842 1.2131913731282109 0.43167977190751117 0.19925733878335439
leaf_count=45 31 22 31 23 99 125 45 22 20
internal_value=-1.75864e-05 -0.00157142 0.00120505 0.00360822 -0.00193998 -0.0149745 0.00840843 -0.0246506 0.0239673
internal_weight=8.26537 7.76249 6.92892 6.42297 5.6172 2.48596 3.13124 0.833565 0.502884
internal_count=463 412 368 337 314 170 144 44 51
is_linear=0
shrinkage=0.1


Tree=454
num_leaves=10
num_cat=0
split_feature=1 2 5 6 5 8 5 5 8
split_gain=0.0464251 0.1194 0.0563942 0.0755223 0.146378 0.0975901 0.124974 0.0899408 0.009079
threshold=0.78656609248549303 0.87837969732492682 23.250000000000004 71.450000000000017 23.950000000000003 1.0000000180025095e-35 23.650000000000002 24.050000000000004 1.0000000180025095e-35
decision_type=2 2 2 2 2 2 2 2 2
left_child=1 2 -1 4 -4 -5 -7 -6 -3
right_child=-2 8 3 5 7 6 -8 -9 -10
leaf_value=-0.022738663011744445 0.022918439120633825 -0.091318038265484236 -0.084263074692824222 0.047925304621189047 0.089815155570321728 0.061469367721645018 -0.083876115000447199 -0.010306996574284346 -0.052027180278811216
leaf_weight=0.79046194255352142 0.61305535831525038 0.13921034843963298 0.21243187040090539 0.68126119142630159 0.12167404592037201 0.098828565329313278 0.14737825458860243 0.34165584558741102 0.10182903901329599
leaf_count=11 35 20 4 27 1 3 47 280 35
internal_value=-0.00186725 -0.00763445 -0.000879152 0.00989854 -0.0155283 0.0284248 -0.0255338 0.0159859 -0.0747193
internal_weight=3.24779 2.63473 2.39369 1.60323 0.675762 0.927468 0.246207 0.46333 0.241039
internal_count=463 428 373 362 285 77 50 281 55
is_linear=0
shrinkage=0.1


Tree=455
num_leaves=13
num_cat=0
split_feature=5 6 5 5 6 2 2 2 6 5 5 6
split_gain=0.0465941 0.0703047 0.195754 0.242618 0.216837 0.316585 0.138861 0.235008 0.143116 0.0605508 0.0261854 0.0131313
threshold=23.850000000000005 66.450000000000017 25.250000000000004 26.650000000000002 66.100000000000009 -1.0000000180025095e-35 -1.0000000180025095e-35 -0.8783796973249266 71.350000000000009 26.250000000000004 24.950000000000003 70.800000000000026
decision_type=2 2 2 2 2 2 2 2 2 2 2 2
left_child=-1 2 -2 -4 5 -5 7 -3 9 -8 -10 -9
right_child=1 6 3 4 -6 -7 8 11 10 -11 -12 -13
leaf_value=-0.01871462281608938 -0.064470316060265709 0.0023530166592713427 0.044515360804300907 -0.046519891846721541 -0.098855544805904264 0.024168836428066557 0.034632706043309397 0.090364383716196428 -0.04787305076688185 -0.0034805099936026625 -0.014182426716539458 0.063501776581470507
leaf_weight=1.1234606514917693 0.50645245751365831 0.99175749007554259 0.98482300899922881 1.0590656836930064 0.26667809284117527 1.5769300401184416 0.81141178979305573 0.37041345523903124 0.54616057203384105 0.8572010391872027 0.39940385759109631 0.35770990751916543
leaf_count=41 14 34 21 122 5 82 20 12 17 22 33 40
internal_value=0.000454127 0.00292151 -0.00599212 0.00162626 -0.0129252 -0.00423182 0.0119583 0.0340262 -0.00256027 0.0150532 -0.0336422 0.0771674
internal_weight=9.85147 8.72801 4.39395 3.8875 2.90267 2.636 4.33406 1.71988 2.61418 1.66861 0.945564 0.728123
internal_count=463 422 244 230 209 204 178 86 92 42 50 52
is_linear=0
shrinkage=0.1


Tree=456
num_leaves=9
num_cat=0
split_feature=5 1 3 0 6 2 2 3
split_gain=0.0532298 0.0457742 0.00180197 8.25921e-10 2.77939e-10 1.25123e-10 3.67428e-13 5.15954e-14
threshold=23.950000000000003 0.78656609248549303 -0.22252093395631442 0.98296291314453421 74.15000000000002 0.6078576107927941 0.6078576107927941 -0.56174490092936669
decision_type=2 2 2 2 2 2 2 2
left_child=2 3 -1 4 6 -6 7 -2
right_child=1 -3 -4 -5 5 -7 -8 -9
leaf_value=-0.011051648999810981 -0.0800031071910587 0.080913591741589325 -0.0017192531359359144 -0.080079553647786531 -0.080021810954697487 -0.080042215921799137 -0.080004408324922616 -0.080002329307945833
leaf_weight=0.41946496781747555 0.0014734111696270685 0.12765353603754193 0.40828798068514516 0.0029466456633144835 0.0069503478407568764 0.0052942444744985551 0.0018221447166411053 0.0020239404129824843
leaf_count=16 76 21 29 35 34 11 71 170
internal_value=0.00343235 0.0586337 -0.00644846 -0.0800306 -0.0800223 -0.0800306 -0.0800033 -0.0800027
internal_weight=0.975917 0.148164 0.827753 0.0205107 0.0175641 0.0122446 0.0053195 0.00349735
internal_count=463 418 45 397 362 45 317 246
is_linear=0
shrinkage=0.1


Tree=457
num_leaves=17
num_cat=0
split_feature=7 2 6 5 6 6 6 5 6 6 6 6 5 5 6 5
split_gain=0.0456957 0.049528 0.152224 0.302978 0.236799 0.154745 0.142738 0.121834 0.274193 0.158022 0.301847 0.137049 0.111054 0.105798 0.062272 0.0397501
threshold=1.0000000180025095e-35 -0.60785761079279388 61.850000000000009 27.050000000000004 59.150000000000013 55.550000000000004 70.800000000000026 27.050000000000004 61.45000000000001 60.750000000000007 66.350000000000009 70.200000000000003 30.650000000000002 26.050000000000004 65.350000000000009 23.750000000000004
decision_type=2 2 2 2 2 2 2 2 2 2 2 2 2 2 2 2
left_child=-1 2 4 6 5 -2 -4 8 -3 12 -11 14 -9 -13 -10 -8
right_child=1 7 3 -5 -6 -7 15 9 11 10 -12 13 -14 -15 -16 -17
leaf_value=0.026946421888290901 -0.047467860310035845 0.08223907298340892 0.0052782962245008303 0.066209457610297381 -0.0912649246980516 0.031747866190305167 -0.030346156827173849 0.038134661582506592 0.0056453870789361432 -0.072376077259263621 0.0084943366508597445 0.013108427664297557 -0.018407105556434357 0.077473321982525711 -0.029935150579047748 -0.085255278701355838
leaf_weight=0.606859537481795 0.48121006698784119 0.5326017923653138 0.9593151080189275 0.60487806530727528 0.50138876834171242 0.50580702080696938 0.24903994931810303 0.82801734142412919 0.99925335147418104 0.87820833815203492 0.97277322528680088 0.99759144602467109 0.59843034126242856 0.34324323653709143 0.96877727675018832 0.28015166268232861
leaf_count=22 28 10 19 39 19 22 9 31 17 33 23 89 29 10 32 31
internal_value=0.000252321 -0.00126156 -0.0108528 0.00653028 -0.0353015 -0.00687295 -0.0177213 0.00356417 0.0156478 -0.010599 -0.0298751 0.0049291 0.014414 0.0295853 -0.0118694 -0.0594148
internal_weight=11.3075 10.7007 3.58179 2.09338 1.48841 0.987017 1.48851 7.1189 3.84147 3.27743 1.85098 3.30887 1.42645 1.34083 1.96803 0.529192
internal_count=463 441 167 98 69 50 59 274 158 116 56 148 60 99 49 40
is_linear=0
shrinkage=0.1


Tree=458
num_leaves=8
num_cat=0
split_feature=6 6 6 6 6 9 2
split_gain=0.0809169 0.141038 0.0569514 0.132121 0.0731827 0.0615078 0.0864959
threshold=47.900000000000006 52.550000000000004 56.850000000000001 58.850000000000001 54.150000000000013 1.0000000180025095e-35 1.0000000180025095e-35
decision_type=2 2 2 2 2 2 2
left_child=-1 -2 4 -4 -3 6 -5
right_child=1 2 3 5 -6 -7 -8
leaf_value=-0.085843975097939659 0.070241116110066296 0.0044883551793125052 0.071796404531361546 -0.015097681004908903 -0.045653379897966667 0.037053408502326184 0.0091234566858168758
leaf_weight=0.10963894672750107 0.28102055814087901 0.5466404266626339 0.25861688133591076 3.1278216371356393 0.62260770976718049 0.39547272284107737 2.7890548348150332
leaf_count=3 20 17 26 194 34 36 133
internal_value=-0.000516418 0.000649889 -0.00187673 0.00174165 -0.0222114 -0.00112849 -0.00368049
internal_weight=8.13087 8.02123 7.74021 6.57097 1.16925 6.31235 5.91688
internal_count=463 460 440 389 51 363 327
is_linear=0
shrinkage=0.1


Tree=459
num_leaves=11
num_cat=0
split_feature=6 2 6 6 3 6 5 5 5 5
split_gain=0.0473654 0.0469983 0.226324 0.130921 0.131985 0.11672 0.164128 0.0653326 0.155899 0.0196011
threshold=86.100000000000009 1.0000000180025095e-35 76.450000000000017 71.450000000000017 -0.22252093395631442 77.750000000000014 23.750000000000004 23.950000000000003 31.950000000000003 31.950000000000003
decision_type=2 2 2 2 2 2 2 2 2 2
left_child=1 5 3 4 -3 6 -1 -8 -9 -6
right_child=-2 2 -4 -5 9 -7 7 8 -10 -11
leaf_value=-0.059945912102954316 0.028279357198587093 0.055537049389412375 -0.075750167848856728 0.081760992065306237 -0.082451923425066131 0.032005948472030928 0.083514188854425256 -0.08032580688572144 0.082932196065216443 -0.027049561011997306
leaf_weight=0.48469743225723572 0.44299521757056926 0.16162339804031944 0.46674013954839211 0.20503537297190633 0.1529580721271484 0.77160007948464227 0.13623878080397844 0.12435816832339697 0.11043438571505249 0.10962878540158272
leaf_count=8 10 46 26 19 70 32 2 242 5 3
internal_value=-0.00204582 -0.00697875 -0.0229864 0.0161509 -0.0155607 0.0038022 -0.0216288 0.0284269 -0.00353761 -0.0593217
internal_weight=3.16631 2.72331 1.09599 0.629246 0.42421 1.62733 0.855729 0.371031 0.234793 0.262587
internal_count=463 453 164 138 119 289 257 249 247 73
is_linear=0
shrinkage=0.1


Tree=460
num_leaves=12
num_cat=0
split_feature=6 5 5 5 2 1 5 5 5 6 5
split_gain=0.0465703 0.0969068 0.0510912 0.134746 0.204442 0.245528 0.0894201 0.106373 0.061787 0.0261588 0.000120248
threshold=81.850000000000009 23.750000000000004 27.600000000000005 27.050000000000004 -1.0000000180025095e-35 -0.12940952255126037 28.650000000000002 28.150000000000002 25.250000000000004 71.750000000000014 28.750000000000004
decision_type=2 2 2 2 2 2 2 2 2 2 2
left_child=1 -1 3 4 8 -6 7 -4 -3 10 -8
right_child=-2 2 6 -5 5 -7 9 -9 -10 -11 -12
leaf_value=-0.044057304262779463 0.028932676744323663 0.0052098956533560671 -0.026600547667931008 0.040846333130487265 -0.066716147253090927 -0.00070607078493229412 -0.085348386015305422 0.018785713172085508 0.038062324571162265 0.007628236588843389 -0.080469606061851481
leaf_weight=0.49877250788267602 0.54323636426124799 1.106652620714158 1.0663324528140954 0.94242691755061958 0.75677406787872348 2.2061550999642332 0.087659763637930044 1.0013010617003599 1.1860253951454067 0.038102498889202252 0.11923570013595963
leaf_count=22 33 34 23 13 8 84 5 35 43 4 159
internal_value=0.000498121 -0.00121638 0.00129434 0.00602713 -0.000216592 -0.017566 -0.0113899 -0.00462116 0.0222048 -0.0685141 -0.0825367
internal_weight=9.55267 9.00944 8.51067 6.19803 5.25561 2.96293 2.31263 2.06763 2.29268 0.244998 0.206895
internal_count=463 430 408 182 169 92 226 58 77 168 164
is_linear=0
shrinkage=0.1


Tree=461
num_leaves=10
num_cat=0
split_feature=1 5 2 6 6 1 6 6 2
split_gain=0.051283 2.14959e-07 2.69026e-08 1.70269e-08 5.83248e-10 5.96399e-10 2.52614e-11 5.8446e-12 2.42758e-13
threshold=0.78656609248549303 23.550000000000004 -0.8783796973249266 78.800000000000026 74.550000000000011 0.60355339059327384 75.65000000000002 70.950000000000017 0.6078576107927941
decision_type=2 2 2 2 2 2 2 2 2
left_child=1 -1 3 6 7 -6 -3 8 -4
right_child=-2 2 4 -5 5 -7 -8 -9 -10
leaf_value=-0.080454863062259824 0.0098066376377644038 -0.080006367846117532 -0.080002416389265418 -0.080341879287790255 -0.080061764373130076 -0.080022878080328264 -0.080027772940813507 -0.080011350248254287 -0.080004056343051688
leaf_weight=0.039156537180588202 0.89045003562932834 0.0012127426624601867 0.0022649546842501414 0.00575961379945511 0.0088753235540934838 0.0070985545844450817 0.0010109497379744425 0.0011018704919933953 0.0015006892684255035
leaf_count=17 35 79 177 3 16 32 3 34 67
internal_value=0.00341524 -0.0803023 -0.080095 -0.0802511 -0.0800352 -0.0800445 -0.0800161 -0.0800049 -0.0800031
internal_weight=0.958431 0.0679812 0.0288247 0.00798331 0.0208414 0.0159739 0.00222369 0.00486751 0.00376564
internal_count=463 428 411 85 326 48 82 278 244
is_linear=0
shrinkage=0.1


Tree=462
num_leaves=15
num_cat=0
split_feature=7 5 5 0 6 6 6 6 5 6 8 2 1 5
split_gain=0.0394245 0.042969 0.185274 0.113859 0.196007 0.0855408 0.125627 0.0911306 0.0732292 0.125346 0.101276 0.000138259 0.00011564 5.75592e-06
threshold=1.0000000180025095e-35 25.650000000000002 25.350000000000005 -1.0000000180025095e-35 76.700000000000003 73.850000000000009 70.200000000000003 75.15000000000002 27.600000000000005 66.350000000000009 1.0000000180025095e-35 -0.60785761079279388 -1.0000000180025095e-35 31.850000000000005
decision_type=2 2 2 2 2 2 2 2 2 2 2 2 2 2
left_child=-1 2 5 4 12 6 -2 -7 -5 10 -10 -9 13 -3
right_child=1 3 -4 8 -6 7 -8 11 9 -11 -12 -13 -14 -15
leaf_value=0.025249434217531615 -0.016428797342598455 -0.080523501017195812 0.049890661672654241 -0.017711328800482623 0.080970354647759271 0.0043444581588379062 0.029911710350384604 -0.085713460998702126 -0.031612128100004716 0.038708323364642895 0.0074389132118881209 -0.081066648812252451 -0.084182080544185287 -0.081935248736976635
leaf_weight=0.59661191687337023 1.3714306899637461 0.16151669937971747 0.80517013289500017 2.0586401262262379 0.089878874270652886 0.22029455643496465 1.0201810470098278 0.11557316827020325 0.92953012375801281 0.88620683921908483 2.3258315231505557 0.14357058213954521 0.20208254706812923 0.03516861645039171
leaf_count=22 29 108 18 35 9 8 29 19 23 19 80 49 10 5
internal_value=0.000252607 -0.00118621 0.00749873 -0.00595948 -0.0524339 -0.00438986 0.0033385 -0.0429417 -0.00229677 0.00536531 -0.00371165 -0.083139 -0.0825021 -0.0807759
internal_weight=10.9617 10.3651 3.67622 6.68886 0.488647 2.87105 2.39161 0.479438 6.20021 4.14157 3.25536 0.259144 0.398768 0.196685
internal_count=463 441 152 289 132 134 58 76 157 122 103 68 123 113
is_linear=0
shrinkage=0.1


Tree=463
num_leaves=20
num_cat=0
split_feature=8 1 1 5 0 5 2 6 3 6 2 5 0 5 5 5 2 5 5
split_gain=0.0284572 0.0972043 0.0949148 0.194 0.106688 0.0900234 0.0762121 0.0689571 0.0649984 0.0693636 0.186171 0.0609184 0.129191 0.0521482 0.222111 0.0175369 0.001548 5.43038e-05 7.60542e-06
threshold=1.0000000180025095e-35 1.0000000180025095e-35 1.0000000180025095e-35 23.350000000000005 -0.3794095225512602 23.550000000000004 -0.8783796973249266 60.750000000000007 -0.56174490092936669 55.550000000000004 -0.8783796973249266 24.350000000000005 -0.98296291314453399 23.750000000000004 28.350000000000005 31.750000000000004 0.87837969732492682 23.750000000000004 23.850000000000005
decision_type=2 2 2 2 2 2 2 2 2 2 2 2 2 2 2 2 2 2 2
left_child=1 7 4 -4 11 -3 -5 -1 -6 -10 -11 -2 -13 -7 18 -14 17 -8 -15
right_child=2 5 3 6 8 13 16 -9 9 10 -12 12 15 14 -16 -17 -18 -19 -20
leaf_value=-0.033153837621517003 0.093530925764253592 -0.0020532035953488687 0.0069299449125893448 -0.011669199729054095 0.023219042251557648 0.067020865345544495 -0.08342497111730901 0.0095511716331551054 0.015490320203159828 -0.077265880917185559 -0.001707524462492786 -0.029194756576320004 0.081295709187220219 -0.081829671045701172 0.094064059684516768 0.030046806201755413 -0.094111879416568053 -0.08074383511871612 -0.08027630114227291
leaf_weight=0.71202925115358107 0.15467384457588229 0.64978487230837323 0.80211300158407517 0.18827002990292385 0.62605632087797891 0.5168256564065814 0.19044062681496143 0.80627236026339233 0.59846773721801616 0.46797012875322308 1.0756374994525677 0.26116826698125806 0.22099731168418657 0.050962002016603947 0.15895099937915802 0.095677979406900704 0.17387089520343579 0.12521032380027464 0.08261488100833958
leaf_count=18 1 10 13 19 20 6 5 32 26 23 47 37 64 3 1 5 13 60 60
internal_value=-0.000497161 0.00723698 -0.00512073 -0.0263525 0.00385502 0.0256681 -0.0657396 -0.010476 -0.00512545 -0.0134096 -0.0246143 0.0377916 0.0228716 0.047924 0.0141845 0.0658117 -0.086535 -0.0823614 -0.0808689
internal_weight=7.95799 2.97744 4.98055 1.4799 3.50065 1.45914 0.677792 1.5183 2.76813 2.14208 1.54361 0.732517 0.577844 0.809354 0.292528 0.316675 0.489522 0.315651 0.133577
internal_count=463 130 333 110 223 80 97 50 116 96 70 107 106 70 64 69 78 65 63
is_linear=0
shrinkage=0.1


Tree=464
num_leaves=7
num_cat=0
split_feature=5 6 5 6 5 6
split_gain=0.0512837 0.0944959 0.0619063 0.0591776 0.121426 0.087669
threshold=23.550000000000004 83.40000000000002 32.300000000000004 81.200000000000003 23.750000000000004 55.550000000000004
decision_type=2 2 2 2 2 2
left_child=-1 2 3 4 -2 -6
right_child=1 -3 -4 -5 5 -7
leaf_value=0.011604670337831077 -0.06940920065284277 -0.089290133853671447 0.081132762065884101 0.029380125322546941 -0.083641525190557203 0.015033896496914591
leaf_weight=1.4226069906726482 0.36169717693701364 0.15267150574334198 0.07620783254969854 0.28299829088791728 0.10473488489014926 0.64166562871514543
leaf_count=25 7 14 6 12 48 351
internal_value=-0.00224949 -0.0144157 -0.00662513 -0.0114327 -0.021856 0.00118777
internal_weight=3.04258 1.61998 1.4673 1.3911 1.1081 0.746401
internal_count=463 438 424 418 406 399
is_linear=0
shrinkage=0.1


Tree=465
num_leaves=9
num_cat=0
split_feature=5 6 6 5 0 8 3 6
split_gain=0.0431189 0.0789253 0.0739351 0.061945 0.100588 0.04508 0.174564 0.141628
threshold=23.650000000000002 76.950000000000017 81.200000000000003 24.050000000000004 -0.98296291314453399 1.0000000180025095e-35 -1.0000000180025095e-35 67.850000000000009
decision_type=2 2 2 2 2 2 2 2
left_child=-1 3 -3 -2 -5 7 -7 -6
right_child=1 2 -4 4 5 6 -8 -9
leaf_value=-0.025498942901364591 -0.036381503440823186 0.075497446559522438 0.0018719814839408045 0.0490100166728277 -0.0065122117145506092 -0.030019404457100329 0.019021999531922212 0.032664841002836086
leaf_weight=0.60034132486907843 0.44841879163868359 0.27539525198517445 0.27022874896647409 0.42726510998909173 2.9700050730079948 1.8030408819536186 1.2148667246115166 1.3386674872890578
leaf_count=30 11 22 25 36 60 146 102 31
internal_value=0.00042624 0.00220541 0.0390333 -0.000244425 0.00184545 -0.000905055 -0.0102777 0.00565976
internal_weight=9.34823 8.74789 0.545624 8.20226 7.75385 7.32658 3.01791 4.30867
internal_count=463 433 47 386 375 339 248 91
is_linear=0
shrinkage=0.1


Tree=466
num_leaves=9
num_cat=0
split_feature=5 1 3 0 6 2 2 3
split_gain=0.0499297 0.038989 0.00129942 5.41154e-10 1.74569e-10 8.40508e-11 2.30797e-13 2.74444e-14
threshold=23.950000000000003 0.78656609248549303 -0.22252093395631442 0.98296291314453421 74.15000000000002 0.6078576107927941 0.6078576107927941 -0.56174490092936669
decision_type=2 2 2 2 2 2 2 2
left_child=2 3 -1 4 6 -6 7 -2
right_child=1 -3 -4 -5 5 -7 -8 -9
leaf_value=-0.0096872519440240265 -0.080002596090656533 0.080806647833423131 -0.0016725142420560572 -0.080069341006071229 -0.08001836821549313 -0.08003654161049284 -0.080003749139552105 -0.080001975609622022
leaf_weight=0.4153676453420303 0.0012251951803818883 0.11690835125045851 0.39433385731945236 0.0025284588098202212 0.0057385412064832053 0.0045728194527328014 0.0015339046141775725 0.001704666689448687
leaf_count=16 76 21 29 35 34 11 71 170
internal_value=0.0035797 0.0600708 -0.00578398 -0.0800266 -0.0800193 -0.0800264 -0.0800028 -0.0800022
internal_weight=0.943913 0.134212 0.809702 0.0173036 0.0147751 0.0103114 0.00446377 0.00292986
internal_count=463 418 45 397 362 45 317 246
is_linear=0
shrinkage=0.1


Tree=467
num_leaves=14
num_cat=0
split_feature=7 5 5 1 5 5 5 6 2 6 6 5 6
split_gain=0.0372704 0.0381089 0.115987 0.111007 0.0949511 0.0944324 0.190097 0.09657 0.06406 0.36748 0.196159 0.103441 3.69882e-05
threshold=1.0000000180025095e-35 26.150000000000002 25.350000000000005 0.1294095225512602 26.650000000000002 27.050000000000004 27.600000000000005 66.350000000000009 1.0000000180025095e-35 71.750000000000014 70.550000000000011 23.250000000000004 72.15000000000002
decision_type=2 2 2 2 2 2 2 2 2 2 2 2 2
left_child=-1 2 8 -4 -3 -6 -7 -8 9 -2 -10 -11 -12
right_child=1 4 3 -5 5 6 7 -9 10 11 12 -13 -14
leaf_value=0.024744259676166641 0.04988623068712706 -0.043466225914251283 -0.0041457440560757923 0.060683957608980557 0.033735535278149147 -0.052440545056953593 -0.0062783950666366398 0.030555937865290619 -0.053608771712564757 -0.0028939131843081474 0.026768508562713841 -0.084573739943893445 0.025094331254116226
leaf_weight=0.58440409447939501 0.91775825512013465 0.61249558511190105 0.44684611642151117 0.64589949719811557 0.65341865456139192 0.76839760861184903 3.3112440896202315 0.90665344156877825 0.75054394899052546 0.27335978939663619 0.2681406443589367 0.35823223262013926 0.25985181210126029
leaf_count=22 18 19 29 20 16 11 178 34 16 8 8 50 34
internal_value=0.000186085 -0.00122472 0.00650441 0.0341738 -0.0060715 -0.00201028 -0.00669452 0.00163929 -0.00418752 0.00948487 -0.0207559 -0.0492218 0.0259446
internal_weight=10.7572 10.1728 3.92063 1.09275 6.25221 5.63971 4.9863 4.2179 2.82789 1.54935 1.27854 0.631592 0.527992
internal_count=463 441 183 49 258 239 223 212 134 76 58 58 42
is_linear=0
shrinkage=0.1


Tree=468
num_leaves=9
num_cat=0
split_feature=5 6 5 1 6 6 6 3
split_gain=0.0289286 0.127479 0.0529715 0.164714 0.063591 0.0848138 0.0271362 0.0103618
threshold=31.250000000000004 53.400000000000006 30.250000000000004 -0.9159756150367534 55.050000000000004 59.050000000000004 58.850000000000001 -0.22252093395631442
decision_type=2 2 2 2 2 2 2 2
left_child=1 -1 3 -3 -5 -6 -4 -2
right_child=7 2 6 4 5 -7 -8 -9
leaf_value=0.087087341394863044 -0.035232440683698324 -0.068938690769854746 0.037965451617894747 -0.054110878948030544 0.062186266509884208 -0.00074906013192483061 0.0064448941979692951 -0.0091608277110362905
leaf_weight=0.16917856876534632 0.28587166589568369 0.37269701680634071 0.45242912358662557 0.2106003673688982 0.22364848311917729 5.0312191635275667 0.68916317309776787 0.32659864706511132
leaf_count=17 17 18 20 6 23 312 26 24
internal_value=-0.000471839 0.00131512 -0.000763863 -0.00461615 -0.000229915 0.00192948 0.0189369 -0.0213298
internal_weight=7.76141 7.14894 6.97976 5.83817 5.46547 5.25487 1.14159 0.61247
internal_count=463 422 405 359 341 335 46 41
is_linear=0
shrinkage=0.1


Tree=469
num_leaves=17
num_cat=0
split_feature=6 3 6 8 5 6 0 6 6 5 5 5 1 5 5 6
split_gain=0.0551097 0.0452838 0.150183 0.127506 0.252846 0.120789 0.102916 0.107574 0.106145 0.0268971 0.078523 0.00545353 3.90094e-05 9.0249e-06 8.95072e-07 3.24337e-07
threshold=86.100000000000009 1.0000000180025095e-35 63.850000000000001 1.0000000180025095e-35 23.050000000000004 74.65000000000002 -0.91597561503675329 72.15000000000002 69.800000000000026 24.450000000000003 31.950000000000003 23.550000000000004 0.37940952255126026 23.550000000000004 23.350000000000005 51.20000000000001
decision_type=2 2 2 2 2 2 2 2 2 2 2 2 2 2 2 2
left_child=1 2 9 4 -4 6 -3 8 -8 -1 15 -6 13 -5 -14 -11
right_child=-2 5 3 12 11 -7 7 -9 -10 10 -12 -13 14 -15 -16 -17
leaf_value=0.08769605244946152 0.031647835658368699 -0.083645541382412161 -0.096233169965295864 -0.08218681208080722 0.074584119889929204 0.036006332406994059 -0.030601317175596322 -0.087266967500582229 0.060747158745662402 -0.080728988678597305 0.08155557055421167 0.044768116535885687 -0.083211715387729007 -0.080539641525053773 -0.08357571443211681 -0.080123019492094008
leaf_weight=0.10007091611623831 0.41962165856966738 0.20166924044315238 0.17528860270977065 0.064348174259066138 0.13294319435954094 0.65245195887268892 0.23740146080990576 0.11886142565344926 0.27403146912183729 0.011532685115525965 0.07663918670732528 0.11390494028660214 0.11839305749163032 0.068857721122640214 0.15732383434874464 0.037728772277887401
leaf_count=1 10 34 1 2 3 33 100 8 11 4 5 45 4 53 41 108
internal_value=-0.00192604 -0.00746947 -0.023288 -0.0429431 -0.00439151 0.00379464 -0.0214668 -0.00157203 0.0183442 0.0489983 0.0182397 0.0608259 -0.0827405 -0.0813353 -0.0834194 -0.0802649
internal_weight=2.96107 2.54145 1.05703 0.83106 0.422137 1.48442 0.831964 0.630294 0.511433 0.225972 0.125901 0.246848 0.408923 0.133206 0.275717 0.0492615
internal_count=463 453 267 149 49 186 153 119 111 118 117 48 100 55 45 112
is_linear=0
shrinkage=0.1


Tree=470
num_leaves=11
num_cat=0
split_feature=6 5 6 5 5 2 6 2 2 8
split_gain=0.0419131 0.0941996 0.0531532 0.158962 0.210699 0.176101 0.11971 0.0864748 0.193986 0.0879965
threshold=81.850000000000009 23.750000000000004 66.450000000000017 25.250000000000004 26.650000000000002 -1.0000000180025095e-35 68.850000000000009 -1.0000000180025095e-35 -0.8783796973249266 1.0000000180025095e-35
decision_type=2 2 2 2 2 2 2 2 2 2
left_child=1 -1 3 -3 -5 -6 -4 8 -8 -9
right_child=-2 2 6 4 5 -7 7 9 -10 -11
leaf_value=-0.045511919225748966 0.027907794955238225 -0.0614224512656961 0.039088641644128799 0.042050937450796931 -0.046944409583559166 0.0058270139219322318 -0.01588540388069128 0.0076155682650134579 0.058439279953450655 -0.038476326721333491
leaf_weight=0.45556742086773638 0.5226480223063853 0.47214626742061039 1.0129869512056755 0.90518281498225439 1.0025965155973593 1.7124107188205941 0.77992913068737812 0.8066270332201384 0.63875680562341608 0.85140547317860182
leaf_count=22 33 14 37 21 123 86 24 21 40 42
internal_value=0.000409028 -0.00125488 0.00120931 -0.00684808 0.000269523 -0.0136604 0.00927188 -0.000545072 0.0175789 -0.0160528
internal_weight=9.16026 8.63761 8.18204 4.09234 3.62019 2.71501 4.08971 3.07672 1.41869 1.65803
internal_count=463 430 408 244 230 209 164 127 64 63
is_linear=0
shrinkage=0.1


Tree=471
num_leaves=9
num_cat=0
split_feature=5 1 3 0 6 2 2 3
split_gain=0.0467914 0.0355324 0.00109324 3.78661e-10 1.35742e-10 6.61993e-11 1.68788e-13 2.01369e-14
threshold=23.950000000000003 0.78656609248549303 -0.22252093395631442 0.98296291314453421 74.15000000000002 0.6078576107927941 0.6078576107927941 -0.56174490092936669
decision_type=2 2 2 2 2 2 2 2
left_child=2 3 -1 4 6 -6 7 -2
right_child=1 -3 -4 -5 5 -7 -8 -9
leaf_value=-0.0085702541620403441 -0.080002415599519261 0.080755264504344657 -0.0011827165894718473 -0.080061912657202638 -0.080016838761577669 -0.080033789378651091 -0.080003444450615635 -0.080001862804593413
leaf_weight=0.41404098347356921 0.00113225633640468 0.10989224701188505 0.38806712292398515 0.0022616586573462874 0.0051941119563707616 0.0041407527751289308 0.0014054518335342436 0.0015765099037423633
leaf_count=16 76 21 29 35 34 11 71 170
internal_value=0.00389101 0.0606446 -0.0049961 -0.0800241 -0.0800177 -0.0800244 -0.0800026 -0.0800021
internal_weight=0.927711 0.125603 0.802108 0.0157107 0.0134491 0.00933486 0.00411422 0.00270877
internal_count=463 418 45 397 362 45 317 246
is_linear=0
shrinkage=0.1


Tree=472
num_leaves=18
num_cat=0
split_feature=7 2 6 5 6 6 6 5 6 2 6 6 5 6 5 6 5
split_gain=0.0319272 0.0395136 0.124447 0.254197 0.207983 0.122437 0.115175 0.105283 0.236751 0.150389 0.142353 0.254015 0.122673 0.102644 0.101524 0.0536186 0.0346009
threshold=1.0000000180025095e-35 -0.60785761079279388 61.850000000000009 27.050000000000004 59.150000000000013 70.800000000000026 55.550000000000004 27.050000000000004 61.45000000000001 1.0000000180025095e-35 66.350000000000009 60.750000000000007 28.550000000000004 70.200000000000003 26.050000000000004 65.350000000000009 23.750000000000004
decision_type=2 2 2 2 2 2 2 2 2 2 2 2 2 2 2 2 2
left_child=-1 2 4 5 6 -4 -2 8 -3 12 11 -11 -9 15 -15 -10 -7
right_child=1 7 3 -5 -6 16 -8 9 13 10 -12 -13 -14 14 -16 -17 -18
leaf_value=0.022955159732553104 -0.042651988006223905 0.079613689014501374 0.0040756585824004189 0.062145261169428173 -0.08944259572394811 -0.030051411332822499 0.028737471713624063 0.04221358386894776 0.0065280266572716895 -0.0017751030992446525 0.0075901657142154275 -0.099541049545064264 -0.016253089363101197 0.01019450763510135 0.076062314020619637 -0.027817317468806082 -0.084674738505300315
leaf_weight=0.58119617227930476 0.43928931693699202 0.4899042161414412 0.91407335631083675 0.57120569938706456 0.44477545370318694 0.21931607961960253 0.46542487204351346 0.73551271623000525 0.92386582682956964 0.51160166331101187 0.6240798114449716 0.55303606454253895 0.70079021751007531 0.91522877834449878 0.31438289978541434 0.89478939099353738 0.24608787745819427
leaf_count=22 28 10 19 39 19 9 22 11 17 38 17 19 31 89 10 32 31
internal_value=0.000172331 -0.00115667 -0.010105 0.0060466 -0.0334521 -0.0171824 -0.0059261 0.00327531 0.0150887 -0.0100999 -0.0303313 -0.0525605 0.013687 0.00471854 0.0270354 -0.0103701 -0.0589341
internal_weight=10.5446 9.96336 3.30017 1.95068 1.34949 1.37948 0.904714 6.66319 3.53817 3.12502 1.68872 1.06464 1.4363 3.04827 1.22961 1.81866 0.465404
internal_count=463 441 167 98 69 59 50 274 158 116 74 57 42 148 99 49 40
is_linear=0
shrinkage=0.1


Tree=473
num_leaves=8
num_cat=0
split_feature=9 6 6 5 5 5 6
split_gain=0.0284725 0.0474241 0.162543 0.187889 0.0879803 0.114968 0.0353261
threshold=1.0000000180025095e-35 81.200000000000003 79.600000000000009 23.550000000000004 23.750000000000004 27.950000000000003 64.600000000000009
decision_type=2 2 2 2 2 2 2
left_child=1 2 3 -1 -5 -6 -2
right_child=6 -3 -4 4 5 -7 -8
leaf_value=-0.082929990294326711 -0.00030902799736224246 -0.022373391737592611 0.052233748294458537 0.045631121151284655 -0.042827429105833731 0.0025654307256318125 0.055593034937443199
leaf_weight=0.28569229599088419 0.26433432653357147 0.9871591426199301 0.56749474619573437 0.39649249427020539 0.64123270271011268 4.2964202510702307 0.1975041914411122
leaf_count=9 25 34 8 6 166 189 26
internal_value=-0.00046957 -0.00201881 0.00122866 -0.00392186 0.000309744 -0.00332955 0.0235974
internal_weight=7.63633 7.17449 6.18733 5.61984 5.33415 4.93765 0.461839
internal_count=463 412 378 370 361 355 51
is_linear=0
shrinkage=0.1


Tree=474
num_leaves=13
num_cat=0
split_feature=1 2 6 3 8 5 6 1 6 8 5 6
split_gain=0.0512671 0.0920495 0.0451659 0.186621 0.102528 0.0937508 0.0604077 0.0794682 0.0269341 0.00866255 2.18369e-05 8.45589e-06
threshold=0.78656609248549303 0.87837969732492682 71.750000000000014 -1.0000000180025095e-35 1.0000000180025095e-35 23.250000000000004 63.850000000000001 -0.98296291314453399 71.050000000000011 1.0000000180025095e-35 23.850000000000005 71.350000000000009
decision_type=2 2 2 2 2 2 2 2 2 2 2 2
left_child=1 2 4 5 10 -4 7 -6 -8 -3 -1 -12
right_child=-2 9 3 -5 6 -7 8 -9 -10 -11 11 -13
leaf_value=-0.084107416209639643 0.025347057838748584 -0.089420760854353312 -0.069642491094645362 0.042343835948730486 -0.053221008949373566 0.0082178425678772222 -0.083008695534883326 0.055612203720822255 -0.0030910975102898439 -0.048007890095528701 -0.081033835675858867 -0.082996143481532919
leaf_weight=0.11299687623977761 0.55252133147337179 0.12072712520648565 0.32041345909237862 0.7396306055629791 0.092450164698676285 0.29892149616307506 0.094301588357438959 0.2446014609211028 0.076286504863674054 0.08684312703269359 0.044351045890380192 0.043495804071426392
leaf_count=2 35 20 5 39 18 39 65 133 6 35 65 1
internal_value=-0.00197624 -0.0086121 -0.00223852 0.00843354 -0.022709 -0.0320633 0.00121912 0.0257603 -0.0472698 -0.0720945 -0.083188 -0.0820054
internal_weight=2.82754 2.27502 2.06745 1.35897 0.708483 0.619335 0.50764 0.337052 0.170588 0.20757 0.200844 0.0878468
internal_count=463 428 373 83 290 44 222 151 71 55 68 66
is_linear=0
shrinkage=0.1


Tree=475
num_leaves=15
num_cat=0
split_feature=5 5 6 5 6 6 6 6 2 5 6 2 1 6
split_gain=0.0404154 0.0976535 0.0956052 0.0974629 0.0940702 0.10356 0.0767045 0.170901 0.179358 0.136637 0.0801088 0.0135539 0.0231669 6.38335e-05
threshold=27.600000000000005 27.050000000000004 61.650000000000013 26.150000000000002 66.950000000000017 70.200000000000003 69.350000000000009 67.550000000000011 -1.0000000180025095e-35 27.800000000000001 62.350000000000001 -0.8783796973249266 -0.37940952255126015 64.600000000000009
decision_type=2 2 2 2 2 2 2 2 2 2 2 2 2 2
left_child=1 2 -1 4 -4 -6 7 8 11 -10 -11 12 -2 -13
right_child=6 -3 3 -5 5 -7 -8 -9 9 10 -12 13 -14 -15
leaf_value=-0.039226381083874495 -0.080738517378009717 0.035317582779856603 -0.027916447667586386 0.036852786883160855 0.035785731570464642 -0.0040268555129192984 0.044685391325519963 -0.090012159286321058 -0.036948980005577954 -0.0037307693582910896 0.055236410164495889 -0.081350156024941653 0.053362379808180239 -0.084476854890617514
leaf_weight=0.57468572002835561 0.032761408938768 0.87544005317613471 1.0594209775445049 0.75998525306931686 0.87852718436624888 2.5491379795421381 0.21912952507409489 0.28028803691267956 0.43005164433270693 0.39146305646409019 0.55991420901773381 0.1220777950261438 0.021231294347671681 0.14037574662506813
leaf_count=12 46 13 25 32 23 132 13 8 4 56 25 62 5 7
internal_value=0.000317016 0.00417811 -0.000504454 0.00373657 -0.00187238 0.0061773 -0.0114513 -0.0176698 -0.00572744 0.00982839 0.0309732 -0.0736356 -0.0280067 -0.0830225
internal_weight=8.89449 6.6972 5.82176 5.24707 4.48709 3.42767 2.19729 1.97816 1.69788 1.38143 0.951377 0.316446 0.0539927 0.262454
internal_count=463 237 224 212 180 155 226 213 205 85 81 120 51 69
is_linear=0
shrinkage=0.1


Tree=476
num_leaves=9
num_cat=0
split_feature=6 6 3 6 5 3 6 6
split_gain=0.0467365 0.116525 0.111278 0.0676847 0.0368973 0.0342876 0.00142734 0.00711982
threshold=87.100000000000009 85.850000000000009 -0.56174490092936669 74.15000000000002 23.750000000000004 0.81174490092936691 73.15000000000002 70.800000000000026
decision_type=2 2 2 2 2 2 2 2
left_child=1 2 -1 6 -5 -6 7 -4
right_child=-2 -3 3 4 5 -7 -8 -9
leaf_value=-0.072272210309536289 -0.051394574041293065 0.087628535453432854 -0.080843450112475623 0.06041342089997042 0.045835759030308898 -0.057094449811434245 -0.083025995554028287 0.060618861810834604
leaf_weight=0.18219414675229473 0.12993242542779626 0.16645138221792877 0.017286321877719502 0.24165386932145339 0.064579728459648322 0.064873771123529878 0.044078813826615715 0.0044798954212410527
leaf_count=114 6 7 234 15 37 9 8 33
internal_value=0.00416169 0.0133503 -0.00661865 0.0207566 0.0373349 -0.00574624 -0.0726799 -0.0517279
internal_weight=0.91553 0.785598 0.619147 0.436952 0.371107 0.129453 0.065845 0.0217662
internal_count=463 457 450 336 61 46 275 267
is_linear=0
shrinkage=0.1


Tree=477
num_leaves=10
num_cat=0
split_feature=6 6 6 6 6 6 6 6 5
split_gain=0.0325094 0.111649 0.0391246 0.229134 0.196762 0.141769 0.145742 0.0950252 0.0738308
threshold=54.050000000000004 56.750000000000007 66.750000000000014 66.350000000000009 68.850000000000009 69.350000000000009 70.200000000000003 64.600000000000009 26.650000000000002
decision_type=2 2 2 2 2 2 2 2 2
left_child=-1 -2 3 7 -4 -6 -7 8 -3
right_child=1 2 4 -5 5 6 -8 -9 -10
leaf_value=0.020954261464785837 -0.05324167516776445 -0.026280608138294644 -0.058501470083173607 0.063535868630043582 0.056630361345582116 -0.054242379998177041 0.0059493004377972857 -0.02721443463516407 0.012326021841320107
leaf_weight=0.69629839204935784 0.39852115203393523 0.58586772449780111 0.62044269169564392 0.61792170978151251 0.42810400685993988 0.49608584702946279 2.1270289673329899 1.0838435873229171 3.2061868826313003
leaf_count=37 32 20 31 12 9 13 158 33 118
internal_value=9.27252e-05 -0.00142608 0.000826896 0.00616813 -0.00716506 0.00327382 -0.0054342 -0.00110208 0.00636135
internal_weight=10.2603 9.564 9.16548 5.49382 3.67166 3.05122 2.62311 4.8759 3.79205
internal_count=463 426 394 183 211 180 171 171 138
is_linear=0
shrinkage=0.1


Tree=478
num_leaves=8
num_cat=0
split_feature=5 6 6 6 6 6 6
split_gain=0.0267488 0.110861 0.0610614 0.125902 0.078333 0.127022 0.00557311
threshold=31.250000000000004 53.400000000000006 54.050000000000004 54.150000000000013 56.850000000000001 57.100000000000009 53.70000000000001
decision_type=2 2 2 2 2 2 2
left_child=1 -1 -3 -4 -5 -6 -2
right_child=6 2 3 4 5 -7 -8
leaf_value=0.086174234633524346 -0.0093245487770468073 -0.054574294645515269 0.092572580049546049 -0.040298564823838562 0.09291021804559714 -0.00016236382093716385 -0.028949691162452357
leaf_weight=0.15095966750232026 0.24970596328785166 0.20237584799178865 0.14739483824814659 0.46789362120034628 0.15046296636137402 5.7622241084864072 0.34410495943302521
leaf_count=17 14 4 2 24 4 371 27
internal_value=-0.000333448 0.00142379 -0.000477133 0.00119995 -0.000910806 0.0022061 -0.020697
internal_weight=7.47512 6.88131 6.73035 6.52798 6.38058 5.91269 0.593811
internal_count=463 422 405 401 399 375 41
is_linear=0
shrinkage=0.1


Tree=479
num_leaves=10
num_cat=0
split_feature=6 6 6 2 2 6 6 0 6
split_gain=0.0475057 0.0626269 0.0689176 0.065354 0.0610514 0.201485 0.142551 0.00229487 0.00411846
threshold=86.100000000000009 83.40000000000002 82.40000000000002 -0.8783796973249266 1.0000000180025095e-35 76.450000000000017 77.750000000000014 -0.60355339059327362 57.350000000000001
decision_type=2 2 2 2 2 2 2 2 2
left_child=1 2 3 7 6 -6 -5 -1 -9
right_child=-2 -3 -4 4 5 -7 -8 8 -10
leaf_value=-0.08289852205127346 0.030040763452599428 -0.08222777451627257 0.075090400675190752 -0.018042297947245177 0.014024025688404808 -0.088089490675227422 0.053427537257971627 -0.0024485945801952249 -0.080502288012842649
leaf_weight=0.10289911155564369 0.39812434237683181 0.10656745824235248 0.10560052841901768 0.66874606038163642 0.5210984270947846 0.30711361669818871 0.47895082503237063 0.01088310710224627 0.017843472532149462
leaf_count=35 10 12 4 172 138 18 18 17 39
internal_value=-0.00187233 -0.00734949 -0.00374393 -0.00769402 -0.003149 -0.0238412 0.0117831 -0.0759219 -0.0509315
internal_weight=2.71783 2.3197 2.21314 2.10753 1.97591 0.828212 1.1477 0.131626 0.0287266
internal_count=463 453 441 437 346 156 190 91 56
is_linear=0
shrinkage=0.1


Tree=480
num_leaves=12
num_cat=0
split_feature=6 5 1 8 6 5 5 6 2 5 6
split_gain=0.0401875 0.0735857 0.0405561 0.0964727 0.0346232 0.191042 0.172203 0.112804 0.0906488 0.0033765 0.00521112
threshold=81.850000000000009 23.750000000000004 0.37940952255126026 1.0000000180025095e-35 66.450000000000017 25.250000000000004 26.650000000000002 68.850000000000009 -1.0000000180025095e-35 23.850000000000005 71.750000000000014
decision_type=2 2 2 2 2 2 2 2 2 2 2
left_child=1 -1 4 -4 5 -3 -7 -6 -9 -5 -11
right_child=-2 2 3 9 7 6 -8 8 -10 10 -12
leaf_value=-0.041966046239221906 0.02707992393143829 -0.073266085481202947 -0.020200779346579736 0.086281542448884113 0.035612871987901196 0.038284368764818479 -0.013297129911340189 0.016018991846515448 -0.02203029945026751 0.080291350701238551 0.045850401128531927
leaf_weight=0.42888067418243547 0.51790813644765954 0.39961401303298805 0.21892473477055319 0.08437824249267567 0.93651332828449119 0.86771399871213395 2.5470439737514425 1.1331038424687001 1.3994526983587996 0.082542267220560461 0.093919161969097331
leaf_count=22 33 9 21 1 34 20 209 33 31 17 33
internal_value=6.47629e-05 -0.00164315 0.000584501 0.0287464 -0.00127054 -0.00784576 -0.000189909 0.00595916 -0.00500647 0.0698281 0.0619606
internal_weight=8.71 8.19209 7.76321 0.479764 7.28344 3.81437 3.41476 3.46907 2.53256 0.26084 0.176461
internal_count=463 430 408 72 336 238 229 98 64 51 50
is_linear=0
shrinkage=0.1


Tree=481
num_leaves=9
num_cat=0
split_feature=1 5 2 6 6 1 6 2
split_gain=0.0456356 1.69381e-07 2.02559e-08 1.18131e-08 3.16025e-10 3.29014e-10 1.61153e-12 6.03077e-14
threshold=0.78656609248549303 23.550000000000004 -0.8783796973249266 78.800000000000026 74.550000000000011 0.60355339059327384 69.800000000000026 1.0000000180025095e-35
decision_type=2 2 2 2 2 2 2 2
left_child=1 -1 3 -3 6 -6 7 -4
right_child=-2 2 4 -5 5 -7 -8 -9
leaf_value=-0.08043690721517778 0.01040971538530179 -0.080014766501509529 -0.080001754950987825 -0.080310828528820058 -0.080051751741240476 -0.080019394540557134 -0.080007027063000336 -0.080002733764850814
leaf_weight=0.036281498094922426 0.80854226398514584 0.001823338590753564 0.0011559020234983555 0.0051665832197613781 0.0070903852865740191 0.0056438655492456746 0.0010003667564433272 0.0013821322646379031
leaf_count=17 35 82 126 3 16 32 47 105
internal_value=0.0041876 -0.0803019 -0.0800912 -0.0802336 -0.0800301 -0.0800374 -0.0800036 -0.0800023
internal_weight=0.868086 0.0595441 0.0232626 0.00698992 0.0162727 0.0127343 0.0035384 0.00253803
internal_count=463 428 411 85 326 48 278 231
is_linear=0
shrinkage=0.1


Tree=482
num_leaves=14
num_cat=0
split_feature=1 5 6 6 6 5 6 6 2 6 0 5 5
split_gain=0.0323944 0.144895 0.047327 0.190628 0.127411 0.120477 0.107691 0.0641649 0.0542369 0.0441201 6.67979e-05 4.53054e-07 4.17518e-08
threshold=-0.98296291314453399 28.750000000000004 66.750000000000014 68.850000000000009 69.350000000000009 25.550000000000004 70.200000000000003 64.600000000000009 -1.0000000180025095e-35 53.70000000000001 0.91597561503675362 28.950000000000003 31.550000000000004
decision_type=2 2 2 2 2 2 2 2 2 2 2 2 2
left_child=-1 2 5 -4 -5 -2 -6 8 -7 -3 11 -11 -13
right_child=1 9 3 4 6 7 -8 -9 -10 10 -12 12 -14
leaf_value=0.012155069567070517 0.036992615788468915 -0.013492244075462177 -0.062300919048130655 0.053608862852526168 -0.049161071001414459 0.021470199606095336 0.0036621971765883076 -0.024455830652597439 -0.0090837002936012146 -0.080672108703255418 -0.083373645395062521 -0.080189400579703488 -0.0803333756155023
leaf_weight=1.8711565127596266 1.0584884617710466 0.14119316243159108 0.5449167493352437 0.4127599673229273 0.47605485760141197 1.2191166885459099 2.039089965885978 0.90592036776070006 1.1099239433679033 0.027938280734815635 0.14345815731212497 0.087366013962309808 0.026176930045039626
leaf_count=20 19 27 23 8 13 30 151 26 29 9 4 92 12
internal_value=0.000283448 -0.00242805 0.000687157 -0.00799265 0.00211475 0.00770795 -0.00633594 -0.00187408 0.00690948 -0.0592027 -0.0818531 -0.0803114 -0.0802226
internal_weight=10.0636 8.1924 7.76627 3.47282 2.9279 4.29345 2.51514 3.23496 2.32904 0.426133 0.284939 0.141481 0.113543
internal_count=463 443 299 195 172 104 164 85 59 144 117 113 104
is_linear=0
shrinkage=0.1


Tree=483
num_leaves=18
num_cat=0
split_feature=5 5 0 5 3 6 3 2 5 5 6 5 6 6 5 6 5
split_gain=0.0252111 0.255252 0.0744811 0.0619604 0.0580292 0.0481308 0.129498 0.115146 0.196432 0.0282659 7.90748e-06 2.35774e-06 1.60842e-06 1.6539e-06 3.1074e-07 2.54379e-08 1.49808e-08
threshold=27.950000000000003 24.050000000000004 -0.3794095225512602 23.550000000000004 -0.56174490092936669 56.850000000000001 -0.22252093395631442 1.0000000180025095e-35 28.650000000000002 30.450000000000003 60.000000000000007 27.150000000000002 70.200000000000003 72.800000000000026 24.450000000000003 61.650000000000013 25.750000000000004
decision_type=2 2 2 2 2 2 2 2 2 2 2 2 2 2 2 2 2
left_child=1 3 4 -1 -2 6 -4 8 -7 -10 -6 12 15 -14 -15 -3 -17
right_child=2 11 5 -5 10 7 -8 -9 9 -11 -12 -13 13 14 -16 16 -18
leaf_value=-0.0081824115690760629 0.0089177619522102011 -0.080272303191630229 0.019586702520089747 0.024510565382766119 0.081952984755529645 -0.0482379350055087 -0.044286970162442832 0.039078378432332347 0.037880368501433878 0.0066763985968254745 0.080692484209383158 -0.08102296907359903 -0.080898665419711913 -0.080599555157826144 -0.080112732136079071 -0.080201324503574103 -0.080111570863681147
leaf_weight=1.4635653882287449 0.23157131843618117 0.037512280454393365 0.57337314970209263 0.95991402189247299 0.12963915080399591 0.69464632589370046 0.71100988249963826 0.82026786754431658 0.45713808223081265 0.79540156201255741 0.080779220581462141 0.10754291861667298 0.11402270046892227 0.018719208637776319 0.043768672469013836 0.06085250527394237 0.026780575586599298
leaf_count=25 14 13 23 26 34 10 28 28 29 26 25 16 26 9 64 32 35
internal_value=-0.000179396 -0.00756791 0.00447795 0.00476692 0.0434573 0.000225929 -0.0157725 0.00765086 -0.00558823 0.0180649 0.0814691 -0.080621 -0.0804776 -0.0806721 -0.0802586 -0.0802034 -0.0801739
internal_weight=7.3265 2.83268 4.49383 2.42348 0.44199 4.05184 1.28438 2.76745 1.94719 1.25254 0.210418 0.409199 0.301656 0.176511 0.0624879 0.125145 0.0876331
internal_count=463 246 217 51 73 144 51 93 65 55 59 195 179 99 73 80 67
is_linear=0
shrinkage=0.1


Tree=484
num_leaves=7
num_cat=0
split_feature=5 6 5 6 5 5
split_gain=0.0503925 0.0795051 0.0550889 0.04906 0.0637157 0.0655772
threshold=23.550000000000004 83.40000000000002 32.300000000000004 55.550000000000004 31.950000000000003 24.050000000000004
decision_type=2 2 2 2 2 2
left_child=-1 2 3 -2 5 -5
right_child=1 -3 -4 4 -6 -7
leaf_value=0.012689031184879424 -0.083059962812687044 -0.08789749355048776 0.081008893622109737 -0.0035487471676646735 0.082772308549802096 -0.080141344791899383
leaf_weight=1.224091522395611 0.090385223303883211 0.13536298437628591 0.066931640612892696 0.92235200735740341 0.074669957160949596 0.12719988719959474
leaf_count=25 48 14 6 23 2 345
internal_value=-0.00217245 -0.0150116 -0.007313 -0.01218 -0.00648142 -0.0128313
internal_weight=2.64099 1.4169 1.28154 1.21461 1.12422 1.04955
internal_count=463 438 424 418 370 368
is_linear=0
shrinkage=0.1


Tree=485
num_leaves=10
num_cat=0
split_feature=0 0 6 5 6 5 2 2 5
split_gain=0.036945 0.0410488 0.0439992 0.0537043 0.122081 0.116866 0.108919 0.0528808 0.000124923
threshold=0.98296291314453421 -0.98296291314453399 54.600000000000009 27.600000000000005 64.600000000000009 27.050000000000004 -1.0000000180025095e-35 1.0000000180025095e-35 28.050000000000004
decision_type=2 2 2 2 2 2 2 2 2
left_child=1 -1 -3 5 8 6 -4 -6 -5
right_child=-2 2 3 4 7 -7 -8 -9 -10
leaf_value=0.025122014623916403 0.031033275454577087 0.039341253349896965 0.010290442333006498 -0.086190636060014925 0.015413671366153568 0.034004100743747039 -0.019360951357025771 -0.026303137932534571 -0.081519442151515409
leaf_weight=0.54271884268382464 0.36591242006397884 0.23404299231697123 2.231283931861979 0.083332620561122783 0.53344666934572138 0.84612655744422216 2.7852229378186184 0.70603025913442252 0.1829257869239882
leaf_count=38 36 43 78 1 24 7 89 24 123
internal_value=-5.142e-05 -0.00144787 -0.00334463 -0.00470048 -0.0215462 -0.000373875 -0.00617236 -0.00834904 -0.0829814
internal_weight=8.51104 8.14513 7.60241 7.36837 1.50574 5.86263 5.01651 1.23948 0.266258
internal_count=463 427 389 346 172 174 167 48 124
is_linear=0
shrinkage=0.1


Tree=486
num_leaves=9
num_cat=0
split_feature=5 1 3 0 6 2 6 2
split_gain=0.0459047 0.030125 0.00209633 2.96625e-10 8.27669e-11 3.21139e-11 1.43249e-12 7.79266e-14
threshold=23.950000000000003 0.78656609248549303 -0.22252093395631442 0.98296291314453421 74.850000000000009 1.0000000180025095e-35 70.200000000000003 1.0000000180025095e-35
decision_type=2 2 2 2 2 2 2 2
left_child=2 3 -1 4 6 -6 7 -2
right_child=1 -3 -4 -5 5 -7 -8 -9
leaf_value=-0.010073764304427508 -0.080001483217279373 0.080733529304753998 0.00054250219728189941 -0.080057188991047093 -0.080014546350457127 -0.080027701072217017 -0.080006385758814413 -0.080002574758240227
leaf_weight=0.38913590482661675 0.001407792521860074 0.10311590897617862 0.35631502606884169 0.0020209490809861572 0.0034677010717132362 0.0039923623753566062 0.0010326677873422341 0.00122156913374738
leaf_count=16 177 21 29 35 27 15 46 97
internal_value=0.00411556 0.0625602 -0.00499934 -0.0800219 -0.0800155 -0.0800216 -0.0800032 -0.080002
internal_weight=0.86171 0.116259 0.745451 0.013143 0.0111221 0.00746006 0.00366203 0.00262936
internal_count=463 418 45 397 362 42 320 274
is_linear=0
shrinkage=0.1


Tree=487
num_leaves=16
num_cat=0
split_feature=7 5 5 0 6 6 6 3 6 2 6 6 3 1 2
split_gain=0.0293481 0.036617 0.174788 0.11112 0.152752 0.0569979 0.0809201 0.118008 0.0826919 0.0539167 0.309913 0.154069 0.129587 8.01563e-05 3.1552e-06
threshold=1.0000000180025095e-35 25.650000000000002 25.350000000000005 -1.0000000180025095e-35 76.700000000000003 54.050000000000004 61.250000000000007 1.0000000180025095e-35 64.600000000000009 1.0000000180025095e-35 71.750000000000014 70.550000000000011 -0.56174490092936669 -1.0000000180025095e-35 0.87837969732492682
decision_type=2 2 2 2 2 2 2 2 2 2 2 2 2 2 2
left_child=-1 2 9 4 13 -5 7 -7 -8 10 -2 -11 -12 14 -3
right_child=1 3 -4 5 -6 6 8 -9 -10 11 12 -13 -14 -15 -16
leaf_value=0.022486410065990572 0.047961111367578177 -0.080500133364093715 0.050278489256618798 0.026889567791436961 0.078148336632465093 -0.0020938615337207063 0.031430544230082895 -0.048596257049962621 -0.0059893430950771556 -0.052727965651248376 0.017841746059633554 0.020824659811429426 -0.08377358270798721 -0.08372770389332318 -0.081639670338909981
leaf_weight=0.56257192832708725 0.80929537009797126 0.13799942448349611 0.73897902574390162 0.61172346351304518 0.071441208092437591 1.5110459517818529 0.88847965648892602 0.85420256149882323 1.7611428159652858 0.65749028156278633 0.19093039545896351 0.50239466004859423 0.36621763669609175 0.18314899823599162 0.029490425422409317
leaf_count=22 18 105 18 20 9 31 29 27 50 16 17 42 41 10 8
internal_value=0.000306184 -0.00103352 0.00750027 -0.00564039 -0.0551274 -0.00192811 -0.00544334 -0.0188881 0.00655841 -0.00501283 0.00844665 -0.0208692 -0.0489508 -0.0822818 -0.0807008
internal_weight=9.87655 9.31398 3.26531 6.04867 0.42208 5.62659 5.01487 2.36525 2.64962 2.52633 1.36644 1.15988 0.557148 0.350639 0.16749
internal_count=463 441 152 289 132 157 137 58 79 134 76 58 58 123 113
is_linear=0
shrinkage=0.1


Tree=488
num_leaves=8
num_cat=0
split_feature=9 6 6 5 5 5 2
split_gain=0.0256737 0.038116 0.116773 0.169299 0.0649371 0.0949522 0.0133078
threshold=1.0000000180025095e-35 81.200000000000003 79.600000000000009 23.550000000000004 23.750000000000004 27.950000000000003 -1.0000000180025095e-35
decision_type=2 2 2 2 2 2 2
left_child=1 2 3 -1 -5 -6 -2
right_child=6 -3 -4 4 5 -7 -8
leaf_value=-0.082575301854759642 0.038929361530570417 -0.020440052326149028 0.04614488769873154 0.041239695535918719 -0.040022315647122039 0.0031308921085994937 0.0029240907664914353
leaf_weight=0.25501491595059622 0.24488232446674374 0.92636413637228532 0.53010635968530539 0.37044863961637009 0.58266761567938363 4.0824158281830023 0.17674326361156989
leaf_count=9 31 34 8 6 166 189 20
internal_value=-0.000103528 -0.00159953 0.00139896 -0.00308453 0.000941129 -0.00225893 0.0238361
internal_weight=7.16864 6.74702 5.82065 5.29055 5.03553 4.66508 0.421626
internal_count=463 412 378 370 361 355 51
is_linear=0
shrinkage=0.1


Tree=489
num_leaves=9
num_cat=0
split_feature=6 6 6 2 6 6 0 5
split_gain=0.0467274 0.0573405 0.0643727 0.0575396 0.0529853 0.0817244 0.00220877 0.00412063
threshold=86.100000000000009 83.40000000000002 82.40000000000002 -0.8783796973249266 81.850000000000009 81.200000000000003 -0.60355339059327362 30.550000000000004
decision_type=2 2 2 2 2 2 2 2
left_child=1 2 3 6 5 -5 -1 -8
right_child=-2 -3 -4 4 -6 -7 7 -9
leaf_value=-0.082676824795798104 0.030475966434426328 -0.082090192684325908 0.074648998748563442 -0.0048895470990209964 -0.065507939997609885 0.082887518854129705 -0.08042836153020741 0.0029010762585052899
leaf_weight=0.093290290723643921 0.37661953206406895 0.098800190817200817 0.098828693851828464 1.6515931970634485 0.12956101854797442 0.11334878753405053 0.015943585034848495 0.0094525214617533493
leaf_count=35 10 12 4 336 6 4 39 17
internal_value=-0.0020834 -0.00762999 -0.00414674 -0.00801487 -0.00378338 0.000747706 -0.0755591 -0.0494128
internal_weight=2.58744 2.21082 2.11202 2.01319 1.8945 1.76494 0.118686 0.0253961
internal_count=463 453 441 437 346 340 91 56
is_linear=0
shrinkage=0.1


Tree=490
num_leaves=11
num_cat=0
split_feature=6 5 5 5 3 6 6 6 6 6
split_gain=0.0333435 0.0607268 0.0387651 0.077076 0.156085 0.247003 0.105422 0.0565852 0.149846 0.158431
threshold=81.850000000000009 23.850000000000005 27.600000000000005 27.050000000000004 1.0000000180025095e-35 65.350000000000009 66.100000000000009 69.350000000000009 66.950000000000017 66.65000000000002
decision_type=2 2 2 2 2 2 2 2 2 2
left_child=1 -1 3 4 5 -3 -6 8 9 -4
right_child=-2 2 7 -5 6 -7 -8 -9 -10 -11
leaf_value=-0.031793373524960956 0.025110995473216907 -0.053154720627059143 -0.016821794144927096 0.033086487777437334 0.069749684863089578 0.0076743955853294651 0.0093699069304466944 0.039368009428256939 -0.08748311091438836 0.078628468125160167
leaf_weight=0.61306208203313861 0.4979276873928028 0.99567664240021292 1.3784068296783973 0.85110157041344781 0.42626742820721097 2.0255687946919352 0.89907134315581061 0.20308360838680517 0.25441578451864177 0.19899907056242216
leaf_count=26 33 24 194 13 10 84 47 13 15 4
internal_value=1.75075e-05 -0.00157506 0.000986358 0.00556715 0.000178608 -0.0123723 0.0287898 -0.0107142 -0.0162665 -0.00478018
internal_weight=8.34358 7.84565 7.23259 5.19769 4.34658 3.02125 1.32534 2.03491 1.83182 1.57741
internal_count=463 430 404 178 165 108 57 226 213 198
is_linear=0
shrinkage=0.1


Tree=491
num_leaves=9
num_cat=0
split_feature=5 1 3 0 6 2 6 2
split_gain=0.0423001 0.0276138 0.00228638 2.09689e-10 6.39847e-11 2.41825e-11 9.42104e-13 6.605e-14
threshold=23.950000000000003 0.78656609248549303 -0.22252093395631442 0.98296291314453421 74.850000000000009 1.0000000180025095e-35 69.450000000000017 1.0000000180025095e-35
decision_type=2 2 2 2 2 2 2 2
left_child=2 3 -1 4 6 -6 7 -2
right_child=1 -3 -4 -5 5 -7 -8 -9
leaf_value=-0.010067890139596296 -0.080001366309618502 0.080670694397444009 0.0010805841861857466 -0.080051186458187318 -0.080013397665709737 -0.080025286849218502 -0.080005495002776386 -0.080002432111173874
leaf_weight=0.38788376765705834 0.0012733692636999194 0.0947915866272524 0.34990027616186126 0.001809728622959029 0.0031833461762289517 0.0036983662430429831 0.0010191357654321109 0.0010701095140177586
leaf_count=16 175 21 29 35 27 15 51 94
internal_value=0.00373568 0.062542 -0.00478063 -0.0800198 -0.0800143 -0.0800198 -0.080003 -0.0800019
internal_weight=0.84463 0.106846 0.737784 0.0120541 0.0102443 0.00688171 0.00336261 0.00234348
internal_count=463 418 45 397 362 42 320 269
is_linear=0
shrinkage=0.1


Tree=492
num_leaves=13
num_cat=0
split_feature=1 6 6 5 6 3 5 5 6 0 8 2
split_gain=0.0292296 0.10541 0.0643584 0.0933243 0.220375 0.0510807 0.0497351 0.166707 0.000195888 2.51254e-05 1.43995e-06 2.22984e-06
threshold=-0.98296291314453399 57.45000000000001 59.150000000000013 28.250000000000004 60.45000000000001 -0.56174490092936669 27.600000000000005 27.050000000000004 60.900000000000006 0.91597561503675362 1.0000000180025095e-35 0.6078576107927941
decision_type=2 2 2 2 2 2 2 2 2 2 2 2
left_child=-1 5 -3 6 -5 -2 7 -4 -6 10 -7 -12
right_child=1 2 3 4 8 9 -8 -9 -10 -11 11 -13
leaf_value=0.011638275618397621 -0.0027338766915777132 0.03866993508600166 0.0043236940044789436 0.042423744199762164 -0.08751528689768584 -0.081506334048680129 0.020410971284364629 -0.047947573298221254 -0.082379434544868749 -0.083117024571683934 -0.080235294737512494 -0.081277155051656669
leaf_weight=1.844361583702266 0.12319550474057905 0.41094241727114411 4.6216645000031349 0.21342733914934786 0.09910285479054437 0.046283083560410887 1.1432284556794909 0.70293913408386277 0.29631299619359197 0.10964311193674803 0.037221657225018023 0.045843538326153066
leaf_count=20 13 19 221 20 6 3 25 11 66 3 43 13
internal_value=0.000310034 -0.00235161 0.000197023 -0.0020371 -0.0394662 -0.0550404 0.00148625 -0.00257701 -0.0836666 -0.0820034 -0.0810594 -0.0808103
internal_weight=9.69417 7.8498 7.48762 7.07668 0.608843 0.362187 6.46783 5.3246 0.395416 0.238991 0.129348 0.0830652
internal_count=463 443 368 349 92 75 257 232 72 62 59 56
is_linear=0
shrinkage=0.1


Tree=493
num_leaves=23
num_cat=0
split_feature=8 1 5 6 2 5 3 5 5 5 6 0 2 1 1 6 5 5 6 2 5 5
split_gain=0.0237643 0.0844451 0.179417 0.097193 0.144836 0.0742163 0.121677 0.223255 0.0647553 0.062695 0.143393 0.0613093 0.0573338 0.0490983 0.0966028 0.0333683 0.0194175 0.0460455 0.00208856 0.00092922 4.54366e-05 1.62654e-06
threshold=1.0000000180025095e-35 1.0000000180025095e-35 23.350000000000005 63.300000000000004 -1.0000000180025095e-35 28.450000000000003 -0.22252093395631442 23.050000000000004 30.250000000000004 27.950000000000003 73.15000000000002 1.0000000180025095e-35 -0.8783796973249266 -0.98296291314453399 -0.37940952255126015 58.850000000000001 24.350000000000005 28.050000000000004 55.550000000000004 0.87837969732492682 23.750000000000004 26.550000000000004
decision_type=2 2 2 2 2 2 2 2 2 2 2 2 2 2 2 2 2 2 2 2 2 2
left_child=5 3 -3 4 8 6 7 -1 18 10 -8 16 -4 -6 -15 -10 -5 -18 -2 20 -14 -9
right_child=1 2 12 11 13 -7 9 21 15 -11 -12 -13 19 14 -16 -17 17 -19 -20 -21 -22 -23
leaf_value=0.049336926096242392 -0.014539878352055533 0.0076787551613112723 -0.014504822932173193 0.092348029357055869 -0.08917344032035264 -0.019699400379736897 -0.044143671935454924 -0.082367206909092869 0.037467487316837828 0.058880612540349812 0.046264387418392353 0.0073315997865854386 -0.08326094306833165 0.036382584940124987 -0.083227564068316218 0.0053585038010631036 -0.0079657806748135145 0.081940236441671643 -0.02671942163494119 -0.092017228486290015 -0.080589613636352697 -0.082848583135543039
leaf_weight=0.23326370120048534 0.25000484101474318 0.70990407362114616 0.15293249265232589 0.14479127526283253 0.22081418242305517 0.7257886594525188 0.26680825080256909 0.16011545063156518 0.5577421724447047 0.57290205359458923 0.51225506239279639 0.39586683450033888 0.18055764306336641 0.13025771436878131 0.140201030269964 0.77114375034580007 0.095126994754537009 0.14199879647640046 0.32230559680829174 0.1529789750566124 0.09835748156910995 0.12498613476054743
leaf_count=2 10 13 19 1 3 20 34 28 38 5 23 22 5 36 8 18 29 23 35 13 60 18
internal_value=-0.000165483 -0.00458911 -0.0261087 0.00419949 -0.00578387 0.00744258 0.0179751 -0.0232166 0.00672341 0.0337687 0.0153021 0.0349084 -0.0671224 -0.0541863 -0.0256212 0.0188349 0.0634924 0.0458729 -0.021399 -0.0857541 -0.0823189 -0.0825782
internal_weight=7.0611 4.46498 1.29473 3.17025 2.39247 2.59612 1.87033 0.518365 1.9012 1.35197 0.779063 0.777784 0.584827 0.491273 0.270459 1.32889 0.381917 0.237126 0.57231 0.431894 0.278915 0.285102
internal_count=463 333 110 223 148 130 110 48 101 62 57 75 97 47 44 56 53 52 45 78 65 46
is_linear=0
shrinkage=0.1


Tree=494
num_leaves=10
num_cat=0
split_feature=1 6 6 3 8 5 6 1 5
split_gain=0.0428323 0.0807142 0.0353248 0.1739 0.0984928 0.0911323 0.0470463 0.0568962 6.03492e-07
threshold=0.78656609248549303 86.450000000000003 71.750000000000014 1.0000000180025095e-35 1.0000000180025095e-35 23.950000000000003 63.850000000000001 -0.98296291314453399 24.050000000000004
decision_type=2 2 2 2 2 2 2 2 2
left_child=1 2 5 4 -4 -1 7 -7 -8
right_child=-2 -3 3 -5 -6 6 8 -9 -10
leaf_value=-0.063679060823810071 0.024574925868209793 -0.087930584216093233 0.0020176482427128797 0.041046268274952009 -0.082544371339375089 -0.048114836747378514 -0.080895392674719846 0.04842888797072066 -0.08011420798368149
leaf_weight=0.29354318231344301 0.48693797185296706 0.12021188437938679 0.31972617684243687 0.66935552533618647 0.24198538596016284 0.081249504444713572 0.013682440854609013 0.2454499878597286 0.035671683696818945
leaf_count=7 35 4 14 39 40 18 1 184 121
internal_value=-0.00204895 -0.00846407 -0.00343803 0.0066163 -0.0344117 -0.0219231 0.0106711 0.0244187 -0.0803308
internal_weight=2.50781 2.02088 1.90066 1.23107 0.561712 0.669597 0.376054 0.326699 0.0493541
internal_count=463 428 424 93 54 331 324 202 122
is_linear=0
shrinkage=0.1


Tree=495
num_leaves=9
num_cat=0
split_feature=6 6 6 5 6 6 5 1
split_gain=0.0372147 0.108007 0.0467952 0.0359108 0.0897554 0.0539594 0.0312864 0.022737
threshold=54.600000000000009 59.150000000000013 60.000000000000007 23.650000000000002 76.950000000000017 81.200000000000003 24.650000000000002 -0.12940952255126037
decision_type=2 2 2 2 2 2 2 2
left_child=-1 7 -3 -4 6 -6 -5 -2
right_child=1 2 3 4 5 -7 -8 -9
leaf_value=0.039195047854117746 -0.08619143571403548 0.037397091959590199 -0.025847606909900851 -0.019877268048173361 0.075834402947327642 0.0086781827604442956 0.00094947566463686169 -0.031446926536119496
leaf_weight=0.23463310968872964 0.1567187843938882 0.33964028660375323 0.5220283664530142 0.83137438277481113 0.24549607376684424 0.23339009119081311 5.4475982513558847 0.14705608552321781
leaf_count=43 57 23 30 31 22 25 226 6
internal_value=-5.37008e-05 -0.00121598 0.00111526 -0.000577457 0.0013746 0.0431051 -0.00180811 -0.0596899
internal_weight=8.15794 7.9233 7.61953 7.27989 6.75786 0.478886 6.27897 0.303775
internal_count=463 420 357 334 304 47 257 63
is_linear=0
shrinkage=0.1


Tree=496
num_leaves=9
num_cat=0
split_feature=6 6 3 6 5 3 6 6
split_gain=0.0394493 0.105974 0.106272 0.0594086 0.0318365 0.0283129 0.00106146 0.005946
threshold=87.100000000000009 85.850000000000009 -0.56174490092936669 74.15000000000002 23.750000000000004 0.81174490092936691 73.15000000000002 70.800000000000026
decision_type=2 2 2 2 2 2 2 2
left_child=1 2 -1 6 -5 -6 7 -4
right_child=-2 -3 3 4 5 -7 -8 -9
leaf_value=-0.072487305167224875 -0.050434062219120217 0.086899256778773928 -0.080807093766031332 0.05973291431095995 0.045593704631597294 -0.055864133591633162 -0.082550826146710776 0.060395592766746081
leaf_weight=0.17279487190711507 0.11444241955723555 0.15195091796340421 0.015503473191429862 0.22196605411591008 0.054038327405578457 0.056017448474449338 0.03756671916517007 0.0036924967445202119
leaf_count=114 6 7 234 15 37 9 8 33
internal_value=0.00406942 0.0128112 -0.00723541 0.0217657 0.0379286 -0.00604747 -0.0727757 -0.0536456
internal_weight=0.827973 0.71353 0.561579 0.388785 0.332022 0.110056 0.0567627 0.019196
internal_count=463 457 450 336 61 46 275 267
is_linear=0
shrinkage=0.1


Tree=497
num_leaves=11
num_cat=0
split_feature=7 5 5 6 5 5 3 5 6 2
split_gain=0.0252132 0.0276716 0.0375134 0.0791111 0.0349982 0.136458 0.0779895 0.0617201 0.0419552 2.52596e-06
threshold=1.0000000180025095e-35 23.250000000000004 24.450000000000003 71.350000000000009 25.650000000000002 25.350000000000005 -0.22252093395631442 26.250000000000004 66.350000000000009 0.6078576107927941
decision_type=2 2 2 2 2 2 2 2 2 2
left_child=-1 -2 3 -3 5 6 -4 -6 -9 -5
right_child=1 2 4 9 7 -7 -8 8 -10 -11
leaf_value=0.020931412434074856 0.025903232253540295 0.014386635971052865 0.017967500978227646 -0.081804460726594488 -0.038765622645932807 0.045902937434460146 -0.025094240552319187 -0.0068619504606746984 0.014059264998800778 -0.081045754588695659
leaf_weight=0.55225627007894118 0.36445013125194314 0.16869312958442506 0.75129583468151406 0.092734707791350957 0.49748347190325137 0.71487291759694915 0.9554636591656146 4.069133207836785 1.25392330165414 0.083296707278350368
leaf_count=22 15 11 34 27 37 18 33 197 55 14
internal_value=0.000194531 -0.00108484 -0.00223028 -0.0345494 -0.000878551 0.00922396 -0.00613896 -0.00508169 -0.00193365 -0.0814454
internal_weight=9.5036 8.95135 8.5869 0.344725 8.24217 2.42163 1.70676 5.82054 5.32306 0.176031
internal_count=463 441 426 52 374 85 67 289 252 41
is_linear=0
shrinkage=0.1


Tree=498
num_leaves=10
num_cat=0
split_feature=5 1 6 6 2 5 1 8 5
split_gain=0.024312 0.0552525 0.048385 0.0815493 0.0655441 0.322062 0.259795 0.103621 0.0316804
threshold=31.250000000000004 -0.98296291314453399 54.150000000000013 54.600000000000009 -0.8783796973249266 30.650000000000002 -0.98296291314453399 1.0000000180025095e-35 23.250000000000004
decision_type=2 2 2 2 2 2 2 2 2
left_child=2 -2 -1 -4 6 7 -5 -6 -8
right_child=1 -3 3 4 5 -7 8 -9 -10
leaf_value=0.032885767579336082 -0.051086567543471573 0.013029176416567485 -0.084002137840263932 -0.095819314494669447 0.013384279275639017 0.098862516329062983 0.061042417173931607 -0.016587623643802844 0.0041872127115318734
leaf_weight=0.45924678757000936 0.28174290107563138 0.25702071985142527 0.11554163717664767 0.31610236316919327 2.2662564004058368 0.34082498831412511 0.14495493285357852 2.3492521146945373 0.3025881667745125
leaf_count=23 6 35 3 3 113 13 2 195 70
internal_value=-0.000111563 -0.0204997 0.00163344 -0.000826069 0.00085406 0.00505586 -0.0264171 -0.00187115 0.0226021
internal_weight=6.83353 0.538764 6.29477 5.83552 5.71998 4.95633 0.763645 4.61551 0.447543
internal_count=463 41 422 399 396 321 75 308 72
is_linear=0
shrinkage=0.1


Tree=499
num_leaves=7
num_cat=0
split_feature=6 6 6 6 6 6
split_gain=0.0459248 0.0530409 0.0484222 0.0600722 0.0794447 0.0628156
threshold=86.100000000000009 83.40000000000002 82.000000000000014 81.850000000000009 81.200000000000003 80.40000000000002
decision_type=2 2 2 2 2 2
left_child=1 2 3 4 5 -1
right_child=-2 -3 -4 -5 -6 -7
leaf_value=-0.0037511908368141216 0.031434353335099433 -0.081917085366824918 0.059628222567393786 -0.084238707859930831 0.082242850414732727 -0.083288567063149091
leaf_weight=1.5512164870685872 0.35731418023351569 0.091290565433609916 0.11293560988269735 0.097450823421240673 0.10162856400711451 0.10608501851311292
leaf_count=422 10 12 8 3 4 4
internal_value=-0.00166161 -0.00740053 -0.00394621 -0.00781385 -0.00357965 -0.00884243
internal_weight=2.41792 2.06061 1.96932 1.85638 1.75893 1.6573
internal_count=463 453 441 433 430 426
is_linear=0
shrinkage=0.1


end of trees

feature_importances:
Column_5=1800
Column_6=1449
Column_1=694
Column_0=554
Column_2=412
Column_3=270
Column_8=141
Column_9=38
Column_7=33
Column_4=11

parameters:
[boosting: gbdt]
[objective: multiclass]
[metric: multi_logloss]
[tree_learner: serial]
[device_type: cpu]
[data_sample_strategy: bagging]
[data: ]
[valid: ]
[num_iterations: 100]
[learning_rate: 0.1]
[num_leaves: 31]
[num_threads: 14]
[seed: 42]
[deterministic: 0]
[force_col_wise: 0]
[force_row_wise: 0]
[histogram_pool_size: -1]
[max_depth: 6]
[min_data_in_leaf: 20]
[min_sum_hessian_in_leaf: 0.001]
[bagging_fraction: 1]
[pos_bagging_fraction: 1]
[neg_bagging_fraction: 1]
[bagging_freq: 0]
[bagging_seed: 400]
[bagging_by_query: 0]
[feature_fraction: 1]
[feature_fraction_bynode: 1]
[feature_fraction_seed: 30056]
[extra_trees: 0]
[extra_seed: 12879]
[early_stopping_round: 0]
[early_stopping_min_delta: 0]
[first_metric_only: 0]
[max_delta_step: 0]
[lambda_l1: 0]
[lambda_l2: 0]
[linear_lambda: 0]
[min_gain_to_split: 0]
[drop_rate: 0.1]
[max_drop: 50]
[skip_drop: 0.5]
[xgboost_dart_mode: 0]
[uniform_drop: 0]
[drop_seed: 17869]
[top_rate: 0.2]
[other_rate: 0.1]
[min_data_per_group: 100]
[max_cat_threshold: 32]
[cat_l2: 10]
[cat_smooth: 10]
[max_cat_to_onehot: 4]
[top_k: 20]
[monotone_constraints: ]
[monotone_constraints_method: basic]
[monotone_penalty: 0]
[feature_contri: ]
[forcedsplits_filename: ]
[refit_decay_rate: 0.9]
[cegb_tradeoff: 1]
[cegb_penalty_split: 0]
[cegb_penalty_feature_lazy: ]
[cegb_penalty_feature_coupled: ]
[path_smooth: 0]
[interaction_constraints: ]
[verbosity: -1]
[saved_feature_importance_type: 0]
[use_quantized_grad: 0]
[num_grad_quant_bins: 4]
[quant_train_renew_leaf: 0]
[stochastic_rounding: 1]
[linear_tree: 0]
[max_bin: 255]
[max_bin_by_feature: ]
[min_data_in_bin: 3]
[bin_construct_sample_cnt: 200000]
[data_random_seed: 175]
[is_enable_sparse: 1]
[enable_bundle: 1]
[use_missing: 1]
[zero_as_missing: 0]
[feature_pre_filter: 1]
[pre_partition: 0]
[two_round: 0]
[header: 0]
[label_column: ]
[weight_column: ]
[group_column: ]
[ignore_column: ]
[categorical_feature: ]
[forcedbins_filename: ]
[precise_float_parser: 0]
[parser_config_file: ]
[objective_seed: 16083]
[num_class: 5]
[is_unbalance: 0]
[scale_pos_weight: 1]
[sigmoid: 1]
[boost_from_average: 1]
[reg_sqrt: 0]
[alpha: 0.9]
[fair_c: 1]
[poisson_max_delta_step: 0.7]
[tweedie_variance_power: 1.5]
[lambdarank_truncation_level: 30]
[lambdarank_norm: 1]
[label_gain: ]
[lambdarank_position_bias_regularization: 0]
[eval_at: ]
[multi_error_top_k: 1]
[auc_mu_weights: ]
[num_machines: 1]
[local_listen_port: 12400]
[time_out: 120]
[machine_list_filename: ]
[machines: ]
[gpu_platform_id: -1]
[gpu_device_id: -1]
[gpu_use_dp: 0]
[num_gpu: 1]

end of parameters

pandas_categorical:null
