timestamp,user_id,hour,minute,day_of_week,is_weekend,temperature,humidity,device,action,value,light_state,fan_state,ac_state,hour_sin,hour_cos,dow_sin,dow_cos,device_id,user_num,action_binary
2025-01-01 06:55:00,dad,6,21,2,0,25.2,67.2,living_room_light,on,80,0,0,0,1.0,6.123233995736766e-17,0.9749279121818236,-0.22252093395631434,0,0,1
2025-01-01 06:17:00,mom,6,37,2,0,25.2,67.2,living_room_light,on,79,1,0,0,1.0,6.123233995736766e-17,0.9749279121818236,-0.22252093395631434,0,1,1
2025-01-01 07:52:00,mom,7,22,2,0,26.7,68.3,kitchen_light,on,90,1,0,0,0.9659258262890683,-0.25881904510252063,0.9749279121818236,-0.22252093395631434,2,1,1
2025-01-01 07:16:00,son,7,39,2,0,26.7,68.3,kitchen_light,on,90,1,0,0,0.9659258262890683,-0.25881904510252063,0.9749279121818236,-0.22252093395631434,2,2,1
2025-01-01 07:40:00,daughter,7,53,2,0,26.7,68.3,kitchen_light,on,86,1,0,0,0.9659258262890683,-0.25881904510252063,0.9749279121818236,-0.22252093395631434,2,3,1
2025-01-01 08:27:00,mom,8,11,2,0,28.6,66.3,fan,on,0,1,0,0,0.8660254037844387,-0.4999999999999998,0.9749279121818236,-0.22252093395631434,3,1,1
2025-01-01 11:25:00,mom,11,14,2,0,31.7,50.4,fan,on,3,1,1,0,0.258819045102521,-0.9659258262890682,0.9749279121818236,-0.22252093395631434,3,1,1
2025-01-01 11:20:00,son,11,10,2,0,31.7,50.4,fan,on,8,1,1,0,0.258819045102521,-0.9659258262890682,0.9749279121818236,-0.22252093395631434,3,2,1
2025-01-01 12:31:00,dad,12,26,2,0,28.9,57.2,fan,on,6,1,1,0,1.2246467991473532e-16,-1.0,0.9749279121818236,-0.22252093395631434,3,0,1
2025-01-01 13:21:00,son,13,14,2,0,29.0,58.5,fan,on,6,1,1,0,-0.2588190451025208,-0.9659258262890683,0.9749279121818236,-0.22252093395631434,3,2,1
2025-01-01 14:54:00,son,14,34,2,0,30.8,58.5,fan,on,7,1,1,0,-0.4999999999999997,-0.8660254037844388,0.9749279121818236,-0.22252093395631434,3,2,1
2025-01-01 14:55:00,daughter,14,2,2,0,30.8,58.5,fan,on,3,1,1,0,-0.4999999999999997,-0.8660254037844388,0.9749279121818236,-0.22252093395631434,3,3,1
2025-01-01 16:36:00,dad,16,38,2,0,28.4,62.0,fan,on,5,1,1,0,-0.8660254037844385,-0.5000000000000004,0.9749279121818236,-0.22252093395631434,3,0,1
2025-01-01 16:29:00,son,16,59,2,0,28.4,62.0,fan,on,2,1,1,0,-0.8660254037844385,-0.5000000000000004,0.9749279121818236,-0.22252093395631434,3,2,1
2025-01-01 16:50:00,daughter,16,34,2,0,28.4,62.0,fan,on,3,1,1,0,-0.8660254037844385,-0.5000000000000004,0.9749279121818236,-0.22252093395631434,3,3,1
2025-01-01 17:08:00,mom,17,56,2,0,28.0,65.4,fan,on,0,1,1,0,-0.9659258262890683,-0.25881904510252063,0.9749279121818236,-0.22252093395631434,3,1,1
2025-01-01 18:19:00,dad,18,17,2,0,26.3,64.3,living_room_light,on,62,1,1,0,-1.0,-1.8369701987210297e-16,0.9749279121818236,-0.22252093395631434,0,0,1
2025-01-01 18:58:00,daughter,18,13,2,0,26.3,64.3,living_room_light,on,55,1,1,0,-1.0,-1.8369701987210297e-16,0.9749279121818236,-0.22252093395631434,0,3,1
2025-01-01 19:28:00,dad,19,10,2,0,24.8,73.7,living_room_light,on,60,1,1,0,-0.9659258262890684,0.2588190451025203,0.9749279121818236,-0.22252093395631434,0,0,1
2025-01-01 19:01:00,mom,19,12,2,0,24.8,73.7,kitchen_light,on,95,1,1,0,-0.9659258262890684,0.2588190451025203,0.9749279121818236,-0.22252093395631434,2,1,1
2025-01-01 19:30:00,son,19,13,2,0,24.8,73.7,kitchen_light,on,91,1,1,0,-0.9659258262890684,0.2588190451025203,0.9749279121818236,-0.22252093395631434,2,2,1
2025-01-01 19:25:00,daughter,19,18,2,0,24.8,73.7,living_room_light,on,51,1,1,0,-0.9659258262890684,0.2588190451025203,0.9749279121818236,-0.22252093395631434,0,3,1
2025-01-01 20:06:00,dad,20,31,2,0,24.3,71.8,living_room_light,on,62,1,1,0,-0.8660254037844386,0.5000000000000001,0.9749279121818236,-0.22252093395631434,0,0,1
2025-01-01 20:51:00,mom,20,22,2,0,24.3,71.8,living_room_light,on,54,1,1,0,-0.8660254037844386,0.5000000000000001,0.9749279121818236,-0.22252093395631434,0,1,1
2025-01-01 20:37:00,son,20,29,2,0,24.3,71.8,living_room_light,on,91,1,1,0,-0.8660254037844386,0.5000000000000001,0.9749279121818236,-0.22252093395631434,0,2,1
2025-01-01 21:36:00,dad,21,39,2,0,25.8,77.0,living_room_light,on,62,1,1,0,-0.7071067811865477,0.7071067811865474,0.9749279121818236,-0.22252093395631434,0,0,1
2025-01-01 21:51:00,mom,21,8,2,0,25.8,77.0,living_room_light,on,56,1,1,0,-0.7071067811865477,0.7071067811865474,0.9749279121818236,-0.22252093395631434,0,1,1
2025-01-01 21:33:00,daughter,21,30,2,0,25.8,77.0,living_room_light,on,47,1,1,0,-0.7071067811865477,0.7071067811865474,0.9749279121818236,-0.22252093395631434,0,3,1
2025-01-01 22:43:00,mom,22,10,2,0,23.0,93.0,ac,off,0,1,1,0,-0.5000000000000004,0.8660254037844384,0.9749279121818236,-0.22252093395631434,4,1,0
2025-01-01 22:35:00,daughter,22,16,2,0,23.0,93.0,ac,off,0,1,1,0,-0.5000000000000004,0.8660254037844384,0.9749279121818236,-0.22252093395631434,4,3,0
2025-01-01 23:25:00,son,23,11,2,0,25.5,70.5,bedroom_light,on,24,1,1,0,-0.25881904510252157,0.9659258262890681,0.9749279121818236,-0.22252093395631434,1,2,1
2025-01-02 06:21:00,dad,6,42,3,0,26.8,63.7,living_room_light,on,81,0,0,0,1.0,6.123233995736766e-17,0.43388373911755823,-0.900968867902419,0,0,1
2025-01-02 06:32:00,mom,6,56,3,0,26.8,63.7,living_room_light,on,70,1,0,0,1.0,6.123233995736766e-17,0.43388373911755823,-0.900968867902419,0,1,1
2025-01-02 07:14:00,dad,7,37,3,0,26.6,70.6,living_room_light,on,78,1,0,0,0.9659258262890683,-0.25881904510252063,0.43388373911755823,-0.900968867902419,0,0,1
2025-01-02 07:29:00,mom,7,40,3,0,26.6,70.6,kitchen_light,on,90,1,0,0,0.9659258262890683,-0.25881904510252063,0.43388373911755823,-0.900968867902419,2,1,1
2025-01-02 07:59:00,son,7,51,3,0,26.6,70.6,kitchen_light,on,84,1,0,0,0.9659258262890683,-0.25881904510252063,0.43388373911755823,-0.900968867902419,2,2,1
2025-01-02 07:01:00,daughter,7,51,3,0,26.6,70.6,kitchen_light,on,94,1,0,0,0.9659258262890683,-0.25881904510252063,0.43388373911755823,-0.900968867902419,2,3,1
2025-01-02 10:20:00,dad,10,11,3,0,30.3,56.1,fan,on,4,1,0,0,0.49999999999999994,-0.8660254037844387,0.43388373911755823,-0.900968867902419,3,0,1
2025-01-02 10:40:00,son,10,35,3,0,30.3,56.1,fan,on,15,1,1,0,0.49999999999999994,-0.8660254037844387,0.43388373911755823,-0.900968867902419,3,2,1
2025-01-02 11:19:00,daughter,11,0,3,0,30.4,69.2,fan,on,3,1,1,0,0.258819045102521,-0.9659258262890682,0.43388373911755823,-0.900968867902419,3,3,1
2025-01-02 12:50:00,son,12,27,3,0,30.7,53.5,fan,on,5,1,1,0,1.2246467991473532e-16,-1.0,0.43388373911755823,-0.900968867902419,3,2,1
2025-01-02 13:00:00,mom,13,15,3,0,30.1,63.3,fan,on,0,1,1,0,-0.2588190451025208,-0.9659258262890683,0.43388373911755823,-0.900968867902419,3,1,1
2025-01-02 13:40:00,daughter,13,39,3,0,30.1,63.3,fan,on,0,1,1,0,-0.2588190451025208,-0.9659258262890683,0.43388373911755823,-0.900968867902419,3,3,1
2025-01-02 17:41:00,son,17,35,3,0,28.3,59.4,fan,on,5,1,1,0,-0.9659258262890683,-0.25881904510252063,0.43388373911755823,-0.900968867902419,3,2,1
2025-01-02 17:26:00,daughter,17,3,3,0,28.3,59.4,fan,on,4,1,1,0,-0.9659258262890683,-0.25881904510252063,0.43388373911755823,-0.900968867902419,3,3,1
2025-01-02 18:29:00,dad,18,19,3,0,27.4,72.9,living_room_light,on,68,1,1,0,-1.0,-1.8369701987210297e-16,0.43388373911755823,-0.900968867902419,0,0,1
2025-01-02 18:28:00,son,18,30,3,0,27.4,72.9,living_room_light,on,77,1,1,0,-1.0,-1.8369701987210297e-16,0.43388373911755823,-0.900968867902419,0,2,1
2025-01-02 19:40:00,dad,19,27,3,0,25.5,64.7,kitchen_light,on,91,1,1,0,-0.9659258262890684,0.2588190451025203,0.43388373911755823,-0.900968867902419,2,0,1
2025-01-02 19:21:00,mom,19,38,3,0,25.5,64.7,kitchen_light,on,90,1,1,0,-0.9659258262890684,0.2588190451025203,0.43388373911755823,-0.900968867902419,2,1,1
2025-01-02 19:30:00,son,19,21,3,0,25.5,64.7,kitchen_light,on,81,1,1,0,-0.9659258262890684,0.2588190451025203,0.43388373911755823,-0.900968867902419,2,2,1
2025-01-02 20:54:00,dad,20,19,3,0,24.8,68.9,living_room_light,on,68,1,1,0,-0.8660254037844386,0.5000000000000001,0.43388373911755823,-0.900968867902419,0,0,1
2025-01-02 20:58:00,daughter,20,17,3,0,24.8,68.9,living_room_light,on,44,1,1,0,-0.8660254037844386,0.5000000000000001,0.43388373911755823,-0.900968867902419,0,3,1
2025-01-02 21:01:00,dad,21,0,3,0,25.3,76.9,living_room_light,on,59,1,1,0,-0.7071067811865477,0.7071067811865474,0.43388373911755823,-0.900968867902419,0,0,1
2025-01-02 21:37:00,son,21,40,3,0,25.3,76.9,living_room_light,on,65,1,1,0,-0.7071067811865477,0.7071067811865474,0.43388373911755823,-0.900968867902419,0,2,1
2025-01-02 22:24:00,mom,22,56,3,0,23.0,85.9,bedroom_light,on,28,1,1,0,-0.5000000000000004,0.8660254037844384,0.43388373911755823,-0.900968867902419,1,1,1
2025-01-02 22:18:00,daughter,22,41,3,0,23.0,85.9,fan,off,0,1,1,0,-0.5000000000000004,0.8660254037844384,0.43388373911755823,-0.900968867902419,3,3,0
2025-01-02 23:29:00,son,23,19,3,0,24.2,80.9,bedroom_light,on,27,1,0,0,-0.25881904510252157,0.9659258262890681,0.43388373911755823,-0.900968867902419,1,2,1
2025-01-03 06:30:00,dad,6,21,4,0,26.1,62.9,living_room_light,on,79,0,0,0,1.0,6.123233995736766e-17,-0.433883739117558,-0.9009688679024191,0,0,1
2025-01-03 06:25:00,mom,6,33,4,0,26.1,62.9,living_room_light,on,72,1,0,0,1.0,6.123233995736766e-17,-0.433883739117558,-0.9009688679024191,0,1,1
2025-01-03 07:24:00,dad,7,39,4,0,26.8,60.8,living_room_light,on,82,1,0,0,0.9659258262890683,-0.25881904510252063,-0.433883739117558,-0.9009688679024191,0,0,1
2025-01-03 07:41:00,mom,7,18,4,0,26.8,60.8,kitchen_light,on,92,1,0,0,0.9659258262890683,-0.25881904510252063,-0.433883739117558,-0.9009688679024191,2,1,1
2025-01-03 07:10:00,daughter,7,20,4,0,26.8,60.8,kitchen_light,on,92,1,0,0,0.9659258262890683,-0.25881904510252063,-0.433883739117558,-0.9009688679024191,2,3,1
2025-01-03 10:17:00,mom,10,43,4,0,28.8,61.7,fan,on,0,1,0,0,0.49999999999999994,-0.8660254037844387,-0.433883739117558,-0.9009688679024191,3,1,1
2025-01-03 12:13:00,dad,12,23,4,0,31.2,63.5,fan,on,3,1,1,0,1.2246467991473532e-16,-1.0,-0.433883739117558,-0.9009688679024191,3,0,1
2025-01-03 16:36:00,son,16,6,4,0,28.4,62.2,fan,on,0,1,1,0,-0.8660254037844385,-0.5000000000000004,-0.433883739117558,-0.9009688679024191,3,2,1
2025-01-03 16:58:00,daughter,16,2,4,0,28.4,62.2,fan,on,0,1,1,0,-0.8660254037844385,-0.5000000000000004,-0.433883739117558,-0.9009688679024191,3,3,1
2025-01-03 18:08:00,son,18,33,4,0,26.8,66.8,living_room_light,on,72,1,1,0,-1.0,-1.8369701987210297e-16,-0.433883739117558,-0.9009688679024191,0,2,1
2025-01-03 19:41:00,mom,19,42,4,0,23.2,74.5,kitchen_light,on,82,1,1,0,-0.9659258262890684,0.2588190451025203,-0.433883739117558,-0.9009688679024191,2,1,1
2025-01-03 19:02:00,daughter,19,17,4,0,23.2,74.5,fan,off,0,1,1,0,-0.9659258262890684,0.2588190451025203,-0.433883739117558,-0.9009688679024191,3,3,0
2025-01-03 20:58:00,dad,20,40,4,0,24.8,65.7,living_room_light,on,66,1,0,0,-0.8660254037844386,0.5000000000000001,-0.433883739117558,-0.9009688679024191,0,0,1
2025-01-03 20:29:00,mom,20,41,4,0,24.8,65.7,living_room_light,on,58,1,0,0,-0.8660254037844386,0.5000000000000001,-0.433883739117558,-0.9009688679024191,0,1,1
2025-01-03 20:17:00,daughter,20,39,4,0,24.8,65.7,living_room_light,on,48,1,0,0,-0.8660254037844386,0.5000000000000001,-0.433883739117558,-0.9009688679024191,0,3,1
2025-01-03 21:03:00,dad,21,3,4,0,23.9,86.6,living_room_light,on,67,1,0,0,-0.7071067811865477,0.7071067811865474,-0.433883739117558,-0.9009688679024191,0,0,1
2025-01-03 21:47:00,mom,21,35,4,0,23.9,86.6,living_room_light,on,62,1,0,0,-0.7071067811865477,0.7071067811865474,-0.433883739117558,-0.9009688679024191,0,1,1
2025-01-03 21:02:00,son,21,11,4,0,23.9,86.6,living_room_light,on,81,1,0,0,-0.7071067811865477,0.7071067811865474,-0.433883739117558,-0.9009688679024191,0,2,1
2025-01-03 21:57:00,daughter,21,26,4,0,23.9,86.6,ac,off,0,1,0,0,-0.7071067811865477,0.7071067811865474,-0.433883739117558,-0.9009688679024191,4,3,0
2025-01-03 22:41:00,son,22,42,4,0,24.2,83.7,bedroom_light,on,34,1,0,0,-0.5000000000000004,0.8660254037844384,-0.433883739117558,-0.9009688679024191,1,2,1
2025-01-03 23:06:00,son,23,41,4,0,24.1,81.0,bedroom_light,on,31,1,0,0,-0.25881904510252157,0.9659258262890681,-0.433883739117558,-0.9009688679024191,1,2,1
2025-01-04 06:35:00,dad,6,36,5,1,27.0,66.3,living_room_light,on,74,0,0,0,1.0,6.123233995736766e-17,-0.9749279121818236,-0.2225209339563146,0,0,1
2025-01-04 06:53:00,mom,6,32,5,1,27.0,66.3,living_room_light,on,68,1,0,0,1.0,6.123233995736766e-17,-0.9749279121818236,-0.2225209339563146,0,1,1
2025-01-04 07:12:00,dad,7,31,5,1,26.8,68.8,kitchen_light,on,93,1,0,0,0.9659258262890683,-0.25881904510252063,-0.9749279121818236,-0.2225209339563146,2,0,1
2025-01-04 07:50:00,mom,7,40,5,1,26.8,68.8,living_room_light,on,67,1,0,0,0.9659258262890683,-0.25881904510252063,-0.9749279121818236,-0.2225209339563146,0,1,1
2025-01-04 07:45:00,son,7,44,5,1,26.8,68.8,kitchen_light,on,90,1,0,0,0.9659258262890683,-0.25881904510252063,-0.9749279121818236,-0.2225209339563146,2,2,1
2025-01-04 09:11:00,dad,9,36,5,1,29.7,63.6,fan,on,0,1,0,0,0.7071067811865476,-0.7071067811865475,-0.9749279121818236,-0.2225209339563146,3,0,1
2025-01-04 09:26:00,mom,9,20,5,1,29.7,63.6,fan,on,0,1,1,0,0.7071067811865476,-0.7071067811865475,-0.9749279121818236,-0.2225209339563146,3,1,1
2025-01-04 09:51:00,daughter,9,16,5,1,29.7,63.6,fan,on,5,1,1,0,0.7071067811865476,-0.7071067811865475,-0.9749279121818236,-0.2225209339563146,3,3,1
2025-01-04 10:18:00,dad,10,32,5,1,30.9,59.4,fan,on,0,1,1,0,0.49999999999999994,-0.8660254037844387,-0.9749279121818236,-0.2225209339563146,3,0,1
2025-01-04 10:55:00,mom,10,6,5,1,30.9,59.4,fan,on,0,1,1,0,0.49999999999999994,-0.8660254037844387,-0.9749279121818236,-0.2225209339563146,3,1,1
2025-01-04 10:26:00,son,10,42,5,1,30.9,59.4,fan,on,3,1,1,0,0.49999999999999994,-0.8660254037844387,-0.9749279121818236,-0.2225209339563146,3,2,1
2025-01-04 11:10:00,dad,11,9,5,1,29.3,60.8,fan,on,0,1,1,0,0.258819045102521,-0.9659258262890682,-0.9749279121818236,-0.2225209339563146,3,0,1
2025-01-04 11:35:00,mom,11,57,5,1,29.3,60.8,fan,on,0,1,1,0,0.258819045102521,-0.9659258262890682,-0.9749279121818236,-0.2225209339563146,3,1,1
2025-01-04 11:41:00,son,11,46,5,1,29.3,60.8,fan,on,0,1,1,0,0.258819045102521,-0.9659258262890682,-0.9749279121818236,-0.2225209339563146,3,2,1
2025-01-04 11:57:00,daughter,11,14,5,1,29.3,60.8,fan,on,10,1,1,0,0.258819045102521,-0.9659258262890682,-0.9749279121818236,-0.2225209339563146,3,3,1
2025-01-04 12:15:00,dad,12,31,5,1,30.7,58.9,fan,on,1,1,1,0,1.2246467991473532e-16,-1.0,-0.9749279121818236,-0.2225209339563146,3,0,1
2025-01-04 12:10:00,mom,12,22,5,1,30.7,58.9,kitchen_light,on,96,1,1,0,1.2246467991473532e-16,-1.0,-0.9749279121818236,-0.2225209339563146,2,1,1
2025-01-04 12:22:00,son,12,29,5,1,30.7,58.9,fan,on,0,1,1,0,1.2246467991473532e-16,-1.0,-0.9749279121818236,-0.2225209339563146,3,2,1
2025-01-04 12:25:00,daughter,12,55,5,1,30.7,58.9,kitchen_light,on,89,1,1,0,1.2246467991473532e-16,-1.0,-0.9749279121818236,-0.2225209339563146,2,3,1
2025-01-04 13:49:00,dad,13,55,5,1,29.0,56.0,fan,on,4,1,1,0,-0.2588190451025208,-0.9659258262890683,-0.9749279121818236,-0.2225209339563146,3,0,1
2025-01-04 13:40:00,mom,13,21,5,1,29.0,56.0,fan,on,0,1,1,0,-0.2588190451025208,-0.9659258262890683,-0.9749279121818236,-0.2225209339563146,3,1,1
2025-01-04 13:19:00,son,13,9,5,1,29.0,56.0,fan,on,0,1,1,0,-0.2588190451025208,-0.9659258262890683,-0.9749279121818236,-0.2225209339563146,3,2,1
2025-01-04 14:48:00,dad,14,51,5,1,29.9,63.8,fan,on,0,1,1,0,-0.4999999999999997,-0.8660254037844388,-0.9749279121818236,-0.2225209339563146,3,0,1
2025-01-04 14:16:00,mom,14,19,5,1,29.9,63.8,fan,on,10,1,1,0,-0.4999999999999997,-0.8660254037844388,-0.9749279121818236,-0.2225209339563146,3,1,1
2025-01-04 14:53:00,son,14,48,5,1,29.9,63.8,fan,on,4,1,1,0,-0.4999999999999997,-0.8660254037844388,-0.9749279121818236,-0.2225209339563146,3,2,1
2025-01-04 18:55:00,dad,18,7,5,1,26.0,63.7,living_room_light,on,65,1,1,0,-1.0,-1.8369701987210297e-16,-0.9749279121818236,-0.2225209339563146,0,0,1
2025-01-04 18:24:00,mom,18,43,5,1,26.0,63.7,living_room_light,on,49,1,1,0,-1.0,-1.8369701987210297e-16,-0.9749279121818236,-0.2225209339563146,0,1,1
2025-01-04 19:22:00,dad,19,37,5,1,25.8,72.2,living_room_light,on,70,1,1,0,-0.9659258262890684,0.2588190451025203,-0.9749279121818236,-0.2225209339563146,0,0,1
2025-01-04 19:19:00,mom,19,21,5,1,25.8,72.2,living_room_light,on,61,1,1,0,-0.9659258262890684,0.2588190451025203,-0.9749279121818236,-0.2225209339563146,0,1,1
2025-01-04 19:52:00,daughter,19,49,5,1,25.8,72.2,kitchen_light,on,97,1,1,0,-0.9659258262890684,0.2588190451025203,-0.9749279121818236,-0.2225209339563146,2,3,1
2025-01-04 20:56:00,mom,20,11,5,1,24.5,63.7,living_room_light,on,50,1,1,0,-0.8660254037844386,0.5000000000000001,-0.9749279121818236,-0.2225209339563146,0,1,1
2025-01-04 20:51:00,daughter,20,34,5,1,24.5,63.7,living_room_light,on,45,1,1,0,-0.8660254037844386,0.5000000000000001,-0.9749279121818236,-0.2225209339563146,0,3,1
2025-01-04 21:06:00,mom,21,40,5,1,24.8,76.2,living_room_light,on,63,1,1,0,-0.7071067811865477,0.7071067811865474,-0.9749279121818236,-0.2225209339563146,0,1,1
2025-01-04 21:25:00,son,21,18,5,1,24.8,76.2,living_room_light,on,80,1,1,0,-0.7071067811865477,0.7071067811865474,-0.9749279121818236,-0.2225209339563146,0,2,1
2025-01-04 21:12:00,daughter,21,9,5,1,24.8,76.2,living_room_light,on,43,1,1,0,-0.7071067811865477,0.7071067811865474,-0.9749279121818236,-0.2225209339563146,0,3,1
2025-01-04 22:37:00,son,22,53,5,1,22.9,88.1,fan,off,0,1,1,0,-0.5000000000000004,0.8660254037844384,-0.9749279121818236,-0.2225209339563146,3,2,0
2025-01-04 23:24:00,son,23,28,5,1,24.4,78.6,bedroom_light,on,28,1,0,0,-0.25881904510252157,0.9659258262890681,-0.9749279121818236,-0.2225209339563146,1,2,1
2025-01-05 06:49:00,dad,6,30,6,1,25.8,66.5,living_room_light,on,90,0,0,0,1.0,6.123233995736766e-17,-0.7818314824680299,0.6234898018587334,0,0,1
2025-01-05 06:11:00,mom,6,15,6,1,25.8,66.5,living_room_light,on,78,1,0,0,1.0,6.123233995736766e-17,-0.7818314824680299,0.6234898018587334,0,1,1
2025-01-05 07:43:00,dad,7,56,6,1,27.7,66.5,kitchen_light,on,84,1,0,0,0.9659258262890683,-0.25881904510252063,-0.7818314824680299,0.6234898018587334,2,0,1
2025-01-05 07:39:00,son,7,31,6,1,27.7,66.5,kitchen_light,on,88,1,0,0,0.9659258262890683,-0.25881904510252063,-0.7818314824680299,0.6234898018587334,2,2,1
2025-01-05 09:58:00,dad,9,37,6,1,28.9,62.6,fan,on,4,1,0,0,0.7071067811865476,-0.7071067811865475,-0.7818314824680299,0.6234898018587334,3,0,1
2025-01-05 09:06:00,mom,9,42,6,1,28.9,62.6,fan,on,0,1,1,0,0.7071067811865476,-0.7071067811865475,-0.7818314824680299,0.6234898018587334,3,1,1
2025-01-05 09:12:00,son,9,35,6,1,28.9,62.6,fan,on,6,1,1,0,0.7071067811865476,-0.7071067811865475,-0.7818314824680299,0.6234898018587334,3,2,1
2025-01-05 10:01:00,dad,10,21,6,1,29.4,61.6,fan,on,1,1,1,0,0.49999999999999994,-0.8660254037844387,-0.7818314824680299,0.6234898018587334,3,0,1
2025-01-05 11:51:00,dad,11,47,6,1,28.9,66.9,fan,on,0,1,1,0,0.258819045102521,-0.9659258262890682,-0.7818314824680299,0.6234898018587334,3,0,1
2025-01-05 11:55:00,mom,11,8,6,1,28.9,66.9,fan,on,5,1,1,0,0.258819045102521,-0.9659258262890682,-0.7818314824680299,0.6234898018587334,3,1,1
2025-01-05 12:54:00,dad,12,27,6,1,30.5,62.0,kitchen_light,on,85,1,1,0,1.2246467991473532e-16,-1.0,-0.7818314824680299,0.6234898018587334,2,0,1
2025-01-05 12:47:00,mom,12,11,6,1,30.5,62.0,kitchen_light,on,93,1,1,0,1.2246467991473532e-16,-1.0,-0.7818314824680299,0.6234898018587334,2,1,1
2025-01-05 13:57:00,dad,13,12,6,1,29.5,64.1,fan,on,0,1,1,0,-0.2588190451025208,-0.9659258262890683,-0.7818314824680299,0.6234898018587334,3,0,1
2025-01-05 13:19:00,son,13,9,6,1,29.5,64.1,fan,on,7,1,1,0,-0.2588190451025208,-0.9659258262890683,-0.7818314824680299,0.6234898018587334,3,2,1
2025-01-05 14:24:00,mom,14,29,6,1,29.4,61.0,fan,on,1,1,1,0,-0.4999999999999997,-0.8660254037844388,-0.7818314824680299,0.6234898018587334,3,1,1
2025-01-05 14:49:00,son,14,5,6,1,29.4,61.0,fan,on,0,1,1,0,-0.4999999999999997,-0.8660254037844388,-0.7818314824680299,0.6234898018587334,3,2,1
2025-01-05 15:43:00,dad,15,29,6,1,28.5,57.5,fan,on,0,1,1,0,-0.7071067811865471,-0.7071067811865479,-0.7818314824680299,0.6234898018587334,3,0,1
2025-01-05 15:51:00,mom,15,18,6,1,28.5,57.5,fan,on,2,1,1,0,-0.7071067811865471,-0.7071067811865479,-0.7818314824680299,0.6234898018587334,3,1,1
2025-01-05 15:29:00,son,15,55,6,1,28.5,57.5,fan,on,6,1,1,0,-0.7071067811865471,-0.7071067811865479,-0.7818314824680299,0.6234898018587334,3,2,1
2025-01-05 16:07:00,dad,16,3,6,1,29.0,66.5,fan,on,0,1,1,0,-0.8660254037844385,-0.5000000000000004,-0.7818314824680299,0.6234898018587334,3,0,1
2025-01-05 16:34:00,mom,16,57,6,1,29.0,66.5,fan,on,3,1,1,0,-0.8660254037844385,-0.5000000000000004,-0.7818314824680299,0.6234898018587334,3,1,1
2025-01-05 16:51:00,daughter,16,7,6,1,29.0,66.5,fan,on,0,1,1,0,-0.8660254037844385,-0.5000000000000004,-0.7818314824680299,0.6234898018587334,3,3,1
2025-01-05 18:29:00,dad,18,8,6,1,26.7,62.8,living_room_light,on,67,1,1,0,-1.0,-1.8369701987210297e-16,-0.7818314824680299,0.6234898018587334,0,0,1
2025-01-05 18:20:00,mom,18,57,6,1,26.7,62.8,living_room_light,on,51,1,1,0,-1.0,-1.8369701987210297e-16,-0.7818314824680299,0.6234898018587334,0,1,1
2025-01-05 18:08:00,son,18,52,6,1,26.7,62.8,living_room_light,on,81,1,1,0,-1.0,-1.8369701987210297e-16,-0.7818314824680299,0.6234898018587334,0,2,1
2025-01-05 18:46:00,daughter,18,52,6,1,26.7,62.8,living_room_light,on,48,1,1,0,-1.0,-1.8369701987210297e-16,-0.7818314824680299,0.6234898018587334,0,3,1
2025-01-05 19:53:00,dad,19,47,6,1,21.2,68.4,living_room_light,on,73,1,1,0,-0.9659258262890684,0.2588190451025203,-0.7818314824680299,0.6234898018587334,0,0,1
2025-01-05 19:00:00,mom,19,41,6,1,21.2,68.4,kitchen_light,on,97,1,1,0,-0.9659258262890684,0.2588190451025203,-0.7818314824680299,0.6234898018587334,2,1,1
2025-01-05 19:13:00,son,19,42,6,1,21.2,68.4,fan,off,0,1,1,0,-0.9659258262890684,0.2588190451025203,-0.7818314824680299,0.6234898018587334,3,2,0
2025-01-05 19:40:00,daughter,19,0,6,1,21.2,68.4,living_room_light,on,47,1,0,0,-0.9659258262890684,0.2588190451025203,-0.7818314824680299,0.6234898018587334,0,3,1
2025-01-05 20:33:00,dad,20,2,6,1,23.8,71.8,ac,off,0,1,0,0,-0.8660254037844386,0.5000000000000001,-0.7818314824680299,0.6234898018587334,4,0,0
2025-01-05 20:48:00,mom,20,53,6,1,23.8,71.8,ac,off,0,1,0,0,-0.8660254037844386,0.5000000000000001,-0.7818314824680299,0.6234898018587334,4,1,0
2025-01-05 20:39:00,son,20,46,6,1,23.8,71.8,living_room_light,on,79,1,0,0,-0.8660254037844386,0.5000000000000001,-0.7818314824680299,0.6234898018587334,0,2,1
2025-01-05 20:27:00,daughter,20,10,6,1,23.8,71.8,living_room_light,on,44,1,0,0,-0.8660254037844386,0.5000000000000001,-0.7818314824680299,0.6234898018587334,0,3,1
2025-01-05 21:41:00,dad,21,9,6,1,24.4,83.8,living_room_light,on,65,1,0,0,-0.7071067811865477,0.7071067811865474,-0.7818314824680299,0.6234898018587334,0,0,1
2025-01-05 21:45:00,mom,21,37,6,1,24.4,83.8,living_room_light,on,51,1,0,0,-0.7071067811865477,0.7071067811865474,-0.7818314824680299,0.6234898018587334,0,1,1
2025-01-05 21:39:00,son,21,29,6,1,24.4,83.8,living_room_light,on,81,1,0,0,-0.7071067811865477,0.7071067811865474,-0.7818314824680299,0.6234898018587334,0,2,1
2025-01-05 23:58:00,son,23,25,6,1,23.5,84.4,bedroom_light,on,25,1,0,0,-0.25881904510252157,0.9659258262890681,-0.7818314824680299,0.6234898018587334,1,2,1
2025-01-06 06:22:00,dad,6,13,0,0,25.4,69.9,living_room_light,on,74,0,0,0,1.0,6.123233995736766e-17,0.0,1.0,0,0,1
2025-01-06 06:02:00,mom,6,40,0,0,25.4,69.9,living_room_light,on,70,1,0,0,1.0,6.123233995736766e-17,0.0,1.0,0,1,1
2025-01-06 07:34:00,mom,7,2,0,0,28.6,66.7,living_room_light,on,60,1,0,0,0.9659258262890683,-0.25881904510252063,0.0,1.0,0,1,1
2025-01-06 07:26:00,son,7,40,0,0,28.6,66.7,kitchen_light,on,92,1,0,0,0.9659258262890683,-0.25881904510252063,0.0,1.0,2,2,1
2025-01-06 08:47:00,mom,8,10,0,0,29.0,61.6,fan,on,9,1,0,0,0.8660254037844387,-0.4999999999999998,0.0,1.0,3,1,1
2025-01-06 14:30:00,dad,14,12,0,0,30.3,51.2,fan,on,0,1,1,0,-0.4999999999999997,-0.8660254037844388,0.0,1.0,3,0,1
2025-01-06 14:15:00,mom,14,20,0,0,30.3,51.2,fan,on,4,1,1,0,-0.4999999999999997,-0.8660254037844388,0.0,1.0,3,1,1
2025-01-06 14:30:00,son,14,1,0,0,30.3,51.2,fan,on,8,1,1,0,-0.4999999999999997,-0.8660254037844388,0.0,1.0,3,2,1
2025-01-06 14:01:00,daughter,14,18,0,0,30.3,51.2,fan,on,5,1,1,0,-0.4999999999999997,-0.8660254037844388,0.0,1.0,3,3,1
2025-01-06 16:22:00,son,16,54,0,0,28.6,55.7,fan,on,0,1,1,0,-0.8660254037844385,-0.5000000000000004,0.0,1.0,3,2,1
2025-01-06 18:28:00,mom,18,16,0,0,26.1,68.6,living_room_light,on,54,1,1,0,-1.0,-1.8369701987210297e-16,0.0,1.0,0,1,1
2025-01-06 19:18:00,mom,19,19,0,0,22.6,82.9,ac,off,0,1,1,0,-0.9659258262890684,0.2588190451025203,0.0,1.0,4,1,0
2025-01-06 19:42:00,son,19,8,0,0,22.6,82.9,living_room_light,on,69,1,1,0,-0.9659258262890684,0.2588190451025203,0.0,1.0,0,2,1
2025-01-06 19:43:00,daughter,19,59,0,0,22.6,82.9,fan,off,0,1,1,0,-0.9659258262890684,0.2588190451025203,0.0,1.0,3,3,0
2025-01-06 20:29:00,dad,20,30,0,0,23.6,61.5,living_room_light,on,63,1,0,0,-0.8660254037844386,0.5000000000000001,0.0,1.0,0,0,1
2025-01-06 20:11:00,mom,20,48,0,0,23.6,61.5,fan,off,0,1,0,0,-0.8660254037844386,0.5000000000000001,0.0,1.0,3,1,0
2025-01-06 20:04:00,son,20,7,0,0,23.6,61.5,fan,off,0,1,0,0,-0.8660254037844386,0.5000000000000001,0.0,1.0,3,2,0
2025-01-06 20:26:00,daughter,20,50,0,0,23.6,61.5,living_room_light,on,46,1,0,0,-0.8660254037844386,0.5000000000000001,0.0,1.0,0,3,1
2025-01-06 21:21:00,dad,21,29,0,0,25.3,73.7,living_room_light,on,72,1,0,0,-0.7071067811865477,0.7071067811865474,0.0,1.0,0,0,1
2025-01-06 21:01:00,mom,21,18,0,0,25.3,73.7,living_room_light,on,47,1,0,0,-0.7071067811865477,0.7071067811865474,0.0,1.0,0,1,1
2025-01-06 21:27:00,son,21,31,0,0,25.3,73.7,living_room_light,on,80,1,0,0,-0.7071067811865477,0.7071067811865474,0.0,1.0,0,2,1
2025-01-06 21:27:00,daughter,21,34,0,0,25.3,73.7,living_room_light,on,45,1,0,0,-0.7071067811865477,0.7071067811865474,0.0,1.0,0,3,1
2025-01-06 22:49:00,mom,22,5,0,0,23.5,69.9,ac,off,0,1,0,0,-0.5000000000000004,0.8660254037844384,0.0,1.0,4,1,0
2025-01-06 22:34:00,son,22,5,0,0,23.5,69.9,fan,off,0,1,0,0,-0.5000000000000004,0.8660254037844384,0.0,1.0,3,2,0
2025-01-06 22:25:00,daughter,22,40,0,0,23.5,69.9,bedroom_light,on,35,1,0,0,-0.5000000000000004,0.8660254037844384,0.0,1.0,1,3,1
2025-01-06 23:44:00,son,23,27,0,0,24.6,77.4,bedroom_light,on,33,1,0,0,-0.25881904510252157,0.9659258262890681,0.0,1.0,1,2,1
2025-01-07 06:11:00,mom,6,19,1,0,24.5,70.5,living_room_light,on,62,0,0,0,1.0,6.123233995736766e-17,0.7818314824680298,0.6234898018587336,0,1,1
2025-01-07 07:59:00,dad,7,4,1,0,28.3,64.9,fan,on,5,1,0,0,0.9659258262890683,-0.25881904510252063,0.7818314824680298,0.6234898018587336,3,0,1
2025-01-07 07:47:00,mom,7,58,1,0,28.3,64.9,fan,on,6,1,1,0,0.9659258262890683,-0.25881904510252063,0.7818314824680298,0.6234898018587336,3,1,1
2025-01-07 10:06:00,dad,10,41,1,0,30.8,66.0,fan,on,4,1,1,0,0.49999999999999994,-0.8660254037844387,0.7818314824680298,0.6234898018587336,3,0,1
2025-01-07 10:32:00,son,10,41,1,0,30.8,66.0,fan,on,2,1,1,0,0.49999999999999994,-0.8660254037844387,0.7818314824680298,0.6234898018587336,3,2,1
2025-01-07 10:19:00,daughter,10,54,1,0,30.8,66.0,fan,on,0,1,1,0,0.49999999999999994,-0.8660254037844387,0.7818314824680298,0.6234898018587336,3,3,1
2025-01-07 11:46:00,son,11,11,1,0,30.2,50.0,fan,on,0,1,1,0,0.258819045102521,-0.9659258262890682,0.7818314824680298,0.6234898018587336,3,2,1
2025-01-07 12:37:00,son,12,32,1,0,31.1,59.9,fan,on,0,1,1,0,1.2246467991473532e-16,-1.0,0.7818314824680298,0.6234898018587336,3,2,1
2025-01-07 12:09:00,daughter,12,34,1,0,31.1,59.9,fan,on,0,1,1,0,1.2246467991473532e-16,-1.0,0.7818314824680298,0.6234898018587336,3,3,1
2025-01-07 13:54:00,mom,13,9,1,0,30.2,65.1,fan,on,10,1,1,0,-0.2588190451025208,-0.9659258262890683,0.7818314824680298,0.6234898018587336,3,1,1
2025-01-07 13:50:00,daughter,13,5,1,0,30.2,65.1,fan,on,0,1,1,0,-0.2588190451025208,-0.9659258262890683,0.7818314824680298,0.6234898018587336,3,3,1
2025-01-07 14:10:00,dad,14,30,1,0,31.5,57.8,fan,on,8,1,1,0,-0.4999999999999997,-0.8660254037844388,0.7818314824680298,0.6234898018587336,3,0,1
2025-01-07 14:41:00,son,14,53,1,0,31.5,57.8,fan,on,8,1,1,0,-0.4999999999999997,-0.8660254037844388,0.7818314824680298,0.6234898018587336,3,2,1
2025-01-07 15:08:00,son,15,55,1,0,28.8,58.9,fan,on,0,1,1,0,-0.7071067811865471,-0.7071067811865479,0.7818314824680298,0.6234898018587336,3,2,1
2025-01-07 17:31:00,mom,17,47,1,0,28.5,72.0,fan,on,5,1,1,0,-0.9659258262890683,-0.25881904510252063,0.7818314824680298,0.6234898018587336,3,1,1
2025-01-07 18:18:00,dad,18,6,1,0,24.1,69.8,living_room_light,on,64,1,1,0,-1.0,-1.8369701987210297e-16,0.7818314824680298,0.6234898018587336,0,0,1
2025-01-07 18:08:00,mom,18,45,1,0,24.1,69.8,living_room_light,on,51,1,1,0,-1.0,-1.8369701987210297e-16,0.7818314824680298,0.6234898018587336,0,1,1
2025-01-07 18:26:00,son,18,53,1,0,24.1,69.8,living_room_light,on,84,1,1,0,-1.0,-1.8369701987210297e-16,0.7818314824680298,0.6234898018587336,0,2,1
2025-01-07 18:08:00,daughter,18,42,1,0,24.1,69.8,living_room_light,on,50,1,1,0,-1.0,-1.8369701987210297e-16,0.7818314824680298,0.6234898018587336,0,3,1
2025-01-07 19:33:00,dad,19,2,1,0,25.3,64.8,kitchen_light,on,88,1,1,0,-0.9659258262890684,0.2588190451025203,0.7818314824680298,0.6234898018587336,2,0,1
2025-01-07 19:16:00,mom,19,10,1,0,25.3,64.8,living_room_light,on,48,1,1,0,-0.9659258262890684,0.2588190451025203,0.7818314824680298,0.6234898018587336,0,1,1
2025-01-07 19:04:00,daughter,19,17,1,0,25.3,64.8,kitchen_light,on,93,1,1,0,-0.9659258262890684,0.2588190451025203,0.7818314824680298,0.6234898018587336,2,3,1
2025-01-07 20:41:00,dad,20,0,1,0,24.2,66.0,living_room_light,on,64,1,1,0,-0.8660254037844386,0.5000000000000001,0.7818314824680298,0.6234898018587336,0,0,1
2025-01-07 20:14:00,mom,20,16,1,0,24.2,66.0,living_room_light,on,58,1,1,0,-0.8660254037844386,0.5000000000000001,0.7818314824680298,0.6234898018587336,0,1,1
2025-01-07 20:39:00,son,20,6,1,0,24.2,66.0,living_room_light,on,75,1,1,0,-0.8660254037844386,0.5000000000000001,0.7818314824680298,0.6234898018587336,0,2,1
2025-01-07 20:05:00,daughter,20,57,1,0,24.2,66.0,living_room_light,on,45,1,1,0,-0.8660254037844386,0.5000000000000001,0.7818314824680298,0.6234898018587336,0,3,1
2025-01-07 21:20:00,dad,21,57,1,0,25.3,76.6,living_room_light,on,59,1,1,0,-0.7071067811865477,0.7071067811865474,0.7818314824680298,0.6234898018587336,0,0,1
2025-01-07 21:16:00,mom,21,17,1,0,25.3,76.6,living_room_light,on,57,1,1,0,-0.7071067811865477,0.7071067811865474,0.7818314824680298,0.6234898018587336,0,1,1
2025-01-07 21:23:00,daughter,21,45,1,0,25.3,76.6,living_room_light,on,50,1,1,0,-0.7071067811865477,0.7071067811865474,0.7818314824680298,0.6234898018587336,0,3,1
2025-01-07 22:30:00,son,22,12,1,0,23.8,81.5,ac,off,0,1,1,0,-0.5000000000000004,0.8660254037844384,0.7818314824680298,0.6234898018587336,4,2,0
2025-01-07 22:27:00,daughter,22,17,1,0,23.8,81.5,bedroom_light,on,24,1,1,0,-0.5000000000000004,0.8660254037844384,0.7818314824680298,0.6234898018587336,1,3,1
2025-01-07 23:17:00,son,23,11,1,0,24.5,88.0,bedroom_light,on,26,1,1,0,-0.25881904510252157,0.9659258262890681,0.7818314824680298,0.6234898018587336,1,2,1
2025-01-08 06:18:00,dad,6,57,2,0,24.3,65.0,living_room_light,on,72,0,0,0,1.0,6.123233995736766e-17,0.9749279121818236,-0.22252093395631434,0,0,1
2025-01-08 06:26:00,mom,6,56,2,0,24.3,65.0,living_room_light,on,70,1,0,0,1.0,6.123233995736766e-17,0.9749279121818236,-0.22252093395631434,0,1,1
2025-01-08 07:37:00,mom,7,25,2,0,27.0,59.9,kitchen_light,on,87,1,0,0,0.9659258262890683,-0.25881904510252063,0.9749279121818236,-0.22252093395631434,2,1,1
2025-01-08 07:54:00,son,7,33,2,0,27.0,59.9,living_room_light,on,100,1,0,0,0.9659258262890683,-0.25881904510252063,0.9749279121818236,-0.22252093395631434,0,2,1
2025-01-08 08:17:00,mom,8,8,2,0,28.2,66.2,fan,on,6,1,0,0,0.8660254037844387,-0.4999999999999998,0.9749279121818236,-0.22252093395631434,3,1,1
2025-01-08 10:03:00,daughter,10,33,2,0,28.8,51.7,fan,on,1,1,1,0,0.49999999999999994,-0.8660254037844387,0.9749279121818236,-0.22252093395631434,3,3,1
2025-01-08 11:13:00,mom,11,47,2,0,28.6,63.4,fan,on,0,1,1,0,0.258819045102521,-0.9659258262890682,0.9749279121818236,-0.22252093395631434,3,1,1
2025-01-08 12:17:00,dad,12,40,2,0,31.4,57.2,kitchen_light,on,92,1,1,0,1.2246467991473532e-16,-1.0,0.9749279121818236,-0.22252093395631434,2,0,1
2025-01-08 12:36:00,mom,12,10,2,0,31.4,57.2,fan,on,8,1,1,0,1.2246467991473532e-16,-1.0,0.9749279121818236,-0.22252093395631434,3,1,1
2025-01-08 12:30:00,daughter,12,57,2,0,31.4,57.2,kitchen_light,on,86,1,1,0,1.2246467991473532e-16,-1.0,0.9749279121818236,-0.22252093395631434,2,3,1
2025-01-08 13:32:00,dad,13,37,2,0,30.8,59.2,fan,on,0,1,1,0,-0.2588190451025208,-0.9659258262890683,0.9749279121818236,-0.22252093395631434,3,0,1
2025-01-08 13:06:00,mom,13,26,2,0,30.8,59.2,fan,on,3,1,1,0,-0.2588190451025208,-0.9659258262890683,0.9749279121818236,-0.22252093395631434,3,1,1
2025-01-08 14:59:00,mom,14,44,2,0,31.9,53.5,fan,on,2,1,1,0,-0.4999999999999997,-0.8660254037844388,0.9749279121818236,-0.22252093395631434,3,1,1
2025-01-08 14:23:00,daughter,14,5,2,0,31.9,53.5,fan,on,0,1,1,0,-0.4999999999999997,-0.8660254037844388,0.9749279121818236,-0.22252093395631434,3,3,1
2025-01-08 15:16:00,daughter,15,8,2,0,29.4,72.1,fan,on,3,1,1,0,-0.7071067811865471,-0.7071067811865479,0.9749279121818236,-0.22252093395631434,3,3,1
2025-01-08 18:13:00,dad,18,46,2,0,25.5,72.5,living_room_light,on,65,1,1,0,-1.0,-1.8369701987210297e-16,0.9749279121818236,-0.22252093395631434,0,0,1
2025-01-08 18:50:00,mom,18,26,2,0,25.5,72.5,living_room_light,on,58,1,1,0,-1.0,-1.8369701987210297e-16,0.9749279121818236,-0.22252093395631434,0,1,1
2025-01-08 18:05:00,daughter,18,51,2,0,25.5,72.5,living_room_light,on,49,1,1,0,-1.0,-1.8369701987210297e-16,0.9749279121818236,-0.22252093395631434,0,3,1
2025-01-08 19:45:00,mom,19,39,2,0,23.5,68.0,kitchen_light,on,78,1,1,0,-0.9659258262890684,0.2588190451025203,0.9749279121818236,-0.22252093395631434,2,1,1
2025-01-08 19:32:00,son,19,27,2,0,23.5,68.0,fan,off,0,1,1,0,-0.9659258262890684,0.2588190451025203,0.9749279121818236,-0.22252093395631434,3,2,0
2025-01-08 20:16:00,dad,20,17,2,0,22.5,61.5,fan,off,0,1,0,0,-0.8660254037844386,0.5000000000000001,0.9749279121818236,-0.22252093395631434,3,0,0
2025-01-08 20:31:00,mom,20,51,2,0,22.5,61.5,ac,off,0,1,0,0,-0.8660254037844386,0.5000000000000001,0.9749279121818236,-0.22252093395631434,4,1,0
2025-01-08 21:22:00,dad,21,46,2,0,24.2,79.4,living_room_light,on,56,1,0,0,-0.7071067811865477,0.7071067811865474,0.9749279121818236,-0.22252093395631434,0,0,1
2025-01-08 21:57:00,mom,21,34,2,0,24.2,79.4,living_room_light,on,52,1,0,0,-0.7071067811865477,0.7071067811865474,0.9749279121818236,-0.22252093395631434,0,1,1
2025-01-08 21:47:00,son,21,22,2,0,24.2,79.4,living_room_light,on,79,1,0,0,-0.7071067811865477,0.7071067811865474,0.9749279121818236,-0.22252093395631434,0,2,1
2025-01-08 21:33:00,daughter,21,38,2,0,24.2,79.4,living_room_light,on,44,1,0,0,-0.7071067811865477,0.7071067811865474,0.9749279121818236,-0.22252093395631434,0,3,1
2025-01-08 22:57:00,mom,22,32,2,0,23.6,78.3,fan,off,0,1,0,0,-0.5000000000000004,0.8660254037844384,0.9749279121818236,-0.22252093395631434,3,1,0
2025-01-08 23:43:00,son,23,4,2,0,24.0,85.9,ac,off,0,1,0,0,-0.25881904510252157,0.9659258262890681,0.9749279121818236,-0.22252093395631434,4,2,0
2025-01-09 06:22:00,dad,6,33,3,0,26.6,66.4,living_room_light,on,79,0,0,0,1.0,6.123233995736766e-17,0.43388373911755823,-0.900968867902419,0,0,1
2025-01-09 06:08:00,mom,6,14,3,0,26.6,66.4,living_room_light,on,76,1,0,0,1.0,6.123233995736766e-17,0.43388373911755823,-0.900968867902419,0,1,1
2025-01-09 07:05:00,dad,7,44,3,0,27.1,60.8,kitchen_light,on,88,1,0,0,0.9659258262890683,-0.25881904510252063,0.43388373911755823,-0.900968867902419,2,0,1
2025-01-09 07:33:00,mom,7,15,3,0,27.1,60.8,living_room_light,on,73,1,0,0,0.9659258262890683,-0.25881904510252063,0.43388373911755823,-0.900968867902419,0,1,1
2025-01-09 07:21:00,son,7,9,3,0,27.1,60.8,kitchen_light,on,84,1,0,0,0.9659258262890683,-0.25881904510252063,0.43388373911755823,-0.900968867902419,2,2,1
2025-01-09 08:53:00,mom,8,43,3,0,28.8,69.2,fan,on,4,1,0,0,0.8660254037844387,-0.4999999999999998,0.43388373911755823,-0.900968867902419,3,1,1
2025-01-09 10:44:00,son,10,11,3,0,28.5,57.9,fan,on,17,1,1,0,0.49999999999999994,-0.8660254037844387,0.43388373911755823,-0.900968867902419,3,2,1
2025-01-09 11:48:00,mom,11,55,3,0,29.5,67.3,fan,on,1,1,1,0,0.258819045102521,-0.9659258262890682,0.43388373911755823,-0.900968867902419,3,1,1
2025-01-09 11:59:00,daughter,11,58,3,0,29.5,67.3,fan,on,3,1,1,0,0.258819045102521,-0.9659258262890682,0.43388373911755823,-0.900968867902419,3,3,1
2025-01-09 12:57:00,son,12,37,3,0,30.1,49.3,fan,on,1,1,1,0,1.2246467991473532e-16,-1.0,0.43388373911755823,-0.900968867902419,3,2,1
2025-01-09 13:15:00,mom,13,23,3,0,31.4,53.7,fan,on,4,1,1,0,-0.2588190451025208,-0.9659258262890683,0.43388373911755823,-0.900968867902419,3,1,1
2025-01-09 14:32:00,dad,14,23,3,0,30.3,56.9,fan,on,7,1,1,0,-0.4999999999999997,-0.8660254037844388,0.43388373911755823,-0.900968867902419,3,0,1
2025-01-09 14:20:00,son,14,25,3,0,30.3,56.9,fan,on,6,1,1,0,-0.4999999999999997,-0.8660254037844388,0.43388373911755823,-0.900968867902419,3,2,1
2025-01-09 16:57:00,son,16,49,3,0,29.7,67.3,fan,on,3,1,1,0,-0.8660254037844385,-0.5000000000000004,0.43388373911755823,-0.900968867902419,3,2,1
2025-01-09 16:34:00,daughter,16,0,3,0,29.7,67.3,fan,on,4,1,1,0,-0.8660254037844385,-0.5000000000000004,0.43388373911755823,-0.900968867902419,3,3,1
2025-01-09 17:09:00,mom,17,24,3,0,28.3,63.5,fan,on,8,1,1,0,-0.9659258262890683,-0.25881904510252063,0.43388373911755823,-0.900968867902419,3,1,1
2025-01-09 17:59:00,son,17,44,3,0,28.3,63.5,fan,on,4,1,1,0,-0.9659258262890683,-0.25881904510252063,0.43388373911755823,-0.900968867902419,3,2,1
2025-01-09 18:40:00,mom,18,16,3,0,28.0,63.2,living_room_light,on,58,1,1,0,-1.0,-1.8369701987210297e-16,0.43388373911755823,-0.900968867902419,0,1,1
2025-01-09 18:07:00,son,18,42,3,0,28.0,63.2,living_room_light,on,74,1,1,0,-1.0,-1.8369701987210297e-16,0.43388373911755823,-0.900968867902419,0,2,1
2025-01-09 18:17:00,daughter,18,11,3,0,28.0,63.2,fan,on,2,1,1,0,-1.0,-1.8369701987210297e-16,0.43388373911755823,-0.900968867902419,3,3,1
2025-01-09 19:30:00,dad,19,46,3,0,23.3,76.2,fan,off,0,1,1,0,-0.9659258262890684,0.2588190451025203,0.43388373911755823,-0.900968867902419,3,0,0
2025-01-09 19:08:00,mom,19,12,3,0,23.3,76.2,ac,off,0,1,0,0,-0.9659258262890684,0.2588190451025203,0.43388373911755823,-0.900968867902419,4,1,0
2025-01-09 19:06:00,son,19,52,3,0,23.3,76.2,kitchen_light,on,98,1,0,0,-0.9659258262890684,0.2588190451025203,0.43388373911755823,-0.900968867902419,2,2,1
2025-01-09 19:34:00,daughter,19,43,3,0,23.3,76.2,kitchen_light,on,91,1,0,0,-0.9659258262890684,0.2588190451025203,0.43388373911755823,-0.900968867902419,2,3,1
2025-01-09 20:38:00,mom,20,49,3,0,22.7,79.7,fan,off,0,1,0,0,-0.8660254037844386,0.5000000000000001,0.43388373911755823,-0.900968867902419,3,1,0
2025-01-09 20:24:00,son,20,21,3,0,22.7,79.7,fan,off,0,1,0,0,-0.8660254037844386,0.5000000000000001,0.43388373911755823,-0.900968867902419,3,2,0
2025-01-09 20:25:00,daughter,20,14,3,0,22.7,79.7,living_room_light,on,53,1,0,0,-0.8660254037844386,0.5000000000000001,0.43388373911755823,-0.900968867902419,0,3,1
2025-01-09 21:50:00,dad,21,15,3,0,24.5,91.0,living_room_light,on,66,1,0,0,-0.7071067811865477,0.7071067811865474,0.43388373911755823,-0.900968867902419,0,0,1
2025-01-09 21:33:00,mom,21,51,3,0,24.5,91.0,living_room_light,on,52,1,0,0,-0.7071067811865477,0.7071067811865474,0.43388373911755823,-0.900968867902419,0,1,1
2025-01-09 21:08:00,son,21,7,3,0,24.5,91.0,living_room_light,on,81,1,0,0,-0.7071067811865477,0.7071067811865474,0.43388373911755823,-0.900968867902419,0,2,1
2025-01-09 21:58:00,daughter,21,53,3,0,24.5,91.0,living_room_light,on,54,1,0,0,-0.7071067811865477,0.7071067811865474,0.43388373911755823,-0.900968867902419,0,3,1
2025-01-09 22:31:00,mom,22,19,3,0,23.0,87.4,ac,off,0,1,0,0,-0.5000000000000004,0.8660254037844384,0.43388373911755823,-0.900968867902419,4,1,0
2025-01-09 22:45:00,son,22,44,3,0,23.0,87.4,bedroom_light,on,33,1,0,0,-0.5000000000000004,0.8660254037844384,0.43388373911755823,-0.900968867902419,1,2,1
2025-01-09 22:52:00,daughter,22,9,3,0,23.0,87.4,bedroom_light,on,27,1,0,0,-0.5000000000000004,0.8660254037844384,0.43388373911755823,-0.900968867902419,1,3,1
2025-01-10 06:54:00,dad,6,23,4,0,26.0,77.0,living_room_light,on,77,0,0,0,1.0,6.123233995736766e-17,-0.433883739117558,-0.9009688679024191,0,0,1
2025-01-10 06:52:00,mom,6,15,4,0,26.0,77.0,living_room_light,on,75,1,0,0,1.0,6.123233995736766e-17,-0.433883739117558,-0.9009688679024191,0,1,1
2025-01-10 07:19:00,dad,7,2,4,0,26.2,62.1,kitchen_light,on,86,1,0,0,0.9659258262890683,-0.25881904510252063,-0.433883739117558,-0.9009688679024191,2,0,1
2025-01-10 07:01:00,mom,7,8,4,0,26.2,62.1,living_room_light,on,69,1,0,0,0.9659258262890683,-0.25881904510252063,-0.433883739117558,-0.9009688679024191,0,1,1
2025-01-10 07:55:00,son,7,45,4,0,26.2,62.1,kitchen_light,on,100,1,0,0,0.9659258262890683,-0.25881904510252063,-0.433883739117558,-0.9009688679024191,2,2,1
2025-01-10 07:11:00,daughter,7,7,4,0,26.2,62.1,kitchen_light,on,96,1,0,0,0.9659258262890683,-0.25881904510252063,-0.433883739117558,-0.9009688679024191,2,3,1
2025-01-10 08:17:00,dad,8,28,4,0,28.3,62.7,fan,on,3,1,0,0,0.8660254037844387,-0.4999999999999998,-0.433883739117558,-0.9009688679024191,3,0,1
2025-01-10 08:40:00,mom,8,43,4,0,28.3,62.7,fan,on,4,1,1,0,0.8660254037844387,-0.4999999999999998,-0.433883739117558,-0.9009688679024191,3,1,1
2025-01-10 11:02:00,mom,11,42,4,0,30.9,56.8,fan,on,7,1,1,0,0.258819045102521,-0.9659258262890682,-0.433883739117558,-0.9009688679024191,3,1,1
2025-01-10 12:04:00,mom,12,52,4,0,31.5,53.9,kitchen_light,on,84,1,1,0,1.2246467991473532e-16,-1.0,-0.433883739117558,-0.9009688679024191,2,1,1
2025-01-10 12:51:00,son,12,50,4,0,31.5,53.9,fan,on,4,1,1,0,1.2246467991473532e-16,-1.0,-0.433883739117558,-0.9009688679024191,3,2,1
2025-01-10 12:57:00,daughter,12,20,4,0,31.5,53.9,kitchen_light,on,100,1,1,0,1.2246467991473532e-16,-1.0,-0.433883739117558,-0.9009688679024191,2,3,1
2025-01-10 13:36:00,dad,13,49,4,0,30.9,55.7,fan,on,7,1,1,0,-0.2588190451025208,-0.9659258262890683,-0.433883739117558,-0.9009688679024191,3,0,1
2025-01-10 14:58:00,daughter,14,30,4,0,30.2,62.7,fan,on,2,1,1,0,-0.4999999999999997,-0.8660254037844388,-0.433883739117558,-0.9009688679024191,3,3,1
2025-01-10 15:26:00,son,15,34,4,0,29.1,65.9,fan,on,6,1,1,0,-0.7071067811865471,-0.7071067811865479,-0.433883739117558,-0.9009688679024191,3,2,1
2025-01-10 15:13:00,daughter,15,41,4,0,29.1,65.9,fan,on,0,1,1,0,-0.7071067811865471,-0.7071067811865479,-0.433883739117558,-0.9009688679024191,3,3,1
2025-01-10 16:28:00,son,16,46,4,0,29.3,68.1,fan,on,2,1,1,0,-0.8660254037844385,-0.5000000000000004,-0.433883739117558,-0.9009688679024191,3,2,1
2025-01-10 16:49:00,daughter,16,0,4,0,29.3,68.1,fan,on,3,1,1,0,-0.8660254037844385,-0.5000000000000004,-0.433883739117558,-0.9009688679024191,3,3,1
2025-01-10 18:51:00,mom,18,18,4,0,25.6,74.9,living_room_light,on,52,1,1,0,-1.0,-1.8369701987210297e-16,-0.433883739117558,-0.9009688679024191,0,1,1
2025-01-10 18:30:00,son,18,29,4,0,25.6,74.9,living_room_light,on,77,1,1,0,-1.0,-1.8369701987210297e-16,-0.433883739117558,-0.9009688679024191,0,2,1
2025-01-10 19:11:00,mom,19,17,4,0,23.2,72.5,kitchen_light,on,89,1,1,0,-0.9659258262890684,0.2588190451025203,-0.433883739117558,-0.9009688679024191,2,1,1
2025-01-10 19:46:00,son,19,26,4,0,23.2,72.5,fan,off,0,1,1,0,-0.9659258262890684,0.2588190451025203,-0.433883739117558,-0.9009688679024191,3,2,0
2025-01-10 20:20:00,dad,20,40,4,0,24.4,79.2,living_room_light,on,71,1,0,0,-0.8660254037844386,0.5000000000000001,-0.433883739117558,-0.9009688679024191,0,0,1
2025-01-10 20:04:00,mom,20,36,4,0,24.4,79.2,living_room_light,on,56,1,0,0,-0.8660254037844386,0.5000000000000001,-0.433883739117558,-0.9009688679024191,0,1,1
2025-01-10 20:37:00,daughter,20,13,4,0,24.4,79.2,living_room_light,on,51,1,0,0,-0.8660254037844386,0.5000000000000001,-0.433883739117558,-0.9009688679024191,0,3,1
2025-01-10 21:10:00,dad,21,21,4,0,25.2,75.2,living_room_light,on,60,1,0,0,-0.7071067811865477,0.7071067811865474,-0.433883739117558,-0.9009688679024191,0,0,1
2025-01-10 21:42:00,mom,21,45,4,0,25.2,75.2,living_room_light,on,52,1,0,0,-0.7071067811865477,0.7071067811865474,-0.433883739117558,-0.9009688679024191,0,1,1
2025-01-10 21:47:00,daughter,21,53,4,0,25.2,75.2,living_room_light,on,48,1,0,0,-0.7071067811865477,0.7071067811865474,-0.433883739117558,-0.9009688679024191,0,3,1
2025-01-10 22:42:00,mom,22,55,4,0,25.0,74.9,bedroom_light,on,33,1,0,0,-0.5000000000000004,0.8660254037844384,-0.433883739117558,-0.9009688679024191,1,1,1
2025-01-10 22:45:00,son,22,37,4,0,25.0,74.9,bedroom_light,on,20,1,0,0,-0.5000000000000004,0.8660254037844384,-0.433883739117558,-0.9009688679024191,1,2,1
2025-01-10 22:52:00,daughter,22,8,4,0,25.0,74.9,bedroom_light,on,25,1,0,0,-0.5000000000000004,0.8660254037844384,-0.433883739117558,-0.9009688679024191,1,3,1
2025-01-11 06:35:00,dad,6,52,5,1,26.7,59.3,living_room_light,on,80,0,0,0,1.0,6.123233995736766e-17,-0.9749279121818236,-0.2225209339563146,0,0,1
2025-01-11 07:51:00,dad,7,3,5,1,27.3,61.9,kitchen_light,on,88,1,0,0,0.9659258262890683,-0.25881904510252063,-0.9749279121818236,-0.2225209339563146,2,0,1
2025-01-11 10:50:00,dad,10,25,5,1,28.2,69.7,fan,on,6,1,0,0,0.49999999999999994,-0.8660254037844387,-0.9749279121818236,-0.2225209339563146,3,0,1
2025-01-11 10:11:00,mom,10,58,5,1,28.2,69.7,fan,on,9,1,1,0,0.49999999999999994,-0.8660254037844387,-0.9749279121818236,-0.2225209339563146,3,1,1
2025-01-11 10:44:00,son,10,36,5,1,28.2,69.7,fan,on,0,1,1,0,0.49999999999999994,-0.8660254037844387,-0.9749279121818236,-0.2225209339563146,3,2,1
2025-01-11 10:57:00,daughter,10,48,5,1,28.2,69.7,fan,on,1,1,1,0,0.49999999999999994,-0.8660254037844387,-0.9749279121818236,-0.2225209339563146,3,3,1
2025-01-11 11:26:00,dad,11,52,5,1,30.2,62.0,fan,on,15,1,1,0,0.258819045102521,-0.9659258262890682,-0.9749279121818236,-0.2225209339563146,3,0,1
2025-01-11 11:35:00,mom,11,32,5,1,30.2,62.0,fan,on,1,1,1,0,0.258819045102521,-0.9659258262890682,-0.9749279121818236,-0.2225209339563146,3,1,1
2025-01-11 11:29:00,son,11,23,5,1,30.2,62.0,fan,on,7,1,1,0,0.258819045102521,-0.9659258262890682,-0.9749279121818236,-0.2225209339563146,3,2,1
2025-01-11 12:45:00,dad,12,46,5,1,28.7,67.9,fan,on,0,1,1,0,1.2246467991473532e-16,-1.0,-0.9749279121818236,-0.2225209339563146,3,0,1
2025-01-11 12:37:00,mom,12,6,5,1,28.7,67.9,kitchen_light,on,91,1,1,0,1.2246467991473532e-16,-1.0,-0.9749279121818236,-0.2225209339563146,2,1,1
2025-01-11 12:12:00,son,12,17,5,1,28.7,67.9,kitchen_light,on,87,1,1,0,1.2246467991473532e-16,-1.0,-0.9749279121818236,-0.2225209339563146,2,2,1
2025-01-11 13:43:00,mom,13,48,5,1,30.7,59.0,fan,on,3,1,1,0,-0.2588190451025208,-0.9659258262890683,-0.9749279121818236,-0.2225209339563146,3,1,1
2025-01-11 13:21:00,son,13,46,5,1,30.7,59.0,fan,on,0,1,1,0,-0.2588190451025208,-0.9659258262890683,-0.9749279121818236,-0.2225209339563146,3,2,1
2025-01-11 13:13:00,daughter,13,37,5,1,30.7,59.0,fan,on,7,1,1,0,-0.2588190451025208,-0.9659258262890683,-0.9749279121818236,-0.2225209339563146,3,3,1
2025-01-11 14:50:00,dad,14,53,5,1,29.3,69.1,fan,on,5,1,1,0,-0.4999999999999997,-0.8660254037844388,-0.9749279121818236,-0.2225209339563146,3,0,1
2025-01-11 14:30:00,mom,14,15,5,1,29.3,69.1,fan,on,9,1,1,0,-0.4999999999999997,-0.8660254037844388,-0.9749279121818236,-0.2225209339563146,3,1,1
2025-01-11 14:55:00,daughter,14,54,5,1,29.3,69.1,fan,on,0,1,1,0,-0.4999999999999997,-0.8660254037844388,-0.9749279121818236,-0.2225209339563146,3,3,1
2025-01-11 15:57:00,dad,15,57,5,1,28.1,56.8,fan,on,9,1,1,0,-0.7071067811865471,-0.7071067811865479,-0.9749279121818236,-0.2225209339563146,3,0,1
2025-01-11 15:38:00,mom,15,55,5,1,28.1,56.8,fan,on,5,1,1,0,-0.7071067811865471,-0.7071067811865479,-0.9749279121818236,-0.2225209339563146,3,1,1
2025-01-11 15:54:00,son,15,14,5,1,28.1,56.8,fan,on,0,1,1,0,-0.7071067811865471,-0.7071067811865479,-0.9749279121818236,-0.2225209339563146,3,2,1
2025-01-11 15:16:00,daughter,15,34,5,1,28.1,56.8,fan,on,10,1,1,0,-0.7071067811865471,-0.7071067811865479,-0.9749279121818236,-0.2225209339563146,3,3,1
2025-01-11 17:37:00,mom,17,3,5,1,28.1,71.0,fan,on,1,1,1,0,-0.9659258262890683,-0.25881904510252063,-0.9749279121818236,-0.2225209339563146,3,1,1
2025-01-11 18:07:00,mom,18,18,5,1,26.2,62.2,living_room_light,on,50,1,1,0,-1.0,-1.8369701987210297e-16,-0.9749279121818236,-0.2225209339563146,0,1,1
2025-01-11 18:46:00,son,18,12,5,1,26.2,62.2,living_room_light,on,72,1,1,0,-1.0,-1.8369701987210297e-16,-0.9749279121818236,-0.2225209339563146,0,2,1
2025-01-11 19:39:00,dad,19,38,5,1,23.6,73.3,kitchen_light,on,82,1,1,0,-0.9659258262890684,0.2588190451025203,-0.9749279121818236,-0.2225209339563146,2,0,1
2025-01-11 19:02:00,mom,19,32,5,1,23.6,73.3,fan,off,0,1,1,0,-0.9659258262890684,0.2588190451025203,-0.9749279121818236,-0.2225209339563146,3,1,0
2025-01-11 19:26:00,son,19,42,5,1,23.6,73.3,living_room_light,on,85,1,0,0,-0.9659258262890684,0.2588190451025203,-0.9749279121818236,-0.2225209339563146,0,2,1
2025-01-11 20:31:00,dad,20,56,5,1,23.1,83.0,ac,off,0,1,0,0,-0.8660254037844386,0.5000000000000001,-0.9749279121818236,-0.2225209339563146,4,0,0
2025-01-11 20:17:00,mom,20,0,5,1,23.1,83.0,ac,off,0,1,0,0,-0.8660254037844386,0.5000000000000001,-0.9749279121818236,-0.2225209339563146,4,1,0
2025-01-11 20:06:00,son,20,33,5,1,23.1,83.0,living_room_light,on,77,1,0,0,-0.8660254037844386,0.5000000000000001,-0.9749279121818236,-0.2225209339563146,0,2,1
2025-01-11 20:58:00,daughter,20,38,5,1,23.1,83.0,fan,off,0,1,0,0,-0.8660254037844386,0.5000000000000001,-0.9749279121818236,-0.2225209339563146,3,3,0
2025-01-11 21:43:00,dad,21,40,5,1,24.2,81.0,living_room_light,on,61,1,0,0,-0.7071067811865477,0.7071067811865474,-0.9749279121818236,-0.2225209339563146,0,0,1
2025-01-11 21:43:00,son,21,20,5,1,24.2,81.0,living_room_light,on,73,1,0,0,-0.7071067811865477,0.7071067811865474,-0.9749279121818236,-0.2225209339563146,0,2,1
2025-01-11 21:53:00,daughter,21,1,5,1,24.2,81.0,living_room_light,on,46,1,0,0,-0.7071067811865477,0.7071067811865474,-0.9749279121818236,-0.2225209339563146,0,3,1
2025-01-11 22:47:00,mom,22,18,5,1,24.6,81.9,bedroom_light,on,33,1,0,0,-0.5000000000000004,0.8660254037844384,-0.9749279121818236,-0.2225209339563146,1,1,1
2025-01-11 22:45:00,son,22,42,5,1,24.6,81.9,bedroom_light,on,29,1,0,0,-0.5000000000000004,0.8660254037844384,-0.9749279121818236,-0.2225209339563146,1,2,1
2025-01-12 06:01:00,mom,6,35,6,1,24.2,70.1,living_room_light,on,68,0,0,0,1.0,6.123233995736766e-17,-0.7818314824680299,0.6234898018587334,0,1,1
2025-01-12 07:05:00,dad,7,33,6,1,26.6,59.6,kitchen_light,on,89,1,0,0,0.9659258262890683,-0.25881904510252063,-0.7818314824680299,0.6234898018587334,2,0,1
2025-01-12 07:38:00,mom,7,3,6,1,26.6,59.6,living_room_light,on,68,1,0,0,0.9659258262890683,-0.25881904510252063,-0.7818314824680299,0.6234898018587334,0,1,1
2025-01-12 07:00:00,son,7,10,6,1,26.6,59.6,kitchen_light,on,100,1,0,0,0.9659258262890683,-0.25881904510252063,-0.7818314824680299,0.6234898018587334,2,2,1
2025-01-12 07:26:00,daughter,7,37,6,1,26.6,59.6,living_room_light,on,56,1,0,0,0.9659258262890683,-0.25881904510252063,-0.7818314824680299,0.6234898018587334,0,3,1
2025-01-12 08:18:00,dad,8,20,6,1,29.7,59.5,fan,on,4,1,0,0,0.8660254037844387,-0.4999999999999998,-0.7818314824680299,0.6234898018587334,3,0,1
2025-01-12 08:58:00,mom,8,28,6,1,29.7,59.5,fan,on,8,1,1,0,0.8660254037844387,-0.4999999999999998,-0.7818314824680299,0.6234898018587334,3,1,1
2025-01-12 08:39:00,son,8,37,6,1,29.7,59.5,fan,on,0,1,1,0,0.8660254037844387,-0.4999999999999998,-0.7818314824680299,0.6234898018587334,3,2,1
2025-01-12 09:05:00,dad,9,36,6,1,29.7,58.2,fan,on,0,1,1,0,0.7071067811865476,-0.7071067811865475,-0.7818314824680299,0.6234898018587334,3,0,1
2025-01-12 09:59:00,mom,9,55,6,1,29.7,58.2,fan,on,0,1,1,0,0.7071067811865476,-0.7071067811865475,-0.7818314824680299,0.6234898018587334,3,1,1
2025-01-12 09:40:00,son,9,41,6,1,29.7,58.2,fan,on,4,1,1,0,0.7071067811865476,-0.7071067811865475,-0.7818314824680299,0.6234898018587334,3,2,1
2025-01-12 10:57:00,mom,10,41,6,1,29.1,70.9,fan,on,8,1,1,0,0.49999999999999994,-0.8660254037844387,-0.7818314824680299,0.6234898018587334,3,1,1
2025-01-12 10:57:00,daughter,10,35,6,1,29.1,70.9,fan,on,4,1,1,0,0.49999999999999994,-0.8660254037844387,-0.7818314824680299,0.6234898018587334,3,3,1
2025-01-12 11:17:00,dad,11,7,6,1,30.3,60.5,fan,on,1,1,1,0,0.258819045102521,-0.9659258262890682,-0.7818314824680299,0.6234898018587334,3,0,1
2025-01-12 11:47:00,mom,11,36,6,1,30.3,60.5,fan,on,0,1,1,0,0.258819045102521,-0.9659258262890682,-0.7818314824680299,0.6234898018587334,3,1,1
2025-01-12 11:37:00,son,11,49,6,1,30.3,60.5,fan,on,0,1,1,0,0.258819045102521,-0.9659258262890682,-0.7818314824680299,0.6234898018587334,3,2,1
2025-01-12 12:17:00,dad,12,48,6,1,29.4,54.0,fan,on,0,1,1,0,1.2246467991473532e-16,-1.0,-0.7818314824680299,0.6234898018587334,3,0,1
2025-01-12 12:08:00,mom,12,28,6,1,29.4,54.0,kitchen_light,on,92,1,1,0,1.2246467991473532e-16,-1.0,-0.7818314824680299,0.6234898018587334,2,1,1
2025-01-12 12:48:00,son,12,50,6,1,29.4,54.0,kitchen_light,on,90,1,1,0,1.2246467991473532e-16,-1.0,-0.7818314824680299,0.6234898018587334,2,2,1
2025-01-12 13:02:00,son,13,39,6,1,28.8,53.9,fan,on,0,1,1,0,-0.2588190451025208,-0.9659258262890683,-0.7818314824680299,0.6234898018587334,3,2,1
2025-01-12 14:25:00,dad,14,56,6,1,29.8,58.5,fan,on,4,1,1,0,-0.4999999999999997,-0.8660254037844388,-0.7818314824680299,0.6234898018587334,3,0,1
2025-01-12 14:14:00,son,14,55,6,1,29.8,58.5,fan,on,0,1,1,0,-0.4999999999999997,-0.8660254037844388,-0.7818314824680299,0.6234898018587334,3,2,1
2025-01-12 14:57:00,daughter,14,43,6,1,29.8,58.5,fan,on,3,1,1,0,-0.4999999999999997,-0.8660254037844388,-0.7818314824680299,0.6234898018587334,3,3,1
2025-01-12 15:14:00,dad,15,20,6,1,28.9,53.7,fan,on,0,1,1,0,-0.7071067811865471,-0.7071067811865479,-0.7818314824680299,0.6234898018587334,3,0,1
2025-01-12 15:58:00,mom,15,51,6,1,28.9,53.7,fan,on,7,1,1,0,-0.7071067811865471,-0.7071067811865479,-0.7818314824680299,0.6234898018587334,3,1,1
2025-01-12 15:55:00,son,15,1,6,1,28.9,53.7,fan,on,0,1,1,0,-0.7071067811865471,-0.7071067811865479,-0.7818314824680299,0.6234898018587334,3,2,1
2025-01-12 15:42:00,daughter,15,58,6,1,28.9,53.7,fan,on,10,1,1,0,-0.7071067811865471,-0.7071067811865479,-0.7818314824680299,0.6234898018587334,3,3,1
2025-01-12 16:45:00,dad,16,57,6,1,28.4,56.2,fan,on,1,1,1,0,-0.8660254037844385,-0.5000000000000004,-0.7818314824680299,0.6234898018587334,3,0,1
2025-01-12 16:39:00,mom,16,13,6,1,28.4,56.2,fan,on,0,1,1,0,-0.8660254037844385,-0.5000000000000004,-0.7818314824680299,0.6234898018587334,3,1,1
2025-01-12 16:48:00,daughter,16,4,6,1,28.4,56.2,fan,on,3,1,1,0,-0.8660254037844385,-0.5000000000000004,-0.7818314824680299,0.6234898018587334,3,3,1
2025-01-12 18:20:00,mom,18,24,6,1,26.2,74.0,living_room_light,on,52,1,1,0,-1.0,-1.8369701987210297e-16,-0.7818314824680299,0.6234898018587334,0,1,1
2025-01-12 18:32:00,son,18,58,6,1,26.2,74.0,living_room_light,on,84,1,1,0,-1.0,-1.8369701987210297e-16,-0.7818314824680299,0.6234898018587334,0,2,1
2025-01-12 19:53:00,mom,19,25,6,1,23.0,65.1,fan,off,0,1,1,0,-0.9659258262890684,0.2588190451025203,-0.7818314824680299,0.6234898018587334,3,1,0
2025-01-12 19:08:00,son,19,55,6,1,23.0,65.1,kitchen_light,on,81,1,0,0,-0.9659258262890684,0.2588190451025203,-0.7818314824680299,0.6234898018587334,2,2,1
2025-01-12 20:08:00,dad,20,3,6,1,22.9,78.6,fan,off,0,1,0,0,-0.8660254037844386,0.5000000000000001,-0.7818314824680299,0.6234898018587334,3,0,0
2025-01-12 20:17:00,mom,20,51,6,1,22.9,78.6,fan,off,0,1,0,0,-0.8660254037844386,0.5000000000000001,-0.7818314824680299,0.6234898018587334,3,1,0
2025-01-12 20:47:00,son,20,9,6,1,22.9,78.6,fan,off,0,1,0,0,-0.8660254037844386,0.5000000000000001,-0.7818314824680299,0.6234898018587334,3,2,0
2025-01-12 20:58:00,daughter,20,33,6,1,22.9,78.6,living_room_light,on,51,1,0,0,-0.8660254037844386,0.5000000000000001,-0.7818314824680299,0.6234898018587334,0,3,1
2025-01-12 21:45:00,dad,21,41,6,1,24.7,73.1,living_room_light,on,64,1,0,0,-0.7071067811865477,0.7071067811865474,-0.7818314824680299,0.6234898018587334,0,0,1
2025-01-12 21:13:00,mom,21,26,6,1,24.7,73.1,living_room_light,on,52,1,0,0,-0.7071067811865477,0.7071067811865474,-0.7818314824680299,0.6234898018587334,0,1,1
2025-01-12 21:53:00,son,21,14,6,1,24.7,73.1,living_room_light,on,80,1,0,0,-0.7071067811865477,0.7071067811865474,-0.7818314824680299,0.6234898018587334,0,2,1
2025-01-12 22:52:00,mom,22,9,6,1,25.4,77.9,bedroom_light,on,33,1,0,0,-0.5000000000000004,0.8660254037844384,-0.7818314824680299,0.6234898018587334,1,1,1
2025-01-12 22:49:00,daughter,22,20,6,1,25.4,77.9,bedroom_light,on,24,1,0,0,-0.5000000000000004,0.8660254037844384,-0.7818314824680299,0.6234898018587334,1,3,1
2025-01-13 06:20:00,dad,6,55,0,0,25.6,66.7,living_room_light,on,81,0,0,0,1.0,6.123233995736766e-17,0.0,1.0,0,0,1
2025-01-13 06:02:00,mom,6,46,0,0,25.6,66.7,living_room_light,on,71,1,0,0,1.0,6.123233995736766e-17,0.0,1.0,0,1,1
2025-01-13 07:27:00,dad,7,32,0,0,27.0,61.5,living_room_light,on,73,1,0,0,0.9659258262890683,-0.25881904510252063,0.0,1.0,0,0,1
2025-01-13 07:02:00,daughter,7,6,0,0,27.0,61.5,living_room_light,on,64,1,0,0,0.9659258262890683,-0.25881904510252063,0.0,1.0,0,3,1
2025-01-13 08:17:00,mom,8,29,0,0,28.2,56.4,fan,on,8,1,0,0,0.8660254037844387,-0.4999999999999998,0.0,1.0,3,1,1
2025-01-13 08:11:00,son,8,38,0,0,28.2,56.4,fan,on,4,1,1,0,0.8660254037844387,-0.4999999999999998,0.0,1.0,3,2,1
2025-01-13 13:44:00,son,13,36,0,0,31.6,54.3,fan,on,0,1,1,0,-0.2588190451025208,-0.9659258262890683,0.0,1.0,3,2,1
2025-01-13 13:59:00,daughter,13,40,0,0,31.6,54.3,fan,on,6,1,1,0,-0.2588190451025208,-0.9659258262890683,0.0,1.0,3,3,1
2025-01-13 14:29:00,daughter,14,39,0,0,30.2,59.5,fan,on,0,1,1,0,-0.4999999999999997,-0.8660254037844388,0.0,1.0,3,3,1
2025-01-13 15:41:00,dad,15,28,0,0,28.6,65.5,fan,on,0,1,1,0,-0.7071067811865471,-0.7071067811865479,0.0,1.0,3,0,1
2025-01-13 16:08:00,son,16,38,0,0,28.6,51.0,fan,on,1,1,1,0,-0.8660254037844385,-0.5000000000000004,0.0,1.0,3,2,1
2025-01-13 16:04:00,daughter,16,54,0,0,28.6,51.0,fan,on,0,1,1,0,-0.8660254037844385,-0.5000000000000004,0.0,1.0,3,3,1
2025-01-13 18:49:00,mom,18,46,0,0,26.2,69.2,living_room_light,on,56,1,1,0,-1.0,-1.8369701987210297e-16,0.0,1.0,0,1,1
2025-01-13 18:14:00,son,18,15,0,0,26.2,69.2,living_room_light,on,83,1,1,0,-1.0,-1.8369701987210297e-16,0.0,1.0,0,2,1
2025-01-13 19:13:00,dad,19,45,0,0,23.6,65.9,ac,off,0,1,1,0,-0.9659258262890684,0.2588190451025203,0.0,1.0,4,0,0
2025-01-13 19:09:00,son,19,37,0,0,23.6,65.9,ac,off,0,1,1,0,-0.9659258262890684,0.2588190451025203,0.0,1.0,4,2,0
2025-01-13 20:38:00,mom,20,6,0,0,23.6,79.5,ac,off,0,1,1,0,-0.8660254037844386,0.5000000000000001,0.0,1.0,4,1,0
2025-01-13 20:27:00,son,20,15,0,0,23.6,79.5,living_room_light,on,74,1,1,0,-0.8660254037844386,0.5000000000000001,0.0,1.0,0,2,1
2025-01-13 21:29:00,dad,21,2,0,0,24.6,78.4,living_room_light,on,63,1,1,0,-0.7071067811865477,0.7071067811865474,0.0,1.0,0,0,1
2025-01-13 21:19:00,mom,21,26,0,0,24.6,78.4,living_room_light,on,54,1,1,0,-0.7071067811865477,0.7071067811865474,0.0,1.0,0,1,1
2025-01-13 21:52:00,son,21,34,0,0,24.6,78.4,living_room_light,on,70,1,1,0,-0.7071067811865477,0.7071067811865474,0.0,1.0,0,2,1
2025-01-13 21:57:00,daughter,21,38,0,0,24.6,78.4,living_room_light,on,51,1,1,0,-0.7071067811865477,0.7071067811865474,0.0,1.0,0,3,1
2025-01-13 22:48:00,mom,22,23,0,0,23.7,85.1,bedroom_light,on,27,1,1,0,-0.5000000000000004,0.8660254037844384,0.0,1.0,1,1,1
2025-01-13 22:34:00,son,22,4,0,0,23.7,85.1,ac,off,0,1,1,0,-0.5000000000000004,0.8660254037844384,0.0,1.0,4,2,0
2025-01-14 07:05:00,dad,7,50,1,0,28.7,60.1,kitchen_light,on,89,0,0,0,0.9659258262890683,-0.25881904510252063,0.7818314824680298,0.6234898018587336,2,0,1
2025-01-14 07:11:00,mom,7,41,1,0,28.7,60.1,kitchen_light,on,93,0,0,0,0.9659258262890683,-0.25881904510252063,0.7818314824680298,0.6234898018587336,2,1,1
2025-01-14 07:55:00,daughter,7,37,1,0,28.7,60.1,fan,on,0,0,0,0,0.9659258262890683,-0.25881904510252063,0.7818314824680298,0.6234898018587336,3,3,1
2025-01-14 11:31:00,dad,11,17,1,0,30.1,64.6,fan,on,2,0,1,0,0.258819045102521,-0.9659258262890682,0.7818314824680298,0.6234898018587336,3,0,1
2025-01-14 11:11:00,mom,11,11,1,0,30.1,64.6,fan,on,9,0,1,0,0.258819045102521,-0.9659258262890682,0.7818314824680298,0.6234898018587336,3,1,1
2025-01-14 11:53:00,daughter,11,56,1,0,30.1,64.6,fan,on,8,0,1,0,0.258819045102521,-0.9659258262890682,0.7818314824680298,0.6234898018587336,3,3,1
2025-01-14 12:46:00,dad,12,13,1,0,29.2,59.5,fan,on,0,0,1,0,1.2246467991473532e-16,-1.0,0.7818314824680298,0.6234898018587336,3,0,1
2025-01-14 17:59:00,mom,17,20,1,0,28.1,65.7,fan,on,9,0,1,0,-0.9659258262890683,-0.25881904510252063,0.7818314824680298,0.6234898018587336,3,1,1
2025-01-14 17:38:00,son,17,31,1,0,28.1,65.7,fan,on,3,0,1,0,-0.9659258262890683,-0.25881904510252063,0.7818314824680298,0.6234898018587336,3,2,1
2025-01-14 17:12:00,daughter,17,25,1,0,28.1,65.7,fan,on,3,0,1,0,-0.9659258262890683,-0.25881904510252063,0.7818314824680298,0.6234898018587336,3,3,1
2025-01-14 18:52:00,dad,18,59,1,0,24.9,63.8,living_room_light,on,63,0,1,0,-1.0,-1.8369701987210297e-16,0.7818314824680298,0.6234898018587336,0,0,1
2025-01-14 18:12:00,mom,18,23,1,0,24.9,63.8,living_room_light,on,54,1,1,0,-1.0,-1.8369701987210297e-16,0.7818314824680298,0.6234898018587336,0,1,1
2025-01-14 19:46:00,dad,19,25,1,0,23.9,68.4,fan,off,0,1,1,0,-0.9659258262890684,0.2588190451025203,0.7818314824680298,0.6234898018587336,3,0,0
2025-01-14 19:01:00,mom,19,45,1,0,23.9,68.4,living_room_light,on,52,1,0,0,-0.9659258262890684,0.2588190451025203,0.7818314824680298,0.6234898018587336,0,1,1
2025-01-14 19:03:00,son,19,29,1,0,23.9,68.4,fan,off,0,1,0,0,-0.9659258262890684,0.2588190451025203,0.7818314824680298,0.6234898018587336,3,2,0
2025-01-14 19:06:00,daughter,19,1,1,0,23.9,68.4,fan,off,0,1,0,0,-0.9659258262890684,0.2588190451025203,0.7818314824680298,0.6234898018587336,3,3,0
2025-01-14 20:45:00,dad,20,59,1,0,23.8,74.7,fan,off,0,1,0,0,-0.8660254037844386,0.5000000000000001,0.7818314824680298,0.6234898018587336,3,0,0
2025-01-14 20:51:00,mom,20,34,1,0,23.8,74.7,ac,off,0,1,0,0,-0.8660254037844386,0.5000000000000001,0.7818314824680298,0.6234898018587336,4,1,0
2025-01-14 20:46:00,son,20,51,1,0,23.8,74.7,fan,off,0,1,0,0,-0.8660254037844386,0.5000000000000001,0.7818314824680298,0.6234898018587336,3,2,0
2025-01-14 20:35:00,daughter,20,27,1,0,23.8,74.7,fan,off,0,1,0,0,-0.8660254037844386,0.5000000000000001,0.7818314824680298,0.6234898018587336,3,3,0
2025-01-14 21:45:00,dad,21,11,1,0,23.5,86.3,living_room_light,on,63,1,0,0,-0.7071067811865477,0.7071067811865474,0.7818314824680298,0.6234898018587336,0,0,1
2025-01-14 21:26:00,mom,21,32,1,0,23.5,86.3,ac,off,0,1,0,0,-0.7071067811865477,0.7071067811865474,0.7818314824680298,0.6234898018587336,4,1,0
2025-01-14 21:39:00,son,21,45,1,0,23.5,86.3,fan,off,0,1,0,0,-0.7071067811865477,0.7071067811865474,0.7818314824680298,0.6234898018587336,3,2,0
2025-01-14 22:40:00,mom,22,14,1,0,24.5,86.8,bedroom_light,on,28,1,0,0,-0.5000000000000004,0.8660254037844384,0.7818314824680298,0.6234898018587336,1,1,1
2025-01-14 22:24:00,daughter,22,6,1,0,24.5,86.8,bedroom_light,on,27,1,0,0,-0.5000000000000004,0.8660254037844384,0.7818314824680298,0.6234898018587336,1,3,1
2025-01-15 06:15:00,dad,6,56,2,0,26.3,70.3,living_room_light,on,75,0,0,0,1.0,6.123233995736766e-17,0.9749279121818236,-0.22252093395631434,0,0,1
2025-01-15 07:29:00,dad,7,31,2,0,29.1,59.7,living_room_light,on,75,1,0,0,0.9659258262890683,-0.25881904510252063,0.9749279121818236,-0.22252093395631434,0,0,1
2025-01-15 07:17:00,mom,7,37,2,0,29.1,59.7,fan,on,5,1,0,0,0.9659258262890683,-0.25881904510252063,0.9749279121818236,-0.22252093395631434,3,1,1
2025-01-15 07:09:00,daughter,7,45,2,0,29.1,59.7,kitchen_light,on,89,1,1,0,0.9659258262890683,-0.25881904510252063,0.9749279121818236,-0.22252093395631434,2,3,1
2025-01-15 08:50:00,mom,8,10,2,0,29.2,59.5,fan,on,1,1,1,0,0.8660254037844387,-0.4999999999999998,0.9749279121818236,-0.22252093395631434,3,1,1
2025-01-15 10:15:00,mom,10,34,2,0,30.3,64.1,fan,on,0,1,1,0,0.49999999999999994,-0.8660254037844387,0.9749279121818236,-0.22252093395631434,3,1,1
2025-01-15 11:40:00,dad,11,7,2,0,30.7,52.1,fan,on,4,1,1,0,0.258819045102521,-0.9659258262890682,0.9749279121818236,-0.22252093395631434,3,0,1
2025-01-15 11:02:00,mom,11,15,2,0,30.7,52.1,fan,on,0,1,1,0,0.258819045102521,-0.9659258262890682,0.9749279121818236,-0.22252093395631434,3,1,1
2025-01-15 11:06:00,son,11,1,2,0,30.7,52.1,fan,on,2,1,1,0,0.258819045102521,-0.9659258262890682,0.9749279121818236,-0.22252093395631434,3,2,1
2025-01-15 13:02:00,daughter,13,31,2,0,29.1,63.8,fan,on,8,1,1,0,-0.2588190451025208,-0.9659258262890683,0.9749279121818236,-0.22252093395631434,3,3,1
2025-01-15 16:29:00,son,16,9,2,0,29.8,61.0,fan,on,5,1,1,0,-0.8660254037844385,-0.5000000000000004,0.9749279121818236,-0.22252093395631434,3,2,1
2025-01-15 18:15:00,dad,18,49,2,0,27.3,67.5,living_room_light,on,66,1,1,0,-1.0,-1.8369701987210297e-16,0.9749279121818236,-0.22252093395631434,0,0,1
2025-01-15 18:53:00,mom,18,47,2,0,27.3,67.5,living_room_light,on,50,1,1,0,-1.0,-1.8369701987210297e-16,0.9749279121818236,-0.22252093395631434,0,1,1
2025-01-15 18:21:00,son,18,35,2,0,27.3,67.5,living_room_light,on,91,1,1,0,-1.0,-1.8369701987210297e-16,0.9749279121818236,-0.22252093395631434,0,2,1
2025-01-15 19:42:00,dad,19,49,2,0,23.0,71.0,fan,off,0,1,1,0,-0.9659258262890684,0.2588190451025203,0.9749279121818236,-0.22252093395631434,3,0,0
2025-01-15 19:57:00,mom,19,44,2,0,23.0,71.0,ac,off,0,1,0,0,-0.9659258262890684,0.2588190451025203,0.9749279121818236,-0.22252093395631434,4,1,0
2025-01-15 19:02:00,son,19,1,2,0,23.0,71.0,kitchen_light,on,92,1,0,0,-0.9659258262890684,0.2588190451025203,0.9749279121818236,-0.22252093395631434,2,2,1
2025-01-15 19:42:00,daughter,19,56,2,0,23.0,71.0,living_room_light,on,54,1,0,0,-0.9659258262890684,0.2588190451025203,0.9749279121818236,-0.22252093395631434,0,3,1
2025-01-15 20:00:00,dad,20,35,2,0,25.8,63.5,living_room_light,on,67,1,0,0,-0.8660254037844386,0.5000000000000001,0.9749279121818236,-0.22252093395631434,0,0,1
2025-01-15 20:36:00,mom,20,8,2,0,25.8,63.5,living_room_light,on,51,1,0,0,-0.8660254037844386,0.5000000000000001,0.9749279121818236,-0.22252093395631434,0,1,1
2025-01-15 21:24:00,dad,21,51,2,0,23.6,90.0,ac,off,0,1,0,0,-0.7071067811865477,0.7071067811865474,0.9749279121818236,-0.22252093395631434,4,0,0
2025-01-15 21:32:00,mom,21,14,2,0,23.6,90.0,fan,off,0,1,0,0,-0.7071067811865477,0.7071067811865474,0.9749279121818236,-0.22252093395631434,3,1,0
2025-01-15 22:00:00,mom,22,33,2,0,23.6,79.0,bedroom_light,on,28,1,0,0,-0.5000000000000004,0.8660254037844384,0.9749279121818236,-0.22252093395631434,1,1,1
2025-01-15 22:02:00,son,22,30,2,0,23.6,79.0,fan,off,0,1,0,0,-0.5000000000000004,0.8660254037844384,0.9749279121818236,-0.22252093395631434,3,2,0
2025-01-16 06:34:00,dad,6,47,3,0,26.0,67.5,living_room_light,on,79,0,0,0,1.0,6.123233995736766e-17,0.43388373911755823,-0.900968867902419,0,0,1
2025-01-16 06:24:00,mom,6,34,3,0,26.0,67.5,living_room_light,on,65,1,0,0,1.0,6.123233995736766e-17,0.43388373911755823,-0.900968867902419,0,1,1
2025-01-16 07:33:00,mom,7,47,3,0,27.7,66.4,kitchen_light,on,96,1,0,0,0.9659258262890683,-0.25881904510252063,0.43388373911755823,-0.900968867902419,2,1,1
2025-01-16 07:46:00,son,7,55,3,0,27.7,66.4,living_room_light,on,92,1,0,0,0.9659258262890683,-0.25881904510252063,0.43388373911755823,-0.900968867902419,0,2,1
2025-01-16 11:39:00,mom,11,17,3,0,28.9,56.8,fan,on,10,1,0,0,0.258819045102521,-0.9659258262890682,0.43388373911755823,-0.900968867902419,3,1,1
2025-01-16 13:22:00,mom,13,27,3,0,30.1,59.9,fan,on,0,1,1,0,-0.2588190451025208,-0.9659258262890683,0.43388373911755823,-0.900968867902419,3,1,1
2025-01-16 13:37:00,son,13,49,3,0,30.1,59.9,fan,on,0,1,1,0,-0.2588190451025208,-0.9659258262890683,0.43388373911755823,-0.900968867902419,3,2,1
2025-01-16 13:35:00,daughter,13,46,3,0,30.1,59.9,fan,on,0,1,1,0,-0.2588190451025208,-0.9659258262890683,0.43388373911755823,-0.900968867902419,3,3,1
2025-01-16 14:57:00,mom,14,20,3,0,30.4,53.3,fan,on,4,1,1,0,-0.4999999999999997,-0.8660254037844388,0.43388373911755823,-0.900968867902419,3,1,1
2025-01-16 14:49:00,son,14,28,3,0,30.4,53.3,fan,on,1,1,1,0,-0.4999999999999997,-0.8660254037844388,0.43388373911755823,-0.900968867902419,3,2,1
2025-01-16 14:30:00,daughter,14,29,3,0,30.4,53.3,fan,on,9,1,1,0,-0.4999999999999997,-0.8660254037844388,0.43388373911755823,-0.900968867902419,3,3,1
2025-01-16 18:08:00,dad,18,24,3,0,26.3,61.8,living_room_light,on,62,1,1,0,-1.0,-1.8369701987210297e-16,0.43388373911755823,-0.900968867902419,0,0,1
2025-01-16 18:14:00,mom,18,5,3,0,26.3,61.8,living_room_light,on,62,1,1,0,-1.0,-1.8369701987210297e-16,0.43388373911755823,-0.900968867902419,0,1,1
2025-01-16 18:44:00,son,18,36,3,0,26.3,61.8,living_room_light,on,86,1,1,0,-1.0,-1.8369701987210297e-16,0.43388373911755823,-0.900968867902419,0,2,1
2025-01-16 18:41:00,daughter,18,51,3,0,26.3,61.8,living_room_light,on,48,1,1,0,-1.0,-1.8369701987210297e-16,0.43388373911755823,-0.900968867902419,0,3,1
2025-01-16 19:46:00,dad,19,50,3,0,24.0,63.8,kitchen_light,on,91,1,1,0,-0.9659258262890684,0.2588190451025203,0.43388373911755823,-0.900968867902419,2,0,1
2025-01-16 19:11:00,mom,19,21,3,0,24.0,63.8,ac,off,0,1,1,0,-0.9659258262890684,0.2588190451025203,0.43388373911755823,-0.900968867902419,4,1,0
2025-01-16 19:53:00,son,19,8,3,0,24.0,63.8,living_room_light,on,73,1,1,0,-0.9659258262890684,0.2588190451025203,0.43388373911755823,-0.900968867902419,0,2,1
2025-01-16 20:05:00,dad,20,23,3,0,24.1,69.2,living_room_light,on,64,1,1,0,-0.8660254037844386,0.5000000000000001,0.43388373911755823,-0.900968867902419,0,0,1
2025-01-16 20:13:00,mom,20,13,3,0,24.1,69.2,living_room_light,on,54,1,1,0,-0.8660254037844386,0.5000000000000001,0.43388373911755823,-0.900968867902419,0,1,1
2025-01-16 20:51:00,son,20,48,3,0,24.1,69.2,living_room_light,on,88,1,1,0,-0.8660254037844386,0.5000000000000001,0.43388373911755823,-0.900968867902419,0,2,1
2025-01-16 21:43:00,dad,21,28,3,0,22.2,84.7,living_room_light,on,67,1,1,0,-0.7071067811865477,0.7071067811865474,0.43388373911755823,-0.900968867902419,0,0,1
2025-01-16 21:04:00,mom,21,8,3,0,22.2,84.7,fan,off,0,1,1,0,-0.7071067811865477,0.7071067811865474,0.43388373911755823,-0.900968867902419,3,1,0
2025-01-16 22:38:00,mom,22,49,3,0,24.7,81.8,bedroom_light,on,29,1,0,0,-0.5000000000000004,0.8660254037844384,0.43388373911755823,-0.900968867902419,1,1,1
2025-01-16 22:55:00,son,22,44,3,0,24.7,81.8,bedroom_light,on,29,1,0,0,-0.5000000000000004,0.8660254037844384,0.43388373911755823,-0.900968867902419,1,2,1
2025-01-16 22:05:00,daughter,22,57,3,0,24.7,81.8,bedroom_light,on,23,1,0,0,-0.5000000000000004,0.8660254037844384,0.43388373911755823,-0.900968867902419,1,3,1
2025-01-17 06:53:00,mom,6,41,4,0,26.3,65.5,living_room_light,on,60,0,0,0,1.0,6.123233995736766e-17,-0.433883739117558,-0.9009688679024191,0,1,1
2025-01-17 07:32:00,mom,7,35,4,0,26.6,65.8,living_room_light,on,64,1,0,0,0.9659258262890683,-0.25881904510252063,-0.433883739117558,-0.9009688679024191,0,1,1
2025-01-17 07:01:00,son,7,55,4,0,26.6,65.8,living_room_light,on,100,1,0,0,0.9659258262890683,-0.25881904510252063,-0.433883739117558,-0.9009688679024191,0,2,1
2025-01-17 07:53:00,daughter,7,32,4,0,26.6,65.8,living_room_light,on,54,1,0,0,0.9659258262890683,-0.25881904510252063,-0.433883739117558,-0.9009688679024191,0,3,1
2025-01-17 09:12:00,dad,9,46,4,0,30.8,57.2,fan,on,0,1,0,0,0.7071067811865476,-0.7071067811865475,-0.433883739117558,-0.9009688679024191,3,0,1
2025-01-17 09:35:00,son,9,35,4,0,30.8,57.2,fan,on,8,1,1,0,0.7071067811865476,-0.7071067811865475,-0.433883739117558,-0.9009688679024191,3,2,1
2025-01-17 09:14:00,daughter,9,1,4,0,30.8,57.2,fan,on,2,1,1,0,0.7071067811865476,-0.7071067811865475,-0.433883739117558,-0.9009688679024191,3,3,1
2025-01-17 11:11:00,mom,11,26,4,0,31.8,55.8,fan,on,5,1,1,0,0.258819045102521,-0.9659258262890682,-0.433883739117558,-0.9009688679024191,3,1,1
2025-01-17 12:29:00,mom,12,24,4,0,30.1,54.4,kitchen_light,on,97,1,1,0,1.2246467991473532e-16,-1.0,-0.433883739117558,-0.9009688679024191,2,1,1
2025-01-17 13:22:00,son,13,58,4,0,29.1,61.4,fan,on,8,1,1,0,-0.2588190451025208,-0.9659258262890683,-0.433883739117558,-0.9009688679024191,3,2,1
2025-01-17 18:58:00,dad,18,2,4,0,26.6,58.9,living_room_light,on,67,1,1,0,-1.0,-1.8369701987210297e-16,-0.433883739117558,-0.9009688679024191,0,0,1
2025-01-17 18:31:00,mom,18,12,4,0,26.6,58.9,living_room_light,on,53,1,1,0,-1.0,-1.8369701987210297e-16,-0.433883739117558,-0.9009688679024191,0,1,1
2025-01-17 19:59:00,dad,19,17,4,0,24.5,63.1,kitchen_light,on,88,1,1,0,-0.9659258262890684,0.2588190451025203,-0.433883739117558,-0.9009688679024191,2,0,1
2025-01-17 19:40:00,mom,19,29,4,0,24.5,63.1,kitchen_light,on,91,1,1,0,-0.9659258262890684,0.2588190451025203,-0.433883739117558,-0.9009688679024191,2,1,1
2025-01-17 19:42:00,son,19,42,4,0,24.5,63.1,living_room_light,on,79,1,1,0,-0.9659258262890684,0.2588190451025203,-0.433883739117558,-0.9009688679024191,0,2,1
2025-01-17 20:52:00,daughter,20,51,4,0,23.4,78.6,living_room_light,on,51,1,1,0,-0.8660254037844386,0.5000000000000001,-0.433883739117558,-0.9009688679024191,0,3,1
2025-01-17 21:10:00,dad,21,15,4,0,25.2,76.9,living_room_light,on,62,1,1,0,-0.7071067811865477,0.7071067811865474,-0.433883739117558,-0.9009688679024191,0,0,1
2025-01-17 21:22:00,mom,21,28,4,0,25.2,76.9,living_room_light,on,56,1,1,0,-0.7071067811865477,0.7071067811865474,-0.433883739117558,-0.9009688679024191,0,1,1
2025-01-17 22:27:00,mom,22,37,4,0,25.2,85.9,bedroom_light,on,29,1,1,0,-0.5000000000000004,0.8660254037844384,-0.433883739117558,-0.9009688679024191,1,1,1
2025-01-17 22:56:00,daughter,22,21,4,0,25.2,85.9,bedroom_light,on,23,1,1,0,-0.5000000000000004,0.8660254037844384,-0.433883739117558,-0.9009688679024191,1,3,1
2025-01-18 06:23:00,mom,6,57,5,1,26.1,66.4,living_room_light,on,64,0,0,0,1.0,6.123233995736766e-17,-0.9749279121818236,-0.2225209339563146,0,1,1
2025-01-18 07:05:00,dad,7,2,5,1,26.9,60.6,living_room_light,on,72,1,0,0,0.9659258262890683,-0.25881904510252063,-0.9749279121818236,-0.2225209339563146,0,0,1
2025-01-18 07:01:00,mom,7,46,5,1,26.9,60.6,living_room_light,on,72,1,0,0,0.9659258262890683,-0.25881904510252063,-0.9749279121818236,-0.2225209339563146,0,1,1
2025-01-18 07:22:00,daughter,7,29,5,1,26.9,60.6,kitchen_light,on,93,1,0,0,0.9659258262890683,-0.25881904510252063,-0.9749279121818236,-0.2225209339563146,2,3,1
2025-01-18 10:31:00,dad,10,32,5,1,31.1,52.0,fan,on,0,1,0,0,0.49999999999999994,-0.8660254037844387,-0.9749279121818236,-0.2225209339563146,3,0,1
2025-01-18 10:56:00,mom,10,47,5,1,31.1,52.0,fan,on,0,1,1,0,0.49999999999999994,-0.8660254037844387,-0.9749279121818236,-0.2225209339563146,3,1,1
2025-01-18 10:25:00,daughter,10,50,5,1,31.1,52.0,fan,on,6,1,1,0,0.49999999999999994,-0.8660254037844387,-0.9749279121818236,-0.2225209339563146,3,3,1
2025-01-18 11:11:00,dad,11,26,5,1,29.8,62.2,fan,on,4,1,1,0,0.258819045102521,-0.9659258262890682,-0.9749279121818236,-0.2225209339563146,3,0,1
2025-01-18 11:40:00,mom,11,42,5,1,29.8,62.2,fan,on,6,1,1,0,0.258819045102521,-0.9659258262890682,-0.9749279121818236,-0.2225209339563146,3,1,1
2025-01-18 11:11:00,daughter,11,32,5,1,29.8,62.2,fan,on,5,1,1,0,0.258819045102521,-0.9659258262890682,-0.9749279121818236,-0.2225209339563146,3,3,1
2025-01-18 12:52:00,mom,12,19,5,1,30.6,54.1,fan,on,0,1,1,0,1.2246467991473532e-16,-1.0,-0.9749279121818236,-0.2225209339563146,3,1,1
2025-01-18 12:11:00,son,12,10,5,1,30.6,54.1,kitchen_light,on,90,1,1,0,1.2246467991473532e-16,-1.0,-0.9749279121818236,-0.2225209339563146,2,2,1
2025-01-18 12:49:00,daughter,12,41,5,1,30.6,54.1,fan,on,9,1,1,0,1.2246467991473532e-16,-1.0,-0.9749279121818236,-0.2225209339563146,3,3,1
2025-01-18 13:16:00,dad,13,5,5,1,31.7,55.1,fan,on,4,1,1,0,-0.2588190451025208,-0.9659258262890683,-0.9749279121818236,-0.2225209339563146,3,0,1
2025-01-18 13:06:00,mom,13,6,5,1,31.7,55.1,fan,on,12,1,1,0,-0.2588190451025208,-0.9659258262890683,-0.9749279121818236,-0.2225209339563146,3,1,1
2025-01-18 13:13:00,son,13,28,5,1,31.7,55.1,fan,on,0,1,1,0,-0.2588190451025208,-0.9659258262890683,-0.9749279121818236,-0.2225209339563146,3,2,1
2025-01-18 13:54:00,daughter,13,25,5,1,31.7,55.1,fan,on,0,1,1,0,-0.2588190451025208,-0.9659258262890683,-0.9749279121818236,-0.2225209339563146,3,3,1
2025-01-18 14:37:00,dad,14,27,5,1,30.4,54.7,fan,on,4,1,1,0,-0.4999999999999997,-0.8660254037844388,-0.9749279121818236,-0.2225209339563146,3,0,1
2025-01-18 14:29:00,mom,14,3,5,1,30.4,54.7,fan,on,0,1,1,0,-0.4999999999999997,-0.8660254037844388,-0.9749279121818236,-0.2225209339563146,3,1,1
2025-01-18 16:34:00,dad,16,16,5,1,28.5,68.5,fan,on,7,1,1,0,-0.8660254037844385,-0.5000000000000004,-0.9749279121818236,-0.2225209339563146,3,0,1
2025-01-18 16:23:00,mom,16,39,5,1,28.5,68.5,fan,on,3,1,1,0,-0.8660254037844385,-0.5000000000000004,-0.9749279121818236,-0.2225209339563146,3,1,1
2025-01-18 16:19:00,son,16,58,5,1,28.5,68.5,fan,on,0,1,1,0,-0.8660254037844385,-0.5000000000000004,-0.9749279121818236,-0.2225209339563146,3,2,1
2025-01-18 16:56:00,daughter,16,4,5,1,28.5,68.5,fan,on,4,1,1,0,-0.8660254037844385,-0.5000000000000004,-0.9749279121818236,-0.2225209339563146,3,3,1
2025-01-18 18:00:00,dad,18,37,5,1,26.2,59.9,living_room_light,on,71,1,1,0,-1.0,-1.8369701987210297e-16,-0.9749279121818236,-0.2225209339563146,0,0,1
2025-01-18 18:30:00,mom,18,34,5,1,26.2,59.9,living_room_light,on,49,1,1,0,-1.0,-1.8369701987210297e-16,-0.9749279121818236,-0.2225209339563146,0,1,1
2025-01-18 18:13:00,daughter,18,36,5,1,26.2,59.9,living_room_light,on,41,1,1,0,-1.0,-1.8369701987210297e-16,-0.9749279121818236,-0.2225209339563146,0,3,1
2025-01-18 19:31:00,dad,19,17,5,1,24.4,68.4,living_room_light,on,67,1,1,0,-0.9659258262890684,0.2588190451025203,-0.9749279121818236,-0.2225209339563146,0,0,1
2025-01-18 19:26:00,daughter,19,57,5,1,24.4,68.4,kitchen_light,on,96,1,1,0,-0.9659258262890684,0.2588190451025203,-0.9749279121818236,-0.2225209339563146,2,3,1
2025-01-18 20:47:00,mom,20,18,5,1,24.5,71.9,living_room_light,on,54,1,1,0,-0.8660254037844386,0.5000000000000001,-0.9749279121818236,-0.2225209339563146,0,1,1
2025-01-18 20:19:00,son,20,11,5,1,24.5,71.9,living_room_light,on,80,1,1,0,-0.8660254037844386,0.5000000000000001,-0.9749279121818236,-0.2225209339563146,0,2,1
2025-01-18 21:59:00,dad,21,40,5,1,24.7,90.6,living_room_light,on,65,1,1,0,-0.7071067811865477,0.7071067811865474,-0.9749279121818236,-0.2225209339563146,0,0,1
2025-01-18 21:44:00,mom,21,52,5,1,24.7,90.6,living_room_light,on,58,1,1,0,-0.7071067811865477,0.7071067811865474,-0.9749279121818236,-0.2225209339563146,0,1,1
2025-01-18 21:24:00,son,21,40,5,1,24.7,90.6,living_room_light,on,78,1,1,0,-0.7071067811865477,0.7071067811865474,-0.9749279121818236,-0.2225209339563146,0,2,1
2025-01-18 22:48:00,mom,22,39,5,1,25.2,74.2,bedroom_light,on,33,1,1,0,-0.5000000000000004,0.8660254037844384,-0.9749279121818236,-0.2225209339563146,1,1,1
2025-01-19 06:44:00,dad,6,47,6,1,26.2,69.6,living_room_light,on,73,0,0,0,1.0,6.123233995736766e-17,-0.7818314824680299,0.6234898018587334,0,0,1
2025-01-19 07:12:00,dad,7,20,6,1,27.1,63.9,kitchen_light,on,89,1,0,0,0.9659258262890683,-0.25881904510252063,-0.7818314824680299,0.6234898018587334,2,0,1
2025-01-19 07:04:00,mom,7,28,6,1,27.1,63.9,kitchen_light,on,91,1,0,0,0.9659258262890683,-0.25881904510252063,-0.7818314824680299,0.6234898018587334,2,1,1
2025-01-19 08:09:00,dad,8,18,6,1,29.0,60.4,fan,on,0,1,0,0,0.8660254037844387,-0.4999999999999998,-0.7818314824680299,0.6234898018587334,3,0,1
2025-01-19 08:20:00,son,8,16,6,1,29.0,60.4,fan,on,4,1,1,0,0.8660254037844387,-0.4999999999999998,-0.7818314824680299,0.6234898018587334,3,2,1
2025-01-19 08:51:00,daughter,8,45,6,1,29.0,60.4,fan,on,11,1,1,0,0.8660254037844387,-0.4999999999999998,-0.7818314824680299,0.6234898018587334,3,3,1
2025-01-19 09:53:00,dad,9,28,6,1,29.5,54.5,fan,on,0,1,1,0,0.7071067811865476,-0.7071067811865475,-0.7818314824680299,0.6234898018587334,3,0,1
2025-01-19 09:36:00,mom,9,0,6,1,29.5,54.5,fan,on,2,1,1,0,0.7071067811865476,-0.7071067811865475,-0.7818314824680299,0.6234898018587334,3,1,1
2025-01-19 10:44:00,dad,10,52,6,1,30.8,56.9,fan,on,5,1,1,0,0.49999999999999994,-0.8660254037844387,-0.7818314824680299,0.6234898018587334,3,0,1
2025-01-19 10:43:00,mom,10,36,6,1,30.8,56.9,fan,on,5,1,1,0,0.49999999999999994,-0.8660254037844387,-0.7818314824680299,0.6234898018587334,3,1,1
2025-01-19 10:29:00,son,10,53,6,1,30.8,56.9,fan,on,3,1,1,0,0.49999999999999994,-0.8660254037844387,-0.7818314824680299,0.6234898018587334,3,2,1
2025-01-19 10:19:00,daughter,10,2,6,1,30.8,56.9,fan,on,0,1,1,0,0.49999999999999994,-0.8660254037844387,-0.7818314824680299,0.6234898018587334,3,3,1
2025-01-19 11:43:00,dad,11,28,6,1,31.7,55.0,fan,on,2,1,1,0,0.258819045102521,-0.9659258262890682,-0.7818314824680299,0.6234898018587334,3,0,1
2025-01-19 11:30:00,mom,11,31,6,1,31.7,55.0,fan,on,5,1,1,0,0.258819045102521,-0.9659258262890682,-0.7818314824680299,0.6234898018587334,3,1,1
2025-01-19 11:03:00,son,11,36,6,1,31.7,55.0,fan,on,6,1,1,0,0.258819045102521,-0.9659258262890682,-0.7818314824680299,0.6234898018587334,3,2,1
2025-01-19 12:14:00,dad,12,46,6,1,31.2,52.5,fan,on,0,1,1,0,1.2246467991473532e-16,-1.0,-0.7818314824680299,0.6234898018587334,3,0,1
2025-01-19 12:12:00,mom,12,16,6,1,31.2,52.5,fan,on,10,1,1,0,1.2246467991473532e-16,-1.0,-0.7818314824680299,0.6234898018587334,3,1,1
2025-01-19 12:39:00,son,12,28,6,1,31.2,52.5,kitchen_light,on,95,1,1,0,1.2246467991473532e-16,-1.0,-0.7818314824680299,0.6234898018587334,2,2,1
2025-01-19 13:01:00,dad,13,41,6,1,30.8,55.3,fan,on,4,1,1,0,-0.2588190451025208,-0.9659258262890683,-0.7818314824680299,0.6234898018587334,3,0,1
2025-01-19 13:40:00,mom,13,8,6,1,30.8,55.3,fan,on,10,1,1,0,-0.2588190451025208,-0.9659258262890683,-0.7818314824680299,0.6234898018587334,3,1,1
2025-01-19 13:32:00,son,13,45,6,1,30.8,55.3,fan,on,0,1,1,0,-0.2588190451025208,-0.9659258262890683,-0.7818314824680299,0.6234898018587334,3,2,1
2025-01-19 14:42:00,dad,14,30,6,1,30.7,46.7,fan,on,5,1,1,0,-0.4999999999999997,-0.8660254037844388,-0.7818314824680299,0.6234898018587334,3,0,1
2025-01-19 14:16:00,mom,14,32,6,1,30.7,46.7,fan,on,1,1,1,0,-0.4999999999999997,-0.8660254037844388,-0.7818314824680299,0.6234898018587334,3,1,1
2025-01-19 14:35:00,son,14,29,6,1,30.7,46.7,fan,on,7,1,1,0,-0.4999999999999997,-0.8660254037844388,-0.7818314824680299,0.6234898018587334,3,2,1
2025-01-19 15:18:00,dad,15,6,6,1,31.8,52.6,fan,on,6,1,1,0,-0.7071067811865471,-0.7071067811865479,-0.7818314824680299,0.6234898018587334,3,0,1
2025-01-19 15:37:00,mom,15,0,6,1,31.8,52.6,fan,on,9,1,1,0,-0.7071067811865471,-0.7071067811865479,-0.7818314824680299,0.6234898018587334,3,1,1
2025-01-19 15:54:00,son,15,52,6,1,31.8,52.6,fan,on,5,1,1,0,-0.7071067811865471,-0.7071067811865479,-0.7818314824680299,0.6234898018587334,3,2,1
2025-01-19 15:39:00,daughter,15,43,6,1,31.8,52.6,fan,on,1,1,1,0,-0.7071067811865471,-0.7071067811865479,-0.7818314824680299,0.6234898018587334,3,3,1
2025-01-19 16:39:00,mom,16,31,6,1,28.7,55.1,fan,on,0,1,1,0,-0.8660254037844385,-0.5000000000000004,-0.7818314824680299,0.6234898018587334,3,1,1
2025-01-19 17:46:00,dad,17,37,6,1,28.8,62.1,fan,on,10,1,1,0,-0.9659258262890683,-0.25881904510252063,-0.7818314824680299,0.6234898018587334,3,0,1
2025-01-19 17:40:00,son,17,39,6,1,28.8,62.1,fan,on,2,1,1,0,-0.9659258262890683,-0.25881904510252063,-0.7818314824680299,0.6234898018587334,3,2,1
2025-01-19 17:47:00,daughter,17,26,6,1,28.8,62.1,fan,on,11,1,1,0,-0.9659258262890683,-0.25881904510252063,-0.7818314824680299,0.6234898018587334,3,3,1
2025-01-19 18:56:00,mom,18,3,6,1,25.4,69.4,living_room_light,on,49,1,1,0,-1.0,-1.8369701987210297e-16,-0.7818314824680299,0.6234898018587334,0,1,1
2025-01-19 19:56:00,son,19,28,6,1,22.8,72.6,ac,off,0,1,1,0,-0.9659258262890684,0.2588190451025203,-0.7818314824680299,0.6234898018587334,4,2,0
2025-01-19 19:08:00,daughter,19,42,6,1,22.8,72.6,living_room_light,on,46,1,1,0,-0.9659258262890684,0.2588190451025203,-0.7818314824680299,0.6234898018587334,0,3,1
2025-01-19 20:15:00,dad,20,55,6,1,23.4,79.5,fan,off,0,1,1,0,-0.8660254037844386,0.5000000000000001,-0.7818314824680299,0.6234898018587334,3,0,0
2025-01-19 20:49:00,mom,20,45,6,1,23.4,79.5,ac,off,0,1,0,0,-0.8660254037844386,0.5000000000000001,-0.7818314824680299,0.6234898018587334,4,1,0
2025-01-19 20:17:00,son,20,55,6,1,23.4,79.5,living_room_light,on,74,1,0,0,-0.8660254037844386,0.5000000000000001,-0.7818314824680299,0.6234898018587334,0,2,1
2025-01-19 20:10:00,daughter,20,22,6,1,23.4,79.5,fan,off,0,1,0,0,-0.8660254037844386,0.5000000000000001,-0.7818314824680299,0.6234898018587334,3,3,0
2025-01-19 21:02:00,dad,21,21,6,1,25.3,82.6,living_room_light,on,65,1,0,0,-0.7071067811865477,0.7071067811865474,-0.7818314824680299,0.6234898018587334,0,0,1
2025-01-19 21:15:00,mom,21,31,6,1,25.3,82.6,living_room_light,on,56,1,0,0,-0.7071067811865477,0.7071067811865474,-0.7818314824680299,0.6234898018587334,0,1,1
2025-01-19 21:26:00,son,21,29,6,1,25.3,82.6,living_room_light,on,88,1,0,0,-0.7071067811865477,0.7071067811865474,-0.7818314824680299,0.6234898018587334,0,2,1
2025-01-19 22:33:00,son,22,12,6,1,24.5,84.4,bedroom_light,on,33,1,0,0,-0.5000000000000004,0.8660254037844384,-0.7818314824680299,0.6234898018587334,1,2,1
2025-01-19 22:10:00,daughter,22,26,6,1,24.5,84.4,bedroom_light,on,37,1,0,0,-0.5000000000000004,0.8660254037844384,-0.7818314824680299,0.6234898018587334,1,3,1
2025-01-19 23:21:00,son,23,27,6,1,22.3,77.8,fan,off,0,1,0,0,-0.25881904510252157,0.9659258262890681,-0.7818314824680299,0.6234898018587334,3,2,0
2025-01-20 06:50:00,mom,6,30,0,0,25.1,73.2,living_room_light,on,69,0,0,0,1.0,6.123233995736766e-17,0.0,1.0,0,1,1
2025-01-20 07:16:00,dad,7,36,0,0,28.4,63.2,kitchen_light,on,92,1,0,0,0.9659258262890683,-0.25881904510252063,0.0,1.0,2,0,1
2025-01-20 07:33:00,daughter,7,37,0,0,28.4,63.2,fan,on,6,1,0,0,0.9659258262890683,-0.25881904510252063,0.0,1.0,3,3,1
2025-01-20 08:40:00,daughter,8,20,0,0,29.7,70.3,fan,on,5,1,1,0,0.8660254037844387,-0.4999999999999998,0.0,1.0,3,3,1
2025-01-20 10:28:00,dad,10,21,0,0,30.5,58.0,fan,on,0,1,1,0,0.49999999999999994,-0.8660254037844387,0.0,1.0,3,0,1
2025-01-20 10:43:00,mom,10,18,0,0,30.5,58.0,fan,on,3,1,1,0,0.49999999999999994,-0.8660254037844387,0.0,1.0,3,1,1
2025-01-20 11:33:00,dad,11,28,0,0,30.8,59.5,fan,on,8,1,1,0,0.258819045102521,-0.9659258262890682,0.0,1.0,3,0,1
2025-01-20 11:28:00,daughter,11,52,0,0,30.8,59.5,fan,on,0,1,1,0,0.258819045102521,-0.9659258262890682,0.0,1.0,3,3,1
2025-01-20 13:52:00,daughter,13,38,0,0,29.4,65.8,fan,on,0,1,1,0,-0.2588190451025208,-0.9659258262890683,0.0,1.0,3,3,1
2025-01-20 16:12:00,son,16,34,0,0,29.0,63.5,fan,on,0,1,1,0,-0.8660254037844385,-0.5000000000000004,0.0,1.0,3,2,1
2025-01-20 18:27:00,dad,18,53,0,0,27.0,65.1,living_room_light,on,64,1,1,0,-1.0,-1.8369701987210297e-16,0.0,1.0,0,0,1
2025-01-20 18:53:00,mom,18,43,0,0,27.0,65.1,living_room_light,on,57,1,1,0,-1.0,-1.8369701987210297e-16,0.0,1.0,0,1,1
2025-01-20 18:42:00,son,18,31,0,0,27.0,65.1,living_room_light,on,78,1,1,0,-1.0,-1.8369701987210297e-16,0.0,1.0,0,2,1
2025-01-20 20:03:00,son,20,58,0,0,25.2,71.1,living_room_light,on,78,1,1,0,-0.8660254037844386,0.5000000000000001,0.0,1.0,0,2,1
2025-01-20 21:18:00,dad,21,20,0,0,25.5,79.0,living_room_light,on,63,1,1,0,-0.7071067811865477,0.7071067811865474,0.0,1.0,0,0,1
2025-01-20 21:01:00,mom,21,5,0,0,25.5,79.0,living_room_light,on,58,1,1,0,-0.7071067811865477,0.7071067811865474,0.0,1.0,0,1,1
2025-01-20 21:10:00,son,21,2,0,0,25.5,79.0,living_room_light,on,81,1,1,0,-0.7071067811865477,0.7071067811865474,0.0,1.0,0,2,1
2025-01-20 22:01:00,mom,22,28,0,0,23.8,82.1,ac,off,0,1,1,0,-0.5000000000000004,0.8660254037844384,0.0,1.0,4,1,0
2025-01-20 22:34:00,daughter,22,35,0,0,23.8,82.1,fan,off,0,1,1,0,-0.5000000000000004,0.8660254037844384,0.0,1.0,3,3,0
2025-01-20 23:58:00,son,23,54,0,0,23.7,87.1,bedroom_light,on,32,1,0,0,-0.25881904510252157,0.9659258262890681,0.0,1.0,1,2,1
2025-01-21 06:38:00,dad,6,10,1,0,23.5,80.3,living_room_light,on,77,0,0,0,1.0,6.123233995736766e-17,0.7818314824680298,0.6234898018587336,0,0,1
2025-01-21 06:33:00,mom,6,36,1,0,23.5,80.3,fan,off,0,1,0,0,1.0,6.123233995736766e-17,0.7818314824680298,0.6234898018587336,3,1,0
2025-01-21 07:13:00,dad,7,2,1,0,25.5,66.7,kitchen_light,on,78,1,0,0,0.9659258262890683,-0.25881904510252063,0.7818314824680298,0.6234898018587336,2,0,1
2025-01-21 07:31:00,mom,7,45,1,0,25.5,66.7,kitchen_light,on,90,1,0,0,0.9659258262890683,-0.25881904510252063,0.7818314824680298,0.6234898018587336,2,1,1
2025-01-21 07:45:00,son,7,12,1,0,25.5,66.7,living_room_light,on,100,1,0,0,0.9659258262890683,-0.25881904510252063,0.7818314824680298,0.6234898018587336,0,2,1
2025-01-21 13:22:00,daughter,13,56,1,0,28.2,63.6,fan,on,0,1,0,0,-0.2588190451025208,-0.9659258262890683,0.7818314824680298,0.6234898018587336,3,3,1
2025-01-21 14:35:00,dad,14,24,1,0,30.9,54.9,fan,on,10,1,1,0,-0.4999999999999997,-0.8660254037844388,0.7818314824680298,0.6234898018587336,3,0,1
2025-01-21 14:04:00,son,14,43,1,0,30.9,54.9,fan,on,5,1,1,0,-0.4999999999999997,-0.8660254037844388,0.7818314824680298,0.6234898018587336,3,2,1
2025-01-21 14:44:00,daughter,14,49,1,0,30.9,54.9,fan,on,0,1,1,0,-0.4999999999999997,-0.8660254037844388,0.7818314824680298,0.6234898018587336,3,3,1
2025-01-21 15:42:00,son,15,12,1,0,29.2,53.4,fan,on,7,1,1,0,-0.7071067811865471,-0.7071067811865479,0.7818314824680298,0.6234898018587336,3,2,1
2025-01-21 17:13:00,son,17,1,1,0,28.5,62.2,fan,on,0,1,1,0,-0.9659258262890683,-0.25881904510252063,0.7818314824680298,0.6234898018587336,3,2,1
2025-01-21 17:49:00,daughter,17,57,1,0,28.5,62.2,fan,on,9,1,1,0,-0.9659258262890683,-0.25881904510252063,0.7818314824680298,0.6234898018587336,3,3,1
2025-01-21 18:51:00,dad,18,53,1,0,26.5,74.5,living_room_light,on,69,1,1,0,-1.0,-1.8369701987210297e-16,0.7818314824680298,0.6234898018587336,0,0,1
2025-01-21 18:28:00,mom,18,37,1,0,26.5,74.5,living_room_light,on,55,1,1,0,-1.0,-1.8369701987210297e-16,0.7818314824680298,0.6234898018587336,0,1,1
2025-01-21 19:38:00,son,19,53,1,0,24.6,71.5,kitchen_light,on,88,1,1,0,-0.9659258262890684,0.2588190451025203,0.7818314824680298,0.6234898018587336,2,2,1
2025-01-21 20:53:00,dad,20,40,1,0,23.9,71.4,fan,off,0,1,1,0,-0.8660254037844386,0.5000000000000001,0.7818314824680298,0.6234898018587336,3,0,0
2025-01-21 20:25:00,mom,20,49,1,0,23.9,71.4,living_room_light,on,48,1,0,0,-0.8660254037844386,0.5000000000000001,0.7818314824680298,0.6234898018587336,0,1,1
2025-01-21 21:08:00,dad,21,54,1,0,23.7,83.3,living_room_light,on,59,1,0,0,-0.7071067811865477,0.7071067811865474,0.7818314824680298,0.6234898018587336,0,0,1
2025-01-21 21:02:00,mom,21,43,1,0,23.7,83.3,ac,off,0,1,0,0,-0.7071067811865477,0.7071067811865474,0.7818314824680298,0.6234898018587336,4,1,0
2025-01-21 21:03:00,son,21,43,1,0,23.7,83.3,living_room_light,on,78,1,0,0,-0.7071067811865477,0.7071067811865474,0.7818314824680298,0.6234898018587336,0,2,1
2025-01-21 21:41:00,daughter,21,55,1,0,23.7,83.3,living_room_light,on,49,1,0,0,-0.7071067811865477,0.7071067811865474,0.7818314824680298,0.6234898018587336,0,3,1
2025-01-21 22:17:00,mom,22,2,1,0,25.4,76.9,bedroom_light,on,23,1,0,0,-0.5000000000000004,0.8660254037844384,0.7818314824680298,0.6234898018587336,1,1,1
2025-01-21 22:14:00,son,22,0,1,0,25.4,76.9,bedroom_light,on,24,1,0,0,-0.5000000000000004,0.8660254037844384,0.7818314824680298,0.6234898018587336,1,2,1
2025-01-21 23:31:00,son,23,51,1,0,23.8,84.4,ac,off,0,1,0,0,-0.25881904510252157,0.9659258262890681,0.7818314824680298,0.6234898018587336,4,2,0
2025-01-22 06:52:00,dad,6,36,2,0,26.4,64.7,living_room_light,on,80,0,0,0,1.0,6.123233995736766e-17,0.9749279121818236,-0.22252093395631434,0,0,1
2025-01-22 07:04:00,dad,7,42,2,0,27.7,60.7,living_room_light,on,77,1,0,0,0.9659258262890683,-0.25881904510252063,0.9749279121818236,-0.22252093395631434,0,0,1
2025-01-22 07:33:00,mom,7,57,2,0,27.7,60.7,kitchen_light,on,89,1,0,0,0.9659258262890683,-0.25881904510252063,0.9749279121818236,-0.22252093395631434,2,1,1
2025-01-22 08:56:00,dad,8,3,2,0,28.2,72.7,fan,on,0,1,0,0,0.8660254037844387,-0.4999999999999998,0.9749279121818236,-0.22252093395631434,3,0,1
2025-01-22 08:35:00,mom,8,33,2,0,28.2,72.7,fan,on,3,1,1,0,0.8660254037844387,-0.4999999999999998,0.9749279121818236,-0.22252093395631434,3,1,1
2025-01-22 08:47:00,son,8,30,2,0,28.2,72.7,fan,on,0,1,1,0,0.8660254037844387,-0.4999999999999998,0.9749279121818236,-0.22252093395631434,3,2,1
2025-01-22 08:56:00,daughter,8,39,2,0,28.2,72.7,fan,on,6,1,1,0,0.8660254037844387,-0.4999999999999998,0.9749279121818236,-0.22252093395631434,3,3,1
2025-01-22 09:45:00,mom,9,36,2,0,29.3,66.3,fan,on,10,1,1,0,0.7071067811865476,-0.7071067811865475,0.9749279121818236,-0.22252093395631434,3,1,1
2025-01-22 10:44:00,son,10,15,2,0,30.4,58.2,fan,on,0,1,1,0,0.49999999999999994,-0.8660254037844387,0.9749279121818236,-0.22252093395631434,3,2,1
2025-01-22 12:11:00,son,12,47,2,0,28.6,61.9,fan,on,13,1,1,0,1.2246467991473532e-16,-1.0,0.9749279121818236,-0.22252093395631434,3,2,1
2025-01-22 12:12:00,daughter,12,12,2,0,28.6,61.9,fan,on,0,1,1,0,1.2246467991473532e-16,-1.0,0.9749279121818236,-0.22252093395631434,3,3,1
2025-01-22 13:17:00,mom,13,26,2,0,32.7,50.2,ac,on,25,1,1,0,-0.2588190451025208,-0.9659258262890683,0.9749279121818236,-0.22252093395631434,4,1,1
2025-01-22 13:12:00,daughter,13,16,2,0,32.7,50.2,ac,on,31,1,1,1,-0.2588190451025208,-0.9659258262890683,0.9749279121818236,-0.22252093395631434,4,3,1
2025-01-22 14:58:00,dad,14,13,2,0,31.5,57.0,fan,on,2,1,1,1,-0.4999999999999997,-0.8660254037844388,0.9749279121818236,-0.22252093395631434,3,0,1
2025-01-22 14:45:00,mom,14,7,2,0,31.5,57.0,fan,on,7,1,1,1,-0.4999999999999997,-0.8660254037844388,0.9749279121818236,-0.22252093395631434,3,1,1
2025-01-22 14:25:00,daughter,14,28,2,0,31.5,57.0,fan,on,2,1,1,1,-0.4999999999999997,-0.8660254037844388,0.9749279121818236,-0.22252093395631434,3,3,1
2025-01-22 16:01:00,son,16,10,2,0,28.1,65.5,fan,on,9,1,1,1,-0.8660254037844385,-0.5000000000000004,0.9749279121818236,-0.22252093395631434,3,2,1
2025-01-22 17:14:00,son,17,30,2,0,28.9,61.9,fan,on,7,1,1,1,-0.9659258262890683,-0.25881904510252063,0.9749279121818236,-0.22252093395631434,3,2,1
2025-01-22 18:12:00,mom,18,25,2,0,25.7,67.5,living_room_light,on,59,1,1,1,-1.0,-1.8369701987210297e-16,0.9749279121818236,-0.22252093395631434,0,1,1
2025-01-22 19:46:00,dad,19,10,2,0,24.3,76.7,living_room_light,on,56,1,1,1,-0.9659258262890684,0.2588190451025203,0.9749279121818236,-0.22252093395631434,0,0,1
2025-01-22 19:13:00,mom,19,8,2,0,24.3,76.7,kitchen_light,on,79,1,1,1,-0.9659258262890684,0.2588190451025203,0.9749279121818236,-0.22252093395631434,2,1,1
2025-01-22 19:34:00,son,19,29,2,0,24.3,76.7,living_room_light,on,84,1,1,1,-0.9659258262890684,0.2588190451025203,0.9749279121818236,-0.22252093395631434,0,2,1
2025-01-22 19:28:00,daughter,19,22,2,0,24.3,76.7,living_room_light,on,51,1,1,1,-0.9659258262890684,0.2588190451025203,0.9749279121818236,-0.22252093395631434,0,3,1
2025-01-22 20:13:00,dad,20,28,2,0,23.5,83.5,ac,off,0,1,1,1,-0.8660254037844386,0.5000000000000001,0.9749279121818236,-0.22252093395631434,4,0,0
2025-01-22 20:43:00,mom,20,23,2,0,23.5,83.5,living_room_light,on,64,1,1,0,-0.8660254037844386,0.5000000000000001,0.9749279121818236,-0.22252093395631434,0,1,1
2025-01-22 20:13:00,son,20,46,2,0,23.5,83.5,living_room_light,on,74,1,1,0,-0.8660254037844386,0.5000000000000001,0.9749279121818236,-0.22252093395631434,0,2,1
2025-01-22 21:25:00,dad,21,12,2,0,24.7,79.1,living_room_light,on,63,1,1,0,-0.7071067811865477,0.7071067811865474,0.9749279121818236,-0.22252093395631434,0,0,1
2025-01-22 21:09:00,mom,21,10,2,0,24.7,79.1,living_room_light,on,51,1,1,0,-0.7071067811865477,0.7071067811865474,0.9749279121818236,-0.22252093395631434,0,1,1
2025-01-22 21:03:00,son,21,30,2,0,24.7,79.1,living_room_light,on,73,1,1,0,-0.7071067811865477,0.7071067811865474,0.9749279121818236,-0.22252093395631434,0,2,1
2025-01-22 21:57:00,daughter,21,41,2,0,24.7,79.1,living_room_light,on,41,1,1,0,-0.7071067811865477,0.7071067811865474,0.9749279121818236,-0.22252093395631434,0,3,1
2025-01-22 22:37:00,son,22,29,2,0,25.8,81.0,bedroom_light,on,24,1,1,0,-0.5000000000000004,0.8660254037844384,0.9749279121818236,-0.22252093395631434,1,2,1
2025-01-22 23:38:00,son,23,53,2,0,23.0,79.4,bedroom_light,on,25,1,1,0,-0.25881904510252157,0.9659258262890681,0.9749279121818236,-0.22252093395631434,1,2,1
2025-01-23 06:33:00,dad,6,41,3,0,26.5,69.0,living_room_light,on,80,0,0,0,1.0,6.123233995736766e-17,0.43388373911755823,-0.900968867902419,0,0,1
2025-01-23 06:22:00,mom,6,56,3,0,26.5,69.0,living_room_light,on,57,1,0,0,1.0,6.123233995736766e-17,0.43388373911755823,-0.900968867902419,0,1,1
2025-01-23 07:35:00,dad,7,11,3,0,25.2,63.1,living_room_light,on,74,1,0,0,0.9659258262890683,-0.25881904510252063,0.43388373911755823,-0.900968867902419,0,0,1
2025-01-23 07:35:00,mom,7,59,3,0,25.2,63.1,kitchen_light,on,96,1,0,0,0.9659258262890683,-0.25881904510252063,0.43388373911755823,-0.900968867902419,2,1,1
2025-01-23 08:31:00,dad,8,11,3,0,30.2,67.0,fan,on,3,1,0,0,0.8660254037844387,-0.4999999999999998,0.43388373911755823,-0.900968867902419,3,0,1
2025-01-23 08:15:00,mom,8,45,3,0,30.2,67.0,fan,on,0,1,1,0,0.8660254037844387,-0.4999999999999998,0.43388373911755823,-0.900968867902419,3,1,1
2025-01-23 08:28:00,daughter,8,53,3,0,30.2,67.0,fan,on,4,1,1,0,0.8660254037844387,-0.4999999999999998,0.43388373911755823,-0.900968867902419,3,3,1
2025-01-23 14:47:00,daughter,14,38,3,0,30.0,60.0,fan,on,12,1,1,0,-0.4999999999999997,-0.8660254037844388,0.43388373911755823,-0.900968867902419,3,3,1
2025-01-23 16:08:00,daughter,16,23,3,0,29.1,65.0,fan,on,0,1,1,0,-0.8660254037844385,-0.5000000000000004,0.43388373911755823,-0.900968867902419,3,3,1
2025-01-23 17:56:00,mom,17,16,3,0,28.9,67.4,fan,on,5,1,1,0,-0.9659258262890683,-0.25881904510252063,0.43388373911755823,-0.900968867902419,3,1,1
2025-01-23 17:18:00,son,17,20,3,0,28.9,67.4,fan,on,0,1,1,0,-0.9659258262890683,-0.25881904510252063,0.43388373911755823,-0.900968867902419,3,2,1
2025-01-23 18:38:00,dad,18,45,3,0,26.3,63.5,living_room_light,on,73,1,1,0,-1.0,-1.8369701987210297e-16,0.43388373911755823,-0.900968867902419,0,0,1
2025-01-23 18:51:00,son,18,58,3,0,26.3,63.5,living_room_light,on,71,1,1,0,-1.0,-1.8369701987210297e-16,0.43388373911755823,-0.900968867902419,0,2,1
2025-01-23 18:06:00,daughter,18,17,3,0,26.3,63.5,living_room_light,on,48,1,1,0,-1.0,-1.8369701987210297e-16,0.43388373911755823,-0.900968867902419,0,3,1
2025-01-23 19:45:00,mom,19,24,3,0,24.7,70.8,kitchen_light,on,94,1,1,0,-0.9659258262890684,0.2588190451025203,0.43388373911755823,-0.900968867902419,2,1,1
2025-01-23 19:21:00,son,19,7,3,0,24.7,70.8,living_room_light,on,81,1,1,0,-0.9659258262890684,0.2588190451025203,0.43388373911755823,-0.900968867902419,0,2,1
2025-01-23 19:46:00,daughter,19,9,3,0,24.7,70.8,kitchen_light,on,98,1,1,0,-0.9659258262890684,0.2588190451025203,0.43388373911755823,-0.900968867902419,2,3,1
2025-01-23 20:56:00,dad,20,54,3,0,24.3,76.8,living_room_light,on,63,1,1,0,-0.8660254037844386,0.5000000000000001,0.43388373911755823,-0.900968867902419,0,0,1
2025-01-23 20:04:00,son,20,14,3,0,24.3,76.8,living_room_light,on,80,1,1,0,-0.8660254037844386,0.5000000000000001,0.43388373911755823,-0.900968867902419,0,2,1
2025-01-23 21:50:00,mom,21,42,3,0,25.3,76.2,living_room_light,on,58,1,1,0,-0.7071067811865477,0.7071067811865474,0.43388373911755823,-0.900968867902419,0,1,1
2025-01-23 21:02:00,son,21,16,3,0,25.3,76.2,living_room_light,on,78,1,1,0,-0.7071067811865477,0.7071067811865474,0.43388373911755823,-0.900968867902419,0,2,1
2025-01-23 22:19:00,mom,22,53,3,0,25.4,86.8,bedroom_light,on,21,1,1,0,-0.5000000000000004,0.8660254037844384,0.43388373911755823,-0.900968867902419,1,1,1
2025-01-23 22:55:00,son,22,1,3,0,25.4,86.8,bedroom_light,on,38,1,1,0,-0.5000000000000004,0.8660254037844384,0.43388373911755823,-0.900968867902419,1,2,1
2025-01-24 06:56:00,dad,6,39,4,0,26.1,74.6,living_room_light,on,80,0,0,0,1.0,6.123233995736766e-17,-0.433883739117558,-0.9009688679024191,0,0,1
2025-01-24 06:51:00,mom,6,42,4,0,26.1,74.6,living_room_light,on,72,1,0,0,1.0,6.123233995736766e-17,-0.433883739117558,-0.9009688679024191,0,1,1
2025-01-24 07:50:00,dad,7,58,4,0,28.5,59.1,kitchen_light,on,95,1,0,0,0.9659258262890683,-0.25881904510252063,-0.433883739117558,-0.9009688679024191,2,0,1
2025-01-24 07:44:00,mom,7,40,4,0,28.5,59.1,kitchen_light,on,83,1,0,0,0.9659258262890683,-0.25881904510252063,-0.433883739117558,-0.9009688679024191,2,1,1
2025-01-24 07:10:00,son,7,41,4,0,28.5,59.1,living_room_light,on,94,1,0,0,0.9659258262890683,-0.25881904510252063,-0.433883739117558,-0.9009688679024191,0,2,1
2025-01-24 10:33:00,mom,10,5,4,0,30.5,59.2,fan,on,4,1,0,0,0.49999999999999994,-0.8660254037844387,-0.433883739117558,-0.9009688679024191,3,1,1
2025-01-24 10:51:00,son,10,9,4,0,30.5,59.2,fan,on,6,1,1,0,0.49999999999999994,-0.8660254037844387,-0.433883739117558,-0.9009688679024191,3,2,1
2025-01-24 10:43:00,daughter,10,20,4,0,30.5,59.2,fan,on,0,1,1,0,0.49999999999999994,-0.8660254037844387,-0.433883739117558,-0.9009688679024191,3,3,1
2025-01-24 11:01:00,son,11,28,4,0,30.6,59.5,fan,on,0,1,1,0,0.258819045102521,-0.9659258262890682,-0.433883739117558,-0.9009688679024191,3,2,1
2025-01-24 12:15:00,dad,12,33,4,0,30.7,59.0,kitchen_light,on,96,1,1,0,1.2246467991473532e-16,-1.0,-0.433883739117558,-0.9009688679024191,2,0,1
2025-01-24 12:55:00,mom,12,18,4,0,30.7,59.0,fan,on,1,1,1,0,1.2246467991473532e-16,-1.0,-0.433883739117558,-0.9009688679024191,3,1,1
2025-01-24 12:29:00,son,12,28,4,0,30.7,59.0,fan,on,6,1,1,0,1.2246467991473532e-16,-1.0,-0.433883739117558,-0.9009688679024191,3,2,1
2025-01-24 13:11:00,daughter,13,19,4,0,29.0,57.2,fan,on,2,1,1,0,-0.2588190451025208,-0.9659258262890683,-0.433883739117558,-0.9009688679024191,3,3,1
2025-01-24 15:41:00,daughter,15,15,4,0,28.8,61.8,fan,on,6,1,1,0,-0.7071067811865471,-0.7071067811865479,-0.433883739117558,-0.9009688679024191,3,3,1
2025-01-24 18:10:00,dad,18,42,4,0,25.0,70.0,living_room_light,on,65,1,1,0,-1.0,-1.8369701987210297e-16,-0.433883739117558,-0.9009688679024191,0,0,1
2025-01-24 18:44:00,mom,18,31,4,0,25.0,70.0,living_room_light,on,54,1,1,0,-1.0,-1.8369701987210297e-16,-0.433883739117558,-0.9009688679024191,0,1,1
2025-01-24 18:38:00,son,18,31,4,0,25.0,70.0,living_room_light,on,74,1,1,0,-1.0,-1.8369701987210297e-16,-0.433883739117558,-0.9009688679024191,0,2,1
2025-01-24 19:39:00,mom,19,14,4,0,23.6,71.9,ac,off,0,1,1,0,-0.9659258262890684,0.2588190451025203,-0.433883739117558,-0.9009688679024191,4,1,0
2025-01-24 19:41:00,son,19,6,4,0,23.6,71.9,fan,off,0,1,1,0,-0.9659258262890684,0.2588190451025203,-0.433883739117558,-0.9009688679024191,3,2,0
2025-01-24 19:11:00,daughter,19,26,4,0,23.6,71.9,living_room_light,on,44,1,0,0,-0.9659258262890684,0.2588190451025203,-0.433883739117558,-0.9009688679024191,0,3,1
2025-01-24 20:22:00,dad,20,42,4,0,24.0,72.2,fan,off,0,1,0,0,-0.8660254037844386,0.5000000000000001,-0.433883739117558,-0.9009688679024191,3,0,0
2025-01-24 20:24:00,mom,20,15,4,0,24.0,72.2,living_room_light,on,51,1,0,0,-0.8660254037844386,0.5000000000000001,-0.433883739117558,-0.9009688679024191,0,1,1
2025-01-24 21:37:00,dad,21,45,4,0,23.7,81.5,ac,off,0,1,0,0,-0.7071067811865477,0.7071067811865474,-0.433883739117558,-0.9009688679024191,4,0,0
2025-01-24 21:35:00,mom,21,35,4,0,23.7,81.5,ac,off,0,1,0,0,-0.7071067811865477,0.7071067811865474,-0.433883739117558,-0.9009688679024191,4,1,0
2025-01-24 21:39:00,son,21,5,4,0,23.7,81.5,fan,off,0,1,0,0,-0.7071067811865477,0.7071067811865474,-0.433883739117558,-0.9009688679024191,3,2,0
2025-01-24 21:35:00,daughter,21,41,4,0,23.7,81.5,fan,off,0,1,0,0,-0.7071067811865477,0.7071067811865474,-0.433883739117558,-0.9009688679024191,3,3,0
2025-01-24 22:37:00,son,22,33,4,0,24.9,79.1,bedroom_light,on,35,1,0,0,-0.5000000000000004,0.8660254037844384,-0.433883739117558,-0.9009688679024191,1,2,1
2025-01-25 06:41:00,dad,6,13,5,1,25.2,71.3,living_room_light,on,81,0,0,0,1.0,6.123233995736766e-17,-0.9749279121818236,-0.2225209339563146,0,0,1
2025-01-25 06:27:00,mom,6,28,5,1,25.2,71.3,living_room_light,on,75,1,0,0,1.0,6.123233995736766e-17,-0.9749279121818236,-0.2225209339563146,0,1,1
2025-01-25 07:15:00,dad,7,31,5,1,26.0,70.5,kitchen_light,on,86,1,0,0,0.9659258262890683,-0.25881904510252063,-0.9749279121818236,-0.2225209339563146,2,0,1
2025-01-25 07:04:00,mom,7,8,5,1,26.0,70.5,kitchen_light,on,85,1,0,0,0.9659258262890683,-0.25881904510252063,-0.9749279121818236,-0.2225209339563146,2,1,1
2025-01-25 07:47:00,son,7,57,5,1,26.0,70.5,living_room_light,on,100,1,0,0,0.9659258262890683,-0.25881904510252063,-0.9749279121818236,-0.2225209339563146,0,2,1
2025-01-25 09:18:00,dad,9,0,5,1,29.1,65.4,fan,on,0,1,0,0,0.7071067811865476,-0.7071067811865475,-0.9749279121818236,-0.2225209339563146,3,0,1
2025-01-25 09:14:00,mom,9,59,5,1,29.1,65.4,fan,on,6,1,1,0,0.7071067811865476,-0.7071067811865475,-0.9749279121818236,-0.2225209339563146,3,1,1
2025-01-25 09:02:00,son,9,9,5,1,29.1,65.4,fan,on,0,1,1,0,0.7071067811865476,-0.7071067811865475,-0.9749279121818236,-0.2225209339563146,3,2,1
2025-01-25 10:37:00,dad,10,59,5,1,30.5,63.1,fan,on,0,1,1,0,0.49999999999999994,-0.8660254037844387,-0.9749279121818236,-0.2225209339563146,3,0,1
2025-01-25 10:49:00,mom,10,42,5,1,30.5,63.1,fan,on,0,1,1,0,0.49999999999999994,-0.8660254037844387,-0.9749279121818236,-0.2225209339563146,3,1,1
2025-01-25 10:56:00,son,10,43,5,1,30.5,63.1,fan,on,16,1,1,0,0.49999999999999994,-0.8660254037844387,-0.9749279121818236,-0.2225209339563146,3,2,1
2025-01-25 11:51:00,dad,11,53,5,1,31.3,59.2,fan,on,7,1,1,0,0.258819045102521,-0.9659258262890682,-0.9749279121818236,-0.2225209339563146,3,0,1
2025-01-25 11:52:00,mom,11,39,5,1,31.3,59.2,fan,on,0,1,1,0,0.258819045102521,-0.9659258262890682,-0.9749279121818236,-0.2225209339563146,3,1,1
2025-01-25 11:10:00,son,11,47,5,1,31.3,59.2,fan,on,8,1,1,0,0.258819045102521,-0.9659258262890682,-0.9749279121818236,-0.2225209339563146,3,2,1
2025-01-25 11:22:00,daughter,11,38,5,1,31.3,59.2,fan,on,0,1,1,0,0.258819045102521,-0.9659258262890682,-0.9749279121818236,-0.2225209339563146,3,3,1
2025-01-25 12:24:00,dad,12,57,5,1,29.9,49.7,kitchen_light,on,87,1,1,0,1.2246467991473532e-16,-1.0,-0.9749279121818236,-0.2225209339563146,2,0,1
2025-01-25 12:40:00,mom,12,41,5,1,29.9,49.7,fan,on,3,1,1,0,1.2246467991473532e-16,-1.0,-0.9749279121818236,-0.2225209339563146,3,1,1
2025-01-25 12:21:00,son,12,35,5,1,29.9,49.7,fan,on,0,1,1,0,1.2246467991473532e-16,-1.0,-0.9749279121818236,-0.2225209339563146,3,2,1
2025-01-25 12:15:00,daughter,12,4,5,1,29.9,49.7,fan,on,6,1,1,0,1.2246467991473532e-16,-1.0,-0.9749279121818236,-0.2225209339563146,3,3,1
2025-01-25 13:45:00,dad,13,52,5,1,31.5,63.4,fan,on,0,1,1,0,-0.2588190451025208,-0.9659258262890683,-0.9749279121818236,-0.2225209339563146,3,0,1
2025-01-25 13:15:00,mom,13,56,5,1,31.5,63.4,fan,on,0,1,1,0,-0.2588190451025208,-0.9659258262890683,-0.9749279121818236,-0.2225209339563146,3,1,1
2025-01-25 13:29:00,son,13,11,5,1,31.5,63.4,fan,on,0,1,1,0,-0.2588190451025208,-0.9659258262890683,-0.9749279121818236,-0.2225209339563146,3,2,1
2025-01-25 13:17:00,daughter,13,16,5,1,31.5,63.4,fan,on,0,1,1,0,-0.2588190451025208,-0.9659258262890683,-0.9749279121818236,-0.2225209339563146,3,3,1
2025-01-25 14:31:00,dad,14,21,5,1,29.3,67.3,fan,on,0,1,1,0,-0.4999999999999997,-0.8660254037844388,-0.9749279121818236,-0.2225209339563146,3,0,1
2025-01-25 14:07:00,mom,14,14,5,1,29.3,67.3,fan,on,3,1,1,0,-0.4999999999999997,-0.8660254037844388,-0.9749279121818236,-0.2225209339563146,3,1,1
2025-01-25 14:16:00,son,14,16,5,1,29.3,67.3,fan,on,1,1,1,0,-0.4999999999999997,-0.8660254037844388,-0.9749279121818236,-0.2225209339563146,3,2,1
2025-01-25 14:57:00,daughter,14,11,5,1,29.3,67.3,fan,on,6,1,1,0,-0.4999999999999997,-0.8660254037844388,-0.9749279121818236,-0.2225209339563146,3,3,1
2025-01-25 15:10:00,dad,15,13,5,1,28.8,60.4,fan,on,0,1,1,0,-0.7071067811865471,-0.7071067811865479,-0.9749279121818236,-0.2225209339563146,3,0,1
2025-01-25 15:29:00,mom,15,13,5,1,28.8,60.4,fan,on,2,1,1,0,-0.7071067811865471,-0.7071067811865479,-0.9749279121818236,-0.2225209339563146,3,1,1
2025-01-25 15:53:00,son,15,49,5,1,28.8,60.4,fan,on,0,1,1,0,-0.7071067811865471,-0.7071067811865479,-0.9749279121818236,-0.2225209339563146,3,2,1
2025-01-25 15:09:00,daughter,15,36,5,1,28.8,60.4,fan,on,12,1,1,0,-0.7071067811865471,-0.7071067811865479,-0.9749279121818236,-0.2225209339563146,3,3,1
2025-01-25 16:43:00,dad,16,41,5,1,28.3,59.0,fan,on,7,1,1,0,-0.8660254037844385,-0.5000000000000004,-0.9749279121818236,-0.2225209339563146,3,0,1
2025-01-25 16:21:00,mom,16,10,5,1,28.3,59.0,fan,on,1,1,1,0,-0.8660254037844385,-0.5000000000000004,-0.9749279121818236,-0.2225209339563146,3,1,1
2025-01-25 16:27:00,son,16,39,5,1,28.3,59.0,fan,on,2,1,1,0,-0.8660254037844385,-0.5000000000000004,-0.9749279121818236,-0.2225209339563146,3,2,1
2025-01-25 17:42:00,mom,17,34,5,1,28.4,58.6,fan,on,1,1,1,0,-0.9659258262890683,-0.25881904510252063,-0.9749279121818236,-0.2225209339563146,3,1,1
2025-01-25 17:32:00,daughter,17,52,5,1,28.4,58.6,fan,on,10,1,1,0,-0.9659258262890683,-0.25881904510252063,-0.9749279121818236,-0.2225209339563146,3,3,1
2025-01-25 18:52:00,dad,18,35,5,1,26.0,67.1,living_room_light,on,63,1,1,0,-1.0,-1.8369701987210297e-16,-0.9749279121818236,-0.2225209339563146,0,0,1
2025-01-25 18:55:00,mom,18,6,5,1,26.0,67.1,living_room_light,on,56,1,1,0,-1.0,-1.8369701987210297e-16,-0.9749279121818236,-0.2225209339563146,0,1,1
2025-01-25 18:16:00,son,18,23,5,1,26.0,67.1,living_room_light,on,82,1,1,0,-1.0,-1.8369701987210297e-16,-0.9749279121818236,-0.2225209339563146,0,2,1
2025-01-25 18:23:00,daughter,18,35,5,1,26.0,67.1,living_room_light,on,49,1,1,0,-1.0,-1.8369701987210297e-16,-0.9749279121818236,-0.2225209339563146,0,3,1
2025-01-25 19:15:00,mom,19,11,5,1,24.9,71.8,living_room_light,on,53,1,1,0,-0.9659258262890684,0.2588190451025203,-0.9749279121818236,-0.2225209339563146,0,1,1
2025-01-25 19:44:00,son,19,28,5,1,24.9,71.8,living_room_light,on,80,1,1,0,-0.9659258262890684,0.2588190451025203,-0.9749279121818236,-0.2225209339563146,0,2,1
2025-01-25 20:08:00,mom,20,35,5,1,23.8,78.9,living_room_light,on,57,1,1,0,-0.8660254037844386,0.5000000000000001,-0.9749279121818236,-0.2225209339563146,0,1,1
2025-01-25 20:59:00,son,20,13,5,1,23.8,78.9,living_room_light,on,79,1,1,0,-0.8660254037844386,0.5000000000000001,-0.9749279121818236,-0.2225209339563146,0,2,1
2025-01-25 20:31:00,daughter,20,8,5,1,23.8,78.9,fan,off,0,1,1,0,-0.8660254037844386,0.5000000000000001,-0.9749279121818236,-0.2225209339563146,3,3,0
2025-01-25 21:49:00,mom,21,41,5,1,25.9,80.7,living_room_light,on,58,1,0,0,-0.7071067811865477,0.7071067811865474,-0.9749279121818236,-0.2225209339563146,0,1,1
2025-01-25 21:32:00,son,21,17,5,1,25.9,80.7,living_room_light,on,84,1,0,0,-0.7071067811865477,0.7071067811865474,-0.9749279121818236,-0.2225209339563146,0,2,1
2025-01-25 22:03:00,mom,22,3,5,1,23.3,80.6,bedroom_light,on,36,1,0,0,-0.5000000000000004,0.8660254037844384,-0.9749279121818236,-0.2225209339563146,1,1,1
2025-01-25 22:04:00,son,22,25,5,1,23.3,80.6,ac,off,0,1,0,0,-0.5000000000000004,0.8660254037844384,-0.9749279121818236,-0.2225209339563146,4,2,0
2025-01-26 06:49:00,dad,6,19,6,1,26.6,69.1,living_room_light,on,83,0,0,0,1.0,6.123233995736766e-17,-0.7818314824680299,0.6234898018587334,0,0,1
2025-01-26 06:36:00,mom,6,36,6,1,26.6,69.1,living_room_light,on,75,1,0,0,1.0,6.123233995736766e-17,-0.7818314824680299,0.6234898018587334,0,1,1
2025-01-26 07:42:00,dad,7,15,6,1,27.0,67.0,living_room_light,on,81,1,0,0,0.9659258262890683,-0.25881904510252063,-0.7818314824680299,0.6234898018587334,0,0,1
2025-01-26 07:12:00,mom,7,38,6,1,27.0,67.0,kitchen_light,on,85,1,0,0,0.9659258262890683,-0.25881904510252063,-0.7818314824680299,0.6234898018587334,2,1,1
2025-01-26 07:34:00,son,7,59,6,1,27.0,67.0,living_room_light,on,100,1,0,0,0.9659258262890683,-0.25881904510252063,-0.7818314824680299,0.6234898018587334,0,2,1
2025-01-26 07:05:00,daughter,7,21,6,1,27.0,67.0,kitchen_light,on,89,1,0,0,0.9659258262890683,-0.25881904510252063,-0.7818314824680299,0.6234898018587334,2,3,1
2025-01-26 09:12:00,mom,9,11,6,1,29.5,64.5,fan,on,0,1,0,0,0.7071067811865476,-0.7071067811865475,-0.7818314824680299,0.6234898018587334,3,1,1
2025-01-26 09:56:00,son,9,46,6,1,29.5,64.5,fan,on,9,1,1,0,0.7071067811865476,-0.7071067811865475,-0.7818314824680299,0.6234898018587334,3,2,1
2025-01-26 10:06:00,dad,10,51,6,1,30.6,50.9,fan,on,0,1,1,0,0.49999999999999994,-0.8660254037844387,-0.7818314824680299,0.6234898018587334,3,0,1
2025-01-26 10:09:00,mom,10,35,6,1,30.6,50.9,fan,on,0,1,1,0,0.49999999999999994,-0.8660254037844387,-0.7818314824680299,0.6234898018587334,3,1,1
2025-01-26 10:25:00,son,10,33,6,1,30.6,50.9,fan,on,7,1,1,0,0.49999999999999994,-0.8660254037844387,-0.7818314824680299,0.6234898018587334,3,2,1
2025-01-26 10:27:00,daughter,10,4,6,1,30.6,50.9,fan,on,6,1,1,0,0.49999999999999994,-0.8660254037844387,-0.7818314824680299,0.6234898018587334,3,3,1
2025-01-26 11:15:00,dad,11,1,6,1,30.1,63.2,fan,on,0,1,1,0,0.258819045102521,-0.9659258262890682,-0.7818314824680299,0.6234898018587334,3,0,1
2025-01-26 11:27:00,mom,11,36,6,1,30.1,63.2,fan,on,7,1,1,0,0.258819045102521,-0.9659258262890682,-0.7818314824680299,0.6234898018587334,3,1,1
2025-01-26 11:08:00,son,11,9,6,1,30.1,63.2,fan,on,0,1,1,0,0.258819045102521,-0.9659258262890682,-0.7818314824680299,0.6234898018587334,3,2,1
2025-01-26 12:19:00,mom,12,23,6,1,31.2,61.3,fan,on,1,1,1,0,1.2246467991473532e-16,-1.0,-0.7818314824680299,0.6234898018587334,3,1,1
2025-01-26 12:00:00,son,12,21,6,1,31.2,61.3,fan,on,12,1,1,0,1.2246467991473532e-16,-1.0,-0.7818314824680299,0.6234898018587334,3,2,1
2025-01-26 12:19:00,daughter,12,8,6,1,31.2,61.3,kitchen_light,on,85,1,1,0,1.2246467991473532e-16,-1.0,-0.7818314824680299,0.6234898018587334,2,3,1
2025-01-26 13:21:00,dad,13,9,6,1,30.4,59.8,fan,on,4,1,1,0,-0.2588190451025208,-0.9659258262890683,-0.7818314824680299,0.6234898018587334,3,0,1
2025-01-26 13:45:00,mom,13,1,6,1,30.4,59.8,fan,on,0,1,1,0,-0.2588190451025208,-0.9659258262890683,-0.7818314824680299,0.6234898018587334,3,1,1
2025-01-26 13:21:00,son,13,26,6,1,30.4,59.8,fan,on,9,1,1,0,-0.2588190451025208,-0.9659258262890683,-0.7818314824680299,0.6234898018587334,3,2,1
2025-01-26 13:27:00,daughter,13,22,6,1,30.4,59.8,fan,on,3,1,1,0,-0.2588190451025208,-0.9659258262890683,-0.7818314824680299,0.6234898018587334,3,3,1
2025-01-26 14:37:00,dad,14,48,6,1,31.8,52.2,fan,on,0,1,1,0,-0.4999999999999997,-0.8660254037844388,-0.7818314824680299,0.6234898018587334,3,0,1
2025-01-26 14:06:00,mom,14,3,6,1,31.8,52.2,fan,on,5,1,1,0,-0.4999999999999997,-0.8660254037844388,-0.7818314824680299,0.6234898018587334,3,1,1
2025-01-26 14:29:00,son,14,48,6,1,31.8,52.2,fan,on,3,1,1,0,-0.4999999999999997,-0.8660254037844388,-0.7818314824680299,0.6234898018587334,3,2,1
2025-01-26 15:56:00,dad,15,38,6,1,29.0,61.1,fan,on,0,1,1,0,-0.7071067811865471,-0.7071067811865479,-0.7818314824680299,0.6234898018587334,3,0,1
2025-01-26 15:39:00,mom,15,0,6,1,29.0,61.1,fan,on,5,1,1,0,-0.7071067811865471,-0.7071067811865479,-0.7818314824680299,0.6234898018587334,3,1,1
2025-01-26 16:56:00,dad,16,45,6,1,28.2,58.8,fan,on,6,1,1,0,-0.8660254037844385,-0.5000000000000004,-0.7818314824680299,0.6234898018587334,3,0,1
2025-01-26 16:48:00,mom,16,49,6,1,28.2,58.8,fan,on,3,1,1,0,-0.8660254037844385,-0.5000000000000004,-0.7818314824680299,0.6234898018587334,3,1,1
2025-01-26 16:59:00,daughter,16,55,6,1,28.2,58.8,fan,on,11,1,1,0,-0.8660254037844385,-0.5000000000000004,-0.7818314824680299,0.6234898018587334,3,3,1
2025-01-26 17:14:00,dad,17,7,6,1,28.5,67.0,fan,on,2,1,1,0,-0.9659258262890683,-0.25881904510252063,-0.7818314824680299,0.6234898018587334,3,0,1
2025-01-26 17:03:00,mom,17,52,6,1,28.5,67.0,fan,on,2,1,1,0,-0.9659258262890683,-0.25881904510252063,-0.7818314824680299,0.6234898018587334,3,1,1
2025-01-26 17:44:00,son,17,6,6,1,28.5,67.0,fan,on,0,1,1,0,-0.9659258262890683,-0.25881904510252063,-0.7818314824680299,0.6234898018587334,3,2,1
2025-01-26 18:12:00,dad,18,32,6,1,26.1,66.3,living_room_light,on,71,1,1,0,-1.0,-1.8369701987210297e-16,-0.7818314824680299,0.6234898018587334,0,0,1
2025-01-26 18:43:00,mom,18,20,6,1,26.1,66.3,living_room_light,on,54,1,1,0,-1.0,-1.8369701987210297e-16,-0.7818314824680299,0.6234898018587334,0,1,1
2025-01-26 18:04:00,son,18,37,6,1,26.1,66.3,living_room_light,on,81,1,1,0,-1.0,-1.8369701987210297e-16,-0.7818314824680299,0.6234898018587334,0,2,1
2025-01-26 18:42:00,daughter,18,33,6,1,26.1,66.3,living_room_light,on,60,1,1,0,-1.0,-1.8369701987210297e-16,-0.7818314824680299,0.6234898018587334,0,3,1
2025-01-26 19:28:00,dad,19,52,6,1,23.0,80.2,ac,off,0,1,1,0,-0.9659258262890684,0.2588190451025203,-0.7818314824680299,0.6234898018587334,4,0,0
2025-01-26 19:03:00,mom,19,14,6,1,23.0,80.2,ac,off,0,1,1,0,-0.9659258262890684,0.2588190451025203,-0.7818314824680299,0.6234898018587334,4,1,0
2025-01-26 19:03:00,son,19,30,6,1,23.0,80.2,kitchen_light,on,89,1,1,0,-0.9659258262890684,0.2588190451025203,-0.7818314824680299,0.6234898018587334,2,2,1
2025-01-26 19:17:00,daughter,19,29,6,1,23.0,80.2,living_room_light,on,39,1,1,0,-0.9659258262890684,0.2588190451025203,-0.7818314824680299,0.6234898018587334,0,3,1
2025-01-26 20:54:00,dad,20,52,6,1,22.3,78.2,living_room_light,on,69,1,1,0,-0.8660254037844386,0.5000000000000001,-0.7818314824680299,0.6234898018587334,0,0,1
2025-01-26 20:16:00,mom,20,40,6,1,22.3,78.2,ac,off,0,1,1,0,-0.8660254037844386,0.5000000000000001,-0.7818314824680299,0.6234898018587334,4,1,0
2025-01-26 20:13:00,son,20,2,6,1,22.3,78.2,fan,off,0,1,1,0,-0.8660254037844386,0.5000000000000001,-0.7818314824680299,0.6234898018587334,3,2,0
2025-01-26 21:41:00,dad,21,35,6,1,25.8,77.3,living_room_light,on,64,1,0,0,-0.7071067811865477,0.7071067811865474,-0.7818314824680299,0.6234898018587334,0,0,1
2025-01-26 21:04:00,mom,21,53,6,1,25.8,77.3,living_room_light,on,54,1,0,0,-0.7071067811865477,0.7071067811865474,-0.7818314824680299,0.6234898018587334,0,1,1
2025-01-26 22:05:00,mom,22,53,6,1,24.0,79.1,bedroom_light,on,32,1,0,0,-0.5000000000000004,0.8660254037844384,-0.7818314824680299,0.6234898018587334,1,1,1
2025-01-27 06:57:00,dad,6,27,0,0,25.6,70.6,living_room_light,on,85,0,0,0,1.0,6.123233995736766e-17,0.0,1.0,0,0,1
2025-01-27 07:08:00,dad,7,0,0,0,26.2,68.0,living_room_light,on,73,1,0,0,0.9659258262890683,-0.25881904510252063,0.0,1.0,0,0,1
2025-01-27 07:08:00,mom,7,26,0,0,26.2,68.0,living_room_light,on,71,1,0,0,0.9659258262890683,-0.25881904510252063,0.0,1.0,0,1,1
2025-01-27 08:44:00,mom,8,54,0,0,28.7,61.4,fan,on,1,1,0,0,0.8660254037844387,-0.4999999999999998,0.0,1.0,3,1,1
2025-01-27 08:52:00,daughter,8,25,0,0,28.7,61.4,fan,on,3,1,1,0,0.8660254037844387,-0.4999999999999998,0.0,1.0,3,3,1
2025-01-27 09:24:00,dad,9,35,0,0,29.0,60.7,fan,on,0,1,1,0,0.7071067811865476,-0.7071067811865475,0.0,1.0,3,0,1
2025-01-27 10:55:00,dad,10,10,0,0,30.2,56.3,fan,on,0,1,1,0,0.49999999999999994,-0.8660254037844387,0.0,1.0,3,0,1
2025-01-27 12:50:00,dad,12,50,0,0,30.6,56.8,kitchen_light,on,86,1,1,0,1.2246467991473532e-16,-1.0,0.0,1.0,2,0,1
2025-01-27 12:32:00,mom,12,8,0,0,30.6,56.8,kitchen_light,on,92,1,1,0,1.2246467991473532e-16,-1.0,0.0,1.0,2,1,1
2025-01-27 13:21:00,mom,13,15,0,0,31.4,52.0,fan,on,11,1,1,0,-0.2588190451025208,-0.9659258262890683,0.0,1.0,3,1,1
2025-01-27 16:08:00,mom,16,37,0,0,28.4,69.9,fan,on,5,1,1,0,-0.8660254037844385,-0.5000000000000004,0.0,1.0,3,1,1
2025-01-27 16:15:00,son,16,34,0,0,28.4,69.9,fan,on,11,1,1,0,-0.8660254037844385,-0.5000000000000004,0.0,1.0,3,2,1
2025-01-27 16:48:00,daughter,16,38,0,0,28.4,69.9,fan,on,3,1,1,0,-0.8660254037844385,-0.5000000000000004,0.0,1.0,3,3,1
2025-01-27 17:15:00,daughter,17,59,0,0,28.7,63.0,fan,on,0,1,1,0,-0.9659258262890683,-0.25881904510252063,0.0,1.0,3,3,1
2025-01-27 18:53:00,mom,18,3,0,0,26.5,66.8,living_room_light,on,50,1,1,0,-1.0,-1.8369701987210297e-16,0.0,1.0,0,1,1
2025-01-27 18:44:00,son,18,41,0,0,26.5,66.8,living_room_light,on,79,1,1,0,-1.0,-1.8369701987210297e-16,0.0,1.0,0,2,1
2025-01-27 18:36:00,daughter,18,55,0,0,26.5,66.8,living_room_light,on,50,1,1,0,-1.0,-1.8369701987210297e-16,0.0,1.0,0,3,1
2025-01-27 19:41:00,dad,19,37,0,0,25.1,71.7,living_room_light,on,61,1,1,0,-0.9659258262890684,0.2588190451025203,0.0,1.0,0,0,1
2025-01-27 19:29:00,mom,19,22,0,0,25.1,71.7,kitchen_light,on,92,1,1,0,-0.9659258262890684,0.2588190451025203,0.0,1.0,2,1,1
2025-01-27 19:54:00,son,19,56,0,0,25.1,71.7,living_room_light,on,82,1,1,0,-0.9659258262890684,0.2588190451025203,0.0,1.0,0,2,1
2025-01-27 20:54:00,mom,20,0,0,0,24.1,75.9,living_room_light,on,56,1,1,0,-0.8660254037844386,0.5000000000000001,0.0,1.0,0,1,1
2025-01-27 20:36:00,daughter,20,32,0,0,24.1,75.9,living_room_light,on,37,1,1,0,-0.8660254037844386,0.5000000000000001,0.0,1.0,0,3,1
2025-01-27 21:24:00,dad,21,15,0,0,23.6,83.8,living_room_light,on,58,1,1,0,-0.7071067811865477,0.7071067811865474,0.0,1.0,0,0,1
2025-01-27 21:35:00,mom,21,33,0,0,23.6,83.8,living_room_light,on,45,1,1,0,-0.7071067811865477,0.7071067811865474,0.0,1.0,0,1,1
2025-01-27 21:33:00,daughter,21,51,0,0,23.6,83.8,living_room_light,on,44,1,1,0,-0.7071067811865477,0.7071067811865474,0.0,1.0,0,3,1
2025-01-27 22:00:00,mom,22,55,0,0,24.9,78.7,bedroom_light,on,33,1,1,0,-0.5000000000000004,0.8660254037844384,0.0,1.0,1,1,1
2025-01-27 23:49:00,son,23,17,0,0,24.6,69.9,bedroom_light,on,26,1,1,0,-0.25881904510252157,0.9659258262890681,0.0,1.0,1,2,1
2025-01-28 06:59:00,dad,6,45,1,0,25.6,63.8,living_room_light,on,76,0,0,0,1.0,6.123233995736766e-17,0.7818314824680298,0.6234898018587336,0,0,1
2025-01-28 06:29:00,mom,6,13,1,0,25.6,63.8,living_room_light,on,68,1,0,0,1.0,6.123233995736766e-17,0.7818314824680298,0.6234898018587336,0,1,1
2025-01-28 07:25:00,dad,7,13,1,0,28.1,57.6,living_room_light,on,89,1,0,0,0.9659258262890683,-0.25881904510252063,0.7818314824680298,0.6234898018587336,0,0,1
2025-01-28 07:43:00,son,7,12,1,0,28.1,57.6,kitchen_light,on,94,1,0,0,0.9659258262890683,-0.25881904510252063,0.7818314824680298,0.6234898018587336,2,2,1
2025-01-28 07:13:00,daughter,7,9,1,0,28.1,57.6,kitchen_light,on,87,1,0,0,0.9659258262890683,-0.25881904510252063,0.7818314824680298,0.6234898018587336,2,3,1
2025-01-28 08:58:00,mom,8,49,1,0,29.2,56.5,fan,on,4,1,0,0,0.8660254037844387,-0.4999999999999998,0.7818314824680298,0.6234898018587336,3,1,1
2025-01-28 10:53:00,mom,10,13,1,0,31.5,55.0,fan,on,0,1,1,0,0.49999999999999994,-0.8660254037844387,0.7818314824680298,0.6234898018587336,3,1,1
2025-01-28 10:38:00,son,10,22,1,0,31.5,55.0,fan,on,2,1,1,0,0.49999999999999994,-0.8660254037844387,0.7818314824680298,0.6234898018587336,3,2,1
2025-01-28 11:53:00,mom,11,59,1,0,30.2,61.8,fan,on,4,1,1,0,0.258819045102521,-0.9659258262890682,0.7818314824680298,0.6234898018587336,3,1,1
2025-01-28 11:02:00,son,11,21,1,0,30.2,61.8,fan,on,4,1,1,0,0.258819045102521,-0.9659258262890682,0.7818314824680298,0.6234898018587336,3,2,1
2025-01-28 12:34:00,dad,12,54,1,0,31.6,56.7,kitchen_light,on,76,1,1,0,1.2246467991473532e-16,-1.0,0.7818314824680298,0.6234898018587336,2,0,1
2025-01-28 12:43:00,daughter,12,55,1,0,31.6,56.7,kitchen_light,on,88,1,1,0,1.2246467991473532e-16,-1.0,0.7818314824680298,0.6234898018587336,2,3,1
2025-01-28 13:42:00,mom,13,21,1,0,33.1,44.6,ac,on,25,1,1,0,-0.2588190451025208,-0.9659258262890683,0.7818314824680298,0.6234898018587336,4,1,1
2025-01-28 13:37:00,daughter,13,0,1,0,33.1,44.6,ac,on,17,1,1,1,-0.2588190451025208,-0.9659258262890683,0.7818314824680298,0.6234898018587336,4,3,1
2025-01-28 14:54:00,mom,14,39,1,0,31.7,57.4,fan,on,2,1,1,1,-0.4999999999999997,-0.8660254037844388,0.7818314824680298,0.6234898018587336,3,1,1
2025-01-28 18:54:00,dad,18,15,1,0,27.7,69.4,living_room_light,on,67,1,1,1,-1.0,-1.8369701987210297e-16,0.7818314824680298,0.6234898018587336,0,0,1
2025-01-28 18:06:00,son,18,10,1,0,27.7,69.4,living_room_light,on,94,1,1,1,-1.0,-1.8369701987210297e-16,0.7818314824680298,0.6234898018587336,0,2,1
2025-01-28 19:23:00,dad,19,18,1,0,24.3,77.1,living_room_light,on,61,1,1,1,-0.9659258262890684,0.2588190451025203,0.7818314824680298,0.6234898018587336,0,0,1
2025-01-28 19:47:00,daughter,19,54,1,0,24.3,77.1,kitchen_light,on,99,1,1,1,-0.9659258262890684,0.2588190451025203,0.7818314824680298,0.6234898018587336,2,3,1
2025-01-28 20:03:00,dad,20,32,1,0,23.6,65.4,ac,off,0,1,1,1,-0.8660254037844386,0.5000000000000001,0.7818314824680298,0.6234898018587336,4,0,0
2025-01-28 20:56:00,son,20,29,1,0,23.6,65.4,living_room_light,on,82,1,1,0,-0.8660254037844386,0.5000000000000001,0.7818314824680298,0.6234898018587336,0,2,1
2025-01-28 22:49:00,mom,22,28,1,0,23.7,76.8,fan,off,0,1,1,0,-0.5000000000000004,0.8660254037844384,0.7818314824680298,0.6234898018587336,3,1,0
2025-01-28 22:19:00,daughter,22,12,1,0,23.7,76.8,fan,off,0,1,0,0,-0.5000000000000004,0.8660254037844384,0.7818314824680298,0.6234898018587336,3,3,0
2025-01-28 23:48:00,son,23,47,1,0,24.0,77.6,bedroom_light,on,35,1,0,0,-0.25881904510252157,0.9659258262890681,0.7818314824680298,0.6234898018587336,1,2,1
2025-01-29 06:25:00,dad,6,26,2,0,26.1,58.0,living_room_light,on,75,0,0,0,1.0,6.123233995736766e-17,0.9749279121818236,-0.22252093395631434,0,0,1
2025-01-29 06:11:00,mom,6,43,2,0,26.1,58.0,living_room_light,on,71,1,0,0,1.0,6.123233995736766e-17,0.9749279121818236,-0.22252093395631434,0,1,1
2025-01-29 07:20:00,dad,7,40,2,0,28.0,67.6,kitchen_light,on,89,1,0,0,0.9659258262890683,-0.25881904510252063,0.9749279121818236,-0.22252093395631434,2,0,1
2025-01-29 07:57:00,mom,7,38,2,0,28.0,67.6,fan,on,4,1,0,0,0.9659258262890683,-0.25881904510252063,0.9749279121818236,-0.22252093395631434,3,1,1
2025-01-29 07:44:00,son,7,52,2,0,28.0,67.6,fan,on,0,1,1,0,0.9659258262890683,-0.25881904510252063,0.9749279121818236,-0.22252093395631434,3,2,1
2025-01-29 09:28:00,dad,9,36,2,0,29.8,60.0,fan,on,3,1,1,0,0.7071067811865476,-0.7071067811865475,0.9749279121818236,-0.22252093395631434,3,0,1
2025-01-29 09:31:00,daughter,9,43,2,0,29.8,60.0,fan,on,0,1,1,0,0.7071067811865476,-0.7071067811865475,0.9749279121818236,-0.22252093395631434,3,3,1
2025-01-29 10:33:00,dad,10,56,2,0,30.8,64.2,fan,on,0,1,1,0,0.49999999999999994,-0.8660254037844387,0.9749279121818236,-0.22252093395631434,3,0,1
2025-01-29 10:05:00,daughter,10,59,2,0,30.8,64.2,fan,on,1,1,1,0,0.49999999999999994,-0.8660254037844387,0.9749279121818236,-0.22252093395631434,3,3,1
2025-01-29 11:09:00,mom,11,37,2,0,31.0,56.6,fan,on,0,1,1,0,0.258819045102521,-0.9659258262890682,0.9749279121818236,-0.22252093395631434,3,1,1
2025-01-29 11:39:00,son,11,17,2,0,31.0,56.6,fan,on,0,1,1,0,0.258819045102521,-0.9659258262890682,0.9749279121818236,-0.22252093395631434,3,2,1
2025-01-29 11:03:00,daughter,11,30,2,0,31.0,56.6,fan,on,3,1,1,0,0.258819045102521,-0.9659258262890682,0.9749279121818236,-0.22252093395631434,3,3,1
2025-01-29 18:27:00,mom,18,54,2,0,25.3,70.6,living_room_light,on,63,1,1,0,-1.0,-1.8369701987210297e-16,0.9749279121818236,-0.22252093395631434,0,1,1
2025-01-29 18:19:00,daughter,18,36,2,0,25.3,70.6,living_room_light,on,53,1,1,0,-1.0,-1.8369701987210297e-16,0.9749279121818236,-0.22252093395631434,0,3,1
2025-01-29 19:37:00,dad,19,23,2,0,25.4,69.7,living_room_light,on,63,1,1,0,-0.9659258262890684,0.2588190451025203,0.9749279121818236,-0.22252093395631434,0,0,1
2025-01-29 19:21:00,mom,19,10,2,0,25.4,69.7,kitchen_light,on,87,1,1,0,-0.9659258262890684,0.2588190451025203,0.9749279121818236,-0.22252093395631434,2,1,1
2025-01-29 19:15:00,son,19,32,2,0,25.4,69.7,living_room_light,on,86,1,1,0,-0.9659258262890684,0.2588190451025203,0.9749279121818236,-0.22252093395631434,0,2,1
2025-01-29 20:35:00,dad,20,25,2,0,25.2,62.9,living_room_light,on,61,1,1,0,-0.8660254037844386,0.5000000000000001,0.9749279121818236,-0.22252093395631434,0,0,1
2025-01-29 20:44:00,mom,20,53,2,0,25.2,62.9,living_room_light,on,57,1,1,0,-0.8660254037844386,0.5000000000000001,0.9749279121818236,-0.22252093395631434,0,1,1
2025-01-29 20:23:00,daughter,20,20,2,0,25.2,62.9,living_room_light,on,47,1,1,0,-0.8660254037844386,0.5000000000000001,0.9749279121818236,-0.22252093395631434,0,3,1
2025-01-29 21:43:00,dad,21,31,2,0,24.0,85.2,living_room_light,on,74,1,1,0,-0.7071067811865477,0.7071067811865474,0.9749279121818236,-0.22252093395631434,0,0,1
2025-01-29 21:16:00,mom,21,26,2,0,24.0,85.2,living_room_light,on,54,1,1,0,-0.7071067811865477,0.7071067811865474,0.9749279121818236,-0.22252093395631434,0,1,1
2025-01-29 21:20:00,son,21,23,2,0,24.0,85.2,living_room_light,on,83,1,1,0,-0.7071067811865477,0.7071067811865474,0.9749279121818236,-0.22252093395631434,0,2,1
2025-01-29 22:32:00,mom,22,34,2,0,25.2,75.5,bedroom_light,on,34,1,1,0,-0.5000000000000004,0.8660254037844384,0.9749279121818236,-0.22252093395631434,1,1,1
2025-01-30 06:50:00,dad,6,14,3,0,26.0,73.7,living_room_light,on,78,0,0,0,1.0,6.123233995736766e-17,0.43388373911755823,-0.900968867902419,0,0,1
2025-01-30 06:09:00,mom,6,38,3,0,26.0,73.7,living_room_light,on,72,1,0,0,1.0,6.123233995736766e-17,0.43388373911755823,-0.900968867902419,0,1,1
2025-01-30 07:55:00,dad,7,39,3,0,26.7,61.4,kitchen_light,on,99,1,0,0,0.9659258262890683,-0.25881904510252063,0.43388373911755823,-0.900968867902419,2,0,1
2025-01-30 07:45:00,mom,7,50,3,0,26.7,61.4,kitchen_light,on,86,1,0,0,0.9659258262890683,-0.25881904510252063,0.43388373911755823,-0.900968867902419,2,1,1
2025-01-30 07:33:00,son,7,25,3,0,26.7,61.4,kitchen_light,on,91,1,0,0,0.9659258262890683,-0.25881904510252063,0.43388373911755823,-0.900968867902419,2,2,1
2025-01-30 08:17:00,mom,8,6,3,0,30.8,54.3,fan,on,2,1,0,0,0.8660254037844387,-0.4999999999999998,0.43388373911755823,-0.900968867902419,3,1,1
2025-01-30 09:59:00,mom,9,39,3,0,29.3,62.1,fan,on,13,1,1,0,0.7071067811865476,-0.7071067811865475,0.43388373911755823,-0.900968867902419,3,1,1
2025-01-30 11:12:00,dad,11,22,3,0,30.2,60.9,fan,on,3,1,1,0,0.258819045102521,-0.9659258262890682,0.43388373911755823,-0.900968867902419,3,0,1
2025-01-30 11:34:00,mom,11,33,3,0,30.2,60.9,fan,on,2,1,1,0,0.258819045102521,-0.9659258262890682,0.43388373911755823,-0.900968867902419,3,1,1
2025-01-30 11:15:00,son,11,19,3,0,30.2,60.9,fan,on,11,1,1,0,0.258819045102521,-0.9659258262890682,0.43388373911755823,-0.900968867902419,3,2,1
2025-01-30 12:31:00,son,12,19,3,0,31.4,58.8,fan,on,1,1,1,0,1.2246467991473532e-16,-1.0,0.43388373911755823,-0.900968867902419,3,2,1
2025-01-30 13:00:00,son,13,37,3,0,31.8,51.8,fan,on,3,1,1,0,-0.2588190451025208,-0.9659258262890683,0.43388373911755823,-0.900968867902419,3,2,1
2025-01-30 14:30:00,son,14,47,3,0,32.0,58.0,fan,on,7,1,1,0,-0.4999999999999997,-0.8660254037844388,0.43388373911755823,-0.900968867902419,3,2,1
2025-01-30 16:11:00,son,16,56,3,0,28.5,60.0,fan,on,20,1,1,0,-0.8660254037844385,-0.5000000000000004,0.43388373911755823,-0.900968867902419,3,2,1
2025-01-30 17:39:00,son,17,28,3,0,28.0,67.7,fan,on,0,1,1,0,-0.9659258262890683,-0.25881904510252063,0.43388373911755823,-0.900968867902419,3,2,1
2025-01-30 17:53:00,daughter,17,49,3,0,28.0,67.7,fan,on,4,1,1,0,-0.9659258262890683,-0.25881904510252063,0.43388373911755823,-0.900968867902419,3,3,1
2025-01-30 18:00:00,dad,18,27,3,0,26.5,61.7,living_room_light,on,56,1,1,0,-1.0,-1.8369701987210297e-16,0.43388373911755823,-0.900968867902419,0,0,1
2025-01-30 18:43:00,mom,18,4,3,0,26.5,61.7,living_room_light,on,57,1,1,0,-1.0,-1.8369701987210297e-16,0.43388373911755823,-0.900968867902419,0,1,1
2025-01-30 18:40:00,daughter,18,50,3,0,26.5,61.7,living_room_light,on,45,1,1,0,-1.0,-1.8369701987210297e-16,0.43388373911755823,-0.900968867902419,0,3,1
2025-01-30 19:58:00,dad,19,58,3,0,22.9,75.2,ac,off,0,1,1,0,-0.9659258262890684,0.2588190451025203,0.43388373911755823,-0.900968867902419,4,0,0
2025-01-30 19:52:00,mom,19,41,3,0,22.9,75.2,ac,off,0,1,1,0,-0.9659258262890684,0.2588190451025203,0.43388373911755823,-0.900968867902419,4,1,0
2025-01-30 19:58:00,son,19,17,3,0,22.9,75.2,living_room_light,on,87,1,1,0,-0.9659258262890684,0.2588190451025203,0.43388373911755823,-0.900968867902419,0,2,1
2025-01-30 19:15:00,daughter,19,53,3,0,22.9,75.2,ac,off,0,1,1,0,-0.9659258262890684,0.2588190451025203,0.43388373911755823,-0.900968867902419,4,3,0
2025-01-30 20:33:00,dad,20,26,3,0,25.5,70.5,living_room_light,on,52,1,1,0,-0.8660254037844386,0.5000000000000001,0.43388373911755823,-0.900968867902419,0,0,1
2025-01-30 20:27:00,mom,20,39,3,0,25.5,70.5,living_room_light,on,55,1,1,0,-0.8660254037844386,0.5000000000000001,0.43388373911755823,-0.900968867902419,0,1,1
2025-01-30 21:58:00,dad,21,10,3,0,23.7,80.5,living_room_light,on,56,1,1,0,-0.7071067811865477,0.7071067811865474,0.43388373911755823,-0.900968867902419,0,0,1
2025-01-30 21:28:00,mom,21,30,3,0,23.7,80.5,living_room_light,on,56,1,1,0,-0.7071067811865477,0.7071067811865474,0.43388373911755823,-0.900968867902419,0,1,1
2025-01-30 21:25:00,son,21,24,3,0,23.7,80.5,ac,off,0,1,1,0,-0.7071067811865477,0.7071067811865474,0.43388373911755823,-0.900968867902419,4,2,0
2025-01-30 21:40:00,daughter,21,26,3,0,23.7,80.5,ac,off,0,1,1,0,-0.7071067811865477,0.7071067811865474,0.43388373911755823,-0.900968867902419,4,3,0
2025-01-30 22:09:00,son,22,49,3,0,24.6,81.5,bedroom_light,on,19,1,1,0,-0.5000000000000004,0.8660254037844384,0.43388373911755823,-0.900968867902419,1,2,1
2025-01-30 22:53:00,daughter,22,24,3,0,24.6,81.5,bedroom_light,on,32,1,1,0,-0.5000000000000004,0.8660254037844384,0.43388373911755823,-0.900968867902419,1,3,1
2025-01-30 23:02:00,son,23,50,3,0,22.9,85.1,fan,off,0,1,1,0,-0.25881904510252157,0.9659258262890681,0.43388373911755823,-0.900968867902419,3,2,0
2025-01-31 06:15:00,dad,6,55,4,0,25.8,61.4,living_room_light,on,76,0,0,0,1.0,6.123233995736766e-17,-0.433883739117558,-0.9009688679024191,0,0,1
2025-01-31 06:40:00,mom,6,31,4,0,25.8,61.4,living_room_light,on,74,1,0,0,1.0,6.123233995736766e-17,-0.433883739117558,-0.9009688679024191,0,1,1
2025-01-31 07:08:00,dad,7,54,4,0,26.1,68.0,kitchen_light,on,95,1,0,0,0.9659258262890683,-0.25881904510252063,-0.433883739117558,-0.9009688679024191,2,0,1
2025-01-31 07:57:00,mom,7,11,4,0,26.1,68.0,kitchen_light,on,84,1,0,0,0.9659258262890683,-0.25881904510252063,-0.433883739117558,-0.9009688679024191,2,1,1
2025-01-31 07:40:00,son,7,57,4,0,26.1,68.0,living_room_light,on,94,1,0,0,0.9659258262890683,-0.25881904510252063,-0.433883739117558,-0.9009688679024191,0,2,1
2025-01-31 07:27:00,daughter,7,5,4,0,26.1,68.0,kitchen_light,on,88,1,0,0,0.9659258262890683,-0.25881904510252063,-0.433883739117558,-0.9009688679024191,2,3,1
2025-01-31 11:45:00,dad,11,8,4,0,30.8,64.6,fan,on,11,1,0,0,0.258819045102521,-0.9659258262890682,-0.433883739117558,-0.9009688679024191,3,0,1
2025-01-31 11:51:00,mom,11,36,4,0,30.8,64.6,fan,on,1,1,1,0,0.258819045102521,-0.9659258262890682,-0.433883739117558,-0.9009688679024191,3,1,1
2025-01-31 12:35:00,dad,12,28,4,0,31.0,55.6,fan,on,14,1,1,0,1.2246467991473532e-16,-1.0,-0.433883739117558,-0.9009688679024191,3,0,1
2025-01-31 14:04:00,son,14,4,4,0,31.5,56.3,fan,on,0,1,1,0,-0.4999999999999997,-0.8660254037844388,-0.433883739117558,-0.9009688679024191,3,2,1
2025-01-31 16:55:00,son,16,23,4,0,28.3,63.6,fan,on,9,1,1,0,-0.8660254037844385,-0.5000000000000004,-0.433883739117558,-0.9009688679024191,3,2,1
2025-01-31 16:55:00,daughter,16,44,4,0,28.3,63.6,fan,on,7,1,1,0,-0.8660254037844385,-0.5000000000000004,-0.433883739117558,-0.9009688679024191,3,3,1
2025-01-31 18:01:00,dad,18,48,4,0,25.5,71.0,living_room_light,on,64,1,1,0,-1.0,-1.8369701987210297e-16,-0.433883739117558,-0.9009688679024191,0,0,1
2025-01-31 18:49:00,mom,18,25,4,0,25.5,71.0,living_room_light,on,58,1,1,0,-1.0,-1.8369701987210297e-16,-0.433883739117558,-0.9009688679024191,0,1,1
2025-01-31 18:03:00,daughter,18,46,4,0,25.5,71.0,living_room_light,on,56,1,1,0,-1.0,-1.8369701987210297e-16,-0.433883739117558,-0.9009688679024191,0,3,1
2025-01-31 19:20:00,dad,19,42,4,0,24.5,65.3,kitchen_light,on,91,1,1,0,-0.9659258262890684,0.2588190451025203,-0.433883739117558,-0.9009688679024191,2,0,1
2025-01-31 19:08:00,mom,19,5,4,0,24.5,65.3,kitchen_light,on,89,1,1,0,-0.9659258262890684,0.2588190451025203,-0.433883739117558,-0.9009688679024191,2,1,1
2025-01-31 19:43:00,daughter,19,33,4,0,24.5,65.3,living_room_light,on,51,1,1,0,-0.9659258262890684,0.2588190451025203,-0.433883739117558,-0.9009688679024191,0,3,1
2025-01-31 20:50:00,dad,20,38,4,0,24.4,74.2,living_room_light,on,61,1,1,0,-0.8660254037844386,0.5000000000000001,-0.433883739117558,-0.9009688679024191,0,0,1
2025-01-31 20:39:00,mom,20,44,4,0,24.4,74.2,living_room_light,on,55,1,1,0,-0.8660254037844386,0.5000000000000001,-0.433883739117558,-0.9009688679024191,0,1,1
2025-01-31 20:51:00,son,20,11,4,0,24.4,74.2,living_room_light,on,78,1,1,0,-0.8660254037844386,0.5000000000000001,-0.433883739117558,-0.9009688679024191,0,2,1
2025-01-31 20:22:00,daughter,20,41,4,0,24.4,74.2,living_room_light,on,43,1,1,0,-0.8660254037844386,0.5000000000000001,-0.433883739117558,-0.9009688679024191,0,3,1
2025-01-31 21:49:00,dad,21,20,4,0,24.5,75.9,living_room_light,on,69,1,1,0,-0.7071067811865477,0.7071067811865474,-0.433883739117558,-0.9009688679024191,0,0,1
2025-01-31 21:26:00,mom,21,12,4,0,24.5,75.9,living_room_light,on,63,1,1,0,-0.7071067811865477,0.7071067811865474,-0.433883739117558,-0.9009688679024191,0,1,1
2025-01-31 21:53:00,son,21,30,4,0,24.5,75.9,living_room_light,on,81,1,1,0,-0.7071067811865477,0.7071067811865474,-0.433883739117558,-0.9009688679024191,0,2,1
2025-01-31 22:04:00,son,22,0,4,0,24.2,85.7,bedroom_light,on,22,1,1,0,-0.5000000000000004,0.8660254037844384,-0.433883739117558,-0.9009688679024191,1,2,1
2025-02-01 06:24:00,mom,6,56,5,1,28.0,66.8,living_room_light,on,61,0,0,0,1.0,6.123233995736766e-17,-0.9749279121818236,-0.2225209339563146,0,1,1
2025-02-01 07:51:00,mom,7,35,5,1,29.1,55.8,living_room_light,on,78,1,0,0,0.9659258262890683,-0.25881904510252063,-0.9749279121818236,-0.2225209339563146,0,1,1
2025-02-01 07:28:00,daughter,7,45,5,1,29.1,55.8,living_room_light,on,50,1,0,0,0.9659258262890683,-0.25881904510252063,-0.9749279121818236,-0.2225209339563146,0,3,1
2025-02-01 09:24:00,daughter,9,2,5,1,29.2,64.5,fan,on,5,1,0,0,0.7071067811865476,-0.7071067811865475,-0.9749279121818236,-0.2225209339563146,3,3,1
2025-02-01 10:04:00,dad,10,11,5,1,30.4,57.4,fan,on,0,1,1,0,0.49999999999999994,-0.8660254037844387,-0.9749279121818236,-0.2225209339563146,3,0,1
2025-02-01 10:57:00,mom,10,22,5,1,30.4,57.4,fan,on,4,1,1,0,0.49999999999999994,-0.8660254037844387,-0.9749279121818236,-0.2225209339563146,3,1,1
2025-02-01 10:33:00,son,10,9,5,1,30.4,57.4,fan,on,9,1,1,0,0.49999999999999994,-0.8660254037844387,-0.9749279121818236,-0.2225209339563146,3,2,1
2025-02-01 10:58:00,daughter,10,15,5,1,30.4,57.4,fan,on,0,1,1,0,0.49999999999999994,-0.8660254037844387,-0.9749279121818236,-0.2225209339563146,3,3,1
2025-02-01 11:56:00,daughter,11,14,5,1,28.4,65.3,fan,on,0,1,1,0,0.258819045102521,-0.9659258262890682,-0.9749279121818236,-0.2225209339563146,3,3,1
2025-02-01 12:23:00,dad,12,32,5,1,31.4,59.0,kitchen_light,on,93,1,1,0,1.2246467991473532e-16,-1.0,-0.9749279121818236,-0.2225209339563146,2,0,1
2025-02-01 12:18:00,mom,12,44,5,1,31.4,59.0,fan,on,1,1,1,0,1.2246467991473532e-16,-1.0,-0.9749279121818236,-0.2225209339563146,3,1,1
2025-02-01 12:17:00,son,12,21,5,1,31.4,59.0,fan,on,0,1,1,0,1.2246467991473532e-16,-1.0,-0.9749279121818236,-0.2225209339563146,3,2,1
2025-02-01 13:56:00,dad,13,30,5,1,30.2,62.5,fan,on,3,1,1,0,-0.2588190451025208,-0.9659258262890683,-0.9749279121818236,-0.2225209339563146,3,0,1
2025-02-01 13:07:00,mom,13,40,5,1,30.2,62.5,fan,on,8,1,1,0,-0.2588190451025208,-0.9659258262890683,-0.9749279121818236,-0.2225209339563146,3,1,1
2025-02-01 13:06:00,son,13,54,5,1,30.2,62.5,fan,on,2,1,1,0,-0.2588190451025208,-0.9659258262890683,-0.9749279121818236,-0.2225209339563146,3,2,1
2025-02-01 13:27:00,daughter,13,13,5,1,30.2,62.5,fan,on,2,1,1,0,-0.2588190451025208,-0.9659258262890683,-0.9749279121818236,-0.2225209339563146,3,3,1
2025-02-01 14:23:00,mom,14,3,5,1,30.3,55.0,fan,on,2,1,1,0,-0.4999999999999997,-0.8660254037844388,-0.9749279121818236,-0.2225209339563146,3,1,1
2025-02-01 14:40:00,son,14,56,5,1,30.3,55.0,fan,on,8,1,1,0,-0.4999999999999997,-0.8660254037844388,-0.9749279121818236,-0.2225209339563146,3,2,1
2025-02-01 15:28:00,mom,15,31,5,1,28.3,61.2,fan,on,11,1,1,0,-0.7071067811865471,-0.7071067811865479,-0.9749279121818236,-0.2225209339563146,3,1,1
2025-02-01 15:10:00,daughter,15,47,5,1,28.3,61.2,fan,on,1,1,1,0,-0.7071067811865471,-0.7071067811865479,-0.9749279121818236,-0.2225209339563146,3,3,1
2025-02-01 17:00:00,dad,17,58,5,1,29.3,63.1,fan,on,4,1,1,0,-0.9659258262890683,-0.25881904510252063,-0.9749279121818236,-0.2225209339563146,3,0,1
2025-02-01 17:25:00,son,17,44,5,1,29.3,63.1,fan,on,0,1,1,0,-0.9659258262890683,-0.25881904510252063,-0.9749279121818236,-0.2225209339563146,3,2,1
2025-02-01 18:44:00,dad,18,42,5,1,26.0,65.8,living_room_light,on,55,1,1,0,-1.0,-1.8369701987210297e-16,-0.9749279121818236,-0.2225209339563146,0,0,1
2025-02-01 18:30:00,son,18,36,5,1,26.0,65.8,living_room_light,on,86,1,1,0,-1.0,-1.8369701987210297e-16,-0.9749279121818236,-0.2225209339563146,0,2,1
2025-02-01 19:19:00,dad,19,4,5,1,24.3,77.9,kitchen_light,on,88,1,1,0,-0.9659258262890684,0.2588190451025203,-0.9749279121818236,-0.2225209339563146,2,0,1
2025-02-01 19:43:00,son,19,52,5,1,24.3,77.9,kitchen_light,on,80,1,1,0,-0.9659258262890684,0.2588190451025203,-0.9749279121818236,-0.2225209339563146,2,2,1
2025-02-01 19:01:00,daughter,19,6,5,1,24.3,77.9,kitchen_light,on,95,1,1,0,-0.9659258262890684,0.2588190451025203,-0.9749279121818236,-0.2225209339563146,2,3,1
2025-02-01 20:16:00,mom,20,18,5,1,23.1,81.1,fan,off,0,1,1,0,-0.8660254037844386,0.5000000000000001,-0.9749279121818236,-0.2225209339563146,3,1,0
2025-02-01 21:12:00,mom,21,46,5,1,23.9,74.9,living_room_light,on,65,1,0,0,-0.7071067811865477,0.7071067811865474,-0.9749279121818236,-0.2225209339563146,0,1,1
2025-02-01 22:55:00,mom,22,34,5,1,23.8,76.4,bedroom_light,on,28,1,0,0,-0.5000000000000004,0.8660254037844384,-0.9749279121818236,-0.2225209339563146,1,1,1
2025-02-01 22:04:00,daughter,22,9,5,1,23.8,76.4,bedroom_light,on,31,1,0,0,-0.5000000000000004,0.8660254037844384,-0.9749279121818236,-0.2225209339563146,1,3,1
2025-02-01 23:52:00,son,23,6,5,1,23.9,83.5,bedroom_light,on,31,1,0,0,-0.25881904510252157,0.9659258262890681,-0.9749279121818236,-0.2225209339563146,1,2,1
2025-02-02 07:52:00,dad,7,50,6,1,27.1,57.7,kitchen_light,on,95,0,0,0,0.9659258262890683,-0.25881904510252063,-0.7818314824680299,0.6234898018587334,2,0,1
2025-02-02 07:09:00,mom,7,48,6,1,27.1,57.7,kitchen_light,on,93,0,0,0,0.9659258262890683,-0.25881904510252063,-0.7818314824680299,0.6234898018587334,2,1,1
2025-02-02 07:36:00,son,7,41,6,1,27.1,57.7,living_room_light,on,96,0,0,0,0.9659258262890683,-0.25881904510252063,-0.7818314824680299,0.6234898018587334,0,2,1
2025-02-02 08:45:00,dad,8,31,6,1,28.5,70.8,fan,on,3,1,0,0,0.8660254037844387,-0.4999999999999998,-0.7818314824680299,0.6234898018587334,3,0,1
2025-02-02 08:20:00,mom,8,20,6,1,28.5,70.8,fan,on,4,1,1,0,0.8660254037844387,-0.4999999999999998,-0.7818314824680299,0.6234898018587334,3,1,1
2025-02-02 08:06:00,son,8,45,6,1,28.5,70.8,fan,on,8,1,1,0,0.8660254037844387,-0.4999999999999998,-0.7818314824680299,0.6234898018587334,3,2,1
2025-02-02 08:05:00,daughter,8,31,6,1,28.5,70.8,fan,on,9,1,1,0,0.8660254037844387,-0.4999999999999998,-0.7818314824680299,0.6234898018587334,3,3,1
2025-02-02 10:59:00,dad,10,43,6,1,28.6,64.5,fan,on,2,1,1,0,0.49999999999999994,-0.8660254037844387,-0.7818314824680299,0.6234898018587334,3,0,1
2025-02-02 10:49:00,mom,10,53,6,1,28.6,64.5,fan,on,0,1,1,0,0.49999999999999994,-0.8660254037844387,-0.7818314824680299,0.6234898018587334,3,1,1
2025-02-02 10:02:00,daughter,10,41,6,1,28.6,64.5,fan,on,3,1,1,0,0.49999999999999994,-0.8660254037844387,-0.7818314824680299,0.6234898018587334,3,3,1
2025-02-02 11:57:00,dad,11,51,6,1,31.6,62.8,fan,on,3,1,1,0,0.258819045102521,-0.9659258262890682,-0.7818314824680299,0.6234898018587334,3,0,1
2025-02-02 11:29:00,mom,11,40,6,1,31.6,62.8,fan,on,1,1,1,0,0.258819045102521,-0.9659258262890682,-0.7818314824680299,0.6234898018587334,3,1,1
2025-02-02 11:33:00,son,11,15,6,1,31.6,62.8,fan,on,0,1,1,0,0.258819045102521,-0.9659258262890682,-0.7818314824680299,0.6234898018587334,3,2,1
2025-02-02 12:43:00,dad,12,1,6,1,30.2,63.0,fan,on,0,1,1,0,1.2246467991473532e-16,-1.0,-0.7818314824680299,0.6234898018587334,3,0,1
2025-02-02 12:53:00,mom,12,29,6,1,30.2,63.0,kitchen_light,on,95,1,1,0,1.2246467991473532e-16,-1.0,-0.7818314824680299,0.6234898018587334,2,1,1
2025-02-02 12:05:00,son,12,6,6,1,30.2,63.0,kitchen_light,on,90,1,1,0,1.2246467991473532e-16,-1.0,-0.7818314824680299,0.6234898018587334,2,2,1
2025-02-02 13:41:00,dad,13,48,6,1,29.6,55.4,fan,on,1,1,1,0,-0.2588190451025208,-0.9659258262890683,-0.7818314824680299,0.6234898018587334,3,0,1
2025-02-02 13:10:00,son,13,3,6,1,29.6,55.4,fan,on,0,1,1,0,-0.2588190451025208,-0.9659258262890683,-0.7818314824680299,0.6234898018587334,3,2,1
2025-02-02 13:54:00,daughter,13,4,6,1,29.6,55.4,fan,on,3,1,1,0,-0.2588190451025208,-0.9659258262890683,-0.7818314824680299,0.6234898018587334,3,3,1
2025-02-02 14:22:00,dad,14,12,6,1,29.9,49.2,fan,on,3,1,1,0,-0.4999999999999997,-0.8660254037844388,-0.7818314824680299,0.6234898018587334,3,0,1
2025-02-02 14:52:00,mom,14,17,6,1,29.9,49.2,fan,on,0,1,1,0,-0.4999999999999997,-0.8660254037844388,-0.7818314824680299,0.6234898018587334,3,1,1
2025-02-02 15:27:00,dad,15,34,6,1,28.8,60.4,fan,on,1,1,1,0,-0.7071067811865471,-0.7071067811865479,-0.7818314824680299,0.6234898018587334,3,0,1
2025-02-02 15:29:00,mom,15,39,6,1,28.8,60.4,fan,on,0,1,1,0,-0.7071067811865471,-0.7071067811865479,-0.7818314824680299,0.6234898018587334,3,1,1
2025-02-02 15:17:00,son,15,45,6,1,28.8,60.4,fan,on,1,1,1,0,-0.7071067811865471,-0.7071067811865479,-0.7818314824680299,0.6234898018587334,3,2,1
2025-02-02 16:48:00,dad,16,16,6,1,31.4,52.1,fan,on,3,1,1,0,-0.8660254037844385,-0.5000000000000004,-0.7818314824680299,0.6234898018587334,3,0,1
2025-02-02 16:42:00,mom,16,53,6,1,31.4,52.1,fan,on,0,1,1,0,-0.8660254037844385,-0.5000000000000004,-0.7818314824680299,0.6234898018587334,3,1,1
2025-02-02 16:50:00,son,16,43,6,1,31.4,52.1,fan,on,0,1,1,0,-0.8660254037844385,-0.5000000000000004,-0.7818314824680299,0.6234898018587334,3,2,1
2025-02-02 16:16:00,daughter,16,13,6,1,31.4,52.1,fan,on,0,1,1,0,-0.8660254037844385,-0.5000000000000004,-0.7818314824680299,0.6234898018587334,3,3,1
2025-02-02 18:31:00,dad,18,10,6,1,27.1,71.6,living_room_light,on,65,1,1,0,-1.0,-1.8369701987210297e-16,-0.7818314824680299,0.6234898018587334,0,0,1
2025-02-02 18:55:00,mom,18,15,6,1,27.1,71.6,living_room_light,on,56,1,1,0,-1.0,-1.8369701987210297e-16,-0.7818314824680299,0.6234898018587334,0,1,1
2025-02-02 18:54:00,daughter,18,34,6,1,27.1,71.6,living_room_light,on,47,1,1,0,-1.0,-1.8369701987210297e-16,-0.7818314824680299,0.6234898018587334,0,3,1
2025-02-02 19:36:00,dad,19,20,6,1,23.2,71.5,fan,off,0,1,1,0,-0.9659258262890684,0.2588190451025203,-0.7818314824680299,0.6234898018587334,3,0,0
2025-02-02 19:23:00,mom,19,22,6,1,23.2,71.5,kitchen_light,on,78,1,0,0,-0.9659258262890684,0.2588190451025203,-0.7818314824680299,0.6234898018587334,2,1,1
2025-02-02 19:00:00,son,19,20,6,1,23.2,71.5,kitchen_light,on,92,1,0,0,-0.9659258262890684,0.2588190451025203,-0.7818314824680299,0.6234898018587334,2,2,1
2025-02-02 19:08:00,daughter,19,44,6,1,23.2,71.5,ac,off,0,1,0,0,-0.9659258262890684,0.2588190451025203,-0.7818314824680299,0.6234898018587334,4,3,0
2025-02-02 20:26:00,mom,20,37,6,1,23.8,62.8,ac,off,0,1,0,0,-0.8660254037844386,0.5000000000000001,-0.7818314824680299,0.6234898018587334,4,1,0
2025-02-02 21:51:00,dad,21,36,6,1,25.5,75.9,living_room_light,on,68,1,0,0,-0.7071067811865477,0.7071067811865474,-0.7818314824680299,0.6234898018587334,0,0,1
2025-02-02 21:45:00,mom,21,22,6,1,25.5,75.9,living_room_light,on,57,1,0,0,-0.7071067811865477,0.7071067811865474,-0.7818314824680299,0.6234898018587334,0,1,1
2025-02-02 22:25:00,mom,22,42,6,1,23.7,73.4,fan,off,0,1,0,0,-0.5000000000000004,0.8660254037844384,-0.7818314824680299,0.6234898018587334,3,1,0
2025-02-02 22:05:00,daughter,22,9,6,1,23.7,73.4,fan,off,0,1,0,0,-0.5000000000000004,0.8660254037844384,-0.7818314824680299,0.6234898018587334,3,3,0
2025-02-02 23:13:00,son,23,13,6,1,26.6,76.4,bedroom_light,on,29,1,0,0,-0.25881904510252157,0.9659258262890681,-0.7818314824680299,0.6234898018587334,1,2,1
2025-02-03 06:28:00,dad,6,5,0,0,25.4,74.0,living_room_light,on,81,0,0,0,1.0,6.123233995736766e-17,0.0,1.0,0,0,1
2025-02-03 06:19:00,mom,6,21,0,0,25.4,74.0,living_room_light,on,71,1,0,0,1.0,6.123233995736766e-17,0.0,1.0,0,1,1
2025-02-03 07:27:00,mom,7,23,0,0,27.9,69.0,kitchen_light,on,92,1,0,0,0.9659258262890683,-0.25881904510252063,0.0,1.0,2,1,1
2025-02-03 09:12:00,dad,9,4,0,0,30.6,53.6,fan,on,12,1,0,0,0.7071067811865476,-0.7071067811865475,0.0,1.0,3,0,1
2025-02-03 09:57:00,daughter,9,7,0,0,30.6,53.6,fan,on,0,1,1,0,0.7071067811865476,-0.7071067811865475,0.0,1.0,3,3,1
2025-02-03 11:11:00,dad,11,22,0,0,30.8,61.3,fan,on,2,1,1,0,0.258819045102521,-0.9659258262890682,0.0,1.0,3,0,1
2025-02-03 11:37:00,mom,11,51,0,0,30.8,61.3,fan,on,3,1,1,0,0.258819045102521,-0.9659258262890682,0.0,1.0,3,1,1
2025-02-03 14:46:00,dad,14,16,0,0,31.0,71.1,fan,on,0,1,1,0,-0.4999999999999997,-0.8660254037844388,0.0,1.0,3,0,1
2025-02-03 15:20:00,dad,15,49,0,0,31.1,52.0,fan,on,5,1,1,0,-0.7071067811865471,-0.7071067811865479,0.0,1.0,3,0,1
2025-02-03 18:12:00,daughter,18,16,0,0,27.2,69.4,living_room_light,on,50,1,1,0,-1.0,-1.8369701987210297e-16,0.0,1.0,0,3,1
2025-02-03 19:13:00,mom,19,53,0,0,24.3,68.0,kitchen_light,on,93,1,1,0,-0.9659258262890684,0.2588190451025203,0.0,1.0,2,1,1
2025-02-03 19:06:00,son,19,15,0,0,24.3,68.0,living_room_light,on,68,1,1,0,-0.9659258262890684,0.2588190451025203,0.0,1.0,0,2,1
2025-02-03 20:53:00,dad,20,52,0,0,25.9,76.6,living_room_light,on,60,1,1,0,-0.8660254037844386,0.5000000000000001,0.0,1.0,0,0,1
2025-02-03 20:47:00,mom,20,32,0,0,25.9,76.6,living_room_light,on,55,1,1,0,-0.8660254037844386,0.5000000000000001,0.0,1.0,0,1,1
2025-02-03 20:23:00,son,20,51,0,0,25.9,76.6,living_room_light,on,84,1,1,0,-0.8660254037844386,0.5000000000000001,0.0,1.0,0,2,1
2025-02-03 21:43:00,son,21,26,0,0,25.5,82.9,living_room_light,on,90,1,1,0,-0.7071067811865477,0.7071067811865474,0.0,1.0,0,2,1
2025-02-03 21:07:00,daughter,21,1,0,0,25.5,82.9,living_room_light,on,50,1,1,0,-0.7071067811865477,0.7071067811865474,0.0,1.0,0,3,1
2025-02-03 22:33:00,mom,22,35,0,0,23.9,81.8,ac,off,0,1,1,0,-0.5000000000000004,0.8660254037844384,0.0,1.0,4,1,0
2025-02-03 22:03:00,daughter,22,31,0,0,23.9,81.8,bedroom_light,on,31,1,1,0,-0.5000000000000004,0.8660254037844384,0.0,1.0,1,3,1
2025-02-03 23:27:00,son,23,11,0,0,24.7,86.4,bedroom_light,on,27,1,1,0,-0.25881904510252157,0.9659258262890681,0.0,1.0,1,2,1
2025-02-04 06:06:00,dad,6,29,1,0,26.0,74.6,living_room_light,on,73,0,0,0,1.0,6.123233995736766e-17,0.7818314824680298,0.6234898018587336,0,0,1
2025-02-04 06:48:00,mom,6,27,1,0,26.0,74.6,living_room_light,on,67,1,0,0,1.0,6.123233995736766e-17,0.7818314824680298,0.6234898018587336,0,1,1
2025-02-04 07:59:00,mom,7,4,1,0,28.2,66.5,kitchen_light,on,94,1,0,0,0.9659258262890683,-0.25881904510252063,0.7818314824680298,0.6234898018587336,2,1,1
2025-02-04 07:49:00,son,7,18,1,0,28.2,66.5,fan,on,1,1,0,0,0.9659258262890683,-0.25881904510252063,0.7818314824680298,0.6234898018587336,3,2,1
2025-02-04 07:12:00,daughter,7,51,1,0,28.2,66.5,living_room_light,on,66,1,1,0,0.9659258262890683,-0.25881904510252063,0.7818314824680298,0.6234898018587336,0,3,1
2025-02-04 08:45:00,mom,8,44,1,0,28.1,56.1,fan,on,1,1,1,0,0.8660254037844387,-0.4999999999999998,0.7818314824680298,0.6234898018587336,3,1,1
2025-02-04 11:28:00,daughter,11,59,1,0,31.4,46.1,fan,on,5,1,1,0,0.258819045102521,-0.9659258262890682,0.7818314824680298,0.6234898018587336,3,3,1
2025-02-04 12:45:00,dad,12,42,1,0,31.5,50.1,fan,on,12,1,1,0,1.2246467991473532e-16,-1.0,0.7818314824680298,0.6234898018587336,3,0,1
2025-02-04 13:04:00,son,13,43,1,0,31.1,67.2,fan,on,4,1,1,0,-0.2588190451025208,-0.9659258262890683,0.7818314824680298,0.6234898018587336,3,2,1
2025-02-04 15:17:00,dad,15,33,1,0,29.4,58.5,fan,on,0,1,1,0,-0.7071067811865471,-0.7071067811865479,0.7818314824680298,0.6234898018587336,3,0,1
2025-02-04 16:22:00,son,16,35,1,0,29.5,56.4,fan,on,8,1,1,0,-0.8660254037844385,-0.5000000000000004,0.7818314824680298,0.6234898018587336,3,2,1
2025-02-04 16:33:00,daughter,16,4,1,0,29.5,56.4,fan,on,8,1,1,0,-0.8660254037844385,-0.5000000000000004,0.7818314824680298,0.6234898018587336,3,3,1
2025-02-04 18:36:00,dad,18,29,1,0,27.9,57.7,living_room_light,on,54,1,1,0,-1.0,-1.8369701987210297e-16,0.7818314824680298,0.6234898018587336,0,0,1
2025-02-04 18:24:00,mom,18,35,1,0,27.9,57.7,living_room_light,on,54,1,1,0,-1.0,-1.8369701987210297e-16,0.7818314824680298,0.6234898018587336,0,1,1
2025-02-04 18:42:00,daughter,18,10,1,0,27.9,57.7,living_room_light,on,47,1,1,0,-1.0,-1.8369701987210297e-16,0.7818314824680298,0.6234898018587336,0,3,1
2025-02-04 19:17:00,dad,19,20,1,0,23.7,71.3,kitchen_light,on,99,1,1,0,-0.9659258262890684,0.2588190451025203,0.7818314824680298,0.6234898018587336,2,0,1
2025-02-04 19:51:00,mom,19,0,1,0,23.7,71.3,kitchen_light,on,87,1,1,0,-0.9659258262890684,0.2588190451025203,0.7818314824680298,0.6234898018587336,2,1,1
2025-02-04 20:29:00,mom,20,34,1,0,23.4,71.7,ac,off,0,1,1,0,-0.8660254037844386,0.5000000000000001,0.7818314824680298,0.6234898018587336,4,1,0
2025-02-04 20:34:00,son,20,5,1,0,23.4,71.7,ac,off,0,1,1,0,-0.8660254037844386,0.5000000000000001,0.7818314824680298,0.6234898018587336,4,2,0
2025-02-04 21:45:00,mom,21,26,1,0,25.0,74.1,living_room_light,on,59,1,1,0,-0.7071067811865477,0.7071067811865474,0.7818314824680298,0.6234898018587336,0,1,1
2025-02-04 21:40:00,son,21,9,1,0,25.0,74.1,living_room_light,on,78,1,1,0,-0.7071067811865477,0.7071067811865474,0.7818314824680298,0.6234898018587336,0,2,1
2025-02-04 22:59:00,mom,22,50,1,0,25.0,72.4,bedroom_light,on,24,1,1,0,-0.5000000000000004,0.8660254037844384,0.7818314824680298,0.6234898018587336,1,1,1
2025-02-05 06:37:00,dad,6,32,2,0,27.3,65.4,living_room_light,on,80,0,0,0,1.0,6.123233995736766e-17,0.9749279121818236,-0.22252093395631434,0,0,1
2025-02-05 07:17:00,dad,7,57,2,0,27.8,68.4,kitchen_light,on,88,1,0,0,0.9659258262890683,-0.25881904510252063,0.9749279121818236,-0.22252093395631434,2,0,1
2025-02-05 08:41:00,mom,8,35,2,0,29.3,59.6,fan,on,1,1,0,0,0.8660254037844387,-0.4999999999999998,0.9749279121818236,-0.22252093395631434,3,1,1
2025-02-05 09:18:00,dad,9,21,2,0,31.3,56.5,fan,on,0,1,1,0,0.7071067811865476,-0.7071067811865475,0.9749279121818236,-0.22252093395631434,3,0,1
2025-02-05 09:25:00,mom,9,51,2,0,31.3,56.5,fan,on,0,1,1,0,0.7071067811865476,-0.7071067811865475,0.9749279121818236,-0.22252093395631434,3,1,1
2025-02-05 10:34:00,mom,10,53,2,0,30.0,65.1,fan,on,0,1,1,0,0.49999999999999994,-0.8660254037844387,0.9749279121818236,-0.22252093395631434,3,1,1
2025-02-05 10:26:00,son,10,26,2,0,30.0,65.1,fan,on,0,1,1,0,0.49999999999999994,-0.8660254037844387,0.9749279121818236,-0.22252093395631434,3,2,1
2025-02-05 11:08:00,mom,11,48,2,0,29.8,62.4,fan,on,8,1,1,0,0.258819045102521,-0.9659258262890682,0.9749279121818236,-0.22252093395631434,3,1,1
2025-02-05 12:29:00,son,12,15,2,0,30.9,55.8,kitchen_light,on,96,1,1,0,1.2246467991473532e-16,-1.0,0.9749279121818236,-0.22252093395631434,2,2,1
2025-02-05 14:57:00,son,14,33,2,0,30.6,65.6,fan,on,0,1,1,0,-0.4999999999999997,-0.8660254037844388,0.9749279121818236,-0.22252093395631434,3,2,1
2025-02-05 16:16:00,dad,16,6,2,0,28.9,56.1,fan,on,14,1,1,0,-0.8660254037844385,-0.5000000000000004,0.9749279121818236,-0.22252093395631434,3,0,1
2025-02-05 16:11:00,daughter,16,28,2,0,28.9,56.1,fan,on,0,1,1,0,-0.8660254037844385,-0.5000000000000004,0.9749279121818236,-0.22252093395631434,3,3,1
2025-02-05 18:07:00,dad,18,26,2,0,24.4,82.2,living_room_light,on,59,1,1,0,-1.0,-1.8369701987210297e-16,0.9749279121818236,-0.22252093395631434,0,0,1
2025-02-05 18:32:00,mom,18,28,2,0,24.4,82.2,living_room_light,on,47,1,1,0,-1.0,-1.8369701987210297e-16,0.9749279121818236,-0.22252093395631434,0,1,1
2025-02-05 18:24:00,son,18,33,2,0,24.4,82.2,living_room_light,on,85,1,1,0,-1.0,-1.8369701987210297e-16,0.9749279121818236,-0.22252093395631434,0,2,1
2025-02-05 19:42:00,dad,19,33,2,0,24.6,75.1,kitchen_light,on,86,1,1,0,-0.9659258262890684,0.2588190451025203,0.9749279121818236,-0.22252093395631434,2,0,1
2025-02-05 19:05:00,mom,19,47,2,0,24.6,75.1,kitchen_light,on,82,1,1,0,-0.9659258262890684,0.2588190451025203,0.9749279121818236,-0.22252093395631434,2,1,1
2025-02-05 19:49:00,son,19,7,2,0,24.6,75.1,living_room_light,on,74,1,1,0,-0.9659258262890684,0.2588190451025203,0.9749279121818236,-0.22252093395631434,0,2,1
2025-02-05 19:45:00,daughter,19,30,2,0,24.6,75.1,living_room_light,on,44,1,1,0,-0.9659258262890684,0.2588190451025203,0.9749279121818236,-0.22252093395631434,0,3,1
2025-02-05 20:53:00,dad,20,40,2,0,25.0,71.7,living_room_light,on,63,1,1,0,-0.8660254037844386,0.5000000000000001,0.9749279121818236,-0.22252093395631434,0,0,1
2025-02-05 20:08:00,mom,20,14,2,0,25.0,71.7,living_room_light,on,55,1,1,0,-0.8660254037844386,0.5000000000000001,0.9749279121818236,-0.22252093395631434,0,1,1
2025-02-05 20:18:00,son,20,1,2,0,25.0,71.7,living_room_light,on,80,1,1,0,-0.8660254037844386,0.5000000000000001,0.9749279121818236,-0.22252093395631434,0,2,1
2025-02-05 21:16:00,dad,21,12,2,0,25.2,77.7,living_room_light,on,62,1,1,0,-0.7071067811865477,0.7071067811865474,0.9749279121818236,-0.22252093395631434,0,0,1
2025-02-05 21:25:00,son,21,44,2,0,25.2,77.7,living_room_light,on,74,1,1,0,-0.7071067811865477,0.7071067811865474,0.9749279121818236,-0.22252093395631434,0,2,1
2025-02-05 22:14:00,mom,22,5,2,0,24.7,79.4,bedroom_light,on,20,1,1,0,-0.5000000000000004,0.8660254037844384,0.9749279121818236,-0.22252093395631434,1,1,1
2025-02-05 22:35:00,son,22,16,2,0,24.7,79.4,bedroom_light,on,26,1,1,0,-0.5000000000000004,0.8660254037844384,0.9749279121818236,-0.22252093395631434,1,2,1
2025-02-05 23:42:00,son,23,13,2,0,24.3,91.5,bedroom_light,on,32,1,1,0,-0.25881904510252157,0.9659258262890681,0.9749279121818236,-0.22252093395631434,1,2,1
2025-02-06 06:00:00,dad,6,3,3,0,26.9,70.0,living_room_light,on,78,0,0,0,1.0,6.123233995736766e-17,0.43388373911755823,-0.900968867902419,0,0,1
2025-02-06 06:13:00,mom,6,29,3,0,26.9,70.0,living_room_light,on,64,1,0,0,1.0,6.123233995736766e-17,0.43388373911755823,-0.900968867902419,0,1,1
2025-02-06 07:58:00,daughter,7,17,3,0,26.1,70.0,kitchen_light,on,88,1,0,0,0.9659258262890683,-0.25881904510252063,0.43388373911755823,-0.900968867902419,2,3,1
2025-02-06 11:16:00,dad,11,5,3,0,31.3,65.8,fan,on,6,1,0,0,0.258819045102521,-0.9659258262890682,0.43388373911755823,-0.900968867902419,3,0,1
2025-02-06 11:35:00,mom,11,8,3,0,31.3,65.8,fan,on,5,1,1,0,0.258819045102521,-0.9659258262890682,0.43388373911755823,-0.900968867902419,3,1,1
2025-02-06 12:50:00,son,12,15,3,0,30.4,58.0,kitchen_light,on,92,1,1,0,1.2246467991473532e-16,-1.0,0.43388373911755823,-0.900968867902419,2,2,1
2025-02-06 13:11:00,dad,13,57,3,0,30.0,57.9,fan,on,7,1,1,0,-0.2588190451025208,-0.9659258262890683,0.43388373911755823,-0.900968867902419,3,0,1
2025-02-06 13:55:00,mom,13,48,3,0,30.0,57.9,fan,on,1,1,1,0,-0.2588190451025208,-0.9659258262890683,0.43388373911755823,-0.900968867902419,3,1,1
2025-02-06 13:14:00,daughter,13,28,3,0,30.0,57.9,fan,on,4,1,1,0,-0.2588190451025208,-0.9659258262890683,0.43388373911755823,-0.900968867902419,3,3,1
2025-02-06 15:42:00,mom,15,37,3,0,29.9,52.7,fan,on,0,1,1,0,-0.7071067811865471,-0.7071067811865479,0.43388373911755823,-0.900968867902419,3,1,1
2025-02-06 18:39:00,dad,18,16,3,0,26.8,65.4,living_room_light,on,63,1,1,0,-1.0,-1.8369701987210297e-16,0.43388373911755823,-0.900968867902419,0,0,1
2025-02-06 18:31:00,mom,18,1,3,0,26.8,65.4,living_room_light,on,52,1,1,0,-1.0,-1.8369701987210297e-16,0.43388373911755823,-0.900968867902419,0,1,1
2025-02-06 18:39:00,son,18,5,3,0,26.8,65.4,living_room_light,on,82,1,1,0,-1.0,-1.8369701987210297e-16,0.43388373911755823,-0.900968867902419,0,2,1
2025-02-06 19:45:00,dad,19,30,3,0,25.8,65.4,kitchen_light,on,91,1,1,0,-0.9659258262890684,0.2588190451025203,0.43388373911755823,-0.900968867902419,2,0,1
2025-02-06 19:16:00,mom,19,38,3,0,25.8,65.4,living_room_light,on,63,1,1,0,-0.9659258262890684,0.2588190451025203,0.43388373911755823,-0.900968867902419,0,1,1
2025-02-06 19:20:00,son,19,38,3,0,25.8,65.4,kitchen_light,on,85,1,1,0,-0.9659258262890684,0.2588190451025203,0.43388373911755823,-0.900968867902419,2,2,1
2025-02-06 20:45:00,dad,20,16,3,0,24.3,73.2,living_room_light,on,60,1,1,0,-0.8660254037844386,0.5000000000000001,0.43388373911755823,-0.900968867902419,0,0,1
2025-02-06 20:21:00,mom,20,53,3,0,24.3,73.2,living_room_light,on,60,1,1,0,-0.8660254037844386,0.5000000000000001,0.43388373911755823,-0.900968867902419,0,1,1
2025-02-06 20:33:00,son,20,58,3,0,24.3,73.2,living_room_light,on,77,1,1,0,-0.8660254037844386,0.5000000000000001,0.43388373911755823,-0.900968867902419,0,2,1
2025-02-06 21:40:00,dad,21,29,3,0,24.6,86.3,living_room_light,on,65,1,1,0,-0.7071067811865477,0.7071067811865474,0.43388373911755823,-0.900968867902419,0,0,1
2025-02-06 21:13:00,mom,21,56,3,0,24.6,86.3,living_room_light,on,44,1,1,0,-0.7071067811865477,0.7071067811865474,0.43388373911755823,-0.900968867902419,0,1,1
2025-02-06 22:00:00,mom,22,15,3,0,25.4,84.6,bedroom_light,on,29,1,1,0,-0.5000000000000004,0.8660254037844384,0.43388373911755823,-0.900968867902419,1,1,1
2025-02-06 22:43:00,son,22,22,3,0,25.4,84.6,bedroom_light,on,35,1,1,0,-0.5000000000000004,0.8660254037844384,0.43388373911755823,-0.900968867902419,1,2,1
2025-02-06 23:28:00,son,23,12,3,0,24.5,78.1,bedroom_light,on,28,1,1,0,-0.25881904510252157,0.9659258262890681,0.43388373911755823,-0.900968867902419,1,2,1
2025-02-07 06:34:00,dad,6,45,4,0,26.8,69.4,living_room_light,on,77,0,0,0,1.0,6.123233995736766e-17,-0.433883739117558,-0.9009688679024191,0,0,1
2025-02-07 06:12:00,mom,6,32,4,0,26.8,69.4,living_room_light,on,70,1,0,0,1.0,6.123233995736766e-17,-0.433883739117558,-0.9009688679024191,0,1,1
2025-02-07 07:02:00,dad,7,53,4,0,28.2,69.4,living_room_light,on,72,1,0,0,0.9659258262890683,-0.25881904510252063,-0.433883739117558,-0.9009688679024191,0,0,1
2025-02-07 07:10:00,mom,7,13,4,0,28.2,69.4,living_room_light,on,67,1,0,0,0.9659258262890683,-0.25881904510252063,-0.433883739117558,-0.9009688679024191,0,1,1
2025-02-07 07:32:00,son,7,54,4,0,28.2,69.4,kitchen_light,on,92,1,0,0,0.9659258262890683,-0.25881904510252063,-0.433883739117558,-0.9009688679024191,2,2,1
2025-02-07 07:20:00,daughter,7,22,4,0,28.2,69.4,kitchen_light,on,97,1,0,0,0.9659258262890683,-0.25881904510252063,-0.433883739117558,-0.9009688679024191,2,3,1
2025-02-07 12:26:00,dad,12,7,4,0,30.4,66.7,fan,on,0,1,0,0,1.2246467991473532e-16,-1.0,-0.433883739117558,-0.9009688679024191,3,0,1
2025-02-07 13:18:00,mom,13,5,4,0,30.8,62.7,fan,on,10,1,1,0,-0.2588190451025208,-0.9659258262890683,-0.433883739117558,-0.9009688679024191,3,1,1
2025-02-07 16:21:00,son,16,56,4,0,28.7,63.2,fan,on,7,1,1,0,-0.8660254037844385,-0.5000000000000004,-0.433883739117558,-0.9009688679024191,3,2,1
2025-02-07 16:25:00,daughter,16,28,4,0,28.7,63.2,fan,on,3,1,1,0,-0.8660254037844385,-0.5000000000000004,-0.433883739117558,-0.9009688679024191,3,3,1
2025-02-07 18:03:00,dad,18,27,4,0,25.8,70.7,living_room_light,on,68,1,1,0,-1.0,-1.8369701987210297e-16,-0.433883739117558,-0.9009688679024191,0,0,1
2025-02-07 18:31:00,mom,18,18,4,0,25.8,70.7,living_room_light,on,57,1,1,0,-1.0,-1.8369701987210297e-16,-0.433883739117558,-0.9009688679024191,0,1,1
2025-02-07 19:38:00,mom,19,3,4,0,27.1,64.0,living_room_light,on,56,1,1,0,-0.9659258262890684,0.2588190451025203,-0.433883739117558,-0.9009688679024191,0,1,1
2025-02-07 19:50:00,son,19,35,4,0,27.1,64.0,living_room_light,on,82,1,1,0,-0.9659258262890684,0.2588190451025203,-0.433883739117558,-0.9009688679024191,0,2,1
2025-02-07 20:02:00,dad,20,40,4,0,25.3,71.1,living_room_light,on,70,1,1,0,-0.8660254037844386,0.5000000000000001,-0.433883739117558,-0.9009688679024191,0,0,1
2025-02-07 20:14:00,mom,20,3,4,0,25.3,71.1,living_room_light,on,56,1,1,0,-0.8660254037844386,0.5000000000000001,-0.433883739117558,-0.9009688679024191,0,1,1
2025-02-07 21:21:00,dad,21,20,4,0,26.0,77.4,living_room_light,on,65,1,1,0,-0.7071067811865477,0.7071067811865474,-0.433883739117558,-0.9009688679024191,0,0,1
2025-02-07 21:04:00,mom,21,20,4,0,26.0,77.4,living_room_light,on,58,1,1,0,-0.7071067811865477,0.7071067811865474,-0.433883739117558,-0.9009688679024191,0,1,1
2025-02-07 21:43:00,son,21,33,4,0,26.0,77.4,living_room_light,on,80,1,1,0,-0.7071067811865477,0.7071067811865474,-0.433883739117558,-0.9009688679024191,0,2,1
2025-02-07 21:12:00,daughter,21,36,4,0,26.0,77.4,living_room_light,on,47,1,1,0,-0.7071067811865477,0.7071067811865474,-0.433883739117558,-0.9009688679024191,0,3,1
2025-02-07 22:57:00,mom,22,52,4,0,24.4,74.4,bedroom_light,on,31,1,1,0,-0.5000000000000004,0.8660254037844384,-0.433883739117558,-0.9009688679024191,1,1,1
2025-02-07 23:55:00,son,23,4,4,0,25.0,77.8,bedroom_light,on,26,1,1,0,-0.25881904510252157,0.9659258262890681,-0.433883739117558,-0.9009688679024191,1,2,1
2025-02-08 07:51:00,mom,7,44,5,1,26.7,68.9,kitchen_light,on,92,0,0,0,0.9659258262890683,-0.25881904510252063,-0.9749279121818236,-0.2225209339563146,2,1,1
2025-02-08 07:32:00,son,7,36,5,1,26.7,68.9,kitchen_light,on,88,0,0,0,0.9659258262890683,-0.25881904510252063,-0.9749279121818236,-0.2225209339563146,2,2,1
2025-02-08 07:55:00,daughter,7,33,5,1,26.7,68.9,kitchen_light,on,86,0,0,0,0.9659258262890683,-0.25881904510252063,-0.9749279121818236,-0.2225209339563146,2,3,1
2025-02-08 09:30:00,dad,9,41,5,1,29.1,53.1,fan,on,0,0,0,0,0.7071067811865476,-0.7071067811865475,-0.9749279121818236,-0.2225209339563146,3,0,1
2025-02-08 09:03:00,daughter,9,22,5,1,29.1,53.1,fan,on,0,0,1,0,0.7071067811865476,-0.7071067811865475,-0.9749279121818236,-0.2225209339563146,3,3,1
2025-02-08 10:59:00,dad,10,38,5,1,31.5,54.1,fan,on,2,0,1,0,0.49999999999999994,-0.8660254037844387,-0.9749279121818236,-0.2225209339563146,3,0,1
2025-02-08 10:01:00,mom,10,10,5,1,31.5,54.1,fan,on,8,0,1,0,0.49999999999999994,-0.8660254037844387,-0.9749279121818236,-0.2225209339563146,3,1,1
2025-02-08 10:46:00,son,10,8,5,1,31.5,54.1,fan,on,4,0,1,0,0.49999999999999994,-0.8660254037844387,-0.9749279121818236,-0.2225209339563146,3,2,1
2025-02-08 11:57:00,dad,11,42,5,1,30.4,63.2,fan,on,4,0,1,0,0.258819045102521,-0.9659258262890682,-0.9749279121818236,-0.2225209339563146,3,0,1
2025-02-08 11:12:00,mom,11,12,5,1,30.4,63.2,fan,on,4,0,1,0,0.258819045102521,-0.9659258262890682,-0.9749279121818236,-0.2225209339563146,3,1,1
2025-02-08 11:13:00,son,11,22,5,1,30.4,63.2,fan,on,2,0,1,0,0.258819045102521,-0.9659258262890682,-0.9749279121818236,-0.2225209339563146,3,2,1
2025-02-08 12:52:00,dad,12,54,5,1,31.3,59.3,kitchen_light,on,82,0,1,0,1.2246467991473532e-16,-1.0,-0.9749279121818236,-0.2225209339563146,2,0,1
2025-02-08 12:18:00,mom,12,32,5,1,31.3,59.3,kitchen_light,on,88,0,1,0,1.2246467991473532e-16,-1.0,-0.9749279121818236,-0.2225209339563146,2,1,1
2025-02-08 12:12:00,son,12,6,5,1,31.3,59.3,kitchen_light,on,90,0,1,0,1.2246467991473532e-16,-1.0,-0.9749279121818236,-0.2225209339563146,2,2,1
2025-02-08 13:17:00,dad,13,4,5,1,32.4,50.4,ac,on,25,0,1,0,-0.2588190451025208,-0.9659258262890683,-0.9749279121818236,-0.2225209339563146,4,0,1
2025-02-08 13:39:00,mom,13,49,5,1,32.4,50.4,ac,on,27,0,1,1,-0.2588190451025208,-0.9659258262890683,-0.9749279121818236,-0.2225209339563146,4,1,1
2025-02-08 13:30:00,son,13,50,5,1,32.4,50.4,ac,on,10,0,1,1,-0.2588190451025208,-0.9659258262890683,-0.9749279121818236,-0.2225209339563146,4,2,1
2025-02-08 13:05:00,daughter,13,17,5,1,32.4,50.4,ac,on,16,0,1,1,-0.2588190451025208,-0.9659258262890683,-0.9749279121818236,-0.2225209339563146,4,3,1
2025-02-08 14:37:00,dad,14,18,5,1,30.4,57.7,fan,on,5,0,1,1,-0.4999999999999997,-0.8660254037844388,-0.9749279121818236,-0.2225209339563146,3,0,1
2025-02-08 14:44:00,mom,14,55,5,1,30.4,57.7,fan,on,0,0,1,1,-0.4999999999999997,-0.8660254037844388,-0.9749279121818236,-0.2225209339563146,3,1,1
2025-02-08 14:38:00,daughter,14,17,5,1,30.4,57.7,fan,on,11,0,1,1,-0.4999999999999997,-0.8660254037844388,-0.9749279121818236,-0.2225209339563146,3,3,1
2025-02-08 15:53:00,dad,15,48,5,1,30.8,57.0,fan,on,8,0,1,1,-0.7071067811865471,-0.7071067811865479,-0.9749279121818236,-0.2225209339563146,3,0,1
2025-02-08 15:33:00,mom,15,51,5,1,30.8,57.0,fan,on,0,0,1,1,-0.7071067811865471,-0.7071067811865479,-0.9749279121818236,-0.2225209339563146,3,1,1
2025-02-08 15:35:00,son,15,17,5,1,30.8,57.0,fan,on,11,0,1,1,-0.7071067811865471,-0.7071067811865479,-0.9749279121818236,-0.2225209339563146,3,2,1
2025-02-08 15:07:00,daughter,15,26,5,1,30.8,57.0,fan,on,11,0,1,1,-0.7071067811865471,-0.7071067811865479,-0.9749279121818236,-0.2225209339563146,3,3,1
2025-02-08 16:25:00,dad,16,56,5,1,29.3,59.6,fan,on,0,0,1,1,-0.8660254037844385,-0.5000000000000004,-0.9749279121818236,-0.2225209339563146,3,0,1
2025-02-08 16:08:00,mom,16,3,5,1,29.3,59.6,fan,on,1,0,1,1,-0.8660254037844385,-0.5000000000000004,-0.9749279121818236,-0.2225209339563146,3,1,1
2025-02-08 16:08:00,son,16,27,5,1,29.3,59.6,fan,on,3,0,1,1,-0.8660254037844385,-0.5000000000000004,-0.9749279121818236,-0.2225209339563146,3,2,1
2025-02-08 16:45:00,daughter,16,37,5,1,29.3,59.6,fan,on,5,0,1,1,-0.8660254037844385,-0.5000000000000004,-0.9749279121818236,-0.2225209339563146,3,3,1
2025-02-08 17:30:00,dad,17,46,5,1,28.1,59.6,fan,on,9,0,1,1,-0.9659258262890683,-0.25881904510252063,-0.9749279121818236,-0.2225209339563146,3,0,1
2025-02-08 17:22:00,mom,17,17,5,1,28.1,59.6,fan,on,0,0,1,1,-0.9659258262890683,-0.25881904510252063,-0.9749279121818236,-0.2225209339563146,3,1,1
2025-02-08 17:13:00,son,17,3,5,1,28.1,59.6,fan,on,1,0,1,1,-0.9659258262890683,-0.25881904510252063,-0.9749279121818236,-0.2225209339563146,3,2,1
2025-02-08 17:14:00,daughter,17,20,5,1,28.1,59.6,fan,on,4,0,1,1,-0.9659258262890683,-0.25881904510252063,-0.9749279121818236,-0.2225209339563146,3,3,1
2025-02-08 18:03:00,dad,18,30,5,1,26.6,67.2,living_room_light,on,62,0,1,1,-1.0,-1.8369701987210297e-16,-0.9749279121818236,-0.2225209339563146,0,0,1
2025-02-08 18:28:00,son,18,56,5,1,26.6,67.2,living_room_light,on,79,1,1,1,-1.0,-1.8369701987210297e-16,-0.9749279121818236,-0.2225209339563146,0,2,1
2025-02-08 18:39:00,daughter,18,19,5,1,26.6,67.2,living_room_light,on,58,1,1,1,-1.0,-1.8369701987210297e-16,-0.9749279121818236,-0.2225209339563146,0,3,1
2025-02-08 19:42:00,dad,19,27,5,1,24.9,70.3,living_room_light,on,67,1,1,1,-0.9659258262890684,0.2588190451025203,-0.9749279121818236,-0.2225209339563146,0,0,1
2025-02-08 19:56:00,mom,19,9,5,1,24.9,70.3,kitchen_light,on,98,1,1,1,-0.9659258262890684,0.2588190451025203,-0.9749279121818236,-0.2225209339563146,2,1,1
2025-02-08 20:38:00,dad,20,41,5,1,23.6,68.4,living_room_light,on,64,1,1,1,-0.8660254037844386,0.5000000000000001,-0.9749279121818236,-0.2225209339563146,0,0,1
2025-02-08 20:35:00,son,20,4,5,1,23.6,68.4,ac,off,0,1,1,1,-0.8660254037844386,0.5000000000000001,-0.9749279121818236,-0.2225209339563146,4,2,0
2025-02-08 20:20:00,daughter,20,21,5,1,23.6,68.4,living_room_light,on,52,1,1,0,-0.8660254037844386,0.5000000000000001,-0.9749279121818236,-0.2225209339563146,0,3,1
2025-02-08 21:58:00,dad,21,17,5,1,25.2,73.0,living_room_light,on,66,1,1,0,-0.7071067811865477,0.7071067811865474,-0.9749279121818236,-0.2225209339563146,0,0,1
2025-02-08 21:50:00,mom,21,1,5,1,25.2,73.0,living_room_light,on,56,1,1,0,-0.7071067811865477,0.7071067811865474,-0.9749279121818236,-0.2225209339563146,0,1,1
2025-02-08 21:52:00,son,21,5,5,1,25.2,73.0,living_room_light,on,78,1,1,0,-0.7071067811865477,0.7071067811865474,-0.9749279121818236,-0.2225209339563146,0,2,1
2025-02-08 21:05:00,daughter,21,23,5,1,25.2,73.0,living_room_light,on,42,1,1,0,-0.7071067811865477,0.7071067811865474,-0.9749279121818236,-0.2225209339563146,0,3,1
2025-02-08 22:09:00,daughter,22,6,5,1,24.0,84.0,ac,off,0,1,1,0,-0.5000000000000004,0.8660254037844384,-0.9749279121818236,-0.2225209339563146,4,3,0
2025-02-08 23:11:00,son,23,7,5,1,25.1,79.3,bedroom_light,on,34,1,1,0,-0.25881904510252157,0.9659258262890681,-0.9749279121818236,-0.2225209339563146,1,2,1
2025-02-09 06:06:00,dad,6,5,6,1,27.2,65.3,living_room_light,on,71,0,0,0,1.0,6.123233995736766e-17,-0.7818314824680299,0.6234898018587334,0,0,1
2025-02-09 06:11:00,mom,6,3,6,1,27.2,65.3,living_room_light,on,73,1,0,0,1.0,6.123233995736766e-17,-0.7818314824680299,0.6234898018587334,0,1,1
2025-02-09 07:11:00,son,7,26,6,1,26.2,66.4,kitchen_light,on,91,1,0,0,0.9659258262890683,-0.25881904510252063,-0.7818314824680299,0.6234898018587334,2,2,1
2025-02-09 09:14:00,dad,9,36,6,1,31.1,51.7,fan,on,7,1,0,0,0.7071067811865476,-0.7071067811865475,-0.7818314824680299,0.6234898018587334,3,0,1
2025-02-09 09:45:00,mom,9,54,6,1,31.1,51.7,fan,on,7,1,1,0,0.7071067811865476,-0.7071067811865475,-0.7818314824680299,0.6234898018587334,3,1,1
2025-02-09 09:16:00,son,9,6,6,1,31.1,51.7,fan,on,0,1,1,0,0.7071067811865476,-0.7071067811865475,-0.7818314824680299,0.6234898018587334,3,2,1
2025-02-09 09:31:00,daughter,9,32,6,1,31.1,51.7,fan,on,0,1,1,0,0.7071067811865476,-0.7071067811865475,-0.7818314824680299,0.6234898018587334,3,3,1
2025-02-09 11:09:00,dad,11,44,6,1,32.0,56.8,ac,on,25,1,1,0,0.258819045102521,-0.9659258262890682,-0.7818314824680299,0.6234898018587334,4,0,1
2025-02-09 11:11:00,mom,11,31,6,1,32.0,56.8,ac,on,21,1,1,1,0.258819045102521,-0.9659258262890682,-0.7818314824680299,0.6234898018587334,4,1,1
2025-02-09 11:44:00,son,11,47,6,1,32.0,56.8,ac,on,22,1,1,1,0.258819045102521,-0.9659258262890682,-0.7818314824680299,0.6234898018587334,4,2,1
2025-02-09 12:21:00,dad,12,10,6,1,31.7,60.7,fan,on,4,1,1,1,1.2246467991473532e-16,-1.0,-0.7818314824680299,0.6234898018587334,3,0,1
2025-02-09 12:57:00,mom,12,9,6,1,31.7,60.7,fan,on,3,1,1,1,1.2246467991473532e-16,-1.0,-0.7818314824680299,0.6234898018587334,3,1,1
2025-02-09 12:31:00,son,12,40,6,1,31.7,60.7,fan,on,6,1,1,1,1.2246467991473532e-16,-1.0,-0.7818314824680299,0.6234898018587334,3,2,1
2025-02-09 12:00:00,daughter,12,5,6,1,31.7,60.7,fan,on,7,1,1,1,1.2246467991473532e-16,-1.0,-0.7818314824680299,0.6234898018587334,3,3,1
2025-02-09 13:46:00,dad,13,53,6,1,30.1,60.5,fan,on,0,1,1,1,-0.2588190451025208,-0.9659258262890683,-0.7818314824680299,0.6234898018587334,3,0,1
2025-02-09 13:38:00,mom,13,13,6,1,30.1,60.5,fan,on,0,1,1,1,-0.2588190451025208,-0.9659258262890683,-0.7818314824680299,0.6234898018587334,3,1,1
2025-02-09 13:43:00,son,13,22,6,1,30.1,60.5,fan,on,0,1,1,1,-0.2588190451025208,-0.9659258262890683,-0.7818314824680299,0.6234898018587334,3,2,1
2025-02-09 13:35:00,daughter,13,1,6,1,30.1,60.5,fan,on,4,1,1,1,-0.2588190451025208,-0.9659258262890683,-0.7818314824680299,0.6234898018587334,3,3,1
2025-02-09 14:13:00,dad,14,43,6,1,30.1,62.2,fan,on,0,1,1,1,-0.4999999999999997,-0.8660254037844388,-0.7818314824680299,0.6234898018587334,3,0,1
2025-02-09 14:38:00,mom,14,19,6,1,30.1,62.2,fan,on,0,1,1,1,-0.4999999999999997,-0.8660254037844388,-0.7818314824680299,0.6234898018587334,3,1,1
2025-02-09 14:12:00,son,14,41,6,1,30.1,62.2,fan,on,9,1,1,1,-0.4999999999999997,-0.8660254037844388,-0.7818314824680299,0.6234898018587334,3,2,1
2025-02-09 14:59:00,daughter,14,40,6,1,30.1,62.2,fan,on,0,1,1,1,-0.4999999999999997,-0.8660254037844388,-0.7818314824680299,0.6234898018587334,3,3,1
2025-02-09 15:00:00,dad,15,25,6,1,30.0,56.9,fan,on,0,1,1,1,-0.7071067811865471,-0.7071067811865479,-0.7818314824680299,0.6234898018587334,3,0,1
2025-02-09 15:41:00,mom,15,18,6,1,30.0,56.9,fan,on,0,1,1,1,-0.7071067811865471,-0.7071067811865479,-0.7818314824680299,0.6234898018587334,3,1,1
2025-02-09 15:17:00,son,15,25,6,1,30.0,56.9,fan,on,12,1,1,1,-0.7071067811865471,-0.7071067811865479,-0.7818314824680299,0.6234898018587334,3,2,1
2025-02-09 16:24:00,mom,16,33,6,1,30.0,55.3,fan,on,3,1,1,1,-0.8660254037844385,-0.5000000000000004,-0.7818314824680299,0.6234898018587334,3,1,1
2025-02-09 16:27:00,son,16,9,6,1,30.0,55.3,fan,on,5,1,1,1,-0.8660254037844385,-0.5000000000000004,-0.7818314824680299,0.6234898018587334,3,2,1
2025-02-09 16:51:00,daughter,16,43,6,1,30.0,55.3,fan,on,5,1,1,1,-0.8660254037844385,-0.5000000000000004,-0.7818314824680299,0.6234898018587334,3,3,1
2025-02-09 17:20:00,mom,17,31,6,1,28.2,61.3,fan,on,5,1,1,1,-0.9659258262890683,-0.25881904510252063,-0.7818314824680299,0.6234898018587334,3,1,1
2025-02-09 17:11:00,son,17,24,6,1,28.2,61.3,fan,on,3,1,1,1,-0.9659258262890683,-0.25881904510252063,-0.7818314824680299,0.6234898018587334,3,2,1
2025-02-09 18:32:00,mom,18,57,6,1,28.3,57.6,fan,on,14,1,1,1,-1.0,-1.8369701987210297e-16,-0.7818314824680299,0.6234898018587334,3,1,1
2025-02-09 18:02:00,daughter,18,32,6,1,28.3,57.6,fan,on,4,1,1,1,-1.0,-1.8369701987210297e-16,-0.7818314824680299,0.6234898018587334,3,3,1
2025-02-09 19:15:00,dad,19,43,6,1,24.7,69.5,living_room_light,on,61,1,1,1,-0.9659258262890684,0.2588190451025203,-0.7818314824680299,0.6234898018587334,0,0,1
2025-02-09 19:23:00,mom,19,15,6,1,24.7,69.5,living_room_light,on,55,1,1,1,-0.9659258262890684,0.2588190451025203,-0.7818314824680299,0.6234898018587334,0,1,1
2025-02-09 19:34:00,son,19,25,6,1,24.7,69.5,living_room_light,on,79,1,1,1,-0.9659258262890684,0.2588190451025203,-0.7818314824680299,0.6234898018587334,0,2,1
2025-02-09 20:35:00,dad,20,14,6,1,24.6,68.6,living_room_light,on,59,1,1,1,-0.8660254037844386,0.5000000000000001,-0.7818314824680299,0.6234898018587334,0,0,1
2025-02-09 20:52:00,mom,20,56,6,1,24.6,68.6,living_room_light,on,51,1,1,1,-0.8660254037844386,0.5000000000000001,-0.7818314824680299,0.6234898018587334,0,1,1
2025-02-09 20:57:00,son,20,57,6,1,24.6,68.6,living_room_light,on,81,1,1,1,-0.8660254037844386,0.5000000000000001,-0.7818314824680299,0.6234898018587334,0,2,1
2025-02-09 21:56:00,dad,21,16,6,1,25.3,83.0,living_room_light,on,60,1,1,1,-0.7071067811865477,0.7071067811865474,-0.7818314824680299,0.6234898018587334,0,0,1
2025-02-09 21:28:00,son,21,47,6,1,25.3,83.0,living_room_light,on,80,1,1,1,-0.7071067811865477,0.7071067811865474,-0.7818314824680299,0.6234898018587334,0,2,1
2025-02-09 22:18:00,mom,22,32,6,1,24.2,82.1,bedroom_light,on,24,1,1,1,-0.5000000000000004,0.8660254037844384,-0.7818314824680299,0.6234898018587334,1,1,1
2025-02-09 22:11:00,daughter,22,12,6,1,24.2,82.1,bedroom_light,on,27,1,1,1,-0.5000000000000004,0.8660254037844384,-0.7818314824680299,0.6234898018587334,1,3,1
2025-02-10 06:45:00,dad,6,27,0,0,28.3,65.5,living_room_light,on,91,0,0,0,1.0,6.123233995736766e-17,0.0,1.0,0,0,1
2025-02-10 07:45:00,mom,7,25,0,0,28.4,60.8,fan,on,4,1,0,0,0.9659258262890683,-0.25881904510252063,0.0,1.0,3,1,1
2025-02-10 07:29:00,son,7,4,0,0,28.4,60.8,kitchen_light,on,85,1,1,0,0.9659258262890683,-0.25881904510252063,0.0,1.0,2,2,1
2025-02-10 07:01:00,daughter,7,26,0,0,28.4,60.8,kitchen_light,on,91,1,1,0,0.9659258262890683,-0.25881904510252063,0.0,1.0,2,3,1
2025-02-10 08:19:00,mom,8,5,0,0,28.3,52.4,fan,on,0,1,1,0,0.8660254037844387,-0.4999999999999998,0.0,1.0,3,1,1
2025-02-10 09:04:00,mom,9,0,0,0,31.3,59.9,fan,on,6,1,1,0,0.7071067811865476,-0.7071067811865475,0.0,1.0,3,1,1
2025-02-10 10:24:00,dad,10,44,0,0,31.7,56.0,fan,on,0,1,1,0,0.49999999999999994,-0.8660254037844387,0.0,1.0,3,0,1
2025-02-10 10:03:00,mom,10,50,0,0,31.7,56.0,fan,on,4,1,1,0,0.49999999999999994,-0.8660254037844387,0.0,1.0,3,1,1
2025-02-10 11:45:00,mom,11,6,0,0,31.6,53.1,fan,on,6,1,1,0,0.258819045102521,-0.9659258262890682,0.0,1.0,3,1,1
2025-02-10 11:12:00,son,11,31,0,0,31.6,53.1,fan,on,10,1,1,0,0.258819045102521,-0.9659258262890682,0.0,1.0,3,2,1
2025-02-10 13:57:00,daughter,13,50,0,0,31.9,61.1,fan,on,4,1,1,0,-0.2588190451025208,-0.9659258262890683,0.0,1.0,3,3,1
2025-02-10 14:42:00,dad,14,26,0,0,29.9,61.6,fan,on,0,1,1,0,-0.4999999999999997,-0.8660254037844388,0.0,1.0,3,0,1
2025-02-10 18:16:00,mom,18,2,0,0,27.0,65.0,living_room_light,on,60,1,1,0,-1.0,-1.8369701987210297e-16,0.0,1.0,0,1,1
2025-02-10 18:21:00,daughter,18,15,0,0,27.0,65.0,living_room_light,on,48,1,1,0,-1.0,-1.8369701987210297e-16,0.0,1.0,0,3,1
2025-02-10 19:18:00,mom,19,47,0,0,24.4,66.2,kitchen_light,on,88,1,1,0,-0.9659258262890684,0.2588190451025203,0.0,1.0,2,1,1
2025-02-10 19:45:00,son,19,56,0,0,24.4,66.2,kitchen_light,on,89,1,1,0,-0.9659258262890684,0.2588190451025203,0.0,1.0,2,2,1
2025-02-10 20:31:00,mom,20,4,0,0,25.1,70.3,living_room_light,on,55,1,1,0,-0.8660254037844386,0.5000000000000001,0.0,1.0,0,1,1
2025-02-10 20:16:00,son,20,0,0,0,25.1,70.3,living_room_light,on,85,1,1,0,-0.8660254037844386,0.5000000000000001,0.0,1.0,0,2,1
2025-02-10 21:17:00,dad,21,12,0,0,23.6,81.1,living_room_light,on,61,1,1,0,-0.7071067811865477,0.7071067811865474,0.0,1.0,0,0,1
2025-02-10 21:45:00,daughter,21,10,0,0,23.6,81.1,ac,off,0,1,1,0,-0.7071067811865477,0.7071067811865474,0.0,1.0,4,3,0
2025-02-10 22:02:00,daughter,22,39,0,0,26.3,76.0,bedroom_light,on,31,1,1,0,-0.5000000000000004,0.8660254037844384,0.0,1.0,1,3,1
2025-02-10 23:00:00,son,23,23,0,0,26.0,75.9,bedroom_light,on,29,1,1,0,-0.25881904510252157,0.9659258262890681,0.0,1.0,1,2,1
2025-02-11 06:35:00,dad,6,36,1,0,27.2,68.7,living_room_light,on,82,0,0,0,1.0,6.123233995736766e-17,0.7818314824680298,0.6234898018587336,0,0,1
2025-02-11 06:34:00,mom,6,0,1,0,27.2,68.7,living_room_light,on,65,1,0,0,1.0,6.123233995736766e-17,0.7818314824680298,0.6234898018587336,0,1,1
2025-02-11 07:03:00,dad,7,34,1,0,27.9,64.7,living_room_light,on,81,1,0,0,0.9659258262890683,-0.25881904510252063,0.7818314824680298,0.6234898018587336,0,0,1
2025-02-11 07:54:00,mom,7,56,1,0,27.9,64.7,living_room_light,on,73,1,0,0,0.9659258262890683,-0.25881904510252063,0.7818314824680298,0.6234898018587336,0,1,1
2025-02-11 07:57:00,son,7,47,1,0,27.9,64.7,living_room_light,on,100,1,0,0,0.9659258262890683,-0.25881904510252063,0.7818314824680298,0.6234898018587336,0,2,1
2025-02-11 08:46:00,mom,8,47,1,0,28.8,59.6,fan,on,3,1,0,0,0.8660254037844387,-0.4999999999999998,0.7818314824680298,0.6234898018587336,3,1,1
2025-02-11 09:14:00,dad,9,12,1,0,30.1,56.4,fan,on,0,1,1,0,0.7071067811865476,-0.7071067811865475,0.7818314824680298,0.6234898018587336,3,0,1
2025-02-11 11:31:00,dad,11,36,1,0,30.8,51.3,fan,on,0,1,1,0,0.258819045102521,-0.9659258262890682,0.7818314824680298,0.6234898018587336,3,0,1
2025-02-11 12:39:00,son,12,55,1,0,30.6,62.7,fan,on,8,1,1,0,1.2246467991473532e-16,-1.0,0.7818314824680298,0.6234898018587336,3,2,1
2025-02-11 12:28:00,daughter,12,9,1,0,30.6,62.7,fan,on,5,1,1,0,1.2246467991473532e-16,-1.0,0.7818314824680298,0.6234898018587336,3,3,1
2025-02-11 13:03:00,son,13,34,1,0,30.7,54.6,fan,on,0,1,1,0,-0.2588190451025208,-0.9659258262890683,0.7818314824680298,0.6234898018587336,3,2,1
2025-02-11 13:46:00,daughter,13,16,1,0,30.7,54.6,fan,on,1,1,1,0,-0.2588190451025208,-0.9659258262890683,0.7818314824680298,0.6234898018587336,3,3,1
2025-02-11 14:55:00,mom,14,1,1,0,30.5,58.9,fan,on,13,1,1,0,-0.4999999999999997,-0.8660254037844388,0.7818314824680298,0.6234898018587336,3,1,1
2025-02-11 15:32:00,mom,15,43,1,0,30.4,65.9,fan,on,7,1,1,0,-0.7071067811865471,-0.7071067811865479,0.7818314824680298,0.6234898018587336,3,1,1
2025-02-11 17:04:00,mom,17,34,1,0,29.6,69.3,fan,on,6,1,1,0,-0.9659258262890683,-0.25881904510252063,0.7818314824680298,0.6234898018587336,3,1,1
2025-02-11 17:42:00,son,17,26,1,0,29.6,69.3,fan,on,12,1,1,0,-0.9659258262890683,-0.25881904510252063,0.7818314824680298,0.6234898018587336,3,2,1
2025-02-11 18:58:00,mom,18,55,1,0,25.9,76.5,living_room_light,on,54,1,1,0,-1.0,-1.8369701987210297e-16,0.7818314824680298,0.6234898018587336,0,1,1
2025-02-11 19:19:00,mom,19,48,1,0,24.6,72.1,kitchen_light,on,88,1,1,0,-0.9659258262890684,0.2588190451025203,0.7818314824680298,0.6234898018587336,2,1,1
2025-02-11 19:55:00,son,19,12,1,0,24.6,72.1,living_room_light,on,72,1,1,0,-0.9659258262890684,0.2588190451025203,0.7818314824680298,0.6234898018587336,0,2,1
2025-02-11 20:15:00,dad,20,9,1,0,25.0,71.4,living_room_light,on,67,1,1,0,-0.8660254037844386,0.5000000000000001,0.7818314824680298,0.6234898018587336,0,0,1
2025-02-11 20:18:00,son,20,2,1,0,25.0,71.4,living_room_light,on,86,1,1,0,-0.8660254037844386,0.5000000000000001,0.7818314824680298,0.6234898018587336,0,2,1
2025-02-11 21:37:00,dad,21,18,1,0,25.4,78.5,living_room_light,on,70,1,1,0,-0.7071067811865477,0.7071067811865474,0.7818314824680298,0.6234898018587336,0,0,1
2025-02-11 21:58:00,son,21,12,1,0,25.4,78.5,living_room_light,on,83,1,1,0,-0.7071067811865477,0.7071067811865474,0.7818314824680298,0.6234898018587336,0,2,1
2025-02-11 21:11:00,daughter,21,37,1,0,25.4,78.5,living_room_light,on,48,1,1,0,-0.7071067811865477,0.7071067811865474,0.7818314824680298,0.6234898018587336,0,3,1
2025-02-11 22:03:00,mom,22,29,1,0,25.6,64.3,bedroom_light,on,28,1,1,0,-0.5000000000000004,0.8660254037844384,0.7818314824680298,0.6234898018587336,1,1,1
2025-02-11 22:33:00,son,22,20,1,0,25.6,64.3,bedroom_light,on,29,1,1,0,-0.5000000000000004,0.8660254037844384,0.7818314824680298,0.6234898018587336,1,2,1
2025-02-11 22:19:00,daughter,22,43,1,0,25.6,64.3,bedroom_light,on,31,1,1,0,-0.5000000000000004,0.8660254037844384,0.7818314824680298,0.6234898018587336,1,3,1
2025-02-12 06:43:00,dad,6,38,2,0,25.9,76.0,living_room_light,on,75,0,0,0,1.0,6.123233995736766e-17,0.9749279121818236,-0.22252093395631434,0,0,1
2025-02-12 06:30:00,mom,6,6,2,0,25.9,76.0,living_room_light,on,73,1,0,0,1.0,6.123233995736766e-17,0.9749279121818236,-0.22252093395631434,0,1,1
2025-02-12 07:18:00,mom,7,7,2,0,26.4,70.5,kitchen_light,on,93,1,0,0,0.9659258262890683,-0.25881904510252063,0.9749279121818236,-0.22252093395631434,2,1,1
2025-02-12 07:14:00,son,7,25,2,0,26.4,70.5,living_room_light,on,100,1,0,0,0.9659258262890683,-0.25881904510252063,0.9749279121818236,-0.22252093395631434,0,2,1
2025-02-12 07:00:00,daughter,7,24,2,0,26.4,70.5,living_room_light,on,69,1,0,0,0.9659258262890683,-0.25881904510252063,0.9749279121818236,-0.22252093395631434,0,3,1
2025-02-12 09:04:00,mom,9,47,2,0,29.6,60.8,fan,on,0,1,0,0,0.7071067811865476,-0.7071067811865475,0.9749279121818236,-0.22252093395631434,3,1,1
2025-02-12 12:37:00,son,12,0,2,0,33.7,54.4,kitchen_light,on,89,1,1,0,1.2246467991473532e-16,-1.0,0.9749279121818236,-0.22252093395631434,2,2,1
2025-02-12 13:37:00,son,13,37,2,0,31.1,62.3,fan,on,0,1,1,0,-0.2588190451025208,-0.9659258262890683,0.9749279121818236,-0.22252093395631434,3,2,1
2025-02-12 15:03:00,son,15,2,2,0,29.5,57.2,fan,on,0,1,1,0,-0.7071067811865471,-0.7071067811865479,0.9749279121818236,-0.22252093395631434,3,2,1
2025-02-12 16:51:00,dad,16,17,2,0,30.1,58.1,fan,on,3,1,1,0,-0.8660254037844385,-0.5000000000000004,0.9749279121818236,-0.22252093395631434,3,0,1
2025-02-12 16:27:00,mom,16,9,2,0,30.1,58.1,fan,on,3,1,1,0,-0.8660254037844385,-0.5000000000000004,0.9749279121818236,-0.22252093395631434,3,1,1
2025-02-12 16:57:00,son,16,22,2,0,30.1,58.1,fan,on,0,1,1,0,-0.8660254037844385,-0.5000000000000004,0.9749279121818236,-0.22252093395631434,3,2,1
2025-02-12 16:28:00,daughter,16,30,2,0,30.1,58.1,fan,on,5,1,1,0,-0.8660254037844385,-0.5000000000000004,0.9749279121818236,-0.22252093395631434,3,3,1
2025-02-12 18:04:00,son,18,12,2,0,24.6,65.6,living_room_light,on,68,1,1,0,-1.0,-1.8369701987210297e-16,0.9749279121818236,-0.22252093395631434,0,2,1
2025-02-12 18:07:00,daughter,18,12,2,0,24.6,65.6,living_room_light,on,46,1,1,0,-1.0,-1.8369701987210297e-16,0.9749279121818236,-0.22252093395631434,0,3,1
2025-02-12 19:11:00,dad,19,56,2,0,25.9,64.0,living_room_light,on,65,1,1,0,-0.9659258262890684,0.2588190451025203,0.9749279121818236,-0.22252093395631434,0,0,1
2025-02-12 19:41:00,mom,19,56,2,0,25.9,64.0,living_room_light,on,60,1,1,0,-0.9659258262890684,0.2588190451025203,0.9749279121818236,-0.22252093395631434,0,1,1
2025-02-12 19:43:00,son,19,33,2,0,25.9,64.0,kitchen_light,on,84,1,1,0,-0.9659258262890684,0.2588190451025203,0.9749279121818236,-0.22252093395631434,2,2,1
2025-02-12 19:48:00,daughter,19,44,2,0,25.9,64.0,living_room_light,on,44,1,1,0,-0.9659258262890684,0.2588190451025203,0.9749279121818236,-0.22252093395631434,0,3,1
2025-02-12 20:28:00,mom,20,23,2,0,24.3,70.0,living_room_light,on,54,1,1,0,-0.8660254037844386,0.5000000000000001,0.9749279121818236,-0.22252093395631434,0,1,1
2025-02-12 20:53:00,son,20,46,2,0,24.3,70.0,living_room_light,on,79,1,1,0,-0.8660254037844386,0.5000000000000001,0.9749279121818236,-0.22252093395631434,0,2,1
2025-02-12 21:00:00,dad,21,51,2,0,26.5,83.6,living_room_light,on,62,1,1,0,-0.7071067811865477,0.7071067811865474,0.9749279121818236,-0.22252093395631434,0,0,1
2025-02-12 21:01:00,mom,21,26,2,0,26.5,83.6,living_room_light,on,56,1,1,0,-0.7071067811865477,0.7071067811865474,0.9749279121818236,-0.22252093395631434,0,1,1
2025-02-12 22:21:00,mom,22,27,2,0,22.9,81.9,bedroom_light,on,41,1,1,0,-0.5000000000000004,0.8660254037844384,0.9749279121818236,-0.22252093395631434,1,1,1
2025-02-12 22:55:00,son,22,14,2,0,22.9,81.9,bedroom_light,on,30,1,1,0,-0.5000000000000004,0.8660254037844384,0.9749279121818236,-0.22252093395631434,1,2,1
2025-02-12 23:11:00,son,23,9,2,0,26.3,78.4,bedroom_light,on,28,1,1,0,-0.25881904510252157,0.9659258262890681,0.9749279121818236,-0.22252093395631434,1,2,1
2025-02-13 06:51:00,dad,6,32,3,0,26.6,62.1,living_room_light,on,73,0,0,0,1.0,6.123233995736766e-17,0.43388373911755823,-0.900968867902419,0,0,1
2025-02-13 06:11:00,mom,6,2,3,0,26.6,62.1,living_room_light,on,78,1,0,0,1.0,6.123233995736766e-17,0.43388373911755823,-0.900968867902419,0,1,1
2025-02-13 07:44:00,dad,7,15,3,0,27.7,66.0,kitchen_light,on,100,1,0,0,0.9659258262890683,-0.25881904510252063,0.43388373911755823,-0.900968867902419,2,0,1
2025-02-13 07:05:00,mom,7,2,3,0,27.7,66.0,living_room_light,on,72,1,0,0,0.9659258262890683,-0.25881904510252063,0.43388373911755823,-0.900968867902419,0,1,1
2025-02-13 07:17:00,son,7,21,3,0,27.7,66.0,kitchen_light,on,84,1,0,0,0.9659258262890683,-0.25881904510252063,0.43388373911755823,-0.900968867902419,2,2,1
2025-02-13 08:07:00,mom,8,59,3,0,30.3,60.6,fan,on,2,1,0,0,0.8660254037844387,-0.4999999999999998,0.43388373911755823,-0.900968867902419,3,1,1
2025-02-13 11:48:00,son,11,19,3,0,30.7,53.8,fan,on,4,1,1,0,0.258819045102521,-0.9659258262890682,0.43388373911755823,-0.900968867902419,3,2,1
2025-02-13 12:26:00,mom,12,38,3,0,32.8,50.6,ac,on,20,1,1,0,1.2246467991473532e-16,-1.0,0.43388373911755823,-0.900968867902419,4,1,1
2025-02-13 12:22:00,son,12,58,3,0,32.8,50.6,ac,on,15,1,1,1,1.2246467991473532e-16,-1.0,0.43388373911755823,-0.900968867902419,4,2,1
2025-02-13 14:17:00,dad,14,47,3,0,30.3,60.4,fan,on,0,1,1,1,-0.4999999999999997,-0.8660254037844388,0.43388373911755823,-0.900968867902419,3,0,1
2025-02-13 14:05:00,mom,14,13,3,0,30.3,60.4,fan,on,0,1,1,1,-0.4999999999999997,-0.8660254037844388,0.43388373911755823,-0.900968867902419,3,1,1
2025-02-13 14:35:00,son,14,22,3,0,30.3,60.4,fan,on,5,1,1,1,-0.4999999999999997,-0.8660254037844388,0.43388373911755823,-0.900968867902419,3,2,1
2025-02-13 16:29:00,daughter,16,11,3,0,28.4,63.1,fan,on,0,1,1,1,-0.8660254037844385,-0.5000000000000004,0.43388373911755823,-0.900968867902419,3,3,1
2025-02-13 17:51:00,mom,17,36,3,0,28.1,73.1,fan,on,5,1,1,1,-0.9659258262890683,-0.25881904510252063,0.43388373911755823,-0.900968867902419,3,1,1
2025-02-13 17:20:00,son,17,16,3,0,28.1,73.1,fan,on,6,1,1,1,-0.9659258262890683,-0.25881904510252063,0.43388373911755823,-0.900968867902419,3,2,1
2025-02-13 18:26:00,dad,18,31,3,0,25.8,60.3,living_room_light,on,61,1,1,1,-1.0,-1.8369701987210297e-16,0.43388373911755823,-0.900968867902419,0,0,1
2025-02-13 18:53:00,mom,18,17,3,0,25.8,60.3,living_room_light,on,47,1,1,1,-1.0,-1.8369701987210297e-16,0.43388373911755823,-0.900968867902419,0,1,1
2025-02-13 19:19:00,mom,19,1,3,0,24.8,67.8,living_room_light,on,60,1,1,1,-0.9659258262890684,0.2588190451025203,0.43388373911755823,-0.900968867902419,0,1,1
2025-02-13 19:07:00,daughter,19,55,3,0,24.8,67.8,living_room_light,on,40,1,1,1,-0.9659258262890684,0.2588190451025203,0.43388373911755823,-0.900968867902419,0,3,1
2025-02-13 20:58:00,dad,20,40,3,0,25.1,69.4,living_room_light,on,68,1,1,1,-0.8660254037844386,0.5000000000000001,0.43388373911755823,-0.900968867902419,0,0,1
2025-02-13 20:28:00,mom,20,7,3,0,25.1,69.4,living_room_light,on,62,1,1,1,-0.8660254037844386,0.5000000000000001,0.43388373911755823,-0.900968867902419,0,1,1
2025-02-13 20:36:00,son,20,0,3,0,25.1,69.4,living_room_light,on,79,1,1,1,-0.8660254037844386,0.5000000000000001,0.43388373911755823,-0.900968867902419,0,2,1
2025-02-13 21:46:00,dad,21,11,3,0,26.6,77.7,living_room_light,on,64,1,1,1,-0.7071067811865477,0.7071067811865474,0.43388373911755823,-0.900968867902419,0,0,1
2025-02-13 21:05:00,mom,21,41,3,0,26.6,77.7,living_room_light,on,57,1,1,1,-0.7071067811865477,0.7071067811865474,0.43388373911755823,-0.900968867902419,0,1,1
2025-02-13 21:37:00,son,21,3,3,0,26.6,77.7,living_room_light,on,81,1,1,1,-0.7071067811865477,0.7071067811865474,0.43388373911755823,-0.900968867902419,0,2,1
2025-02-13 21:30:00,daughter,21,37,3,0,26.6,77.7,living_room_light,on,49,1,1,1,-0.7071067811865477,0.7071067811865474,0.43388373911755823,-0.900968867902419,0,3,1
2025-02-13 22:25:00,mom,22,21,3,0,25.5,77.3,bedroom_light,on,38,1,1,1,-0.5000000000000004,0.8660254037844384,0.43388373911755823,-0.900968867902419,1,1,1
2025-02-13 23:33:00,son,23,33,3,0,23.1,85.8,ac,off,0,1,1,1,-0.25881904510252157,0.9659258262890681,0.43388373911755823,-0.900968867902419,4,2,0
2025-02-14 06:18:00,mom,6,13,4,0,26.0,63.6,living_room_light,on,62,0,0,0,1.0,6.123233995736766e-17,-0.433883739117558,-0.9009688679024191,0,1,1
2025-02-14 07:38:00,dad,7,37,4,0,28.2,61.3,fan,on,5,1,0,0,0.9659258262890683,-0.25881904510252063,-0.433883739117558,-0.9009688679024191,3,0,1
2025-02-14 07:20:00,mom,7,10,4,0,28.2,61.3,kitchen_light,on,85,1,1,0,0.9659258262890683,-0.25881904510252063,-0.433883739117558,-0.9009688679024191,2,1,1
2025-02-14 07:04:00,son,7,29,4,0,28.2,61.3,living_room_light,on,99,1,1,0,0.9659258262890683,-0.25881904510252063,-0.433883739117558,-0.9009688679024191,0,2,1
2025-02-14 07:42:00,daughter,7,2,4,0,28.2,61.3,living_room_light,on,55,1,1,0,0.9659258262890683,-0.25881904510252063,-0.433883739117558,-0.9009688679024191,0,3,1
2025-02-14 09:20:00,daughter,9,44,4,0,31.0,67.3,fan,on,4,1,1,0,0.7071067811865476,-0.7071067811865475,-0.433883739117558,-0.9009688679024191,3,3,1
2025-02-14 10:17:00,son,10,43,4,0,31.0,59.7,fan,on,0,1,1,0,0.49999999999999994,-0.8660254037844387,-0.433883739117558,-0.9009688679024191,3,2,1
2025-02-14 14:10:00,daughter,14,9,4,0,30.9,53.9,fan,on,2,1,1,0,-0.4999999999999997,-0.8660254037844388,-0.433883739117558,-0.9009688679024191,3,3,1
2025-02-14 15:47:00,mom,15,28,4,0,30.3,61.2,fan,on,0,1,1,0,-0.7071067811865471,-0.7071067811865479,-0.433883739117558,-0.9009688679024191,3,1,1
2025-02-14 15:06:00,daughter,15,13,4,0,30.3,61.2,fan,on,2,1,1,0,-0.7071067811865471,-0.7071067811865479,-0.433883739117558,-0.9009688679024191,3,3,1
2025-02-14 16:58:00,son,16,37,4,0,28.0,56.1,fan,on,4,1,1,0,-0.8660254037844385,-0.5000000000000004,-0.433883739117558,-0.9009688679024191,3,2,1
2025-02-14 18:22:00,dad,18,50,4,0,27.4,69.7,living_room_light,on,67,1,1,0,-1.0,-1.8369701987210297e-16,-0.433883739117558,-0.9009688679024191,0,0,1
2025-02-14 18:12:00,son,18,19,4,0,27.4,69.7,living_room_light,on,84,1,1,0,-1.0,-1.8369701987210297e-16,-0.433883739117558,-0.9009688679024191,0,2,1
2025-02-14 18:43:00,daughter,18,39,4,0,27.4,69.7,living_room_light,on,49,1,1,0,-1.0,-1.8369701987210297e-16,-0.433883739117558,-0.9009688679024191,0,3,1
2025-02-14 19:02:00,dad,19,44,4,0,26.7,65.5,kitchen_light,on,88,1,1,0,-0.9659258262890684,0.2588190451025203,-0.433883739117558,-0.9009688679024191,2,0,1
2025-02-14 19:59:00,mom,19,1,4,0,26.7,65.5,living_room_light,on,56,1,1,0,-0.9659258262890684,0.2588190451025203,-0.433883739117558,-0.9009688679024191,0,1,1
2025-02-14 19:08:00,daughter,19,35,4,0,26.7,65.5,living_room_light,on,54,1,1,0,-0.9659258262890684,0.2588190451025203,-0.433883739117558,-0.9009688679024191,0,3,1
2025-02-14 20:00:00,dad,20,39,4,0,25.1,72.1,living_room_light,on,64,1,1,0,-0.8660254037844386,0.5000000000000001,-0.433883739117558,-0.9009688679024191,0,0,1
2025-02-14 20:18:00,mom,20,54,4,0,25.1,72.1,living_room_light,on,52,1,1,0,-0.8660254037844386,0.5000000000000001,-0.433883739117558,-0.9009688679024191,0,1,1
2025-02-14 20:37:00,son,20,37,4,0,25.1,72.1,living_room_light,on,76,1,1,0,-0.8660254037844386,0.5000000000000001,-0.433883739117558,-0.9009688679024191,0,2,1
2025-02-14 20:23:00,daughter,20,10,4,0,25.1,72.1,living_room_light,on,58,1,1,0,-0.8660254037844386,0.5000000000000001,-0.433883739117558,-0.9009688679024191,0,3,1
2025-02-14 21:45:00,dad,21,48,4,0,24.4,75.3,living_room_light,on,56,1,1,0,-0.7071067811865477,0.7071067811865474,-0.433883739117558,-0.9009688679024191,0,0,1
2025-02-14 21:09:00,mom,21,27,4,0,24.4,75.3,living_room_light,on,66,1,1,0,-0.7071067811865477,0.7071067811865474,-0.433883739117558,-0.9009688679024191,0,1,1
2025-02-14 21:44:00,daughter,21,42,4,0,24.4,75.3,living_room_light,on,52,1,1,0,-0.7071067811865477,0.7071067811865474,-0.433883739117558,-0.9009688679024191,0,3,1
2025-02-14 22:26:00,son,22,30,4,0,24.4,76.7,bedroom_light,on,25,1,1,0,-0.5000000000000004,0.8660254037844384,-0.433883739117558,-0.9009688679024191,1,2,1
2025-02-14 22:41:00,daughter,22,43,4,0,24.4,76.7,bedroom_light,on,34,1,1,0,-0.5000000000000004,0.8660254037844384,-0.433883739117558,-0.9009688679024191,1,3,1
2025-02-14 23:44:00,son,23,21,4,0,23.7,84.0,ac,off,0,1,1,0,-0.25881904510252157,0.9659258262890681,-0.433883739117558,-0.9009688679024191,4,2,0
2025-02-15 06:53:00,dad,6,59,5,1,27.7,67.5,living_room_light,on,79,0,0,0,1.0,6.123233995736766e-17,-0.9749279121818236,-0.2225209339563146,0,0,1
2025-02-15 06:30:00,mom,6,13,5,1,27.7,67.5,living_room_light,on,69,1,0,0,1.0,6.123233995736766e-17,-0.9749279121818236,-0.2225209339563146,0,1,1
2025-02-15 07:53:00,dad,7,31,5,1,28.1,61.9,fan,on,0,1,0,0,0.9659258262890683,-0.25881904510252063,-0.9749279121818236,-0.2225209339563146,3,0,1
2025-02-15 07:38:00,mom,7,54,5,1,28.1,61.9,kitchen_light,on,87,1,1,0,0.9659258262890683,-0.25881904510252063,-0.9749279121818236,-0.2225209339563146,2,1,1
2025-02-15 07:00:00,daughter,7,6,5,1,28.1,61.9,living_room_light,on,62,1,1,0,0.9659258262890683,-0.25881904510252063,-0.9749279121818236,-0.2225209339563146,0,3,1
2025-02-15 08:39:00,dad,8,2,5,1,29.0,59.8,fan,on,5,1,1,0,0.8660254037844387,-0.4999999999999998,-0.9749279121818236,-0.2225209339563146,3,0,1
2025-02-15 08:15:00,mom,8,18,5,1,29.0,59.8,fan,on,1,1,1,0,0.8660254037844387,-0.4999999999999998,-0.9749279121818236,-0.2225209339563146,3,1,1
2025-02-15 09:41:00,mom,9,47,5,1,29.7,52.1,fan,on,0,1,1,0,0.7071067811865476,-0.7071067811865475,-0.9749279121818236,-0.2225209339563146,3,1,1
2025-02-15 10:28:00,dad,10,36,5,1,29.4,70.3,fan,on,12,1,1,0,0.49999999999999994,-0.8660254037844387,-0.9749279121818236,-0.2225209339563146,3,0,1
2025-02-15 10:58:00,mom,10,4,5,1,29.4,70.3,fan,on,4,1,1,0,0.49999999999999994,-0.8660254037844387,-0.9749279121818236,-0.2225209339563146,3,1,1
2025-02-15 10:23:00,daughter,10,30,5,1,29.4,70.3,fan,on,14,1,1,0,0.49999999999999994,-0.8660254037844387,-0.9749279121818236,-0.2225209339563146,3,3,1
2025-02-15 11:27:00,dad,11,25,5,1,31.1,52.6,fan,on,0,1,1,0,0.258819045102521,-0.9659258262890682,-0.9749279121818236,-0.2225209339563146,3,0,1
2025-02-15 11:28:00,mom,11,43,5,1,31.1,52.6,fan,on,6,1,1,0,0.258819045102521,-0.9659258262890682,-0.9749279121818236,-0.2225209339563146,3,1,1
2025-02-15 11:35:00,son,11,58,5,1,31.1,52.6,fan,on,0,1,1,0,0.258819045102521,-0.9659258262890682,-0.9749279121818236,-0.2225209339563146,3,2,1
2025-02-15 11:03:00,daughter,11,20,5,1,31.1,52.6,fan,on,3,1,1,0,0.258819045102521,-0.9659258262890682,-0.9749279121818236,-0.2225209339563146,3,3,1
2025-02-15 12:57:00,mom,12,40,5,1,31.5,63.0,kitchen_light,on,85,1,1,0,1.2246467991473532e-16,-1.0,-0.9749279121818236,-0.2225209339563146,2,1,1
2025-02-15 12:58:00,son,12,25,5,1,31.5,63.0,fan,on,0,1,1,0,1.2246467991473532e-16,-1.0,-0.9749279121818236,-0.2225209339563146,3,2,1
2025-02-15 12:19:00,daughter,12,26,5,1,31.5,63.0,fan,on,8,1,1,0,1.2246467991473532e-16,-1.0,-0.9749279121818236,-0.2225209339563146,3,3,1
2025-02-15 13:57:00,dad,13,32,5,1,30.7,59.6,fan,on,4,1,1,0,-0.2588190451025208,-0.9659258262890683,-0.9749279121818236,-0.2225209339563146,3,0,1
2025-02-15 13:26:00,mom,13,27,5,1,30.7,59.6,fan,on,4,1,1,0,-0.2588190451025208,-0.9659258262890683,-0.9749279121818236,-0.2225209339563146,3,1,1
2025-02-15 13:46:00,son,13,10,5,1,30.7,59.6,fan,on,2,1,1,0,-0.2588190451025208,-0.9659258262890683,-0.9749279121818236,-0.2225209339563146,3,2,1
2025-02-15 13:27:00,daughter,13,53,5,1,30.7,59.6,fan,on,0,1,1,0,-0.2588190451025208,-0.9659258262890683,-0.9749279121818236,-0.2225209339563146,3,3,1
2025-02-15 14:10:00,dad,14,22,5,1,30.9,72.1,fan,on,7,1,1,0,-0.4999999999999997,-0.8660254037844388,-0.9749279121818236,-0.2225209339563146,3,0,1
2025-02-15 14:56:00,mom,14,10,5,1,30.9,72.1,fan,on,6,1,1,0,-0.4999999999999997,-0.8660254037844388,-0.9749279121818236,-0.2225209339563146,3,1,1
2025-02-15 14:19:00,daughter,14,4,5,1,30.9,72.1,fan,on,0,1,1,0,-0.4999999999999997,-0.8660254037844388,-0.9749279121818236,-0.2225209339563146,3,3,1
2025-02-15 15:28:00,dad,15,6,5,1,29.2,60.8,fan,on,8,1,1,0,-0.7071067811865471,-0.7071067811865479,-0.9749279121818236,-0.2225209339563146,3,0,1
2025-02-15 15:08:00,mom,15,14,5,1,29.2,60.8,fan,on,2,1,1,0,-0.7071067811865471,-0.7071067811865479,-0.9749279121818236,-0.2225209339563146,3,1,1
2025-02-15 15:01:00,son,15,16,5,1,29.2,60.8,fan,on,0,1,1,0,-0.7071067811865471,-0.7071067811865479,-0.9749279121818236,-0.2225209339563146,3,2,1
2025-02-15 15:41:00,daughter,15,10,5,1,29.2,60.8,fan,on,4,1,1,0,-0.7071067811865471,-0.7071067811865479,-0.9749279121818236,-0.2225209339563146,3,3,1
2025-02-15 16:03:00,mom,16,4,5,1,30.3,58.4,fan,on,1,1,1,0,-0.8660254037844385,-0.5000000000000004,-0.9749279121818236,-0.2225209339563146,3,1,1
2025-02-15 16:06:00,daughter,16,3,5,1,30.3,58.4,fan,on,2,1,1,0,-0.8660254037844385,-0.5000000000000004,-0.9749279121818236,-0.2225209339563146,3,3,1
2025-02-15 18:29:00,dad,18,30,5,1,27.9,62.1,living_room_light,on,65,1,1,0,-1.0,-1.8369701987210297e-16,-0.9749279121818236,-0.2225209339563146,0,0,1
2025-02-15 18:19:00,mom,18,51,5,1,27.9,62.1,living_room_light,on,55,1,1,0,-1.0,-1.8369701987210297e-16,-0.9749279121818236,-0.2225209339563146,0,1,1
2025-02-15 18:27:00,daughter,18,16,5,1,27.9,62.1,living_room_light,on,43,1,1,0,-1.0,-1.8369701987210297e-16,-0.9749279121818236,-0.2225209339563146,0,3,1
2025-02-15 19:27:00,dad,19,22,5,1,25.2,69.1,kitchen_light,on,81,1,1,0,-0.9659258262890684,0.2588190451025203,-0.9749279121818236,-0.2225209339563146,2,0,1
2025-02-15 19:31:00,mom,19,50,5,1,25.2,69.1,kitchen_light,on,92,1,1,0,-0.9659258262890684,0.2588190451025203,-0.9749279121818236,-0.2225209339563146,2,1,1
2025-02-15 20:37:00,dad,20,58,5,1,24.9,74.4,living_room_light,on,67,1,1,0,-0.8660254037844386,0.5000000000000001,-0.9749279121818236,-0.2225209339563146,0,0,1
2025-02-15 20:56:00,daughter,20,58,5,1,24.9,74.4,living_room_light,on,49,1,1,0,-0.8660254037844386,0.5000000000000001,-0.9749279121818236,-0.2225209339563146,0,3,1
2025-02-15 21:31:00,dad,21,47,5,1,24.2,79.5,living_room_light,on,54,1,1,0,-0.7071067811865477,0.7071067811865474,-0.9749279121818236,-0.2225209339563146,0,0,1
2025-02-15 21:17:00,mom,21,42,5,1,24.2,79.5,living_room_light,on,61,1,1,0,-0.7071067811865477,0.7071067811865474,-0.9749279121818236,-0.2225209339563146,0,1,1
2025-02-15 21:22:00,son,21,17,5,1,24.2,79.5,living_room_light,on,83,1,1,0,-0.7071067811865477,0.7071067811865474,-0.9749279121818236,-0.2225209339563146,0,2,1
2025-02-15 22:33:00,mom,22,58,5,1,24.9,88.7,bedroom_light,on,40,1,1,0,-0.5000000000000004,0.8660254037844384,-0.9749279121818236,-0.2225209339563146,1,1,1
2025-02-15 22:33:00,son,22,51,5,1,24.9,88.7,bedroom_light,on,27,1,1,0,-0.5000000000000004,0.8660254037844384,-0.9749279121818236,-0.2225209339563146,1,2,1
2025-02-15 22:56:00,daughter,22,49,5,1,24.9,88.7,bedroom_light,on,27,1,1,0,-0.5000000000000004,0.8660254037844384,-0.9749279121818236,-0.2225209339563146,1,3,1
2025-02-15 23:02:00,son,23,23,5,1,23.8,80.4,bedroom_light,on,33,1,1,0,-0.25881904510252157,0.9659258262890681,-0.9749279121818236,-0.2225209339563146,1,2,1
2025-02-16 06:20:00,dad,6,31,6,1,27.0,63.0,living_room_light,on,87,0,0,0,1.0,6.123233995736766e-17,-0.7818314824680299,0.6234898018587334,0,0,1
2025-02-16 06:01:00,mom,6,30,6,1,27.0,63.0,living_room_light,on,71,1,0,0,1.0,6.123233995736766e-17,-0.7818314824680299,0.6234898018587334,0,1,1
2025-02-16 07:59:00,dad,7,35,6,1,28.1,55.2,fan,on,0,1,0,0,0.9659258262890683,-0.25881904510252063,-0.7818314824680299,0.6234898018587334,3,0,1
2025-02-16 07:43:00,mom,7,30,6,1,28.1,55.2,living_room_light,on,68,1,1,0,0.9659258262890683,-0.25881904510252063,-0.7818314824680299,0.6234898018587334,0,1,1
2025-02-16 09:31:00,dad,9,47,6,1,29.1,59.0,fan,on,0,1,1,0,0.7071067811865476,-0.7071067811865475,-0.7818314824680299,0.6234898018587334,3,0,1
2025-02-16 09:46:00,mom,9,58,6,1,29.1,59.0,fan,on,1,1,1,0,0.7071067811865476,-0.7071067811865475,-0.7818314824680299,0.6234898018587334,3,1,1
2025-02-16 09:05:00,son,9,26,6,1,29.1,59.0,fan,on,1,1,1,0,0.7071067811865476,-0.7071067811865475,-0.7818314824680299,0.6234898018587334,3,2,1
2025-02-16 09:36:00,daughter,9,20,6,1,29.1,59.0,fan,on,12,1,1,0,0.7071067811865476,-0.7071067811865475,-0.7818314824680299,0.6234898018587334,3,3,1
2025-02-16 10:06:00,son,10,57,6,1,29.2,60.3,fan,on,10,1,1,0,0.49999999999999994,-0.8660254037844387,-0.7818314824680299,0.6234898018587334,3,2,1
2025-02-16 11:33:00,dad,11,33,6,1,31.4,56.7,fan,on,2,1,1,0,0.258819045102521,-0.9659258262890682,-0.7818314824680299,0.6234898018587334,3,0,1
2025-02-16 11:46:00,mom,11,18,6,1,31.4,56.7,fan,on,0,1,1,0,0.258819045102521,-0.9659258262890682,-0.7818314824680299,0.6234898018587334,3,1,1
2025-02-16 11:11:00,son,11,16,6,1,31.4,56.7,fan,on,0,1,1,0,0.258819045102521,-0.9659258262890682,-0.7818314824680299,0.6234898018587334,3,2,1
2025-02-16 11:59:00,daughter,11,38,6,1,31.4,56.7,fan,on,1,1,1,0,0.258819045102521,-0.9659258262890682,-0.7818314824680299,0.6234898018587334,3,3,1
2025-02-16 12:26:00,dad,12,43,6,1,29.8,73.0,kitchen_light,on,96,1,1,0,1.2246467991473532e-16,-1.0,-0.7818314824680299,0.6234898018587334,2,0,1
2025-02-16 12:47:00,mom,12,24,6,1,29.8,73.0,kitchen_light,on,92,1,1,0,1.2246467991473532e-16,-1.0,-0.7818314824680299,0.6234898018587334,2,1,1
2025-02-16 12:46:00,son,12,55,6,1,29.8,73.0,fan,on,7,1,1,0,1.2246467991473532e-16,-1.0,-0.7818314824680299,0.6234898018587334,3,2,1
2025-02-16 12:29:00,daughter,12,14,6,1,29.8,73.0,kitchen_light,on,92,1,1,0,1.2246467991473532e-16,-1.0,-0.7818314824680299,0.6234898018587334,2,3,1
2025-02-16 13:17:00,dad,13,15,6,1,31.2,62.9,fan,on,3,1,1,0,-0.2588190451025208,-0.9659258262890683,-0.7818314824680299,0.6234898018587334,3,0,1
2025-02-16 13:07:00,mom,13,17,6,1,31.2,62.9,fan,on,17,1,1,0,-0.2588190451025208,-0.9659258262890683,-0.7818314824680299,0.6234898018587334,3,1,1
2025-02-16 13:52:00,son,13,34,6,1,31.2,62.9,fan,on,0,1,1,0,-0.2588190451025208,-0.9659258262890683,-0.7818314824680299,0.6234898018587334,3,2,1
2025-02-16 14:18:00,dad,14,21,6,1,28.8,53.1,fan,on,0,1,1,0,-0.4999999999999997,-0.8660254037844388,-0.7818314824680299,0.6234898018587334,3,0,1
2025-02-16 14:18:00,mom,14,49,6,1,28.8,53.1,fan,on,0,1,1,0,-0.4999999999999997,-0.8660254037844388,-0.7818314824680299,0.6234898018587334,3,1,1
2025-02-16 15:12:00,dad,15,52,6,1,29.7,60.6,fan,on,0,1,1,0,-0.7071067811865471,-0.7071067811865479,-0.7818314824680299,0.6234898018587334,3,0,1
2025-02-16 15:43:00,son,15,14,6,1,29.7,60.6,fan,on,0,1,1,0,-0.7071067811865471,-0.7071067811865479,-0.7818314824680299,0.6234898018587334,3,2,1
2025-02-16 16:08:00,dad,16,15,6,1,28.1,56.6,fan,on,4,1,1,0,-0.8660254037844385,-0.5000000000000004,-0.7818314824680299,0.6234898018587334,3,0,1
2025-02-16 16:42:00,mom,16,51,6,1,28.1,56.6,fan,on,0,1,1,0,-0.8660254037844385,-0.5000000000000004,-0.7818314824680299,0.6234898018587334,3,1,1
2025-02-16 16:51:00,son,16,39,6,1,28.1,56.6,fan,on,5,1,1,0,-0.8660254037844385,-0.5000000000000004,-0.7818314824680299,0.6234898018587334,3,2,1
2025-02-16 16:22:00,daughter,16,35,6,1,28.1,56.6,fan,on,4,1,1,0,-0.8660254037844385,-0.5000000000000004,-0.7818314824680299,0.6234898018587334,3,3,1
2025-02-16 17:08:00,dad,17,38,6,1,28.5,76.4,fan,on,0,1,1,0,-0.9659258262890683,-0.25881904510252063,-0.7818314824680299,0.6234898018587334,3,0,1
2025-02-16 17:25:00,mom,17,26,6,1,28.5,76.4,fan,on,0,1,1,0,-0.9659258262890683,-0.25881904510252063,-0.7818314824680299,0.6234898018587334,3,1,1
2025-02-16 17:27:00,son,17,5,6,1,28.5,76.4,fan,on,1,1,1,0,-0.9659258262890683,-0.25881904510252063,-0.7818314824680299,0.6234898018587334,3,2,1
2025-02-16 18:21:00,dad,18,50,6,1,27.1,73.2,living_room_light,on,62,1,1,0,-1.0,-1.8369701987210297e-16,-0.7818314824680299,0.6234898018587334,0,0,1
2025-02-16 18:35:00,mom,18,55,6,1,27.1,73.2,living_room_light,on,55,1,1,0,-1.0,-1.8369701987210297e-16,-0.7818314824680299,0.6234898018587334,0,1,1
2025-02-16 18:22:00,son,18,44,6,1,27.1,73.2,living_room_light,on,79,1,1,0,-1.0,-1.8369701987210297e-16,-0.7818314824680299,0.6234898018587334,0,2,1
2025-02-16 18:13:00,daughter,18,29,6,1,27.1,73.2,living_room_light,on,52,1,1,0,-1.0,-1.8369701987210297e-16,-0.7818314824680299,0.6234898018587334,0,3,1
2025-02-16 19:11:00,dad,19,35,6,1,23.7,76.7,fan,off,0,1,1,0,-0.9659258262890684,0.2588190451025203,-0.7818314824680299,0.6234898018587334,3,0,0
2025-02-16 20:41:00,mom,20,59,6,1,24.0,72.9,living_room_light,on,51,1,0,0,-0.8660254037844386,0.5000000000000001,-0.7818314824680299,0.6234898018587334,0,1,1
2025-02-16 20:10:00,son,20,51,6,1,24.0,72.9,living_room_light,on,75,1,0,0,-0.8660254037844386,0.5000000000000001,-0.7818314824680299,0.6234898018587334,0,2,1
2025-02-16 21:31:00,dad,21,53,6,1,24.0,81.9,living_room_light,on,64,1,0,0,-0.7071067811865477,0.7071067811865474,-0.7818314824680299,0.6234898018587334,0,0,1
2025-02-16 21:01:00,mom,21,17,6,1,24.0,81.9,living_room_light,on,49,1,0,0,-0.7071067811865477,0.7071067811865474,-0.7818314824680299,0.6234898018587334,0,1,1
2025-02-16 21:05:00,son,21,14,6,1,24.0,81.9,living_room_light,on,87,1,0,0,-0.7071067811865477,0.7071067811865474,-0.7818314824680299,0.6234898018587334,0,2,1
2025-02-16 21:37:00,daughter,21,51,6,1,24.0,81.9,living_room_light,on,60,1,0,0,-0.7071067811865477,0.7071067811865474,-0.7818314824680299,0.6234898018587334,0,3,1
2025-02-16 22:11:00,mom,22,52,6,1,25.3,77.8,bedroom_light,on,29,1,0,0,-0.5000000000000004,0.8660254037844384,-0.7818314824680299,0.6234898018587334,1,1,1
2025-02-16 22:48:00,son,22,21,6,1,25.3,77.8,bedroom_light,on,23,1,0,0,-0.5000000000000004,0.8660254037844384,-0.7818314824680299,0.6234898018587334,1,2,1
2025-02-16 23:59:00,son,23,37,6,1,25.9,76.9,bedroom_light,on,38,1,0,0,-0.25881904510252157,0.9659258262890681,-0.7818314824680299,0.6234898018587334,1,2,1
2025-02-17 06:45:00,dad,6,53,0,0,28.1,62.8,fan,on,0,0,0,0,1.0,6.123233995736766e-17,0.0,1.0,3,0,1
2025-02-17 06:29:00,mom,6,8,0,0,28.1,62.8,living_room_light,on,73,0,1,0,1.0,6.123233995736766e-17,0.0,1.0,0,1,1
2025-02-17 07:39:00,dad,7,19,0,0,28.1,59.7,living_room_light,on,83,1,1,0,0.9659258262890683,-0.25881904510252063,0.0,1.0,0,0,1
2025-02-17 07:28:00,mom,7,15,0,0,28.1,59.7,kitchen_light,on,86,1,1,0,0.9659258262890683,-0.25881904510252063,0.0,1.0,2,1,1
2025-02-17 07:43:00,daughter,7,41,0,0,28.1,59.7,living_room_light,on,64,1,1,0,0.9659258262890683,-0.25881904510252063,0.0,1.0,0,3,1
2025-02-17 08:37:00,mom,8,8,0,0,30.7,58.1,fan,on,5,1,1,0,0.8660254037844387,-0.4999999999999998,0.0,1.0,3,1,1
2025-02-17 09:30:00,mom,9,46,0,0,31.1,59.6,fan,on,1,1,1,0,0.7071067811865476,-0.7071067811865475,0.0,1.0,3,1,1
2025-02-17 09:29:00,daughter,9,38,0,0,31.1,59.6,fan,on,9,1,1,0,0.7071067811865476,-0.7071067811865475,0.0,1.0,3,3,1
2025-02-17 10:33:00,dad,10,32,0,0,31.2,59.5,fan,on,0,1,1,0,0.49999999999999994,-0.8660254037844387,0.0,1.0,3,0,1
2025-02-17 11:27:00,dad,11,23,0,0,29.4,57.7,fan,on,8,1,1,0,0.258819045102521,-0.9659258262890682,0.0,1.0,3,0,1
2025-02-17 12:41:00,dad,12,41,0,0,32.5,59.4,ac,on,23,1,1,0,1.2246467991473532e-16,-1.0,0.0,1.0,4,0,1
2025-02-17 12:35:00,son,12,7,0,0,32.5,59.4,kitchen_light,on,94,1,1,1,1.2246467991473532e-16,-1.0,0.0,1.0,2,2,1
2025-02-17 12:04:00,daughter,12,10,0,0,32.5,59.4,kitchen_light,on,86,1,1,1,1.2246467991473532e-16,-1.0,0.0,1.0,2,3,1
2025-02-17 13:40:00,son,13,26,0,0,31.5,61.1,fan,on,0,1,1,1,-0.2588190451025208,-0.9659258262890683,0.0,1.0,3,2,1
2025-02-17 13:43:00,daughter,13,25,0,0,31.5,61.1,fan,on,5,1,1,1,-0.2588190451025208,-0.9659258262890683,0.0,1.0,3,3,1
2025-02-17 16:59:00,son,16,56,0,0,30.4,57.8,fan,on,6,1,1,1,-0.8660254037844385,-0.5000000000000004,0.0,1.0,3,2,1
2025-02-17 16:28:00,daughter,16,23,0,0,30.4,57.8,fan,on,9,1,1,1,-0.8660254037844385,-0.5000000000000004,0.0,1.0,3,3,1
2025-02-17 18:16:00,son,18,22,0,0,26.9,64.3,living_room_light,on,77,1,1,1,-1.0,-1.8369701987210297e-16,0.0,1.0,0,2,1
2025-02-17 18:59:00,daughter,18,2,0,0,26.9,64.3,living_room_light,on,44,1,1,1,-1.0,-1.8369701987210297e-16,0.0,1.0,0,3,1
2025-02-17 19:58:00,dad,19,7,0,0,25.0,66.4,kitchen_light,on,83,1,1,1,-0.9659258262890684,0.2588190451025203,0.0,1.0,2,0,1
2025-02-17 19:45:00,mom,19,0,0,0,25.0,66.4,kitchen_light,on,94,1,1,1,-0.9659258262890684,0.2588190451025203,0.0,1.0,2,1,1
2025-02-17 19:37:00,daughter,19,37,0,0,25.0,66.4,living_room_light,on,52,1,1,1,-0.9659258262890684,0.2588190451025203,0.0,1.0,0,3,1
2025-02-17 20:53:00,son,20,52,0,0,22.9,72.2,living_room_light,on,83,1,1,1,-0.8660254037844386,0.5000000000000001,0.0,1.0,0,2,1
2025-02-17 21:11:00,dad,21,48,0,0,25.0,74.8,living_room_light,on,61,1,1,1,-0.7071067811865477,0.7071067811865474,0.0,1.0,0,0,1
2025-02-17 21:09:00,mom,21,35,0,0,25.0,74.8,living_room_light,on,64,1,1,1,-0.7071067811865477,0.7071067811865474,0.0,1.0,0,1,1
2025-02-17 21:36:00,daughter,21,5,0,0,25.0,74.8,living_room_light,on,46,1,1,1,-0.7071067811865477,0.7071067811865474,0.0,1.0,0,3,1
2025-02-17 23:57:00,son,23,26,0,0,25.8,71.2,bedroom_light,on,36,1,1,1,-0.25881904510252157,0.9659258262890681,0.0,1.0,1,2,1
2025-02-18 06:00:00,dad,6,51,1,0,27.8,66.5,living_room_light,on,87,0,0,0,1.0,6.123233995736766e-17,0.7818314824680298,0.6234898018587336,0,0,1
2025-02-18 06:19:00,mom,6,57,1,0,27.8,66.5,living_room_light,on,72,1,0,0,1.0,6.123233995736766e-17,0.7818314824680298,0.6234898018587336,0,1,1
2025-02-18 07:35:00,mom,7,45,1,0,29.1,55.4,fan,on,4,1,0,0,0.9659258262890683,-0.25881904510252063,0.7818314824680298,0.6234898018587336,3,1,1
2025-02-18 08:50:00,mom,8,34,1,0,29.7,61.1,fan,on,4,1,1,0,0.8660254037844387,-0.4999999999999998,0.7818314824680298,0.6234898018587336,3,1,1
2025-02-18 10:29:00,mom,10,33,1,0,31.4,60.6,fan,on,0,1,1,0,0.49999999999999994,-0.8660254037844387,0.7818314824680298,0.6234898018587336,3,1,1
2025-02-18 10:45:00,son,10,46,1,0,31.4,60.6,fan,on,4,1,1,0,0.49999999999999994,-0.8660254037844387,0.7818314824680298,0.6234898018587336,3,2,1
2025-02-18 11:40:00,dad,11,44,1,0,31.1,60.7,fan,on,8,1,1,0,0.258819045102521,-0.9659258262890682,0.7818314824680298,0.6234898018587336,3,0,1
2025-02-18 11:56:00,daughter,11,8,1,0,31.1,60.7,fan,on,5,1,1,0,0.258819045102521,-0.9659258262890682,0.7818314824680298,0.6234898018587336,3,3,1
2025-02-18 12:44:00,dad,12,47,1,0,30.6,62.6,fan,on,5,1,1,0,1.2246467991473532e-16,-1.0,0.7818314824680298,0.6234898018587336,3,0,1
2025-02-18 12:37:00,daughter,12,51,1,0,30.6,62.6,fan,on,0,1,1,0,1.2246467991473532e-16,-1.0,0.7818314824680298,0.6234898018587336,3,3,1
2025-02-18 13:35:00,son,13,39,1,0,29.2,56.7,fan,on,8,1,1,0,-0.2588190451025208,-0.9659258262890683,0.7818314824680298,0.6234898018587336,3,2,1
2025-02-18 14:07:00,mom,14,13,1,0,31.3,59.5,fan,on,1,1,1,0,-0.4999999999999997,-0.8660254037844388,0.7818314824680298,0.6234898018587336,3,1,1
2025-02-18 14:23:00,son,14,0,1,0,31.3,59.5,fan,on,17,1,1,0,-0.4999999999999997,-0.8660254037844388,0.7818314824680298,0.6234898018587336,3,2,1
2025-02-18 15:37:00,son,15,41,1,0,31.2,68.6,fan,on,2,1,1,0,-0.7071067811865471,-0.7071067811865479,0.7818314824680298,0.6234898018587336,3,2,1
2025-02-18 16:41:00,mom,16,26,1,0,28.5,57.2,fan,on,0,1,1,0,-0.8660254037844385,-0.5000000000000004,0.7818314824680298,0.6234898018587336,3,1,1
2025-02-18 16:50:00,son,16,21,1,0,28.5,57.2,fan,on,2,1,1,0,-0.8660254037844385,-0.5000000000000004,0.7818314824680298,0.6234898018587336,3,2,1
2025-02-18 18:10:00,dad,18,19,1,0,25.8,66.0,living_room_light,on,75,1,1,0,-1.0,-1.8369701987210297e-16,0.7818314824680298,0.6234898018587336,0,0,1
2025-02-18 18:09:00,mom,18,21,1,0,25.8,66.0,living_room_light,on,58,1,1,0,-1.0,-1.8369701987210297e-16,0.7818314824680298,0.6234898018587336,0,1,1
2025-02-18 18:29:00,son,18,39,1,0,25.8,66.0,living_room_light,on,80,1,1,0,-1.0,-1.8369701987210297e-16,0.7818314824680298,0.6234898018587336,0,2,1
2025-02-18 19:44:00,dad,19,58,1,0,25.1,60.7,living_room_light,on,59,1,1,0,-0.9659258262890684,0.2588190451025203,0.7818314824680298,0.6234898018587336,0,0,1
2025-02-18 19:13:00,mom,19,24,1,0,25.1,60.7,kitchen_light,on,94,1,1,0,-0.9659258262890684,0.2588190451025203,0.7818314824680298,0.6234898018587336,2,1,1
2025-02-18 20:13:00,mom,20,5,1,0,25.3,59.2,living_room_light,on,57,1,1,0,-0.8660254037844386,0.5000000000000001,0.7818314824680298,0.6234898018587336,0,1,1
2025-02-18 21:18:00,dad,21,13,1,0,24.9,80.4,living_room_light,on,58,1,1,0,-0.7071067811865477,0.7071067811865474,0.7818314824680298,0.6234898018587336,0,0,1
2025-02-18 21:21:00,mom,21,28,1,0,24.9,80.4,living_room_light,on,60,1,1,0,-0.7071067811865477,0.7071067811865474,0.7818314824680298,0.6234898018587336,0,1,1
2025-02-18 21:25:00,son,21,39,1,0,24.9,80.4,living_room_light,on,74,1,1,0,-0.7071067811865477,0.7071067811865474,0.7818314824680298,0.6234898018587336,0,2,1
2025-02-18 22:27:00,mom,22,52,1,0,23.3,85.9,bedroom_light,on,27,1,1,0,-0.5000000000000004,0.8660254037844384,0.7818314824680298,0.6234898018587336,1,1,1
2025-02-18 22:06:00,son,22,49,1,0,23.3,85.9,bedroom_light,on,25,1,1,0,-0.5000000000000004,0.8660254037844384,0.7818314824680298,0.6234898018587336,1,2,1
2025-02-18 23:12:00,son,23,49,1,0,25.9,84.3,bedroom_light,on,26,1,1,0,-0.25881904510252157,0.9659258262890681,0.7818314824680298,0.6234898018587336,1,2,1
2025-02-19 06:58:00,dad,6,12,2,0,26.9,58.6,living_room_light,on,84,0,0,0,1.0,6.123233995736766e-17,0.9749279121818236,-0.22252093395631434,0,0,1
2025-02-19 07:23:00,dad,7,39,2,0,28.4,54.2,kitchen_light,on,93,1,0,0,0.9659258262890683,-0.25881904510252063,0.9749279121818236,-0.22252093395631434,2,0,1
2025-02-19 07:15:00,mom,7,15,2,0,28.4,54.2,living_room_light,on,64,1,0,0,0.9659258262890683,-0.25881904510252063,0.9749279121818236,-0.22252093395631434,0,1,1
2025-02-19 07:48:00,son,7,11,2,0,28.4,54.2,living_room_light,on,100,1,0,0,0.9659258262890683,-0.25881904510252063,0.9749279121818236,-0.22252093395631434,0,2,1
2025-02-19 08:54:00,mom,8,38,2,0,30.6,59.0,fan,on,2,1,0,0,0.8660254037844387,-0.4999999999999998,0.9749279121818236,-0.22252093395631434,3,1,1
2025-02-19 10:07:00,dad,10,6,2,0,30.7,60.9,fan,on,0,1,1,0,0.49999999999999994,-0.8660254037844387,0.9749279121818236,-0.22252093395631434,3,0,1
2025-02-19 11:10:00,mom,11,4,2,0,30.4,61.3,fan,on,0,1,1,0,0.258819045102521,-0.9659258262890682,0.9749279121818236,-0.22252093395631434,3,1,1
2025-02-19 11:09:00,daughter,11,8,2,0,30.4,61.3,fan,on,8,1,1,0,0.258819045102521,-0.9659258262890682,0.9749279121818236,-0.22252093395631434,3,3,1
2025-02-19 18:08:00,dad,18,40,2,0,24.0,71.4,living_room_light,on,58,1,1,0,-1.0,-1.8369701987210297e-16,0.9749279121818236,-0.22252093395631434,0,0,1
2025-02-19 18:37:00,mom,18,36,2,0,24.0,71.4,fan,off,0,1,1,0,-1.0,-1.8369701987210297e-16,0.9749279121818236,-0.22252093395631434,3,1,0
2025-02-19 18:19:00,daughter,18,39,2,0,24.0,71.4,fan,off,0,1,0,0,-1.0,-1.8369701987210297e-16,0.9749279121818236,-0.22252093395631434,3,3,0
2025-02-19 19:01:00,dad,19,39,2,0,24.5,69.9,living_room_light,on,55,1,0,0,-0.9659258262890684,0.2588190451025203,0.9749279121818236,-0.22252093395631434,0,0,1
2025-02-19 19:06:00,mom,19,12,2,0,24.5,69.9,living_room_light,on,58,1,0,0,-0.9659258262890684,0.2588190451025203,0.9749279121818236,-0.22252093395631434,0,1,1
2025-02-19 19:35:00,son,19,32,2,0,24.5,69.9,living_room_light,on,79,1,0,0,-0.9659258262890684,0.2588190451025203,0.9749279121818236,-0.22252093395631434,0,2,1
2025-02-19 20:00:00,dad,20,17,2,0,24.1,71.1,living_room_light,on,66,1,0,0,-0.8660254037844386,0.5000000000000001,0.9749279121818236,-0.22252093395631434,0,0,1
2025-02-19 20:13:00,mom,20,7,2,0,24.1,71.1,living_room_light,on,56,1,0,0,-0.8660254037844386,0.5000000000000001,0.9749279121818236,-0.22252093395631434,0,1,1
2025-02-19 20:11:00,son,20,11,2,0,24.1,71.1,living_room_light,on,80,1,0,0,-0.8660254037844386,0.5000000000000001,0.9749279121818236,-0.22252093395631434,0,2,1
2025-02-19 21:03:00,mom,21,19,2,0,25.1,84.2,living_room_light,on,64,1,0,0,-0.7071067811865477,0.7071067811865474,0.9749279121818236,-0.22252093395631434,0,1,1
2025-02-19 21:18:00,daughter,21,51,2,0,25.1,84.2,living_room_light,on,49,1,0,0,-0.7071067811865477,0.7071067811865474,0.9749279121818236,-0.22252093395631434,0,3,1
2025-02-19 22:31:00,mom,22,11,2,0,27.1,73.1,bedroom_light,on,21,1,0,0,-0.5000000000000004,0.8660254037844384,0.9749279121818236,-0.22252093395631434,1,1,1
2025-02-19 22:36:00,son,22,4,2,0,27.1,73.1,bedroom_light,on,28,1,0,0,-0.5000000000000004,0.8660254037844384,0.9749279121818236,-0.22252093395631434,1,2,1
2025-02-19 22:56:00,daughter,22,0,2,0,27.1,73.1,bedroom_light,on,24,1,0,0,-0.5000000000000004,0.8660254037844384,0.9749279121818236,-0.22252093395631434,1,3,1
2025-02-20 06:16:00,mom,6,59,3,0,25.6,63.2,living_room_light,on,70,0,0,0,1.0,6.123233995736766e-17,0.43388373911755823,-0.900968867902419,0,1,1
2025-02-20 07:52:00,dad,7,1,3,0,28.6,69.2,fan,on,6,1,0,0,0.9659258262890683,-0.25881904510252063,0.43388373911755823,-0.900968867902419,3,0,1
2025-02-20 07:46:00,mom,7,7,3,0,28.6,69.2,fan,on,0,1,1,0,0.9659258262890683,-0.25881904510252063,0.43388373911755823,-0.900968867902419,3,1,1
2025-02-20 07:07:00,son,7,43,3,0,28.6,69.2,kitchen_light,on,80,1,1,0,0.9659258262890683,-0.25881904510252063,0.43388373911755823,-0.900968867902419,2,2,1
2025-02-20 07:49:00,daughter,7,45,3,0,28.6,69.2,living_room_light,on,64,1,1,0,0.9659258262890683,-0.25881904510252063,0.43388373911755823,-0.900968867902419,0,3,1
2025-02-20 08:32:00,mom,8,37,3,0,30.0,53.1,fan,on,0,1,1,0,0.8660254037844387,-0.4999999999999998,0.43388373911755823,-0.900968867902419,3,1,1
2025-02-20 08:58:00,daughter,8,50,3,0,30.0,53.1,fan,on,0,1,1,0,0.8660254037844387,-0.4999999999999998,0.43388373911755823,-0.900968867902419,3,3,1
2025-02-20 09:28:00,mom,9,10,3,0,31.6,59.5,fan,on,0,1,1,0,0.7071067811865476,-0.7071067811865475,0.43388373911755823,-0.900968867902419,3,1,1
2025-02-20 10:49:00,son,10,4,3,0,31.6,64.2,fan,on,18,1,1,0,0.49999999999999994,-0.8660254037844387,0.43388373911755823,-0.900968867902419,3,2,1
2025-02-20 11:56:00,mom,11,42,3,0,32.9,49.5,ac,on,18,1,1,0,0.258819045102521,-0.9659258262890682,0.43388373911755823,-0.900968867902419,4,1,1
2025-02-20 12:31:00,dad,12,3,3,0,30.1,58.3,kitchen_light,on,100,1,1,1,1.2246467991473532e-16,-1.0,0.43388373911755823,-0.900968867902419,2,0,1
2025-02-20 12:42:00,mom,12,42,3,0,30.1,58.3,kitchen_light,on,92,1,1,1,1.2246467991473532e-16,-1.0,0.43388373911755823,-0.900968867902419,2,1,1
2025-02-20 13:11:00,dad,13,42,3,0,31.5,57.4,fan,on,4,1,1,1,-0.2588190451025208,-0.9659258262890683,0.43388373911755823,-0.900968867902419,3,0,1
2025-02-20 13:03:00,daughter,13,53,3,0,31.5,57.4,fan,on,0,1,1,1,-0.2588190451025208,-0.9659258262890683,0.43388373911755823,-0.900968867902419,3,3,1
2025-02-20 14:28:00,daughter,14,25,3,0,31.9,58.1,fan,on,6,1,1,1,-0.4999999999999997,-0.8660254037844388,0.43388373911755823,-0.900968867902419,3,3,1
2025-02-20 15:50:00,dad,15,53,3,0,29.9,64.1,fan,on,3,1,1,1,-0.7071067811865471,-0.7071067811865479,0.43388373911755823,-0.900968867902419,3,0,1
2025-02-20 16:34:00,son,16,34,3,0,29.9,57.5,fan,on,10,1,1,1,-0.8660254037844385,-0.5000000000000004,0.43388373911755823,-0.900968867902419,3,2,1
2025-02-20 18:09:00,dad,18,20,3,0,28.3,62.5,living_room_light,on,67,1,1,1,-1.0,-1.8369701987210297e-16,0.43388373911755823,-0.900968867902419,0,0,1
2025-02-20 18:32:00,mom,18,58,3,0,28.3,62.5,living_room_light,on,51,1,1,1,-1.0,-1.8369701987210297e-16,0.43388373911755823,-0.900968867902419,0,1,1
2025-02-20 18:50:00,son,18,41,3,0,28.3,62.5,living_room_light,on,73,1,1,1,-1.0,-1.8369701987210297e-16,0.43388373911755823,-0.900968867902419,0,2,1
2025-02-20 19:41:00,dad,19,19,3,0,24.8,77.0,living_room_light,on,63,1,1,1,-0.9659258262890684,0.2588190451025203,0.43388373911755823,-0.900968867902419,0,0,1
2025-02-20 19:29:00,mom,19,33,3,0,24.8,77.0,living_room_light,on,50,1,1,1,-0.9659258262890684,0.2588190451025203,0.43388373911755823,-0.900968867902419,0,1,1
2025-02-20 19:01:00,son,19,48,3,0,24.8,77.0,kitchen_light,on,99,1,1,1,-0.9659258262890684,0.2588190451025203,0.43388373911755823,-0.900968867902419,2,2,1
2025-02-20 19:29:00,daughter,19,21,3,0,24.8,77.0,living_room_light,on,46,1,1,1,-0.9659258262890684,0.2588190451025203,0.43388373911755823,-0.900968867902419,0,3,1
2025-02-20 20:17:00,dad,20,8,3,0,24.0,73.8,ac,off,0,1,1,1,-0.8660254037844386,0.5000000000000001,0.43388373911755823,-0.900968867902419,4,0,0
2025-02-20 20:54:00,son,20,30,3,0,24.0,73.8,living_room_light,on,80,1,1,0,-0.8660254037844386,0.5000000000000001,0.43388373911755823,-0.900968867902419,0,2,1
2025-02-20 21:18:00,dad,21,4,3,0,24.0,85.3,ac,off,0,1,1,0,-0.7071067811865477,0.7071067811865474,0.43388373911755823,-0.900968867902419,4,0,0
2025-02-20 21:56:00,mom,21,4,3,0,24.0,85.3,fan,off,0,1,1,0,-0.7071067811865477,0.7071067811865474,0.43388373911755823,-0.900968867902419,3,1,0
2025-02-20 21:21:00,daughter,21,0,3,0,24.0,85.3,living_room_light,on,47,1,0,0,-0.7071067811865477,0.7071067811865474,0.43388373911755823,-0.900968867902419,0,3,1
2025-02-20 22:09:00,son,22,26,3,0,23.7,76.9,fan,off,0,1,0,0,-0.5000000000000004,0.8660254037844384,0.43388373911755823,-0.900968867902419,3,2,0
2025-02-20 22:02:00,daughter,22,37,3,0,23.7,76.9,fan,off,0,1,0,0,-0.5000000000000004,0.8660254037844384,0.43388373911755823,-0.900968867902419,3,3,0
2025-02-20 23:11:00,son,23,32,3,0,25.5,74.8,bedroom_light,on,24,1,0,0,-0.25881904510252157,0.9659258262890681,0.43388373911755823,-0.900968867902419,1,2,1
2025-02-21 06:39:00,mom,6,41,4,0,27.3,63.0,living_room_light,on,69,0,0,0,1.0,6.123233995736766e-17,-0.433883739117558,-0.9009688679024191,0,1,1
2025-02-21 07:52:00,dad,7,17,4,0,29.3,53.5,fan,on,0,1,0,0,0.9659258262890683,-0.25881904510252063,-0.433883739117558,-0.9009688679024191,3,0,1
2025-02-21 07:02:00,mom,7,1,4,0,29.3,53.5,kitchen_light,on,96,1,1,0,0.9659258262890683,-0.25881904510252063,-0.433883739117558,-0.9009688679024191,2,1,1
2025-02-21 07:10:00,son,7,19,4,0,29.3,53.5,fan,on,0,1,1,0,0.9659258262890683,-0.25881904510252063,-0.433883739117558,-0.9009688679024191,3,2,1
2025-02-21 07:55:00,daughter,7,19,4,0,29.3,53.5,fan,on,5,1,1,0,0.9659258262890683,-0.25881904510252063,-0.433883739117558,-0.9009688679024191,3,3,1
2025-02-21 08:00:00,mom,8,10,4,0,29.7,65.2,fan,on,0,1,1,0,0.8660254037844387,-0.4999999999999998,-0.433883739117558,-0.9009688679024191,3,1,1
2025-02-21 09:06:00,son,9,24,4,0,30.3,63.6,fan,on,0,1,1,0,0.7071067811865476,-0.7071067811865475,-0.433883739117558,-0.9009688679024191,3,2,1
2025-02-21 11:17:00,dad,11,2,4,0,31.9,50.9,fan,on,0,1,1,0,0.258819045102521,-0.9659258262890682,-0.433883739117558,-0.9009688679024191,3,0,1
2025-02-21 11:32:00,mom,11,24,4,0,31.9,50.9,fan,on,10,1,1,0,0.258819045102521,-0.9659258262890682,-0.433883739117558,-0.9009688679024191,3,1,1
2025-02-21 13:07:00,mom,13,1,4,0,31.6,57.4,fan,on,0,1,1,0,-0.2588190451025208,-0.9659258262890683,-0.433883739117558,-0.9009688679024191,3,1,1
2025-02-21 13:47:00,son,13,21,4,0,31.6,57.4,fan,on,6,1,1,0,-0.2588190451025208,-0.9659258262890683,-0.433883739117558,-0.9009688679024191,3,2,1
2025-02-21 14:10:00,dad,14,30,4,0,30.6,51.1,fan,on,3,1,1,0,-0.4999999999999997,-0.8660254037844388,-0.433883739117558,-0.9009688679024191,3,0,1
2025-02-21 14:46:00,son,14,56,4,0,30.6,51.1,fan,on,3,1,1,0,-0.4999999999999997,-0.8660254037844388,-0.433883739117558,-0.9009688679024191,3,2,1
2025-02-21 16:24:00,son,16,37,4,0,28.1,59.8,fan,on,0,1,1,0,-0.8660254037844385,-0.5000000000000004,-0.433883739117558,-0.9009688679024191,3,2,1
2025-02-21 16:37:00,daughter,16,22,4,0,28.1,59.8,fan,on,0,1,1,0,-0.8660254037844385,-0.5000000000000004,-0.433883739117558,-0.9009688679024191,3,3,1
2025-02-21 17:31:00,mom,17,37,4,0,28.9,65.6,fan,on,0,1,1,0,-0.9659258262890683,-0.25881904510252063,-0.433883739117558,-0.9009688679024191,3,1,1
2025-02-21 17:45:00,son,17,2,4,0,28.9,65.6,fan,on,7,1,1,0,-0.9659258262890683,-0.25881904510252063,-0.433883739117558,-0.9009688679024191,3,2,1
2025-02-21 17:58:00,daughter,17,3,4,0,28.9,65.6,fan,on,0,1,1,0,-0.9659258262890683,-0.25881904510252063,-0.433883739117558,-0.9009688679024191,3,3,1
2025-02-21 18:56:00,dad,18,44,4,0,26.1,75.8,living_room_light,on,67,1,1,0,-1.0,-1.8369701987210297e-16,-0.433883739117558,-0.9009688679024191,0,0,1
2025-02-21 18:23:00,son,18,9,4,0,26.1,75.8,living_room_light,on,88,1,1,0,-1.0,-1.8369701987210297e-16,-0.433883739117558,-0.9009688679024191,0,2,1
2025-02-21 18:25:00,daughter,18,54,4,0,26.1,75.8,living_room_light,on,57,1,1,0,-1.0,-1.8369701987210297e-16,-0.433883739117558,-0.9009688679024191,0,3,1
2025-02-21 19:25:00,dad,19,9,4,0,25.4,69.0,living_room_light,on,64,1,1,0,-0.9659258262890684,0.2588190451025203,-0.433883739117558,-0.9009688679024191,0,0,1
2025-02-21 19:56:00,mom,19,34,4,0,25.4,69.0,living_room_light,on,61,1,1,0,-0.9659258262890684,0.2588190451025203,-0.433883739117558,-0.9009688679024191,0,1,1
2025-02-21 19:58:00,son,19,48,4,0,25.4,69.0,kitchen_light,on,88,1,1,0,-0.9659258262890684,0.2588190451025203,-0.433883739117558,-0.9009688679024191,2,2,1
2025-02-21 20:33:00,mom,20,9,4,0,25.1,53.5,living_room_light,on,56,1,1,0,-0.8660254037844386,0.5000000000000001,-0.433883739117558,-0.9009688679024191,0,1,1
2025-02-21 20:54:00,daughter,20,28,4,0,25.1,53.5,living_room_light,on,45,1,1,0,-0.8660254037844386,0.5000000000000001,-0.433883739117558,-0.9009688679024191,0,3,1
2025-02-21 21:44:00,dad,21,25,4,0,25.2,82.2,living_room_light,on,63,1,1,0,-0.7071067811865477,0.7071067811865474,-0.433883739117558,-0.9009688679024191,0,0,1
2025-02-21 21:35:00,mom,21,47,4,0,25.2,82.2,living_room_light,on,55,1,1,0,-0.7071067811865477,0.7071067811865474,-0.433883739117558,-0.9009688679024191,0,1,1
2025-02-21 21:14:00,son,21,11,4,0,25.2,82.2,living_room_light,on,74,1,1,0,-0.7071067811865477,0.7071067811865474,-0.433883739117558,-0.9009688679024191,0,2,1
2025-02-21 22:18:00,mom,22,59,4,0,24.7,83.6,bedroom_light,on,27,1,1,0,-0.5000000000000004,0.8660254037844384,-0.433883739117558,-0.9009688679024191,1,1,1
2025-02-21 22:19:00,son,22,26,4,0,24.7,83.6,bedroom_light,on,30,1,1,0,-0.5000000000000004,0.8660254037844384,-0.433883739117558,-0.9009688679024191,1,2,1
2025-02-21 22:24:00,daughter,22,44,4,0,24.7,83.6,bedroom_light,on,18,1,1,0,-0.5000000000000004,0.8660254037844384,-0.433883739117558,-0.9009688679024191,1,3,1
2025-02-22 06:50:00,dad,6,51,5,1,28.1,63.6,living_room_light,on,82,0,0,0,1.0,6.123233995736766e-17,-0.9749279121818236,-0.2225209339563146,0,0,1
2025-02-22 07:05:00,dad,7,3,5,1,27.6,63.3,kitchen_light,on,91,1,0,0,0.9659258262890683,-0.25881904510252063,-0.9749279121818236,-0.2225209339563146,2,0,1
2025-02-22 07:53:00,son,7,7,5,1,27.6,63.3,kitchen_light,on,89,1,0,0,0.9659258262890683,-0.25881904510252063,-0.9749279121818236,-0.2225209339563146,2,2,1
2025-02-22 08:39:00,mom,8,46,5,1,28.5,53.9,fan,on,0,1,0,0,0.8660254037844387,-0.4999999999999998,-0.9749279121818236,-0.2225209339563146,3,1,1
2025-02-22 08:52:00,son,8,30,5,1,28.5,53.9,fan,on,0,1,1,0,0.8660254037844387,-0.4999999999999998,-0.9749279121818236,-0.2225209339563146,3,2,1
2025-02-22 08:50:00,daughter,8,36,5,1,28.5,53.9,fan,on,0,1,1,0,0.8660254037844387,-0.4999999999999998,-0.9749279121818236,-0.2225209339563146,3,3,1
2025-02-22 09:40:00,dad,9,34,5,1,30.4,52.1,fan,on,4,1,1,0,0.7071067811865476,-0.7071067811865475,-0.9749279121818236,-0.2225209339563146,3,0,1
2025-02-22 09:28:00,mom,9,23,5,1,30.4,52.1,fan,on,0,1,1,0,0.7071067811865476,-0.7071067811865475,-0.9749279121818236,-0.2225209339563146,3,1,1
2025-02-22 09:08:00,son,9,6,5,1,30.4,52.1,fan,on,9,1,1,0,0.7071067811865476,-0.7071067811865475,-0.9749279121818236,-0.2225209339563146,3,2,1
2025-02-22 09:30:00,daughter,9,44,5,1,30.4,52.1,fan,on,9,1,1,0,0.7071067811865476,-0.7071067811865475,-0.9749279121818236,-0.2225209339563146,3,3,1
2025-02-22 10:53:00,mom,10,11,5,1,30.4,57.1,fan,on,7,1,1,0,0.49999999999999994,-0.8660254037844387,-0.9749279121818236,-0.2225209339563146,3,1,1
2025-02-22 11:40:00,dad,11,43,5,1,30.5,75.8,fan,on,1,1,1,0,0.258819045102521,-0.9659258262890682,-0.9749279121818236,-0.2225209339563146,3,0,1
2025-02-22 11:04:00,mom,11,16,5,1,30.5,75.8,fan,on,3,1,1,0,0.258819045102521,-0.9659258262890682,-0.9749279121818236,-0.2225209339563146,3,1,1
2025-02-22 11:27:00,son,11,34,5,1,30.5,75.8,fan,on,9,1,1,0,0.258819045102521,-0.9659258262890682,-0.9749279121818236,-0.2225209339563146,3,2,1
2025-02-22 11:46:00,daughter,11,4,5,1,30.5,75.8,fan,on,10,1,1,0,0.258819045102521,-0.9659258262890682,-0.9749279121818236,-0.2225209339563146,3,3,1
2025-02-22 12:35:00,mom,12,3,5,1,29.9,55.7,kitchen_light,on,87,1,1,0,1.2246467991473532e-16,-1.0,-0.9749279121818236,-0.2225209339563146,2,1,1
2025-02-22 13:51:00,dad,13,14,5,1,31.0,69.0,fan,on,8,1,1,0,-0.2588190451025208,-0.9659258262890683,-0.9749279121818236,-0.2225209339563146,3,0,1
2025-02-22 13:28:00,mom,13,23,5,1,31.0,69.0,fan,on,3,1,1,0,-0.2588190451025208,-0.9659258262890683,-0.9749279121818236,-0.2225209339563146,3,1,1
2025-02-22 13:34:00,son,13,24,5,1,31.0,69.0,fan,on,3,1,1,0,-0.2588190451025208,-0.9659258262890683,-0.9749279121818236,-0.2225209339563146,3,2,1
2025-02-22 14:02:00,dad,14,24,5,1,31.8,54.0,fan,on,2,1,1,0,-0.4999999999999997,-0.8660254037844388,-0.9749279121818236,-0.2225209339563146,3,0,1
2025-02-22 14:17:00,mom,14,8,5,1,31.8,54.0,fan,on,4,1,1,0,-0.4999999999999997,-0.8660254037844388,-0.9749279121818236,-0.2225209339563146,3,1,1
2025-02-22 14:28:00,son,14,21,5,1,31.8,54.0,fan,on,1,1,1,0,-0.4999999999999997,-0.8660254037844388,-0.9749279121818236,-0.2225209339563146,3,2,1
2025-02-22 14:14:00,daughter,14,51,5,1,31.8,54.0,fan,on,0,1,1,0,-0.4999999999999997,-0.8660254037844388,-0.9749279121818236,-0.2225209339563146,3,3,1
2025-02-22 15:11:00,dad,15,28,5,1,29.2,54.1,fan,on,0,1,1,0,-0.7071067811865471,-0.7071067811865479,-0.9749279121818236,-0.2225209339563146,3,0,1
2025-02-22 15:58:00,mom,15,8,5,1,29.2,54.1,fan,on,3,1,1,0,-0.7071067811865471,-0.7071067811865479,-0.9749279121818236,-0.2225209339563146,3,1,1
2025-02-22 15:02:00,daughter,15,33,5,1,29.2,54.1,fan,on,2,1,1,0,-0.7071067811865471,-0.7071067811865479,-0.9749279121818236,-0.2225209339563146,3,3,1
2025-02-22 16:24:00,dad,16,32,5,1,28.9,66.0,fan,on,5,1,1,0,-0.8660254037844385,-0.5000000000000004,-0.9749279121818236,-0.2225209339563146,3,0,1
2025-02-22 16:37:00,mom,16,17,5,1,28.9,66.0,fan,on,7,1,1,0,-0.8660254037844385,-0.5000000000000004,-0.9749279121818236,-0.2225209339563146,3,1,1
2025-02-22 16:09:00,son,16,55,5,1,28.9,66.0,fan,on,0,1,1,0,-0.8660254037844385,-0.5000000000000004,-0.9749279121818236,-0.2225209339563146,3,2,1
2025-02-22 16:41:00,daughter,16,53,5,1,28.9,66.0,fan,on,5,1,1,0,-0.8660254037844385,-0.5000000000000004,-0.9749279121818236,-0.2225209339563146,3,3,1
2025-02-22 18:57:00,dad,18,2,5,1,27.4,63.6,living_room_light,on,54,1,1,0,-1.0,-1.8369701987210297e-16,-0.9749279121818236,-0.2225209339563146,0,0,1
2025-02-22 18:28:00,mom,18,6,5,1,27.4,63.6,living_room_light,on,53,1,1,0,-1.0,-1.8369701987210297e-16,-0.9749279121818236,-0.2225209339563146,0,1,1
2025-02-22 18:45:00,son,18,17,5,1,27.4,63.6,living_room_light,on,84,1,1,0,-1.0,-1.8369701987210297e-16,-0.9749279121818236,-0.2225209339563146,0,2,1
2025-02-22 19:58:00,dad,19,10,5,1,24.3,72.0,living_room_light,on,62,1,1,0,-0.9659258262890684,0.2588190451025203,-0.9749279121818236,-0.2225209339563146,0,0,1
2025-02-22 19:53:00,mom,19,5,5,1,24.3,72.0,living_room_light,on,61,1,1,0,-0.9659258262890684,0.2588190451025203,-0.9749279121818236,-0.2225209339563146,0,1,1
2025-02-22 19:19:00,son,19,13,5,1,24.3,72.0,living_room_light,on,85,1,1,0,-0.9659258262890684,0.2588190451025203,-0.9749279121818236,-0.2225209339563146,0,2,1
2025-02-22 20:00:00,mom,20,18,5,1,25.7,77.0,living_room_light,on,54,1,1,0,-0.8660254037844386,0.5000000000000001,-0.9749279121818236,-0.2225209339563146,0,1,1
2025-02-22 20:04:00,son,20,24,5,1,25.7,77.0,living_room_light,on,77,1,1,0,-0.8660254037844386,0.5000000000000001,-0.9749279121818236,-0.2225209339563146,0,2,1
2025-02-22 20:20:00,daughter,20,30,5,1,25.7,77.0,living_room_light,on,47,1,1,0,-0.8660254037844386,0.5000000000000001,-0.9749279121818236,-0.2225209339563146,0,3,1
2025-02-22 21:05:00,dad,21,39,5,1,24.9,75.4,living_room_light,on,62,1,1,0,-0.7071067811865477,0.7071067811865474,-0.9749279121818236,-0.2225209339563146,0,0,1
2025-02-22 21:30:00,mom,21,41,5,1,24.9,75.4,living_room_light,on,60,1,1,0,-0.7071067811865477,0.7071067811865474,-0.9749279121818236,-0.2225209339563146,0,1,1
2025-02-22 22:51:00,mom,22,53,5,1,26.2,79.9,bedroom_light,on,34,1,1,0,-0.5000000000000004,0.8660254037844384,-0.9749279121818236,-0.2225209339563146,1,1,1
2025-02-22 22:22:00,son,22,36,5,1,26.2,79.9,bedroom_light,on,33,1,1,0,-0.5000000000000004,0.8660254037844384,-0.9749279121818236,-0.2225209339563146,1,2,1
2025-02-22 22:51:00,daughter,22,41,5,1,26.2,79.9,bedroom_light,on,26,1,1,0,-0.5000000000000004,0.8660254037844384,-0.9749279121818236,-0.2225209339563146,1,3,1
2025-02-22 23:00:00,son,23,8,5,1,26.2,76.2,bedroom_light,on,20,1,1,0,-0.25881904510252157,0.9659258262890681,-0.9749279121818236,-0.2225209339563146,1,2,1
2025-02-23 06:07:00,dad,6,19,6,1,29.0,71.8,fan,on,5,0,0,0,1.0,6.123233995736766e-17,-0.7818314824680299,0.6234898018587334,3,0,1
2025-02-23 06:15:00,mom,6,12,6,1,29.0,71.8,living_room_light,on,73,0,1,0,1.0,6.123233995736766e-17,-0.7818314824680299,0.6234898018587334,0,1,1
2025-02-23 07:08:00,dad,7,55,6,1,27.3,59.9,living_room_light,on,86,1,1,0,0.9659258262890683,-0.25881904510252063,-0.7818314824680299,0.6234898018587334,0,0,1
2025-02-23 07:49:00,mom,7,16,6,1,27.3,59.9,living_room_light,on,77,1,1,0,0.9659258262890683,-0.25881904510252063,-0.7818314824680299,0.6234898018587334,0,1,1
2025-02-23 08:38:00,dad,8,20,6,1,29.1,64.0,fan,on,0,1,1,0,0.8660254037844387,-0.4999999999999998,-0.7818314824680299,0.6234898018587334,3,0,1
2025-02-23 08:29:00,son,8,41,6,1,29.1,64.0,fan,on,1,1,1,0,0.8660254037844387,-0.4999999999999998,-0.7818314824680299,0.6234898018587334,3,2,1
2025-02-23 08:48:00,daughter,8,30,6,1,29.1,64.0,fan,on,0,1,1,0,0.8660254037844387,-0.4999999999999998,-0.7818314824680299,0.6234898018587334,3,3,1
2025-02-23 09:40:00,dad,9,4,6,1,31.9,55.9,fan,on,4,1,1,0,0.7071067811865476,-0.7071067811865475,-0.7818314824680299,0.6234898018587334,3,0,1
2025-02-23 09:20:00,mom,9,13,6,1,31.9,55.9,fan,on,0,1,1,0,0.7071067811865476,-0.7071067811865475,-0.7818314824680299,0.6234898018587334,3,1,1
2025-02-23 09:51:00,son,9,7,6,1,31.9,55.9,fan,on,2,1,1,0,0.7071067811865476,-0.7071067811865475,-0.7818314824680299,0.6234898018587334,3,2,1
2025-02-23 09:42:00,daughter,9,54,6,1,31.9,55.9,fan,on,0,1,1,0,0.7071067811865476,-0.7071067811865475,-0.7818314824680299,0.6234898018587334,3,3,1
2025-02-23 10:38:00,dad,10,33,6,1,30.4,57.2,fan,on,0,1,1,0,0.49999999999999994,-0.8660254037844387,-0.7818314824680299,0.6234898018587334,3,0,1
2025-02-23 10:04:00,mom,10,44,6,1,30.4,57.2,fan,on,2,1,1,0,0.49999999999999994,-0.8660254037844387,-0.7818314824680299,0.6234898018587334,3,1,1
2025-02-23 10:23:00,son,10,29,6,1,30.4,57.2,fan,on,6,1,1,0,0.49999999999999994,-0.8660254037844387,-0.7818314824680299,0.6234898018587334,3,2,1
2025-02-23 11:28:00,dad,11,21,6,1,31.5,61.7,fan,on,6,1,1,0,0.258819045102521,-0.9659258262890682,-0.7818314824680299,0.6234898018587334,3,0,1
2025-02-23 11:23:00,mom,11,48,6,1,31.5,61.7,fan,on,4,1,1,0,0.258819045102521,-0.9659258262890682,-0.7818314824680299,0.6234898018587334,3,1,1
2025-02-23 12:02:00,dad,12,28,6,1,30.4,57.0,kitchen_light,on,84,1,1,0,1.2246467991473532e-16,-1.0,-0.7818314824680299,0.6234898018587334,2,0,1
2025-02-23 12:46:00,mom,12,17,6,1,30.4,57.0,fan,on,1,1,1,0,1.2246467991473532e-16,-1.0,-0.7818314824680299,0.6234898018587334,3,1,1
2025-02-23 12:12:00,son,12,25,6,1,30.4,57.0,fan,on,0,1,1,0,1.2246467991473532e-16,-1.0,-0.7818314824680299,0.6234898018587334,3,2,1
2025-02-23 12:49:00,daughter,12,57,6,1,30.4,57.0,fan,on,7,1,1,0,1.2246467991473532e-16,-1.0,-0.7818314824680299,0.6234898018587334,3,3,1
2025-02-23 13:40:00,dad,13,57,6,1,30.0,56.3,fan,on,4,1,1,0,-0.2588190451025208,-0.9659258262890683,-0.7818314824680299,0.6234898018587334,3,0,1
2025-02-23 13:54:00,mom,13,17,6,1,30.0,56.3,fan,on,0,1,1,0,-0.2588190451025208,-0.9659258262890683,-0.7818314824680299,0.6234898018587334,3,1,1
2025-02-23 13:15:00,son,13,49,6,1,30.0,56.3,fan,on,0,1,1,0,-0.2588190451025208,-0.9659258262890683,-0.7818314824680299,0.6234898018587334,3,2,1
2025-02-23 13:43:00,daughter,13,46,6,1,30.0,56.3,fan,on,4,1,1,0,-0.2588190451025208,-0.9659258262890683,-0.7818314824680299,0.6234898018587334,3,3,1
2025-02-23 14:26:00,dad,14,35,6,1,30.9,48.3,fan,on,5,1,1,0,-0.4999999999999997,-0.8660254037844388,-0.7818314824680299,0.6234898018587334,3,0,1
2025-02-23 14:36:00,mom,14,3,6,1,30.9,48.3,fan,on,6,1,1,0,-0.4999999999999997,-0.8660254037844388,-0.7818314824680299,0.6234898018587334,3,1,1
2025-02-23 14:46:00,son,14,41,6,1,30.9,48.3,fan,on,5,1,1,0,-0.4999999999999997,-0.8660254037844388,-0.7818314824680299,0.6234898018587334,3,2,1
2025-02-23 15:51:00,dad,15,51,6,1,29.4,62.1,fan,on,9,1,1,0,-0.7071067811865471,-0.7071067811865479,-0.7818314824680299,0.6234898018587334,3,0,1
2025-02-23 15:02:00,mom,15,8,6,1,29.4,62.1,fan,on,0,1,1,0,-0.7071067811865471,-0.7071067811865479,-0.7818314824680299,0.6234898018587334,3,1,1
2025-02-23 15:58:00,son,15,28,6,1,29.4,62.1,fan,on,2,1,1,0,-0.7071067811865471,-0.7071067811865479,-0.7818314824680299,0.6234898018587334,3,2,1
2025-02-23 16:10:00,dad,16,10,6,1,28.5,64.5,fan,on,0,1,1,0,-0.8660254037844385,-0.5000000000000004,-0.7818314824680299,0.6234898018587334,3,0,1
2025-02-23 16:35:00,mom,16,51,6,1,28.5,64.5,fan,on,7,1,1,0,-0.8660254037844385,-0.5000000000000004,-0.7818314824680299,0.6234898018587334,3,1,1
2025-02-23 16:08:00,son,16,45,6,1,28.5,64.5,fan,on,1,1,1,0,-0.8660254037844385,-0.5000000000000004,-0.7818314824680299,0.6234898018587334,3,2,1
2025-02-23 17:33:00,dad,17,58,6,1,28.0,68.8,fan,on,0,1,1,0,-0.9659258262890683,-0.25881904510252063,-0.7818314824680299,0.6234898018587334,3,0,1
2025-02-23 17:32:00,daughter,17,7,6,1,28.0,68.8,fan,on,3,1,1,0,-0.9659258262890683,-0.25881904510252063,-0.7818314824680299,0.6234898018587334,3,3,1
2025-02-23 18:03:00,dad,18,32,6,1,27.1,71.8,living_room_light,on,60,1,1,0,-1.0,-1.8369701987210297e-16,-0.7818314824680299,0.6234898018587334,0,0,1
2025-02-23 18:45:00,son,18,56,6,1,27.1,71.8,living_room_light,on,82,1,1,0,-1.0,-1.8369701987210297e-16,-0.7818314824680299,0.6234898018587334,0,2,1
2025-02-23 18:34:00,daughter,18,36,6,1,27.1,71.8,living_room_light,on,52,1,1,0,-1.0,-1.8369701987210297e-16,-0.7818314824680299,0.6234898018587334,0,3,1
2025-02-23 19:57:00,dad,19,46,6,1,25.3,73.4,kitchen_light,on,94,1,1,0,-0.9659258262890684,0.2588190451025203,-0.7818314824680299,0.6234898018587334,2,0,1
2025-02-23 19:58:00,mom,19,49,6,1,25.3,73.4,living_room_light,on,65,1,1,0,-0.9659258262890684,0.2588190451025203,-0.7818314824680299,0.6234898018587334,0,1,1
2025-02-23 19:46:00,son,19,44,6,1,25.3,73.4,living_room_light,on,75,1,1,0,-0.9659258262890684,0.2588190451025203,-0.7818314824680299,0.6234898018587334,0,2,1
2025-02-23 20:25:00,dad,20,2,6,1,25.4,75.2,living_room_light,on,61,1,1,0,-0.8660254037844386,0.5000000000000001,-0.7818314824680299,0.6234898018587334,0,0,1
2025-02-23 20:13:00,mom,20,23,6,1,25.4,75.2,living_room_light,on,65,1,1,0,-0.8660254037844386,0.5000000000000001,-0.7818314824680299,0.6234898018587334,0,1,1
2025-02-23 20:09:00,son,20,3,6,1,25.4,75.2,living_room_light,on,75,1,1,0,-0.8660254037844386,0.5000000000000001,-0.7818314824680299,0.6234898018587334,0,2,1
2025-02-23 20:35:00,daughter,20,28,6,1,25.4,75.2,living_room_light,on,48,1,1,0,-0.8660254037844386,0.5000000000000001,-0.7818314824680299,0.6234898018587334,0,3,1
2025-02-23 21:35:00,dad,21,41,6,1,25.0,79.5,living_room_light,on,64,1,1,0,-0.7071067811865477,0.7071067811865474,-0.7818314824680299,0.6234898018587334,0,0,1
2025-02-23 21:33:00,mom,21,27,6,1,25.0,79.5,living_room_light,on,52,1,1,0,-0.7071067811865477,0.7071067811865474,-0.7818314824680299,0.6234898018587334,0,1,1
2025-02-23 21:42:00,son,21,36,6,1,25.0,79.5,living_room_light,on,77,1,1,0,-0.7071067811865477,0.7071067811865474,-0.7818314824680299,0.6234898018587334,0,2,1
2025-02-23 22:42:00,son,22,32,6,1,24.6,84.4,bedroom_light,on,34,1,1,0,-0.5000000000000004,0.8660254037844384,-0.7818314824680299,0.6234898018587334,1,2,1
2025-02-23 23:05:00,son,23,39,6,1,25.4,69.4,bedroom_light,on,33,1,1,0,-0.25881904510252157,0.9659258262890681,-0.7818314824680299,0.6234898018587334,1,2,1
2025-02-24 06:49:00,mom,6,51,0,0,27.4,57.3,living_room_light,on,67,0,0,0,1.0,6.123233995736766e-17,0.0,1.0,0,1,1
2025-02-24 07:11:00,dad,7,9,0,0,26.9,75.5,living_room_light,on,86,1,0,0,0.9659258262890683,-0.25881904510252063,0.0,1.0,0,0,1
2025-02-24 07:24:00,mom,7,24,0,0,26.9,75.5,kitchen_light,on,83,1,0,0,0.9659258262890683,-0.25881904510252063,0.0,1.0,2,1,1
2025-02-24 07:42:00,son,7,41,0,0,26.9,75.5,living_room_light,on,100,1,0,0,0.9659258262890683,-0.25881904510252063,0.0,1.0,0,2,1
2025-02-24 07:34:00,daughter,7,51,0,0,26.9,75.5,kitchen_light,on,84,1,0,0,0.9659258262890683,-0.25881904510252063,0.0,1.0,2,3,1
2025-02-24 08:31:00,mom,8,20,0,0,29.2,71.0,fan,on,0,1,0,0,0.8660254037844387,-0.4999999999999998,0.0,1.0,3,1,1
2025-02-24 09:54:00,dad,9,10,0,0,31.0,52.0,fan,on,4,1,1,0,0.7071067811865476,-0.7071067811865475,0.0,1.0,3,0,1
2025-02-24 09:19:00,son,9,24,0,0,31.0,52.0,fan,on,7,1,1,0,0.7071067811865476,-0.7071067811865475,0.0,1.0,3,2,1
2025-02-24 10:47:00,mom,10,59,0,0,31.2,66.6,fan,on,2,1,1,0,0.49999999999999994,-0.8660254037844387,0.0,1.0,3,1,1
2025-02-24 10:26:00,daughter,10,52,0,0,31.2,66.6,fan,on,1,1,1,0,0.49999999999999994,-0.8660254037844387,0.0,1.0,3,3,1
2025-02-24 11:04:00,dad,11,26,0,0,30.3,66.6,fan,on,0,1,1,0,0.258819045102521,-0.9659258262890682,0.0,1.0,3,0,1
2025-02-24 11:50:00,daughter,11,14,0,0,30.3,66.6,fan,on,0,1,1,0,0.258819045102521,-0.9659258262890682,0.0,1.0,3,3,1
2025-02-24 12:06:00,dad,12,55,0,0,32.4,49.9,kitchen_light,on,89,1,1,0,1.2246467991473532e-16,-1.0,0.0,1.0,2,0,1
2025-02-24 12:04:00,son,12,27,0,0,32.4,49.9,ac,on,25,1,1,0,1.2246467991473532e-16,-1.0,0.0,1.0,4,2,1
2025-02-24 12:43:00,daughter,12,47,0,0,32.4,49.9,ac,on,32,1,1,1,1.2246467991473532e-16,-1.0,0.0,1.0,4,3,1
2025-02-24 13:26:00,mom,13,50,0,0,32.8,52.7,ac,on,25,1,1,1,-0.2588190451025208,-0.9659258262890683,0.0,1.0,4,1,1
2025-02-24 13:15:00,daughter,13,6,0,0,32.8,52.7,ac,on,28,1,1,1,-0.2588190451025208,-0.9659258262890683,0.0,1.0,4,3,1
2025-02-24 14:32:00,mom,14,50,0,0,30.3,55.7,fan,on,4,1,1,1,-0.4999999999999997,-0.8660254037844388,0.0,1.0,3,1,1
2025-02-24 15:42:00,daughter,15,51,0,0,29.8,57.7,fan,on,0,1,1,1,-0.7071067811865471,-0.7071067811865479,0.0,1.0,3,3,1
2025-02-24 16:28:00,son,16,37,0,0,30.1,66.6,fan,on,0,1,1,1,-0.8660254037844385,-0.5000000000000004,0.0,1.0,3,2,1
2025-02-24 17:19:00,mom,17,18,0,0,28.1,59.1,fan,on,7,1,1,1,-0.9659258262890683,-0.25881904510252063,0.0,1.0,3,1,1
2025-02-24 17:11:00,son,17,6,0,0,28.1,59.1,fan,on,2,1,1,1,-0.9659258262890683,-0.25881904510252063,0.0,1.0,3,2,1
2025-02-24 18:16:00,dad,18,55,0,0,26.2,68.2,living_room_light,on,64,1,1,1,-1.0,-1.8369701987210297e-16,0.0,1.0,0,0,1
2025-02-24 18:18:00,mom,18,56,0,0,26.2,68.2,living_room_light,on,49,1,1,1,-1.0,-1.8369701987210297e-16,0.0,1.0,0,1,1
2025-02-24 19:36:00,mom,19,50,0,0,26.1,76.8,kitchen_light,on,98,1,1,1,-0.9659258262890684,0.2588190451025203,0.0,1.0,2,1,1
2025-02-24 20:16:00,dad,20,4,0,0,27.0,71.8,living_room_light,on,49,1,1,1,-0.8660254037844386,0.5000000000000001,0.0,1.0,0,0,1
2025-02-24 20:04:00,mom,20,36,0,0,27.0,71.8,living_room_light,on,56,1,1,1,-0.8660254037844386,0.5000000000000001,0.0,1.0,0,1,1
2025-02-24 20:45:00,daughter,20,39,0,0,27.0,71.8,living_room_light,on,52,1,1,1,-0.8660254037844386,0.5000000000000001,0.0,1.0,0,3,1
2025-02-24 21:50:00,mom,21,41,0,0,23.0,84.8,fan,off,0,1,1,1,-0.7071067811865477,0.7071067811865474,0.0,1.0,3,1,0
2025-02-24 21:11:00,son,21,54,0,0,23.0,84.8,living_room_light,on,70,1,0,1,-0.7071067811865477,0.7071067811865474,0.0,1.0,0,2,1
2025-02-24 21:13:00,daughter,21,21,0,0,23.0,84.8,living_room_light,on,46,1,0,1,-0.7071067811865477,0.7071067811865474,0.0,1.0,0,3,1
2025-02-24 22:19:00,mom,22,10,0,0,25.5,80.3,bedroom_light,on,34,1,0,1,-0.5000000000000004,0.8660254037844384,0.0,1.0,1,1,1
2025-02-25 06:10:00,mom,6,48,1,0,28.4,59.1,fan,on,6,0,0,0,1.0,6.123233995736766e-17,0.7818314824680298,0.6234898018587336,3,1,1
2025-02-25 07:38:00,dad,7,32,1,0,28.0,66.4,living_room_light,on,81,0,1,0,0.9659258262890683,-0.25881904510252063,0.7818314824680298,0.6234898018587336,0,0,1
2025-02-25 07:44:00,mom,7,33,1,0,28.0,66.4,kitchen_light,on,92,1,1,0,0.9659258262890683,-0.25881904510252063,0.7818314824680298,0.6234898018587336,2,1,1
2025-02-25 07:50:00,son,7,4,1,0,28.0,66.4,living_room_light,on,100,1,1,0,0.9659258262890683,-0.25881904510252063,0.7818314824680298,0.6234898018587336,0,2,1
2025-02-25 08:49:00,dad,8,2,1,0,30.6,51.5,fan,on,12,1,1,0,0.8660254037844387,-0.4999999999999998,0.7818314824680298,0.6234898018587336,3,0,1
2025-02-25 08:02:00,mom,8,45,1,0,30.6,51.5,fan,on,0,1,1,0,0.8660254037844387,-0.4999999999999998,0.7818314824680298,0.6234898018587336,3,1,1
2025-02-25 11:19:00,daughter,11,7,1,0,29.8,63.0,fan,on,12,1,1,0,0.258819045102521,-0.9659258262890682,0.7818314824680298,0.6234898018587336,3,3,1
2025-02-25 12:00:00,dad,12,58,1,0,32.2,47.5,kitchen_light,on,92,1,1,0,1.2246467991473532e-16,-1.0,0.7818314824680298,0.6234898018587336,2,0,1
2025-02-25 12:59:00,mom,12,41,1,0,32.2,47.5,kitchen_light,on,97,1,1,0,1.2246467991473532e-16,-1.0,0.7818314824680298,0.6234898018587336,2,1,1
2025-02-25 13:35:00,daughter,13,50,1,0,31.0,68.0,fan,on,0,1,1,0,-0.2588190451025208,-0.9659258262890683,0.7818314824680298,0.6234898018587336,3,3,1
2025-02-25 15:59:00,son,15,13,1,0,30.0,67.8,fan,on,0,1,1,0,-0.7071067811865471,-0.7071067811865479,0.7818314824680298,0.6234898018587336,3,2,1
2025-02-25 16:57:00,dad,16,54,1,0,29.9,67.3,fan,on,3,1,1,0,-0.8660254037844385,-0.5000000000000004,0.7818314824680298,0.6234898018587336,3,0,1
2025-02-25 16:29:00,son,16,12,1,0,29.9,67.3,fan,on,5,1,1,0,-0.8660254037844385,-0.5000000000000004,0.7818314824680298,0.6234898018587336,3,2,1
2025-02-25 17:37:00,mom,17,28,1,0,28.2,68.8,fan,on,1,1,1,0,-0.9659258262890683,-0.25881904510252063,0.7818314824680298,0.6234898018587336,3,1,1
2025-02-25 17:14:00,son,17,35,1,0,28.2,68.8,fan,on,0,1,1,0,-0.9659258262890683,-0.25881904510252063,0.7818314824680298,0.6234898018587336,3,2,1
2025-02-25 17:56:00,daughter,17,42,1,0,28.2,68.8,fan,on,0,1,1,0,-0.9659258262890683,-0.25881904510252063,0.7818314824680298,0.6234898018587336,3,3,1
2025-02-25 18:38:00,mom,18,8,1,0,27.7,61.5,living_room_light,on,45,1,1,0,-1.0,-1.8369701987210297e-16,0.7818314824680298,0.6234898018587336,0,1,1
2025-02-25 18:17:00,son,18,26,1,0,27.7,61.5,living_room_light,on,75,1,1,0,-1.0,-1.8369701987210297e-16,0.7818314824680298,0.6234898018587336,0,2,1
2025-02-25 18:22:00,daughter,18,45,1,0,27.7,61.5,living_room_light,on,49,1,1,0,-1.0,-1.8369701987210297e-16,0.7818314824680298,0.6234898018587336,0,3,1
2025-02-25 19:51:00,dad,19,14,1,0,24.3,71.4,kitchen_light,on,89,1,1,0,-0.9659258262890684,0.2588190451025203,0.7818314824680298,0.6234898018587336,2,0,1
2025-02-25 19:45:00,mom,19,6,1,0,24.3,71.4,living_room_light,on,58,1,1,0,-0.9659258262890684,0.2588190451025203,0.7818314824680298,0.6234898018587336,0,1,1
2025-02-25 19:29:00,son,19,37,1,0,24.3,71.4,living_room_light,on,83,1,1,0,-0.9659258262890684,0.2588190451025203,0.7818314824680298,0.6234898018587336,0,2,1
2025-02-25 19:59:00,daughter,19,38,1,0,24.3,71.4,kitchen_light,on,86,1,1,0,-0.9659258262890684,0.2588190451025203,0.7818314824680298,0.6234898018587336,2,3,1
2025-02-25 20:06:00,daughter,20,51,1,0,23.9,70.4,fan,off,0,1,1,0,-0.8660254037844386,0.5000000000000001,0.7818314824680298,0.6234898018587336,3,3,0
2025-02-25 21:39:00,dad,21,48,1,0,23.5,91.8,fan,off,0,1,0,0,-0.7071067811865477,0.7071067811865474,0.7818314824680298,0.6234898018587336,3,0,0
2025-02-25 21:06:00,mom,21,43,1,0,23.5,91.8,ac,off,0,1,0,0,-0.7071067811865477,0.7071067811865474,0.7818314824680298,0.6234898018587336,4,1,0
2025-02-25 22:41:00,mom,22,2,1,0,24.1,90.2,bedroom_light,on,24,1,0,0,-0.5000000000000004,0.8660254037844384,0.7818314824680298,0.6234898018587336,1,1,1
2025-02-25 22:10:00,daughter,22,23,1,0,24.1,90.2,bedroom_light,on,29,1,0,0,-0.5000000000000004,0.8660254037844384,0.7818314824680298,0.6234898018587336,1,3,1
2025-02-25 23:05:00,son,23,48,1,0,23.7,76.5,bedroom_light,on,25,1,0,0,-0.25881904510252157,0.9659258262890681,0.7818314824680298,0.6234898018587336,1,2,1
2025-02-26 06:53:00,mom,6,22,2,0,25.9,71.4,living_room_light,on,69,0,0,0,1.0,6.123233995736766e-17,0.9749279121818236,-0.22252093395631434,0,1,1
2025-02-26 07:01:00,dad,7,55,2,0,27.3,71.0,living_room_light,on,79,1,0,0,0.9659258262890683,-0.25881904510252063,0.9749279121818236,-0.22252093395631434,0,0,1
2025-02-26 07:21:00,mom,7,41,2,0,27.3,71.0,living_room_light,on,71,1,0,0,0.9659258262890683,-0.25881904510252063,0.9749279121818236,-0.22252093395631434,0,1,1
2025-02-26 07:44:00,son,7,43,2,0,27.3,71.0,living_room_light,on,99,1,0,0,0.9659258262890683,-0.25881904510252063,0.9749279121818236,-0.22252093395631434,0,2,1
2025-02-26 07:50:00,daughter,7,12,2,0,27.3,71.0,kitchen_light,on,84,1,0,0,0.9659258262890683,-0.25881904510252063,0.9749279121818236,-0.22252093395631434,2,3,1
2025-02-26 08:43:00,son,8,42,2,0,29.4,60.1,fan,on,0,1,0,0,0.8660254037844387,-0.4999999999999998,0.9749279121818236,-0.22252093395631434,3,2,1
2025-02-26 09:56:00,dad,9,49,2,0,29.4,67.6,fan,on,7,1,1,0,0.7071067811865476,-0.7071067811865475,0.9749279121818236,-0.22252093395631434,3,0,1
2025-02-26 09:41:00,son,9,19,2,0,29.4,67.6,fan,on,0,1,1,0,0.7071067811865476,-0.7071067811865475,0.9749279121818236,-0.22252093395631434,3,2,1
2025-02-26 10:11:00,mom,10,48,2,0,29.2,51.9,fan,on,0,1,1,0,0.49999999999999994,-0.8660254037844387,0.9749279121818236,-0.22252093395631434,3,1,1
2025-02-26 11:08:00,mom,11,41,2,0,30.4,67.2,fan,on,0,1,1,0,0.258819045102521,-0.9659258262890682,0.9749279121818236,-0.22252093395631434,3,1,1
2025-02-26 12:13:00,son,12,10,2,0,32.8,56.4,kitchen_light,on,88,1,1,0,1.2246467991473532e-16,-1.0,0.9749279121818236,-0.22252093395631434,2,2,1
2025-02-26 13:08:00,dad,13,18,2,0,30.7,60.3,fan,on,0,1,1,0,-0.2588190451025208,-0.9659258262890683,0.9749279121818236,-0.22252093395631434,3,0,1
2025-02-26 13:56:00,daughter,13,13,2,0,30.7,60.3,fan,on,1,1,1,0,-0.2588190451025208,-0.9659258262890683,0.9749279121818236,-0.22252093395631434,3,3,1
2025-02-26 17:04:00,daughter,17,32,2,0,28.9,65.7,fan,on,3,1,1,0,-0.9659258262890683,-0.25881904510252063,0.9749279121818236,-0.22252093395631434,3,3,1
2025-02-26 18:56:00,dad,18,6,2,0,27.4,68.1,living_room_light,on,73,1,1,0,-1.0,-1.8369701987210297e-16,0.9749279121818236,-0.22252093395631434,0,0,1
2025-02-26 18:45:00,mom,18,16,2,0,27.4,68.1,living_room_light,on,55,1,1,0,-1.0,-1.8369701987210297e-16,0.9749279121818236,-0.22252093395631434,0,1,1
2025-02-26 18:39:00,son,18,36,2,0,27.4,68.1,living_room_light,on,79,1,1,0,-1.0,-1.8369701987210297e-16,0.9749279121818236,-0.22252093395631434,0,2,1
2025-02-26 18:37:00,daughter,18,28,2,0,27.4,68.1,living_room_light,on,46,1,1,0,-1.0,-1.8369701987210297e-16,0.9749279121818236,-0.22252093395631434,0,3,1
2025-02-26 19:38:00,son,19,10,2,0,25.1,71.9,living_room_light,on,82,1,1,0,-0.9659258262890684,0.2588190451025203,0.9749279121818236,-0.22252093395631434,0,2,1
2025-02-26 19:57:00,daughter,19,3,2,0,25.1,71.9,living_room_light,on,56,1,1,0,-0.9659258262890684,0.2588190451025203,0.9749279121818236,-0.22252093395631434,0,3,1
2025-02-26 20:59:00,dad,20,0,2,0,25.1,70.4,living_room_light,on,68,1,1,0,-0.8660254037844386,0.5000000000000001,0.9749279121818236,-0.22252093395631434,0,0,1
2025-02-26 20:45:00,son,20,37,2,0,25.1,70.4,living_room_light,on,78,1,1,0,-0.8660254037844386,0.5000000000000001,0.9749279121818236,-0.22252093395631434,0,2,1
2025-02-26 20:53:00,daughter,20,44,2,0,25.1,70.4,living_room_light,on,42,1,1,0,-0.8660254037844386,0.5000000000000001,0.9749279121818236,-0.22252093395631434,0,3,1
2025-02-26 21:38:00,dad,21,10,2,0,25.0,76.8,living_room_light,on,62,1,1,0,-0.7071067811865477,0.7071067811865474,0.9749279121818236,-0.22252093395631434,0,0,1
2025-02-26 21:03:00,mom,21,48,2,0,25.0,76.8,living_room_light,on,52,1,1,0,-0.7071067811865477,0.7071067811865474,0.9749279121818236,-0.22252093395631434,0,1,1
2025-02-26 21:01:00,son,21,39,2,0,25.0,76.8,living_room_light,on,82,1,1,0,-0.7071067811865477,0.7071067811865474,0.9749279121818236,-0.22252093395631434,0,2,1
2025-02-26 22:41:00,mom,22,49,2,0,25.0,79.0,bedroom_light,on,22,1,1,0,-0.5000000000000004,0.8660254037844384,0.9749279121818236,-0.22252093395631434,1,1,1
2025-02-26 22:05:00,daughter,22,46,2,0,25.0,79.0,bedroom_light,on,35,1,1,0,-0.5000000000000004,0.8660254037844384,0.9749279121818236,-0.22252093395631434,1,3,1
2025-02-26 23:36:00,son,23,32,2,0,25.2,83.4,bedroom_light,on,31,1,1,0,-0.25881904510252157,0.9659258262890681,0.9749279121818236,-0.22252093395631434,1,2,1
2025-02-27 06:26:00,dad,6,22,3,0,27.4,61.3,living_room_light,on,79,0,0,0,1.0,6.123233995736766e-17,0.43388373911755823,-0.900968867902419,0,0,1
2025-02-27 06:05:00,mom,6,13,3,0,27.4,61.3,living_room_light,on,73,1,0,0,1.0,6.123233995736766e-17,0.43388373911755823,-0.900968867902419,0,1,1
2025-02-27 07:48:00,mom,7,52,3,0,29.6,58.2,fan,on,8,1,0,0,0.9659258262890683,-0.25881904510252063,0.43388373911755823,-0.900968867902419,3,1,1
2025-02-27 07:01:00,son,7,37,3,0,29.6,58.2,living_room_light,on,89,1,1,0,0.9659258262890683,-0.25881904510252063,0.43388373911755823,-0.900968867902419,0,2,1
2025-02-27 08:53:00,mom,8,18,3,0,28.7,60.6,fan,on,2,1,1,0,0.8660254037844387,-0.4999999999999998,0.43388373911755823,-0.900968867902419,3,1,1
2025-02-27 10:33:00,son,10,48,3,0,30.6,62.4,fan,on,6,1,1,0,0.49999999999999994,-0.8660254037844387,0.43388373911755823,-0.900968867902419,3,2,1
2025-02-27 11:47:00,daughter,11,9,3,0,29.6,64.0,fan,on,8,1,1,0,0.258819045102521,-0.9659258262890682,0.43388373911755823,-0.900968867902419,3,3,1
2025-02-27 12:33:00,son,12,36,3,0,31.0,47.5,kitchen_light,on,87,1,1,0,1.2246467991473532e-16,-1.0,0.43388373911755823,-0.900968867902419,2,2,1
2025-02-27 12:06:00,daughter,12,35,3,0,31.0,47.5,kitchen_light,on,90,1,1,0,1.2246467991473532e-16,-1.0,0.43388373911755823,-0.900968867902419,2,3,1
2025-02-27 13:50:00,mom,13,48,3,0,31.7,61.1,fan,on,2,1,1,0,-0.2588190451025208,-0.9659258262890683,0.43388373911755823,-0.900968867902419,3,1,1
2025-02-27 13:41:00,son,13,49,3,0,31.7,61.1,fan,on,0,1,1,0,-0.2588190451025208,-0.9659258262890683,0.43388373911755823,-0.900968867902419,3,2,1
2025-02-27 13:31:00,daughter,13,53,3,0,31.7,61.1,fan,on,0,1,1,0,-0.2588190451025208,-0.9659258262890683,0.43388373911755823,-0.900968867902419,3,3,1
2025-02-27 15:56:00,dad,15,8,3,0,30.6,50.0,fan,on,9,1,1,0,-0.7071067811865471,-0.7071067811865479,0.43388373911755823,-0.900968867902419,3,0,1
2025-02-27 16:32:00,son,16,44,3,0,29.5,62.8,fan,on,0,1,1,0,-0.8660254037844385,-0.5000000000000004,0.43388373911755823,-0.900968867902419,3,2,1
2025-02-27 17:19:00,mom,17,46,3,0,28.0,66.7,fan,on,0,1,1,0,-0.9659258262890683,-0.25881904510252063,0.43388373911755823,-0.900968867902419,3,1,1
2025-02-27 18:23:00,mom,18,33,3,0,25.7,56.7,living_room_light,on,51,1,1,0,-1.0,-1.8369701987210297e-16,0.43388373911755823,-0.900968867902419,0,1,1
2025-02-27 18:11:00,daughter,18,51,3,0,25.7,56.7,living_room_light,on,46,1,1,0,-1.0,-1.8369701987210297e-16,0.43388373911755823,-0.900968867902419,0,3,1
2025-02-27 19:16:00,mom,19,36,3,0,26.1,66.9,kitchen_light,on,89,1,1,0,-0.9659258262890684,0.2588190451025203,0.43388373911755823,-0.900968867902419,2,1,1
2025-02-27 19:55:00,son,19,10,3,0,26.1,66.9,living_room_light,on,82,1,1,0,-0.9659258262890684,0.2588190451025203,0.43388373911755823,-0.900968867902419,0,2,1
2025-02-27 19:04:00,daughter,19,6,3,0,26.1,66.9,kitchen_light,on,86,1,1,0,-0.9659258262890684,0.2588190451025203,0.43388373911755823,-0.900968867902419,2,3,1
2025-02-27 20:13:00,dad,20,48,3,0,26.8,68.5,living_room_light,on,66,1,1,0,-0.8660254037844386,0.5000000000000001,0.43388373911755823,-0.900968867902419,0,0,1
2025-02-27 20:25:00,mom,20,3,3,0,26.8,68.5,living_room_light,on,57,1,1,0,-0.8660254037844386,0.5000000000000001,0.43388373911755823,-0.900968867902419,0,1,1
2025-02-27 20:35:00,son,20,48,3,0,26.8,68.5,living_room_light,on,74,1,1,0,-0.8660254037844386,0.5000000000000001,0.43388373911755823,-0.900968867902419,0,2,1
2025-02-27 21:48:00,dad,21,17,3,0,27.5,70.7,living_room_light,on,56,1,1,0,-0.7071067811865477,0.7071067811865474,0.43388373911755823,-0.900968867902419,0,0,1
2025-02-27 21:20:00,mom,21,57,3,0,27.5,70.7,living_room_light,on,55,1,1,0,-0.7071067811865477,0.7071067811865474,0.43388373911755823,-0.900968867902419,0,1,1
2025-02-27 22:47:00,mom,22,20,3,0,23.3,85.8,fan,off,0,1,1,0,-0.5000000000000004,0.8660254037844384,0.43388373911755823,-0.900968867902419,3,1,0
2025-02-28 06:27:00,dad,6,47,4,0,27.5,66.1,living_room_light,on,88,0,0,0,1.0,6.123233995736766e-17,-0.433883739117558,-0.9009688679024191,0,0,1
2025-02-28 06:55:00,mom,6,3,4,0,27.5,66.1,living_room_light,on,69,1,0,0,1.0,6.123233995736766e-17,-0.433883739117558,-0.9009688679024191,0,1,1
2025-02-28 07:49:00,dad,7,52,4,0,28.7,65.6,kitchen_light,on,88,1,0,0,0.9659258262890683,-0.25881904510252063,-0.433883739117558,-0.9009688679024191,2,0,1
2025-02-28 07:50:00,mom,7,18,4,0,28.7,65.6,fan,on,1,1,0,0,0.9659258262890683,-0.25881904510252063,-0.433883739117558,-0.9009688679024191,3,1,1
2025-02-28 07:21:00,son,7,52,4,0,28.7,65.6,living_room_light,on,87,1,1,0,0.9659258262890683,-0.25881904510252063,-0.433883739117558,-0.9009688679024191,0,2,1
2025-02-28 14:29:00,mom,14,23,4,0,32.2,55.7,ac,on,27,1,1,0,-0.4999999999999997,-0.8660254037844388,-0.433883739117558,-0.9009688679024191,4,1,1
2025-02-28 15:31:00,son,15,46,4,0,30.5,61.2,fan,on,0,1,1,1,-0.7071067811865471,-0.7071067811865479,-0.433883739117558,-0.9009688679024191,3,2,1
2025-02-28 17:12:00,mom,17,37,4,0,28.4,62.3,fan,on,0,1,1,1,-0.9659258262890683,-0.25881904510252063,-0.433883739117558,-0.9009688679024191,3,1,1
2025-02-28 17:38:00,daughter,17,1,4,0,28.4,62.3,fan,on,8,1,1,1,-0.9659258262890683,-0.25881904510252063,-0.433883739117558,-0.9009688679024191,3,3,1
2025-02-28 18:17:00,mom,18,19,4,0,28.6,64.8,fan,on,0,1,1,1,-1.0,-1.8369701987210297e-16,-0.433883739117558,-0.9009688679024191,3,1,1
2025-02-28 18:03:00,son,18,15,4,0,28.6,64.8,fan,on,0,1,1,1,-1.0,-1.8369701987210297e-16,-0.433883739117558,-0.9009688679024191,3,2,1
2025-02-28 19:14:00,mom,19,52,4,0,24.9,74.2,living_room_light,on,55,1,1,1,-0.9659258262890684,0.2588190451025203,-0.433883739117558,-0.9009688679024191,0,1,1
2025-02-28 19:40:00,son,19,45,4,0,24.9,74.2,kitchen_light,on,85,1,1,1,-0.9659258262890684,0.2588190451025203,-0.433883739117558,-0.9009688679024191,2,2,1
2025-02-28 20:24:00,dad,20,9,4,0,26.3,71.4,living_room_light,on,68,1,1,1,-0.8660254037844386,0.5000000000000001,-0.433883739117558,-0.9009688679024191,0,0,1
2025-02-28 20:33:00,mom,20,56,4,0,26.3,71.4,living_room_light,on,61,1,1,1,-0.8660254037844386,0.5000000000000001,-0.433883739117558,-0.9009688679024191,0,1,1
2025-02-28 20:59:00,son,20,41,4,0,26.3,71.4,living_room_light,on,82,1,1,1,-0.8660254037844386,0.5000000000000001,-0.433883739117558,-0.9009688679024191,0,2,1
2025-02-28 20:58:00,daughter,20,8,4,0,26.3,71.4,living_room_light,on,52,1,1,1,-0.8660254037844386,0.5000000000000001,-0.433883739117558,-0.9009688679024191,0,3,1
2025-02-28 21:17:00,dad,21,23,4,0,25.3,81.3,living_room_light,on,71,1,1,1,-0.7071067811865477,0.7071067811865474,-0.433883739117558,-0.9009688679024191,0,0,1
2025-02-28 21:15:00,mom,21,49,4,0,25.3,81.3,living_room_light,on,48,1,1,1,-0.7071067811865477,0.7071067811865474,-0.433883739117558,-0.9009688679024191,0,1,1
2025-02-28 21:50:00,son,21,14,4,0,25.3,81.3,living_room_light,on,71,1,1,1,-0.7071067811865477,0.7071067811865474,-0.433883739117558,-0.9009688679024191,0,2,1
2025-02-28 21:46:00,daughter,21,16,4,0,25.3,81.3,living_room_light,on,49,1,1,1,-0.7071067811865477,0.7071067811865474,-0.433883739117558,-0.9009688679024191,0,3,1
2025-02-28 22:08:00,daughter,22,10,4,0,25.8,78.9,bedroom_light,on,31,1,1,1,-0.5000000000000004,0.8660254037844384,-0.433883739117558,-0.9009688679024191,1,3,1
2025-02-28 23:57:00,son,23,32,4,0,26.5,77.4,bedroom_light,on,27,1,1,1,-0.25881904510252157,0.9659258262890681,-0.433883739117558,-0.9009688679024191,1,2,1
2025-03-01 06:33:00,dad,6,8,5,1,28.0,68.0,living_room_light,on,80,0,0,0,1.0,6.123233995736766e-17,-0.9749279121818236,-0.2225209339563146,0,0,1
2025-03-01 06:01:00,mom,6,34,5,1,28.0,68.0,living_room_light,on,71,1,0,0,1.0,6.123233995736766e-17,-0.9749279121818236,-0.2225209339563146,0,1,1
2025-03-01 07:22:00,dad,7,54,5,1,25.5,68.8,living_room_light,on,74,1,0,0,0.9659258262890683,-0.25881904510252063,-0.9749279121818236,-0.2225209339563146,0,0,1
2025-03-01 07:57:00,mom,7,35,5,1,25.5,68.8,living_room_light,on,57,1,0,0,0.9659258262890683,-0.25881904510252063,-0.9749279121818236,-0.2225209339563146,0,1,1
2025-03-01 07:28:00,son,7,20,5,1,25.5,68.8,kitchen_light,on,92,1,0,0,0.9659258262890683,-0.25881904510252063,-0.9749279121818236,-0.2225209339563146,2,2,1
2025-03-01 08:50:00,mom,8,38,5,1,29.3,69.9,fan,on,0,1,0,0,0.8660254037844387,-0.4999999999999998,-0.9749279121818236,-0.2225209339563146,3,1,1
2025-03-01 08:53:00,daughter,8,36,5,1,29.3,69.9,fan,on,0,1,1,0,0.8660254037844387,-0.4999999999999998,-0.9749279121818236,-0.2225209339563146,3,3,1
2025-03-01 09:47:00,dad,9,14,5,1,29.2,63.7,fan,on,2,1,1,0,0.7071067811865476,-0.7071067811865475,-0.9749279121818236,-0.2225209339563146,3,0,1
2025-03-01 09:57:00,mom,9,13,5,1,29.2,63.7,fan,on,0,1,1,0,0.7071067811865476,-0.7071067811865475,-0.9749279121818236,-0.2225209339563146,3,1,1
2025-03-01 10:37:00,dad,10,45,5,1,32.4,56.6,ac,on,29,1,1,0,0.49999999999999994,-0.8660254037844387,-0.9749279121818236,-0.2225209339563146,4,0,1
2025-03-01 10:30:00,mom,10,13,5,1,32.4,56.6,ac,on,22,1,1,1,0.49999999999999994,-0.8660254037844387,-0.9749279121818236,-0.2225209339563146,4,1,1
2025-03-01 10:50:00,son,10,45,5,1,32.4,56.6,ac,on,23,1,1,1,0.49999999999999994,-0.8660254037844387,-0.9749279121818236,-0.2225209339563146,4,2,1
2025-03-01 10:27:00,daughter,10,38,5,1,32.4,56.6,ac,on,22,1,1,1,0.49999999999999994,-0.8660254037844387,-0.9749279121818236,-0.2225209339563146,4,3,1
2025-03-01 11:04:00,dad,11,9,5,1,30.6,56.6,fan,on,0,1,1,1,0.258819045102521,-0.9659258262890682,-0.9749279121818236,-0.2225209339563146,3,0,1
2025-03-01 11:29:00,mom,11,30,5,1,30.6,56.6,fan,on,2,1,1,1,0.258819045102521,-0.9659258262890682,-0.9749279121818236,-0.2225209339563146,3,1,1
2025-03-01 11:37:00,son,11,6,5,1,30.6,56.6,fan,on,3,1,1,1,0.258819045102521,-0.9659258262890682,-0.9749279121818236,-0.2225209339563146,3,2,1
2025-03-01 12:07:00,mom,12,24,5,1,30.7,56.9,kitchen_light,on,83,1,1,1,1.2246467991473532e-16,-1.0,-0.9749279121818236,-0.2225209339563146,2,1,1
2025-03-01 12:35:00,son,12,48,5,1,30.7,56.9,fan,on,2,1,1,1,1.2246467991473532e-16,-1.0,-0.9749279121818236,-0.2225209339563146,3,2,1
2025-03-01 12:35:00,daughter,12,43,5,1,30.7,56.9,fan,on,0,1,1,1,1.2246467991473532e-16,-1.0,-0.9749279121818236,-0.2225209339563146,3,3,1
2025-03-01 13:37:00,dad,13,16,5,1,30.3,68.4,fan,on,11,1,1,1,-0.2588190451025208,-0.9659258262890683,-0.9749279121818236,-0.2225209339563146,3,0,1
2025-03-01 13:43:00,mom,13,30,5,1,30.3,68.4,fan,on,0,1,1,1,-0.2588190451025208,-0.9659258262890683,-0.9749279121818236,-0.2225209339563146,3,1,1
2025-03-01 13:47:00,son,13,7,5,1,30.3,68.4,fan,on,7,1,1,1,-0.2588190451025208,-0.9659258262890683,-0.9749279121818236,-0.2225209339563146,3,2,1
2025-03-01 13:26:00,daughter,13,47,5,1,30.3,68.4,fan,on,2,1,1,1,-0.2588190451025208,-0.9659258262890683,-0.9749279121818236,-0.2225209339563146,3,3,1
2025-03-01 14:49:00,dad,14,41,5,1,28.9,70.3,fan,on,0,1,1,1,-0.4999999999999997,-0.8660254037844388,-0.9749279121818236,-0.2225209339563146,3,0,1
2025-03-01 14:17:00,mom,14,11,5,1,28.9,70.3,fan,on,1,1,1,1,-0.4999999999999997,-0.8660254037844388,-0.9749279121818236,-0.2225209339563146,3,1,1
2025-03-01 14:21:00,son,14,17,5,1,28.9,70.3,fan,on,10,1,1,1,-0.4999999999999997,-0.8660254037844388,-0.9749279121818236,-0.2225209339563146,3,2,1
2025-03-01 14:16:00,daughter,14,23,5,1,28.9,70.3,fan,on,4,1,1,1,-0.4999999999999997,-0.8660254037844388,-0.9749279121818236,-0.2225209339563146,3,3,1
2025-03-01 15:49:00,dad,15,13,5,1,30.7,55.2,fan,on,1,1,1,1,-0.7071067811865471,-0.7071067811865479,-0.9749279121818236,-0.2225209339563146,3,0,1
2025-03-01 15:52:00,mom,15,27,5,1,30.7,55.2,fan,on,3,1,1,1,-0.7071067811865471,-0.7071067811865479,-0.9749279121818236,-0.2225209339563146,3,1,1
2025-03-01 15:18:00,son,15,3,5,1,30.7,55.2,fan,on,0,1,1,1,-0.7071067811865471,-0.7071067811865479,-0.9749279121818236,-0.2225209339563146,3,2,1
2025-03-01 16:01:00,dad,16,41,5,1,29.8,49.1,fan,on,3,1,1,1,-0.8660254037844385,-0.5000000000000004,-0.9749279121818236,-0.2225209339563146,3,0,1
2025-03-01 16:29:00,mom,16,41,5,1,29.8,49.1,fan,on,3,1,1,1,-0.8660254037844385,-0.5000000000000004,-0.9749279121818236,-0.2225209339563146,3,1,1
2025-03-01 16:32:00,son,16,51,5,1,29.8,49.1,fan,on,4,1,1,1,-0.8660254037844385,-0.5000000000000004,-0.9749279121818236,-0.2225209339563146,3,2,1
2025-03-01 18:04:00,son,18,33,5,1,27.1,55.1,living_room_light,on,92,1,1,1,-1.0,-1.8369701987210297e-16,-0.9749279121818236,-0.2225209339563146,0,2,1
2025-03-01 18:49:00,daughter,18,10,5,1,27.1,55.1,living_room_light,on,49,1,1,1,-1.0,-1.8369701987210297e-16,-0.9749279121818236,-0.2225209339563146,0,3,1
2025-03-01 19:59:00,dad,19,53,5,1,25.6,69.3,living_room_light,on,57,1,1,1,-0.9659258262890684,0.2588190451025203,-0.9749279121818236,-0.2225209339563146,0,0,1
2025-03-01 19:39:00,mom,19,11,5,1,25.6,69.3,kitchen_light,on,88,1,1,1,-0.9659258262890684,0.2588190451025203,-0.9749279121818236,-0.2225209339563146,2,1,1
2025-03-01 19:46:00,son,19,51,5,1,25.6,69.3,kitchen_light,on,90,1,1,1,-0.9659258262890684,0.2588190451025203,-0.9749279121818236,-0.2225209339563146,2,2,1
2025-03-01 20:43:00,dad,20,27,5,1,25.8,67.6,living_room_light,on,74,1,1,1,-0.8660254037844386,0.5000000000000001,-0.9749279121818236,-0.2225209339563146,0,0,1
2025-03-01 20:05:00,mom,20,8,5,1,25.8,67.6,living_room_light,on,53,1,1,1,-0.8660254037844386,0.5000000000000001,-0.9749279121818236,-0.2225209339563146,0,1,1
2025-03-01 20:13:00,son,20,45,5,1,25.8,67.6,living_room_light,on,77,1,1,1,-0.8660254037844386,0.5000000000000001,-0.9749279121818236,-0.2225209339563146,0,2,1
2025-03-01 21:33:00,dad,21,59,5,1,25.4,79.3,living_room_light,on,69,1,1,1,-0.7071067811865477,0.7071067811865474,-0.9749279121818236,-0.2225209339563146,0,0,1
2025-03-01 21:53:00,mom,21,46,5,1,25.4,79.3,living_room_light,on,56,1,1,1,-0.7071067811865477,0.7071067811865474,-0.9749279121818236,-0.2225209339563146,0,1,1
2025-03-01 21:28:00,son,21,4,5,1,25.4,79.3,living_room_light,on,82,1,1,1,-0.7071067811865477,0.7071067811865474,-0.9749279121818236,-0.2225209339563146,0,2,1
2025-03-01 22:42:00,mom,22,45,5,1,26.0,70.9,bedroom_light,on,36,1,1,1,-0.5000000000000004,0.8660254037844384,-0.9749279121818236,-0.2225209339563146,1,1,1
2025-03-01 23:15:00,son,23,39,5,1,24.8,76.8,bedroom_light,on,25,1,1,1,-0.25881904510252157,0.9659258262890681,-0.9749279121818236,-0.2225209339563146,1,2,1
